2020.09.11-11.33.52,v1.07-3-g9c5ab23,0 , 114 , (11 20 7 1 6) , 368 , ((20*6)-(7-1))=114 , 97
2020.09.11-11.33.52,v1.07-3-g9c5ab23,1 , 114 , (11 20 7 1 6) , 1768 , ((20*6)-(7-1))=114 , 539
2020.09.11-11.33.52,v1.07-3-g9c5ab23,2 , 114 , (11 20 7 1 6) , 200 , ((6*20)-(7-1))=114 , 40
2020.09.11-11.33.52,v1.07-3-g9c5ab23,3 , 114 , (11 20 7 1 6) , 788 , ((6*20)-(7-1))=114 , 221
2020.09.11-11.33.52,v1.07-3-g9c5ab23,4 , 114 , (11 20 7 1 6) , 2000 , none,  643
2020.09.11-11.33.52,v1.07-3-g9c5ab23,5 , 114 , (11 20 7 1 6) , 69 , ((6*20)-(7-1))=114 , 2
2020.09.11-11.33.52,v1.07-3-g9c5ab23,6 , 114 , (11 20 7 1 6) , 424 , ((6*20)-(7-1))=114 , 120
2020.09.11-11.33.52,v1.07-3-g9c5ab23,7 , 114 , (11 20 7 1 6) , 1780 , ((20*6)-(7-1))=114 , 551
2020.09.11-11.33.52,v1.07-3-g9c5ab23,8 , 114 , (11 20 7 1 6) , 2000 , none,  580
2020.09.11-11.33.52,v1.07-3-g9c5ab23,9 , 114 , (11 20 7 1 6) , 229 , ((6*20)-(7-1))=114 , 55
2020.09.11-11.33.52,v1.07-3-g9c5ab23,10 , 114 , (11 20 7 1 6) , 2000 , none,  584
2020.09.11-11.33.52,v1.07-3-g9c5ab23,11 , 114 , (11 20 7 1 6) , 86 , ((20*6)-(7-1))=114 , 0
2020.09.11-11.33.52,v1.07-3-g9c5ab23,12 , 114 , (11 20 7 1 6) , 1500 , ((6*20)-(7-1))=114 , 451
2020.09.11-11.33.52,v1.07-3-g9c5ab23,13 , 114 , (11 20 7 1 6) , 630 , ((20*6)-(7-1))=114 , 221
2020.09.11-11.33.52,v1.07-3-g9c5ab23,14 , 114 , (11 20 7 1 6) , 1649 , ((6*20)-(7-1))=114 , 444
2020.09.11-11.33.52,v1.07-3-g9c5ab23,15 , 114 , (11 20 7 1 6) , 1799 , ((20*6)-(7-1))=114 , 559
2020.09.11-11.33.52,v1.07-3-g9c5ab23,16 , 114 , (11 20 7 1 6) , 167 , ((6*20)-(7-1))=114 , 41
2020.09.11-11.33.52,v1.07-3-g9c5ab23,17 , 114 , (11 20 7 1 6) , 1326 , ((6*20)-(7-1))=114 , 399
2020.09.11-11.33.52,v1.07-3-g9c5ab23,18 , 114 , (11 20 7 1 6) , 479 , ((20*6)-(7-1))=114 , 134
2020.09.11-11.33.52,v1.07-3-g9c5ab23,19 , 114 , (11 20 7 1 6) , 2000 , none,  573
2020.09.11-11.33.52,v1.07-3-g9c5ab23,20 , 114 , (11 20 7 1 6) , 1470 , ((20*6)-(7-1))=114 , 426
2020.09.11-11.33.52,v1.07-3-g9c5ab23,21 , 114 , (11 20 7 1 6) , 800 , ((6*20)-(7-1))=114 , 250
2020.09.11-11.33.52,v1.07-3-g9c5ab23,22 , 114 , (11 20 7 1 6) , 459 , ((20*6)-(7-1))=114 , 112
2020.09.11-11.33.52,v1.07-3-g9c5ab23,23 , 114 , (11 20 7 1 6) , 1128 , ((20*6)-(7-1))=114 , 358
2020.09.11-11.33.52,v1.07-3-g9c5ab23,24 , 114 , (11 20 7 1 6) , 308 , ((20*6)-(7-1))=114 , 73
2020.09.11-11.33.52,v1.07-3-g9c5ab23,25 , 114 , (11 20 7 1 6) , 2000 , none,  619
2020.09.11-11.33.52,v1.07-3-g9c5ab23,26 , 114 , (11 20 7 1 6) , 89 , ((20*6)-(7-1))=114 , 15
2020.09.11-11.33.52,v1.07-3-g9c5ab23,27 , 114 , (11 20 7 1 6) , 698 , ((20*6)-(7-1))=114 , 184
2020.09.11-11.33.52,v1.07-3-g9c5ab23,28 , 114 , (11 20 7 1 6) , 1389 , ((6*20)-(7-1))=114 , 379
2020.09.11-11.33.52,v1.07-3-g9c5ab23,29 , 114 , (11 20 7 1 6) , 1819 , ((20*6)-(7-1))=114 , 561
2020.09.11-11.33.52,v1.07-3-g9c5ab23,30 , 114 , (11 20 7 1 6) , 2000 , none,  592
2020.09.11-11.33.52,v1.07-3-g9c5ab23,31 , 114 , (11 20 7 1 6) , 880 , ((6*20)-(7-1))=114 , 234
2020.09.11-11.33.52,v1.07-3-g9c5ab23,32 , 114 , (11 20 7 1 6) , 2000 , none,  591
2020.09.11-11.33.52,v1.07-3-g9c5ab23,33 , 114 , (11 20 7 1 6) , 119 , ((20*6)-(7-1))=114 , 20
2020.09.11-11.33.52,v1.07-3-g9c5ab23,34 , 114 , (11 20 7 1 6) , 419 , ((20*6)-(7-1))=114 , 123
2020.09.11-11.33.52,v1.07-3-g9c5ab23,35 , 114 , (11 20 7 1 6) , 2000 , none,  601
2020.09.11-11.33.52,v1.07-3-g9c5ab23,36 , 114 , (11 20 7 1 6) , 1801 , ((6*20)-(7-1))=114 , 507
2020.09.11-11.33.52,v1.07-3-g9c5ab23,37 , 114 , (11 20 7 1 6) , 392 , ((20*6)-(7-1))=114 , 131
2020.09.11-11.33.52,v1.07-3-g9c5ab23,38 , 114 , (11 20 7 1 6) , 297 , ((20*6)-(7-1))=114 , 55
2020.09.11-11.33.52,v1.07-3-g9c5ab23,39 , 114 , (11 20 7 1 6) , 2000 , none,  623
2020.09.11-11.33.52,v1.07-3-g9c5ab23,40 , 114 , (11 20 7 1 6) , 659 , ((11*(7+1))+(6+20))=114 , 187
2020.09.11-11.33.52,v1.07-3-g9c5ab23,41 , 114 , (11 20 7 1 6) , 378 , ((20*6)-(7-1))=114 , 97
2020.09.11-11.33.52,v1.07-3-g9c5ab23,42 , 114 , (11 20 7 1 6) , 1839 , ((20*6)-(7-1))=114 , 560
2020.09.11-11.33.52,v1.07-3-g9c5ab23,43 , 114 , (11 20 7 1 6) , 238 , ((6*20)-(7-1))=114 , 25
2020.09.11-11.33.52,v1.07-3-g9c5ab23,44 , 114 , (11 20 7 1 6) , 2000 , none,  557
2020.09.11-11.33.52,v1.07-3-g9c5ab23,45 , 114 , (11 20 7 1 6) , 219 , ((6*20)-(7-1))=114 , 40
2020.09.11-11.33.52,v1.07-3-g9c5ab23,46 , 114 , (11 20 7 1 6) , 478 , ((6*20)-(7-1))=114 , 115
2020.09.11-11.33.52,v1.07-3-g9c5ab23,47 , 114 , (11 20 7 1 6) , 2000 , none,  535
2020.09.11-11.33.52,v1.07-3-g9c5ab23,48 , 114 , (11 20 7 1 6) , 607 , ((6*20)-(7-1))=114 , 193
2020.09.11-11.33.52,v1.07-3-g9c5ab23,49 , 114 , (11 20 7 1 6) , 2000 , none,  556
2020.09.11-11.33.52,v1.07-3-g9c5ab23,50 , 114 , (11 20 7 1 6) , 208 , ((6*20)-(7-1))=114 , 49
2020.09.11-11.33.52,v1.07-3-g9c5ab23,51 , 114 , (11 20 7 1 6) , 965 , ((20*6)-(7-1))=114 , 311
2020.09.11-11.33.52,v1.07-3-g9c5ab23,52 , 114 , (11 20 7 1 6) , 1659 , ((20*6)-(7-1))=114 , 510
2020.09.11-11.33.52,v1.07-3-g9c5ab23,53 , 114 , (11 20 7 1 6) , 157 , ((20*6)-(7-1))=114 , 29
2020.09.11-11.33.52,v1.07-3-g9c5ab23,54 , 114 , (11 20 7 1 6) , 2000 , none,  560
2020.09.11-11.33.52,v1.07-3-g9c5ab23,55 , 114 , (11 20 7 1 6) , 729 , ((6*20)-(7-1))=114 , 202
2020.09.11-11.33.52,v1.07-3-g9c5ab23,56 , 114 , (11 20 7 1 6) , 1689 , ((6*20)-(7-1))=114 , 474
2020.09.11-11.33.52,v1.07-3-g9c5ab23,57 , 114 , (11 20 7 1 6) , 76 , ((20*6)-(7-1))=114 , 16
2020.09.11-11.33.52,v1.07-3-g9c5ab23,58 , 114 , (11 20 7 1 6) , 1137 , ((6*20)-(7-1))=114 , 392
2020.09.11-11.33.52,v1.07-3-g9c5ab23,59 , 114 , (11 20 7 1 6) , 169 , ((20*6)-(7-1))=114 , 33
2020.09.11-11.33.52,v1.07-3-g9c5ab23,60 , 114 , (11 20 7 1 6) , 1089 , ((6*20)-(7-1))=114 , 308
2020.09.11-11.33.52,v1.07-3-g9c5ab23,61 , 114 , (11 20 7 1 6) , 458 , ((6*20)-(7-1))=114 , 103
2020.09.11-11.33.52,v1.07-3-g9c5ab23,62 , 114 , (11 20 7 1 6) , 299 , ((20*6)-(7-1))=114 , 70
2020.09.11-11.33.52,v1.07-3-g9c5ab23,63 , 114 , (11 20 7 1 6) , 170 , ((20*6)-(7-1))=114 , 32
2020.09.11-11.33.52,v1.07-3-g9c5ab23,64 , 114 , (11 20 7 1 6) , 1170 , ((20*6)-(7-1))=114 , 285
2020.09.11-11.33.52,v1.07-3-g9c5ab23,65 , 114 , (11 20 7 1 6) , 2000 , none,  636
2020.09.11-11.33.52,v1.07-3-g9c5ab23,66 , 114 , (11 20 7 1 6) , 849 , ((20*6)-(7-1))=114 , 265
2020.09.11-11.33.52,v1.07-3-g9c5ab23,67 , 114 , (11 20 7 1 6) , 2000 , none,  522
2020.09.11-11.33.52,v1.07-3-g9c5ab23,68 , 114 , (11 20 7 1 6) , 949 , ((6*20)-(7-1))=114 , 249
2020.09.11-11.33.52,v1.07-3-g9c5ab23,69 , 114 , (11 20 7 1 6) , 2000 , none,  601
2020.09.11-11.33.52,v1.07-3-g9c5ab23,70 , 114 , (11 20 7 1 6) , 1777 , ((6*20)-(7-1))=114 , 525
2020.09.11-11.33.52,v1.07-3-g9c5ab23,71 , 114 , (11 20 7 1 6) , 560 , ((6*20)-(7-1))=114 , 165
2020.09.11-11.33.52,v1.07-3-g9c5ab23,72 , 114 , (11 20 7 1 6) , 616 , ((6*20)-(7-1))=114 , 192
2020.09.11-11.33.52,v1.07-3-g9c5ab23,73 , 114 , (11 20 7 1 6) , 1739 , ((6*20)-(7-1))=114 , 503
2020.09.11-11.33.52,v1.07-3-g9c5ab23,74 , 114 , (11 20 7 1 6) , 1468 , ((6*20)-(7-1))=114 , 516
2020.09.11-11.33.52,v1.07-3-g9c5ab23,75 , 114 , (11 20 7 1 6) , 1061 , ((6*20)-(7-1))=114 , 317
2020.09.11-11.33.52,v1.07-3-g9c5ab23,76 , 114 , (11 20 7 1 6) , 994 , ((20*6)-(7-1))=114 , 291
2020.09.11-11.33.52,v1.07-3-g9c5ab23,77 , 114 , (11 20 7 1 6) , 2000 , none,  574
2020.09.11-11.33.52,v1.07-3-g9c5ab23,78 , 114 , (11 20 7 1 6) , 988 , ((6*20)-(7-1))=114 , 300
2020.09.11-11.33.52,v1.07-3-g9c5ab23,79 , 114 , (11 20 7 1 6) , 460 , ((20*6)-(7-1))=114 , 146
2020.09.11-11.33.52,v1.07-3-g9c5ab23,80 , 114 , (11 20 7 1 6) , 441 , ((20*6)-(7-1))=114 , 120
2020.09.11-11.33.52,v1.07-3-g9c5ab23,81 , 114 , (11 20 7 1 6) , 2000 , none,  648
2020.09.11-11.33.52,v1.07-3-g9c5ab23,82 , 114 , (11 20 7 1 6) , 2000 , none,  640
2020.09.11-11.33.52,v1.07-3-g9c5ab23,83 , 114 , (11 20 7 1 6) , 2000 , none,  592
2020.09.11-11.33.52,v1.07-3-g9c5ab23,84 , 114 , (11 20 7 1 6) , 2000 , none,  586
2020.09.11-11.33.52,v1.07-3-g9c5ab23,85 , 114 , (11 20 7 1 6) , 588 , ((20*6)-(7-1))=114 , 166
2020.09.11-11.33.52,v1.07-3-g9c5ab23,86 , 114 , (11 20 7 1 6) , 2000 , none,  559
2020.09.11-11.33.52,v1.07-3-g9c5ab23,87 , 114 , (11 20 7 1 6) , 951 , ((20*6)-(7-1))=114 , 300
2020.09.11-11.33.52,v1.07-3-g9c5ab23,88 , 114 , (11 20 7 1 6) , 2000 , none,  597
2020.09.11-11.33.52,v1.07-3-g9c5ab23,89 , 114 , (11 20 7 1 6) , 1347 , ((20*6)-(7-1))=114 , 425
2020.09.11-11.33.52,v1.07-3-g9c5ab23,90 , 114 , (11 20 7 1 6) , 1017 , ((6*20)-(7-1))=114 , 354
2020.09.11-11.33.52,v1.07-3-g9c5ab23,91 , 114 , (11 20 7 1 6) , 1649 , ((20*6)-(7-1))=114 , 501
2020.09.11-11.33.52,v1.07-3-g9c5ab23,92 , 114 , (11 20 7 1 6) , 1329 , ((20*6)-(7-1))=114 , 345
2020.09.11-11.33.52,v1.07-3-g9c5ab23,93 , 114 , (11 20 7 1 6) , 149 , ((20*6)-(7-1))=114 , 21
2020.09.11-11.33.52,v1.07-3-g9c5ab23,94 , 114 , (11 20 7 1 6) , 127 , ((20*6)-(7-1))=114 , 30
2020.09.11-11.33.52,v1.07-3-g9c5ab23,95 , 114 , (11 20 7 1 6) , 1085 , ((20*6)-(7-1))=114 , 321
2020.09.11-11.33.52,v1.07-3-g9c5ab23,96 , 114 , (11 20 7 1 6) , 1632 , ((6*20)-(7-1))=114 , 488
2020.09.11-11.33.52,v1.07-3-g9c5ab23,97 , 114 , (11 20 7 1 6) , 613 , (((1+7)*11)+(6+20))=114 , 172
2020.09.11-11.33.52,v1.07-3-g9c5ab23,98 , 114 , (11 20 7 1 6) , 839 , ((6*20)-(7-1))=114 , 238
2020.09.11-11.33.52,v1.07-3-g9c5ab23,99 , 114 , (11 20 7 1 6) , 1009 , ((20*6)-(7-1))=114 , 286
2020.09.11-11.33.52,v1.07-3-g9c5ab23,0 , 87 , (8 3 9 10 7) , 247 , ((10*9)-3)=87 , 51
2020.09.11-11.33.52,v1.07-3-g9c5ab23,1 , 87 , (8 3 9 10 7) , 801 , ((9*10)-3)=87 , 253
2020.09.11-11.33.52,v1.07-3-g9c5ab23,2 , 87 , (8 3 9 10 7) , 476 , ((10*8)+7)=87 , 137
2020.09.11-11.33.52,v1.07-3-g9c5ab23,3 , 87 , (8 3 9 10 7) , 949 , ((10*9)-3)=87 , 282
2020.09.11-11.33.52,v1.07-3-g9c5ab23,4 , 87 , (8 3 9 10 7) , 1599 , ((10*9)-3)=87 , 499
2020.09.11-11.33.52,v1.07-3-g9c5ab23,5 , 87 , (8 3 9 10 7) , 632 , ((9*10)-3)=87 , 193
2020.09.11-11.33.52,v1.07-3-g9c5ab23,6 , 87 , (8 3 9 10 7) , 2000 , none,  600
2020.09.11-11.33.52,v1.07-3-g9c5ab23,7 , 87 , (8 3 9 10 7) , 354 , ((10*9)-3)=87 , 117
2020.09.11-11.33.52,v1.07-3-g9c5ab23,8 , 87 , (8 3 9 10 7) , 178 , ((8*10)+7)=87 , 49
2020.09.11-11.33.52,v1.07-3-g9c5ab23,9 , 87 , (8 3 9 10 7) , 306 , ((9*10)-3)=87 , 50
2020.09.11-11.33.52,v1.07-3-g9c5ab23,10 , 87 , (8 3 9 10 7) , 703 , ((9*10)-3)=87 , 147
2020.09.11-11.33.52,v1.07-3-g9c5ab23,11 , 87 , (8 3 9 10 7) , 65 , ((10*8)+7)=87 , 0
2020.09.11-11.33.52,v1.07-3-g9c5ab23,12 , 87 , (8 3 9 10 7) , 41 , ((10*9)-3)=87 , 0
2020.09.11-11.33.52,v1.07-3-g9c5ab23,13 , 87 , (8 3 9 10 7) , 923 , ((10*8)+7)=87 , 292
2020.09.11-11.33.52,v1.07-3-g9c5ab23,14 , 87 , (8 3 9 10 7) , 1027 , ((9*10)-3)=87 , 313
2020.09.11-11.33.52,v1.07-3-g9c5ab23,15 , 87 , (8 3 9 10 7) , 320 , ((9*10)-3)=87 , 93
2020.09.11-11.33.52,v1.07-3-g9c5ab23,16 , 87 , (8 3 9 10 7) , 49 , ((10*7)+(8+9))=87 , 0
2020.09.11-11.33.52,v1.07-3-g9c5ab23,17 , 87 , (8 3 9 10 7) , 299 , ((10*9)-3)=87 , 64
2020.09.11-11.33.52,v1.07-3-g9c5ab23,18 , 87 , (8 3 9 10 7) , 2000 , none,  712
2020.09.11-11.33.52,v1.07-3-g9c5ab23,19 , 87 , (8 3 9 10 7) , 1488 , ((9*10)-3)=87 , 443
2020.09.11-11.33.52,v1.07-3-g9c5ab23,20 , 87 , (8 3 9 10 7) , 236 , ((10*9)-3)=87 , 50
2020.09.11-11.33.52,v1.07-3-g9c5ab23,21 , 87 , (8 3 9 10 7) , 769 , ((9*7)+(8*3))=87 , 196
2020.09.11-11.33.52,v1.07-3-g9c5ab23,22 , 87 , (8 3 9 10 7) , 529 , ((9*10)-3)=87 , 135
2020.09.11-11.33.52,v1.07-3-g9c5ab23,23 , 87 , (8 3 9 10 7) , 665 , ((9*10)-3)=87 , 182
2020.09.11-11.33.52,v1.07-3-g9c5ab23,24 , 87 , (8 3 9 10 7) , 368 , ((9*10)-3)=87 , 82
2020.09.11-11.33.52,v1.07-3-g9c5ab23,25 , 87 , (8 3 9 10 7) , 219 , ((8*10)+7)=87 , 68
2020.09.11-11.33.52,v1.07-3-g9c5ab23,26 , 87 , (8 3 9 10 7) , 320 , ((9*10)-3)=87 , 79
2020.09.11-11.33.52,v1.07-3-g9c5ab23,27 , 87 , (8 3 9 10 7) , 77 , ((9*10)-3)=87 , 9
2020.09.11-11.33.52,v1.07-3-g9c5ab23,28 , 87 , (8 3 9 10 7) , 647 , ((9*10)-3)=87 , 153
2020.09.11-11.33.52,v1.07-3-g9c5ab23,29 , 87 , (8 3 9 10 7) , 1269 , ((10*7)+(8+9))=87 , 376
2020.09.11-11.33.52,v1.07-3-g9c5ab23,30 , 87 , (8 3 9 10 7) , 1882 , ((10*9)-3)=87 , 542
2020.09.11-11.33.52,v1.07-3-g9c5ab23,31 , 87 , (8 3 9 10 7) , 1672 , ((10*9)-3)=87 , 515
2020.09.11-11.33.52,v1.07-3-g9c5ab23,32 , 87 , (8 3 9 10 7) , 1088 , ((10*9)-3)=87 , 273
2020.09.11-11.33.52,v1.07-3-g9c5ab23,33 , 87 , (8 3 9 10 7) , 69 , ((9*7)+(8*3))=87 , 0
2020.09.11-11.33.52,v1.07-3-g9c5ab23,34 , 87 , (8 3 9 10 7) , 941 , ((9*7)+(3*8))=87 , 204
2020.09.11-11.33.52,v1.07-3-g9c5ab23,35 , 87 , (8 3 9 10 7) , 526 , ((7*9)+(3*8))=87 , 105
2020.09.11-11.33.52,v1.07-3-g9c5ab23,36 , 87 , (8 3 9 10 7) , 1158 , ((10*9)-3)=87 , 354
2020.09.11-11.33.52,v1.07-3-g9c5ab23,37 , 87 , (8 3 9 10 7) , 153 , ((10*8)+7)=87 , 24
2020.09.11-11.33.52,v1.07-3-g9c5ab23,38 , 87 , (8 3 9 10 7) , 1789 , ((10*9)-3)=87 , 619
2020.09.11-11.33.52,v1.07-3-g9c5ab23,39 , 87 , (8 3 9 10 7) , 747 , ((8*10)+7)=87 , 143
2020.09.11-11.33.52,v1.07-3-g9c5ab23,40 , 87 , (8 3 9 10 7) , 164 , ((10*9)-3)=87 , 45
2020.09.11-11.33.52,v1.07-3-g9c5ab23,41 , 87 , (8 3 9 10 7) , 1005 , ((9*10)-3)=87 , 296
2020.09.11-11.33.52,v1.07-3-g9c5ab23,42 , 87 , (8 3 9 10 7) , 89 , ((9*10)-3)=87 , 12
2020.09.11-11.33.52,v1.07-3-g9c5ab23,43 , 87 , (8 3 9 10 7) , 335 , ((10*8)+7)=87 , 71
2020.09.11-11.33.52,v1.07-3-g9c5ab23,44 , 87 , (8 3 9 10 7) , 44 , ((9*10)-3)=87 , 0
2020.09.11-11.33.52,v1.07-3-g9c5ab23,45 , 87 , (8 3 9 10 7) , 859 , ((8*10)+7)=87 , 221
2020.09.11-11.33.52,v1.07-3-g9c5ab23,46 , 87 , (8 3 9 10 7) , 545 , ((10*9)-3)=87 , 118
2020.09.11-11.33.52,v1.07-3-g9c5ab23,47 , 87 , (8 3 9 10 7) , 850 , ((10*9)-3)=87 , 193
2020.09.11-11.33.52,v1.07-3-g9c5ab23,48 , 87 , (8 3 9 10 7) , 457 , ((9*10)-3)=87 , 134
2020.09.11-11.33.52,v1.07-3-g9c5ab23,49 , 87 , (8 3 9 10 7) , 746 , ((10*9)-3)=87 , 168
2020.09.11-11.33.52,v1.07-3-g9c5ab23,50 , 87 , (8 3 9 10 7) , 1295 , ((9*10)-3)=87 , 334
2020.09.11-11.33.52,v1.07-3-g9c5ab23,51 , 87 , (8 3 9 10 7) , 820 , ((9*10)-3)=87 , 201
2020.09.11-11.33.52,v1.07-3-g9c5ab23,52 , 87 , (8 3 9 10 7) , 372 , ((9*10)-3)=87 , 94
2020.09.11-11.33.52,v1.07-3-g9c5ab23,53 , 87 , (8 3 9 10 7) , 1414 , ((9*10)-3)=87 , 461
2020.09.11-11.33.52,v1.07-3-g9c5ab23,54 , 87 , (8 3 9 10 7) , 58 , ((10*9)-3)=87 , 1
2020.09.11-11.33.52,v1.07-3-g9c5ab23,55 , 87 , (8 3 9 10 7) , 1380 , ((10*7)+(8+9))=87 , 404
2020.09.11-11.33.52,v1.07-3-g9c5ab23,56 , 87 , (8 3 9 10 7) , 65 , ((9*10)-3)=87 , 0
2020.09.11-11.33.52,v1.07-3-g9c5ab23,57 , 87 , (8 3 9 10 7) , 314 , ((9*10)-3)=87 , 77
2020.09.11-11.33.52,v1.07-3-g9c5ab23,58 , 87 , (8 3 9 10 7) , 609 , ((10*9)-3)=87 , 187
2020.09.11-11.33.52,v1.07-3-g9c5ab23,59 , 87 , (8 3 9 10 7) , 163 , ((8*10)+7)=87 , 13
2020.09.11-11.33.52,v1.07-3-g9c5ab23,60 , 87 , (8 3 9 10 7) , 1824 , ((7*9)+(8*3))=87 , 581
2020.09.11-11.33.52,v1.07-3-g9c5ab23,61 , 87 , (8 3 9 10 7) , 1747 , ((9*10)-3)=87 , 491
2020.09.11-11.33.52,v1.07-3-g9c5ab23,62 , 87 , (8 3 9 10 7) , 75 , ((8*10)+7)=87 , 15
2020.09.11-11.33.52,v1.07-3-g9c5ab23,63 , 87 , (8 3 9 10 7) , 51 , ((8*10)+7)=87 , 0
2020.09.11-11.33.52,v1.07-3-g9c5ab23,64 , 87 , (8 3 9 10 7) , 668 , ((10*9)-3)=87 , 193
2020.09.11-11.33.52,v1.07-3-g9c5ab23,65 , 87 , (8 3 9 10 7) , 1269 , ((10*8)+7)=87 , 350
2020.09.11-11.33.52,v1.07-3-g9c5ab23,66 , 87 , (8 3 9 10 7) , 1167 , ((10*9)-3)=87 , 250
2020.09.11-11.33.52,v1.07-3-g9c5ab23,67 , 87 , (8 3 9 10 7) , 60 , ((9*10)-3)=87 , 5
2020.09.11-11.33.52,v1.07-3-g9c5ab23,68 , 87 , (8 3 9 10 7) , 217 , ((10*9)-3)=87 , 48
2020.09.11-11.33.52,v1.07-3-g9c5ab23,69 , 87 , (8 3 9 10 7) , 285 , ((10*9)-3)=87 , 82
2020.09.11-11.33.52,v1.07-3-g9c5ab23,70 , 87 , (8 3 9 10 7) , 58 , ((10*9)-3)=87 , 4
2020.09.11-11.33.52,v1.07-3-g9c5ab23,71 , 87 , (8 3 9 10 7) , 418 , ((9*7)+(3*8))=87 , 109
2020.09.11-11.33.52,v1.07-3-g9c5ab23,72 , 87 , (8 3 9 10 7) , 934 , ((10*9)-3)=87 , 290
2020.09.11-11.33.52,v1.07-3-g9c5ab23,73 , 87 , (8 3 9 10 7) , 51 , ((8*10)+7)=87 , 3
2020.09.11-11.33.52,v1.07-3-g9c5ab23,74 , 87 , (8 3 9 10 7) , 119 , ((10*7)+(9+8))=87 , 6
2020.09.11-11.33.52,v1.07-3-g9c5ab23,75 , 87 , (8 3 9 10 7) , 1013 , ((9*10)-3)=87 , 278
2020.09.11-11.33.52,v1.07-3-g9c5ab23,76 , 87 , (8 3 9 10 7) , 38 , ((10*9)-3)=87 , 0
2020.09.11-11.33.52,v1.07-3-g9c5ab23,77 , 87 , (8 3 9 10 7) , 959 , ((10*9)-3)=87 , 301
2020.09.11-11.33.52,v1.07-3-g9c5ab23,78 , 87 , (8 3 9 10 7) , 291 , ((10*9)-3)=87 , 78
2020.09.11-11.33.52,v1.07-3-g9c5ab23,79 , 87 , (8 3 9 10 7) , 29 , ((10*9)-3)=87 , 0
2020.09.11-11.33.52,v1.07-3-g9c5ab23,80 , 87 , (8 3 9 10 7) , 366 , ((9*10)-3)=87 , 90
2020.09.11-11.33.52,v1.07-3-g9c5ab23,81 , 87 , (8 3 9 10 7) , 230 , ((9*7)+(8*3))=87 , 57
2020.09.11-11.33.52,v1.07-3-g9c5ab23,82 , 87 , (8 3 9 10 7) , 44 , ((9*10)-3)=87 , 0
2020.09.11-11.33.52,v1.07-3-g9c5ab23,83 , 87 , (8 3 9 10 7) , 1038 , ((9*10)-3)=87 , 330
2020.09.11-11.33.52,v1.07-3-g9c5ab23,84 , 87 , (8 3 9 10 7) , 1887 , ((8*10)+7)=87 , 531
2020.09.11-11.33.52,v1.07-3-g9c5ab23,85 , 87 , (8 3 9 10 7) , 976 , ((9*10)-3)=87 , 228
2020.09.11-11.33.52,v1.07-3-g9c5ab23,86 , 87 , (8 3 9 10 7) , 118 , ((8*10)+7)=87 , 17
2020.09.11-11.33.52,v1.07-3-g9c5ab23,87 , 87 , (8 3 9 10 7) , 678 , ((7*9)+(3*8))=87 , 148
2020.09.11-11.33.52,v1.07-3-g9c5ab23,88 , 87 , (8 3 9 10 7) , 200 , ((10*8)+7)=87 , 23
2020.09.11-11.33.52,v1.07-3-g9c5ab23,89 , 87 , (8 3 9 10 7) , 884 , ((9*10)-3)=87 , 198
2020.09.11-11.33.52,v1.07-3-g9c5ab23,90 , 87 , (8 3 9 10 7) , 1509 , ((10*9)-3)=87 , 444
2020.09.11-11.33.52,v1.07-3-g9c5ab23,91 , 87 , (8 3 9 10 7) , 1920 , ((8*10)+7)=87 , 506
2020.09.11-11.33.52,v1.07-3-g9c5ab23,92 , 87 , (8 3 9 10 7) , 228 , ((10*9)-3)=87 , 69
2020.09.11-11.33.52,v1.07-3-g9c5ab23,93 , 87 , (8 3 9 10 7) , 2000 , none,  565
2020.09.11-11.33.52,v1.07-3-g9c5ab23,94 , 87 , (8 3 9 10 7) , 116 , ((10*8)+7)=87 , 25
2020.09.11-11.33.52,v1.07-3-g9c5ab23,95 , 87 , (8 3 9 10 7) , 55 , ((9*10)-3)=87 , 9
2020.09.11-11.33.52,v1.07-3-g9c5ab23,96 , 87 , (8 3 9 10 7) , 906 , ((8*10)+7)=87 , 237
2020.09.11-11.33.52,v1.07-3-g9c5ab23,97 , 87 , (8 3 9 10 7) , 330 , ((10*7)+(8+9))=87 , 53
2020.09.11-11.33.52,v1.07-3-g9c5ab23,98 , 87 , (8 3 9 10 7) , 41 , ((9*10)-3)=87 , 0
2020.09.11-11.33.52,v1.07-3-g9c5ab23,99 , 87 , (8 3 9 10 7) , 129 , ((7*10)+(8+9))=87 , 16
2020.09.11-11.33.52,v1.07-3-g9c5ab23,0 , 31 , (3 5 24 3 14) , 2000 , none,  683
2020.09.11-11.33.52,v1.07-3-g9c5ab23,1 , 31 , (3 5 24 3 14) , 2000 , none,  530
2020.09.11-11.33.52,v1.07-3-g9c5ab23,2 , 31 , (3 5 24 3 14) , 2000 , none,  619
2020.09.11-11.33.52,v1.07-3-g9c5ab23,3 , 31 , (3 5 24 3 14) , 2000 , none,  524
2020.09.11-11.33.52,v1.07-3-g9c5ab23,4 , 31 , (3 5 24 3 14) , 2000 , none,  626
2020.09.11-11.33.52,v1.07-3-g9c5ab23,5 , 31 , (3 5 24 3 14) , 2000 , none,  558
2020.09.11-11.33.52,v1.07-3-g9c5ab23,6 , 31 , (3 5 24 3 14) , 2000 , none,  708
2020.09.11-11.33.52,v1.07-3-g9c5ab23,7 , 31 , (3 5 24 3 14) , 2000 , none,  612
2020.09.11-11.33.52,v1.07-3-g9c5ab23,8 , 31 , (3 5 24 3 14) , 809 , ((3*(3*5))-14)=31 , 213
2020.09.11-11.33.52,v1.07-3-g9c5ab23,9 , 31 , (3 5 24 3 14) , 2000 , none,  591
2020.09.11-11.33.52,v1.07-3-g9c5ab23,10 , 31 , (3 5 24 3 14) , 2000 , none,  612
2020.09.11-11.33.52,v1.07-3-g9c5ab23,11 , 31 , (3 5 24 3 14) , 2000 , none,  410
2020.09.11-11.33.52,v1.07-3-g9c5ab23,12 , 31 , (3 5 24 3 14) , 2000 , none,  640
2020.09.11-11.33.52,v1.07-3-g9c5ab23,13 , 31 , (3 5 24 3 14) , 2000 , none,  640
2020.09.11-11.33.52,v1.07-3-g9c5ab23,14 , 31 , (3 5 24 3 14) , 197 , ((3*(3*5))-14)=31 , 33
2020.09.11-11.33.52,v1.07-3-g9c5ab23,15 , 31 , (3 5 24 3 14) , 439 , ((5*(3*3))-14)=31 , 123
2020.09.11-11.33.52,v1.07-3-g9c5ab23,16 , 31 , (3 5 24 3 14) , 2000 , none,  565
2020.09.11-11.33.52,v1.07-3-g9c5ab23,17 , 31 , (3 5 24 3 14) , 2000 , none,  668
2020.09.11-11.33.52,v1.07-3-g9c5ab23,18 , 31 , (3 5 24 3 14) , 2000 , none,  677
2020.09.11-11.33.52,v1.07-3-g9c5ab23,19 , 31 , (3 5 24 3 14) , 2000 , none,  597
2020.09.11-11.33.52,v1.07-3-g9c5ab23,20 , 31 , (3 5 24 3 14) , 2000 , none,  506
2020.09.11-11.33.52,v1.07-3-g9c5ab23,21 , 31 , (3 5 24 3 14) , 1047 , (((5*3)*3)-14)=31 , 279
2020.09.11-11.33.52,v1.07-3-g9c5ab23,22 , 31 , (3 5 24 3 14) , 2000 , none,  226
2020.09.11-11.33.52,v1.07-3-g9c5ab23,23 , 31 , (3 5 24 3 14) , 2000 , none,  615
2020.09.11-11.33.52,v1.07-3-g9c5ab23,24 , 31 , (3 5 24 3 14) , 2000 , none,  434
2020.09.11-11.33.52,v1.07-3-g9c5ab23,25 , 31 , (3 5 24 3 14) , 2000 , none,  593
2020.09.11-11.33.52,v1.07-3-g9c5ab23,26 , 31 , (3 5 24 3 14) , 2000 , none,  684
2020.09.11-11.33.52,v1.07-3-g9c5ab23,27 , 31 , (3 5 24 3 14) , 2000 , none,  520
2020.09.11-11.33.52,v1.07-3-g9c5ab23,28 , 31 , (3 5 24 3 14) , 2000 , none,  650
2020.09.11-11.33.52,v1.07-3-g9c5ab23,29 , 31 , (3 5 24 3 14) , 2000 , none,  465
2020.09.11-11.33.52,v1.07-3-g9c5ab23,30 , 31 , (3 5 24 3 14) , 2000 , none,  608
2020.09.11-11.33.52,v1.07-3-g9c5ab23,31 , 31 , (3 5 24 3 14) , 2000 , none,  447
2020.09.11-11.33.52,v1.07-3-g9c5ab23,32 , 31 , (3 5 24 3 14) , 2000 , none,  492
2020.09.11-11.33.52,v1.07-3-g9c5ab23,33 , 31 , (3 5 24 3 14) , 2000 , none,  595
2020.09.11-11.33.52,v1.07-3-g9c5ab23,34 , 31 , (3 5 24 3 14) , 2000 , none,  599
2020.09.11-11.33.52,v1.07-3-g9c5ab23,35 , 31 , (3 5 24 3 14) , 2000 , none,  652
2020.09.11-11.33.52,v1.07-3-g9c5ab23,36 , 31 , (3 5 24 3 14) , 2000 , none,  646
2020.09.11-11.33.52,v1.07-3-g9c5ab23,37 , 31 , (3 5 24 3 14) , 2000 , none,  614
2020.09.11-11.33.52,v1.07-3-g9c5ab23,38 , 31 , (3 5 24 3 14) , 2000 , none,  630
2020.09.11-11.33.52,v1.07-3-g9c5ab23,39 , 31 , (3 5 24 3 14) , 2000 , none,  543
2020.09.11-11.33.52,v1.07-3-g9c5ab23,40 , 31 , (3 5 24 3 14) , 2000 , none,  585
2020.09.11-11.33.52,v1.07-3-g9c5ab23,41 , 31 , (3 5 24 3 14) , 570 , (((5-3)*24)-(3+14))=31 , 195
2020.09.11-11.33.52,v1.07-3-g9c5ab23,42 , 31 , (3 5 24 3 14) , 2000 , none,  567
2020.09.11-11.33.52,v1.07-3-g9c5ab23,43 , 31 , (3 5 24 3 14) , 785 , (((5*3)*3)-14)=31 , 229
2020.09.11-11.33.52,v1.07-3-g9c5ab23,44 , 31 , (3 5 24 3 14) , 2000 , none,  687
2020.09.11-11.33.52,v1.07-3-g9c5ab23,45 , 31 , (3 5 24 3 14) , 145 , ((3*(5*3))-14)=31 , 34
2020.09.11-11.33.52,v1.07-3-g9c5ab23,46 , 31 , (3 5 24 3 14) , 2000 , none,  422
2020.09.11-11.33.52,v1.07-3-g9c5ab23,47 , 31 , (3 5 24 3 14) , 384 , (((3*5)*3)-14)=31 , 74
2020.09.11-11.33.52,v1.07-3-g9c5ab23,48 , 31 , (3 5 24 3 14) , 2000 , none,  578
2020.09.11-11.33.52,v1.07-3-g9c5ab23,49 , 31 , (3 5 24 3 14) , 2000 , none,  647
2020.09.11-11.33.52,v1.07-3-g9c5ab23,50 , 31 , (3 5 24 3 14) , 2000 , none,  593
2020.09.11-11.33.52,v1.07-3-g9c5ab23,51 , 31 , (3 5 24 3 14) , 2000 , none,  602
2020.09.11-11.33.52,v1.07-3-g9c5ab23,52 , 31 , (3 5 24 3 14) , 2000 , none,  250
2020.09.11-11.33.52,v1.07-3-g9c5ab23,53 , 31 , (3 5 24 3 14) , 2000 , none,  580
2020.09.11-11.33.52,v1.07-3-g9c5ab23,54 , 31 , (3 5 24 3 14) , 2000 , none,  582
2020.09.11-11.33.52,v1.07-3-g9c5ab23,55 , 31 , (3 5 24 3 14) , 2000 , none,  627
2020.09.11-11.33.52,v1.07-3-g9c5ab23,56 , 31 , (3 5 24 3 14) , 2000 , none,  592
2020.09.11-11.33.52,v1.07-3-g9c5ab23,57 , 31 , (3 5 24 3 14) , 2000 , none,  495
2020.09.11-11.33.52,v1.07-3-g9c5ab23,58 , 31 , (3 5 24 3 14) , 2000 , none,  629
2020.09.11-11.33.52,v1.07-3-g9c5ab23,59 , 31 , (3 5 24 3 14) , 2000 , none,  641
2020.09.11-11.33.52,v1.07-3-g9c5ab23,60 , 31 , (3 5 24 3 14) , 2000 , none,  584
2020.09.11-11.33.52,v1.07-3-g9c5ab23,61 , 31 , (3 5 24 3 14) , 2000 , none,  487
2020.09.11-11.33.52,v1.07-3-g9c5ab23,62 , 31 , (3 5 24 3 14) , 2000 , none,  642
2020.09.11-11.33.52,v1.07-3-g9c5ab23,63 , 31 , (3 5 24 3 14) , 588 , (((3*5)*3)-14)=31 , 181
2020.09.11-11.33.52,v1.07-3-g9c5ab23,64 , 31 , (3 5 24 3 14) , 1054 , ((5*(3*3))-14)=31 , 352
2020.09.11-11.33.52,v1.07-3-g9c5ab23,65 , 31 , (3 5 24 3 14) , 2000 , none,  581
2020.09.11-11.33.52,v1.07-3-g9c5ab23,66 , 31 , (3 5 24 3 14) , 2000 , none,  597
2020.09.11-11.33.52,v1.07-3-g9c5ab23,67 , 31 , (3 5 24 3 14) , 2000 , none,  679
2020.09.11-11.33.52,v1.07-3-g9c5ab23,68 , 31 , (3 5 24 3 14) , 56 , (((5*3)*3)-14)=31 , 0
2020.09.11-11.33.52,v1.07-3-g9c5ab23,69 , 31 , (3 5 24 3 14) , 2000 , none,  624
2020.09.11-11.33.52,v1.07-3-g9c5ab23,70 , 31 , (3 5 24 3 14) , 2000 , none,  578
2020.09.11-11.33.52,v1.07-3-g9c5ab23,71 , 31 , (3 5 24 3 14) , 2000 , none,  565
2020.09.11-11.33.52,v1.07-3-g9c5ab23,72 , 31 , (3 5 24 3 14) , 2000 , none,  579
2020.09.11-11.33.52,v1.07-3-g9c5ab23,73 , 31 , (3 5 24 3 14) , 2000 , none,  658
2020.09.11-11.33.52,v1.07-3-g9c5ab23,74 , 31 , (3 5 24 3 14) , 2000 , none,  642
2020.09.11-11.33.52,v1.07-3-g9c5ab23,75 , 31 , (3 5 24 3 14) , 1986 , (((3*5)*3)-14)=31 , 599
2020.09.11-11.33.52,v1.07-3-g9c5ab23,76 , 31 , (3 5 24 3 14) , 2000 , none,  781
2020.09.11-11.33.52,v1.07-3-g9c5ab23,77 , 31 , (3 5 24 3 14) , 2000 , none,  644
2020.09.11-11.33.52,v1.07-3-g9c5ab23,78 , 31 , (3 5 24 3 14) , 2000 , none,  560
2020.09.11-11.33.52,v1.07-3-g9c5ab23,79 , 31 , (3 5 24 3 14) , 2000 , none,  669
2020.09.11-11.33.52,v1.07-3-g9c5ab23,80 , 31 , (3 5 24 3 14) , 2000 , none,  605
2020.09.11-11.33.52,v1.07-3-g9c5ab23,81 , 31 , (3 5 24 3 14) , 157 , ((3*(3*5))-14)=31 , 29
2020.09.11-11.33.52,v1.07-3-g9c5ab23,82 , 31 , (3 5 24 3 14) , 2000 , none,  649
2020.09.11-11.33.52,v1.07-3-g9c5ab23,83 , 31 , (3 5 24 3 14) , 2000 , none,  492
2020.09.11-11.33.52,v1.07-3-g9c5ab23,84 , 31 , (3 5 24 3 14) , 2000 , none,  609
2020.09.11-11.33.52,v1.07-3-g9c5ab23,85 , 31 , (3 5 24 3 14) , 526 , ((3*(3*5))-14)=31 , 140
2020.09.11-11.33.52,v1.07-3-g9c5ab23,86 , 31 , (3 5 24 3 14) , 2000 , none,  657
2020.09.11-11.33.52,v1.07-3-g9c5ab23,87 , 31 , (3 5 24 3 14) , 2000 , none,  650
2020.09.11-11.33.52,v1.07-3-g9c5ab23,88 , 31 , (3 5 24 3 14) , 2000 , none,  651
2020.09.11-11.33.52,v1.07-3-g9c5ab23,89 , 31 , (3 5 24 3 14) , 76 , ((3*(5*3))-14)=31 , 1
2020.09.11-11.33.52,v1.07-3-g9c5ab23,90 , 31 , (3 5 24 3 14) , 972 , ((3*(3*5))-14)=31 , 268
2020.09.11-11.33.52,v1.07-3-g9c5ab23,91 , 31 , (3 5 24 3 14) , 2000 , none,  640
2020.09.11-11.33.52,v1.07-3-g9c5ab23,92 , 31 , (3 5 24 3 14) , 2000 , none,  496
2020.09.11-11.33.52,v1.07-3-g9c5ab23,93 , 31 , (3 5 24 3 14) , 2000 , none,  603
2020.09.11-11.33.52,v1.07-3-g9c5ab23,94 , 31 , (3 5 24 3 14) , 2000 , none,  555
2020.09.11-11.33.52,v1.07-3-g9c5ab23,95 , 31 , (3 5 24 3 14) , 2000 , none,  556
2020.09.11-11.33.52,v1.07-3-g9c5ab23,96 , 31 , (3 5 24 3 14) , 1433 , (((3*5)*3)-14)=31 , 414
2020.09.11-11.33.52,v1.07-3-g9c5ab23,97 , 31 , (3 5 24 3 14) , 1204 , (((3*5)*3)-14)=31 , 390
2020.09.11-11.33.52,v1.07-3-g9c5ab23,98 , 31 , (3 5 24 3 14) , 2000 , none,  487
2020.09.11-11.33.52,v1.07-3-g9c5ab23,99 , 31 , (3 5 24 3 14) , 2000 , none,  592
2020.09.11-11.33.52,v1.07-3-g9c5ab23,0 , 25 , (8 5 5 11 2) , 88 , (5*5)=25 , 10
2020.09.11-11.33.52,v1.07-3-g9c5ab23,1 , 25 , (8 5 5 11 2) , 443 , (5*5)=25 , 94
2020.09.11-11.33.52,v1.07-3-g9c5ab23,2 , 25 , (8 5 5 11 2) , 726 , (5*5)=25 , 209
2020.09.11-11.33.52,v1.07-3-g9c5ab23,3 , 25 , (8 5 5 11 2) , 135 , (5*5)=25 , 31
2020.09.11-11.33.52,v1.07-3-g9c5ab23,4 , 25 , (8 5 5 11 2) , 263 , (5*5)=25 , 66
2020.09.11-11.33.52,v1.07-3-g9c5ab23,5 , 25 , (8 5 5 11 2) , 53 , (5*5)=25 , 9
2020.09.11-11.33.52,v1.07-3-g9c5ab23,6 , 25 , (8 5 5 11 2) , 34 , (5*5)=25 , 3
2020.09.11-11.33.52,v1.07-3-g9c5ab23,7 , 25 , (8 5 5 11 2) , 208 , (5*5)=25 , 62
2020.09.11-11.33.52,v1.07-3-g9c5ab23,8 , 25 , (8 5 5 11 2) , 684 , (5*5)=25 , 173
2020.09.11-11.33.52,v1.07-3-g9c5ab23,9 , 25 , (8 5 5 11 2) , 58 , ((((5+5)+8)*2)-11)=25 , 2
2020.09.11-11.33.52,v1.07-3-g9c5ab23,10 , 25 , (8 5 5 11 2) , 2000 , none,  606
2020.09.11-11.33.52,v1.07-3-g9c5ab23,11 , 25 , (8 5 5 11 2) , 164 , (5*5)=25 , 15
2020.09.11-11.33.52,v1.07-3-g9c5ab23,12 , 25 , (8 5 5 11 2) , 23 , (5*5)=25 , 0
2020.09.11-11.33.52,v1.07-3-g9c5ab23,13 , 25 , (8 5 5 11 2) , 29 , (5*5)=25 , 0
2020.09.11-11.33.52,v1.07-3-g9c5ab23,14 , 25 , (8 5 5 11 2) , 56 , (5*5)=25 , 3
2020.09.11-11.33.52,v1.07-3-g9c5ab23,15 , 25 , (8 5 5 11 2) , 2000 , none,  655
2020.09.11-11.33.52,v1.07-3-g9c5ab23,16 , 25 , (8 5 5 11 2) , 359 , (5*5)=25 , 90
2020.09.11-11.33.52,v1.07-3-g9c5ab23,17 , 25 , (8 5 5 11 2) , 55 , (5*5)=25 , 7
2020.09.11-11.33.52,v1.07-3-g9c5ab23,18 , 25 , (8 5 5 11 2) , 25 , (5*5)=25 , 0
2020.09.11-11.33.52,v1.07-3-g9c5ab23,19 , 25 , (8 5 5 11 2) , 176 , (5*5)=25 , 3
2020.09.11-11.33.52,v1.07-3-g9c5ab23,20 , 25 , (8 5 5 11 2) , 26 , (5*5)=25 , 0
2020.09.11-11.33.52,v1.07-3-g9c5ab23,21 , 25 , (8 5 5 11 2) , 109 , (5*5)=25 , 11
2020.09.11-11.33.52,v1.07-3-g9c5ab23,22 , 25 , (8 5 5 11 2) , 20 , (5*5)=25 , 0
2020.09.11-11.33.52,v1.07-3-g9c5ab23,23 , 25 , (8 5 5 11 2) , 1285 , (5*5)=25 , 347
2020.09.11-11.33.52,v1.07-3-g9c5ab23,24 , 25 , (8 5 5 11 2) , 2000 , none,  523
2020.09.11-11.33.52,v1.07-3-g9c5ab23,25 , 25 , (8 5 5 11 2) , 84 , (5*5)=25 , 22
2020.09.11-11.33.52,v1.07-3-g9c5ab23,26 , 25 , (8 5 5 11 2) , 34 , (5*5)=25 , 2
2020.09.11-11.33.52,v1.07-3-g9c5ab23,27 , 25 , (8 5 5 11 2) , 445 , (5*5)=25 , 124
2020.09.11-11.33.52,v1.07-3-g9c5ab23,28 , 25 , (8 5 5 11 2) , 65 , (5*5)=25 , 16
2020.09.11-11.33.52,v1.07-3-g9c5ab23,29 , 25 , (8 5 5 11 2) , 1956 , (5*5)=25 , 497
2020.09.11-11.33.52,v1.07-3-g9c5ab23,30 , 25 , (8 5 5 11 2) , 54 , (5*5)=25 , 5
2020.09.11-11.33.52,v1.07-3-g9c5ab23,31 , 25 , (8 5 5 11 2) , 799 , ((2*11)+(8-5))=25 , 229
2020.09.11-11.33.52,v1.07-3-g9c5ab23,32 , 25 , (8 5 5 11 2) , 555 , (5*5)=25 , 106
2020.09.11-11.33.52,v1.07-3-g9c5ab23,33 , 25 , (8 5 5 11 2) , 1114 , (5*5)=25 , 291
2020.09.11-11.33.52,v1.07-3-g9c5ab23,34 , 25 , (8 5 5 11 2) , 2000 , none,  565
2020.09.11-11.33.52,v1.07-3-g9c5ab23,35 , 25 , (8 5 5 11 2) , 397 , (5*5)=25 , 49
2020.09.11-11.33.52,v1.07-3-g9c5ab23,36 , 25 , (8 5 5 11 2) , 45 , (5*5)=25 , 7
2020.09.11-11.33.52,v1.07-3-g9c5ab23,37 , 25 , (8 5 5 11 2) , 1993 , (5*5)=25 , 359
2020.09.11-11.33.52,v1.07-3-g9c5ab23,38 , 25 , (8 5 5 11 2) , 217 , (5*5)=25 , 48
2020.09.11-11.33.52,v1.07-3-g9c5ab23,39 , 25 , (8 5 5 11 2) , 96 , (5*5)=25 , 10
2020.09.11-11.33.52,v1.07-3-g9c5ab23,40 , 25 , (8 5 5 11 2) , 27 , (5*5)=25 , 0
2020.09.11-11.33.52,v1.07-3-g9c5ab23,41 , 25 , (8 5 5 11 2) , 1235 , (5*5)=25 , 296
2020.09.11-11.33.52,v1.07-3-g9c5ab23,42 , 25 , (8 5 5 11 2) , 22 , (5*5)=25 , 0
2020.09.11-11.33.52,v1.07-3-g9c5ab23,43 , 25 , (8 5 5 11 2) , 85 , (5*5)=25 , 18
2020.09.11-11.33.52,v1.07-3-g9c5ab23,44 , 25 , (8 5 5 11 2) , 607 , (5*5)=25 , 161
2020.09.11-11.33.52,v1.07-3-g9c5ab23,45 , 25 , (8 5 5 11 2) , 1666 , (5*5)=25 , 401
2020.09.11-11.33.52,v1.07-3-g9c5ab23,46 , 25 , (8 5 5 11 2) , 28 , (5*5)=25 , 0
2020.09.11-11.33.52,v1.07-3-g9c5ab23,47 , 25 , (8 5 5 11 2) , 74 , (5*5)=25 , 21
2020.09.11-11.33.52,v1.07-3-g9c5ab23,48 , 25 , (8 5 5 11 2) , 380 , (5*5)=25 , 95
2020.09.11-11.33.52,v1.07-3-g9c5ab23,49 , 25 , (8 5 5 11 2) , 74 , (5*5)=25 , 7
2020.09.11-11.33.52,v1.07-3-g9c5ab23,50 , 25 , (8 5 5 11 2) , 2000 , none,  537
2020.09.11-11.33.52,v1.07-3-g9c5ab23,51 , 25 , (8 5 5 11 2) , 215 , (5*5)=25 , 47
2020.09.11-11.33.52,v1.07-3-g9c5ab23,52 , 25 , (8 5 5 11 2) , 1853 , (5*5)=25 , 568
2020.09.11-11.33.52,v1.07-3-g9c5ab23,53 , 25 , (8 5 5 11 2) , 379 , ((2*11)+(8-5))=25 , 50
2020.09.11-11.33.52,v1.07-3-g9c5ab23,54 , 25 , (8 5 5 11 2) , 23 , (5*5)=25 , 0
2020.09.11-11.33.52,v1.07-3-g9c5ab23,55 , 25 , (8 5 5 11 2) , 405 , (5*5)=25 , 89
2020.09.11-11.33.52,v1.07-3-g9c5ab23,56 , 25 , (8 5 5 11 2) , 55 , (5*5)=25 , 4
2020.09.11-11.33.52,v1.07-3-g9c5ab23,57 , 25 , (8 5 5 11 2) , 369 , (((2*11)+8)-5)=25 , 57
2020.09.11-11.33.52,v1.07-3-g9c5ab23,58 , 25 , (8 5 5 11 2) , 40 , (5*5)=25 , 0
2020.09.11-11.33.52,v1.07-3-g9c5ab23,59 , 25 , (8 5 5 11 2) , 74 , (5*5)=25 , 8
2020.09.11-11.33.52,v1.07-3-g9c5ab23,60 , 25 , (8 5 5 11 2) , 74 , (5*5)=25 , 15
2020.09.11-11.33.52,v1.07-3-g9c5ab23,61 , 25 , (8 5 5 11 2) , 60 , (5*5)=25 , 7
2020.09.11-11.33.52,v1.07-3-g9c5ab23,62 , 25 , (8 5 5 11 2) , 24 , (5*5)=25 , 0
2020.09.11-11.33.52,v1.07-3-g9c5ab23,63 , 25 , (8 5 5 11 2) , 85 , (5*5)=25 , 8
2020.09.11-11.33.52,v1.07-3-g9c5ab23,64 , 25 , (8 5 5 11 2) , 2000 , none,  615
2020.09.11-11.33.52,v1.07-3-g9c5ab23,65 , 25 , (8 5 5 11 2) , 325 , (5*5)=25 , 38
2020.09.11-11.33.52,v1.07-3-g9c5ab23,66 , 25 , (8 5 5 11 2) , 106 , (5*5)=25 , 31
2020.09.11-11.33.52,v1.07-3-g9c5ab23,67 , 25 , (8 5 5 11 2) , 2000 , none,  560
2020.09.11-11.33.52,v1.07-3-g9c5ab23,68 , 25 , (8 5 5 11 2) , 2000 , none,  608
2020.09.11-11.33.52,v1.07-3-g9c5ab23,69 , 25 , (8 5 5 11 2) , 28 , (5*5)=25 , 0
2020.09.11-11.33.52,v1.07-3-g9c5ab23,70 , 25 , (8 5 5 11 2) , 175 , (5*5)=25 , 28
2020.09.11-11.33.52,v1.07-3-g9c5ab23,71 , 25 , (8 5 5 11 2) , 95 , (5*5)=25 , 22
2020.09.11-11.33.52,v1.07-3-g9c5ab23,72 , 25 , (8 5 5 11 2) , 226 , (5*5)=25 , 50
2020.09.11-11.33.52,v1.07-3-g9c5ab23,73 , 25 , (8 5 5 11 2) , 185 , (5*5)=25 , 36
2020.09.11-11.33.52,v1.07-3-g9c5ab23,74 , 25 , (8 5 5 11 2) , 556 , (5*5)=25 , 159
2020.09.11-11.33.52,v1.07-3-g9c5ab23,75 , 25 , (8 5 5 11 2) , 354 , (5*5)=25 , 51
2020.09.11-11.33.52,v1.07-3-g9c5ab23,76 , 25 , (8 5 5 11 2) , 276 , (5*5)=25 , 47
2020.09.11-11.33.52,v1.07-3-g9c5ab23,77 , 25 , (8 5 5 11 2) , 1763 , (5*5)=25 , 358
2020.09.11-11.33.52,v1.07-3-g9c5ab23,78 , 25 , (8 5 5 11 2) , 20 , (5*5)=25 , 0
2020.09.11-11.33.52,v1.07-3-g9c5ab23,79 , 25 , (8 5 5 11 2) , 24 , (5*5)=25 , 0
2020.09.11-11.33.52,v1.07-3-g9c5ab23,80 , 25 , (8 5 5 11 2) , 2000 , none,  571
2020.09.11-11.33.52,v1.07-3-g9c5ab23,81 , 25 , (8 5 5 11 2) , 2000 , none,  528
2020.09.11-11.33.52,v1.07-3-g9c5ab23,82 , 25 , (8 5 5 11 2) , 1166 , (5*5)=25 , 300
2020.09.11-11.33.52,v1.07-3-g9c5ab23,83 , 25 , (8 5 5 11 2) , 27 , (5*5)=25 , 0
2020.09.11-11.33.52,v1.07-3-g9c5ab23,84 , 25 , (8 5 5 11 2) , 95 , (5*5)=25 , 13
2020.09.11-11.33.52,v1.07-3-g9c5ab23,85 , 25 , (8 5 5 11 2) , 304 , (5*5)=25 , 63
2020.09.11-11.33.52,v1.07-3-g9c5ab23,86 , 25 , (8 5 5 11 2) , 2000 , none,  447
2020.09.11-11.33.52,v1.07-3-g9c5ab23,87 , 25 , (8 5 5 11 2) , 2000 , none,  640
2020.09.11-11.33.52,v1.07-3-g9c5ab23,88 , 25 , (8 5 5 11 2) , 117 , (5*5)=25 , 21
2020.09.11-11.33.52,v1.07-3-g9c5ab23,89 , 25 , (8 5 5 11 2) , 94 , (5*5)=25 , 23
2020.09.11-11.33.52,v1.07-3-g9c5ab23,90 , 25 , (8 5 5 11 2) , 126 , (5*5)=25 , 27
2020.09.11-11.33.52,v1.07-3-g9c5ab23,91 , 25 , (8 5 5 11 2) , 103 , (5*5)=25 , 0
2020.09.11-11.33.52,v1.07-3-g9c5ab23,92 , 25 , (8 5 5 11 2) , 706 , (5*5)=25 , 178
2020.09.11-11.33.52,v1.07-3-g9c5ab23,93 , 25 , (8 5 5 11 2) , 65 , (5*5)=25 , 11
2020.09.11-11.33.52,v1.07-3-g9c5ab23,94 , 25 , (8 5 5 11 2) , 135 , (5*5)=25 , 45
2020.09.11-11.33.52,v1.07-3-g9c5ab23,95 , 25 , (8 5 5 11 2) , 2000 , none,  628
2020.09.11-11.33.52,v1.07-3-g9c5ab23,96 , 25 , (8 5 5 11 2) , 947 , (5*5)=25 , 276
2020.09.11-11.33.52,v1.07-3-g9c5ab23,97 , 25 , (8 5 5 11 2) , 2000 , none,  630
2020.09.11-11.33.52,v1.07-3-g9c5ab23,98 , 25 , (8 5 5 11 2) , 2000 , none,  545
2020.09.11-11.33.52,v1.07-3-g9c5ab23,99 , 25 , (8 5 5 11 2) , 27 , (5*5)=25 , 0
2020.09.11-11.33.52,v1.07-3-g9c5ab23,0 , 81 , (9 7 2 25 18) , 56 , ((9*7)+18)=81 , 7
2020.09.11-11.33.52,v1.07-3-g9c5ab23,1 , 81 , (9 7 2 25 18) , 2000 , none,  632
2020.09.11-11.33.52,v1.07-3-g9c5ab23,2 , 81 , (9 7 2 25 18) , 76 , ((7*9)+18)=81 , 6
2020.09.11-11.33.52,v1.07-3-g9c5ab23,3 , 81 , (9 7 2 25 18) , 64 , ((9*7)+18)=81 , 13
2020.09.11-11.33.52,v1.07-3-g9c5ab23,4 , 81 , (9 7 2 25 18) , 154 , ((9*7)+18)=81 , 36
2020.09.11-11.33.52,v1.07-3-g9c5ab23,5 , 81 , (9 7 2 25 18) , 147 , ((9*7)+18)=81 , 33
2020.09.11-11.33.52,v1.07-3-g9c5ab23,6 , 81 , (9 7 2 25 18) , 116 , ((9*7)+18)=81 , 20
2020.09.11-11.33.52,v1.07-3-g9c5ab23,7 , 81 , (9 7 2 25 18) , 259 , ((9*7)+18)=81 , 69
2020.09.11-11.33.52,v1.07-3-g9c5ab23,8 , 81 , (9 7 2 25 18) , 249 , ((9*7)+18)=81 , 77
2020.09.11-11.33.52,v1.07-3-g9c5ab23,9 , 81 , (9 7 2 25 18) , 200 , ((7*9)+18)=81 , 53
2020.09.11-11.33.52,v1.07-3-g9c5ab23,10 , 81 , (9 7 2 25 18) , 2000 , none,  690
2020.09.11-11.33.52,v1.07-3-g9c5ab23,11 , 81 , (9 7 2 25 18) , 151 , ((9*7)+18)=81 , 50
2020.09.11-11.33.52,v1.07-3-g9c5ab23,12 , 81 , (9 7 2 25 18) , 2000 , none,  645
2020.09.11-11.33.52,v1.07-3-g9c5ab23,13 , 81 , (9 7 2 25 18) , 555 , ((9*7)+18)=81 , 183
2020.09.11-11.33.52,v1.07-3-g9c5ab23,14 , 81 , (9 7 2 25 18) , 119 , ((9*7)+18)=81 , 16
2020.09.11-11.33.52,v1.07-3-g9c5ab23,15 , 81 , (9 7 2 25 18) , 164 , ((9*7)+18)=81 , 36
2020.09.11-11.33.52,v1.07-3-g9c5ab23,16 , 81 , (9 7 2 25 18) , 2000 , none,  608
2020.09.11-11.33.52,v1.07-3-g9c5ab23,17 , 81 , (9 7 2 25 18) , 116 , ((9*7)+18)=81 , 26
2020.09.11-11.33.52,v1.07-3-g9c5ab23,18 , 81 , (9 7 2 25 18) , 110 , ((9*7)+18)=81 , 19
2020.09.11-11.33.52,v1.07-3-g9c5ab23,19 , 81 , (9 7 2 25 18) , 286 , ((9*7)+18)=81 , 110
2020.09.11-11.33.52,v1.07-3-g9c5ab23,20 , 81 , (9 7 2 25 18) , 305 , ((9*7)+18)=81 , 84
2020.09.11-11.33.52,v1.07-3-g9c5ab23,21 , 81 , (9 7 2 25 18) , 50 , ((9*7)+18)=81 , 0
2020.09.11-11.33.52,v1.07-3-g9c5ab23,22 , 81 , (9 7 2 25 18) , 289 , ((9*7)+18)=81 , 95
2020.09.11-11.33.52,v1.07-3-g9c5ab23,23 , 81 , (9 7 2 25 18) , 58 , ((9*7)+18)=81 , 7
2020.09.11-11.33.52,v1.07-3-g9c5ab23,24 , 81 , (9 7 2 25 18) , 2000 , none,  615
2020.09.11-11.33.52,v1.07-3-g9c5ab23,25 , 81 , (9 7 2 25 18) , 97 , ((9*7)+18)=81 , 13
2020.09.11-11.33.52,v1.07-3-g9c5ab23,26 , 81 , (9 7 2 25 18) , 138 , ((7*9)+18)=81 , 48
2020.09.11-11.33.52,v1.07-3-g9c5ab23,27 , 81 , (9 7 2 25 18) , 121 , ((9*7)+18)=81 , 29
2020.09.11-11.33.52,v1.07-3-g9c5ab23,28 , 81 , (9 7 2 25 18) , 303 , ((9*7)+18)=81 , 93
2020.09.11-11.33.52,v1.07-3-g9c5ab23,29 , 81 , (9 7 2 25 18) , 70 , ((9*7)+18)=81 , 9
2020.09.11-11.33.52,v1.07-3-g9c5ab23,30 , 81 , (9 7 2 25 18) , 52 , ((9*7)+18)=81 , 0
2020.09.11-11.33.52,v1.07-3-g9c5ab23,31 , 81 , (9 7 2 25 18) , 70 , ((9*7)+18)=81 , 8
2020.09.11-11.33.52,v1.07-3-g9c5ab23,32 , 81 , (9 7 2 25 18) , 179 , ((9*7)+18)=81 , 50
2020.09.11-11.33.52,v1.07-3-g9c5ab23,33 , 81 , (9 7 2 25 18) , 157 , ((9*7)+18)=81 , 52
2020.09.11-11.33.52,v1.07-3-g9c5ab23,34 , 81 , (9 7 2 25 18) , 509 , ((9*7)+18)=81 , 182
2020.09.11-11.33.52,v1.07-3-g9c5ab23,35 , 81 , (9 7 2 25 18) , 81 , ((9*7)+18)=81 , 22
2020.09.11-11.33.52,v1.07-3-g9c5ab23,36 , 81 , (9 7 2 25 18) , 57 , ((9*7)+18)=81 , 5
2020.09.11-11.33.52,v1.07-3-g9c5ab23,37 , 81 , (9 7 2 25 18) , 175 , ((9*7)+18)=81 , 58
2020.09.11-11.33.52,v1.07-3-g9c5ab23,38 , 81 , (9 7 2 25 18) , 312 , ((9*7)+18)=81 , 107
2020.09.11-11.33.52,v1.07-3-g9c5ab23,39 , 81 , (9 7 2 25 18) , 650 , ((9*7)+18)=81 , 192
2020.09.11-11.33.52,v1.07-3-g9c5ab23,40 , 81 , (9 7 2 25 18) , 65 , ((7*9)+18)=81 , 3
2020.09.11-11.33.52,v1.07-3-g9c5ab23,41 , 81 , (9 7 2 25 18) , 78 , ((7*9)+18)=81 , 6
2020.09.11-11.33.52,v1.07-3-g9c5ab23,42 , 81 , (9 7 2 25 18) , 54 , ((9*7)+18)=81 , 0
2020.09.11-11.33.52,v1.07-3-g9c5ab23,43 , 81 , (9 7 2 25 18) , 71 , ((7*9)+18)=81 , 13
2020.09.11-11.33.52,v1.07-3-g9c5ab23,44 , 81 , (9 7 2 25 18) , 137 , ((9*7)+18)=81 , 48
2020.09.11-11.33.52,v1.07-3-g9c5ab23,45 , 81 , (9 7 2 25 18) , 127 , ((9*7)+18)=81 , 34
2020.09.11-11.33.52,v1.07-3-g9c5ab23,46 , 81 , (9 7 2 25 18) , 422 , ((9*7)+18)=81 , 136
2020.09.11-11.33.52,v1.07-3-g9c5ab23,47 , 81 , (9 7 2 25 18) , 53 , ((9*7)+18)=81 , 0
2020.09.11-11.33.52,v1.07-3-g9c5ab23,48 , 81 , (9 7 2 25 18) , 101 , ((7*9)+18)=81 , 32
2020.09.11-11.33.52,v1.07-3-g9c5ab23,49 , 81 , (9 7 2 25 18) , 118 , ((7*9)+18)=81 , 34
2020.09.11-11.33.52,v1.07-3-g9c5ab23,50 , 81 , (9 7 2 25 18) , 96 , ((9*7)+18)=81 , 26
2020.09.11-11.33.52,v1.07-3-g9c5ab23,51 , 81 , (9 7 2 25 18) , 50 , ((9*7)+18)=81 , 6
2020.09.11-11.33.52,v1.07-3-g9c5ab23,52 , 81 , (9 7 2 25 18) , 59 , ((7*9)+18)=81 , 7
2020.09.11-11.33.52,v1.07-3-g9c5ab23,53 , 81 , (9 7 2 25 18) , 2000 , none,  708
2020.09.11-11.33.52,v1.07-3-g9c5ab23,54 , 81 , (9 7 2 25 18) , 117 , ((9*7)+18)=81 , 21
2020.09.11-11.33.52,v1.07-3-g9c5ab23,55 , 81 , (9 7 2 25 18) , 91 , ((7*9)+18)=81 , 31
2020.09.11-11.33.52,v1.07-3-g9c5ab23,56 , 81 , (9 7 2 25 18) , 105 , ((9*7)+18)=81 , 22
2020.09.11-11.33.52,v1.07-3-g9c5ab23,57 , 81 , (9 7 2 25 18) , 262 , ((9*7)+18)=81 , 69
2020.09.11-11.33.52,v1.07-3-g9c5ab23,58 , 81 , (9 7 2 25 18) , 208 , ((7*9)+18)=81 , 58
2020.09.11-11.33.52,v1.07-3-g9c5ab23,59 , 81 , (9 7 2 25 18) , 318 , ((9*7)+18)=81 , 85
2020.09.11-11.33.52,v1.07-3-g9c5ab23,60 , 81 , (9 7 2 25 18) , 78 , ((9*7)+18)=81 , 4
2020.09.11-11.33.52,v1.07-3-g9c5ab23,61 , 81 , (9 7 2 25 18) , 2000 , none,  636
2020.09.11-11.33.52,v1.07-3-g9c5ab23,62 , 81 , (9 7 2 25 18) , 39 , ((7*9)+18)=81 , 0
2020.09.11-11.33.52,v1.07-3-g9c5ab23,63 , 81 , (9 7 2 25 18) , 627 , ((9*7)+18)=81 , 217
2020.09.11-11.33.52,v1.07-3-g9c5ab23,64 , 81 , (9 7 2 25 18) , 409 , ((7*9)+18)=81 , 125
2020.09.11-11.33.52,v1.07-3-g9c5ab23,65 , 81 , (9 7 2 25 18) , 335 , ((7*9)+18)=81 , 133
2020.09.11-11.33.52,v1.07-3-g9c5ab23,66 , 81 , (9 7 2 25 18) , 233 , ((9*7)+18)=81 , 63
2020.09.11-11.33.52,v1.07-3-g9c5ab23,67 , 81 , (9 7 2 25 18) , 495 , ((9*7)+18)=81 , 185
2020.09.11-11.33.52,v1.07-3-g9c5ab23,68 , 81 , (9 7 2 25 18) , 69 , ((9*7)+18)=81 , 6
2020.09.11-11.33.52,v1.07-3-g9c5ab23,69 , 81 , (9 7 2 25 18) , 69 , ((9*7)+18)=81 , 1
2020.09.11-11.33.52,v1.07-3-g9c5ab23,70 , 81 , (9 7 2 25 18) , 215 , ((7*9)+18)=81 , 64
2020.09.11-11.33.52,v1.07-3-g9c5ab23,71 , 81 , (9 7 2 25 18) , 416 , ((7*9)+18)=81 , 116
2020.09.11-11.33.52,v1.07-3-g9c5ab23,72 , 81 , (9 7 2 25 18) , 114 , ((7*9)+18)=81 , 33
2020.09.11-11.33.52,v1.07-3-g9c5ab23,73 , 81 , (9 7 2 25 18) , 395 , ((9*7)+18)=81 , 165
2020.09.11-11.33.52,v1.07-3-g9c5ab23,74 , 81 , (9 7 2 25 18) , 62 , ((7*9)+18)=81 , 16
2020.09.11-11.33.52,v1.07-3-g9c5ab23,75 , 81 , (9 7 2 25 18) , 101 , ((9*7)+18)=81 , 22
2020.09.11-11.33.52,v1.07-3-g9c5ab23,76 , 81 , (9 7 2 25 18) , 86 , ((7*9)+18)=81 , 13
2020.09.11-11.33.52,v1.07-3-g9c5ab23,77 , 81 , (9 7 2 25 18) , 59 , ((9*7)+18)=81 , 4
2020.09.11-11.33.52,v1.07-3-g9c5ab23,78 , 81 , (9 7 2 25 18) , 179 , ((9*7)+18)=81 , 40
2020.09.11-11.33.52,v1.07-3-g9c5ab23,79 , 81 , (9 7 2 25 18) , 61 , ((7*9)+18)=81 , 10
2020.09.11-11.33.52,v1.07-3-g9c5ab23,80 , 81 , (9 7 2 25 18) , 169 , ((7*9)+18)=81 , 63
2020.09.11-11.33.52,v1.07-3-g9c5ab23,81 , 81 , (9 7 2 25 18) , 142 , ((7*9)+18)=81 , 50
2020.09.11-11.33.52,v1.07-3-g9c5ab23,82 , 81 , (9 7 2 25 18) , 57 , ((9*7)+18)=81 , 7
2020.09.11-11.33.52,v1.07-3-g9c5ab23,83 , 81 , (9 7 2 25 18) , 2000 , none,  726
2020.09.11-11.33.52,v1.07-3-g9c5ab23,84 , 81 , (9 7 2 25 18) , 132 , ((9*7)+18)=81 , 42
2020.09.11-11.33.52,v1.07-3-g9c5ab23,85 , 81 , (9 7 2 25 18) , 200 , ((9*7)+18)=81 , 82
2020.09.11-11.33.52,v1.07-3-g9c5ab23,86 , 81 , (9 7 2 25 18) , 87 , ((9*7)+18)=81 , 4
2020.09.11-11.33.52,v1.07-3-g9c5ab23,87 , 81 , (9 7 2 25 18) , 77 , ((9*7)+18)=81 , 4
2020.09.11-11.33.52,v1.07-3-g9c5ab23,88 , 81 , (9 7 2 25 18) , 55 , ((9*7)+18)=81 , 6
2020.09.11-11.33.52,v1.07-3-g9c5ab23,89 , 81 , (9 7 2 25 18) , 2000 , none,  682
2020.09.11-11.33.52,v1.07-3-g9c5ab23,90 , 81 , (9 7 2 25 18) , 42 , ((9*7)+18)=81 , 0
2020.09.11-11.33.52,v1.07-3-g9c5ab23,91 , 81 , (9 7 2 25 18) , 541 , ((7*9)+18)=81 , 168
2020.09.11-11.33.52,v1.07-3-g9c5ab23,92 , 81 , (9 7 2 25 18) , 53 , ((9*7)+18)=81 , 2
2020.09.11-11.33.52,v1.07-3-g9c5ab23,93 , 81 , (9 7 2 25 18) , 160 , ((9*7)+18)=81 , 43
2020.09.11-11.33.52,v1.07-3-g9c5ab23,94 , 81 , (9 7 2 25 18) , 125 , ((9*7)+18)=81 , 42
2020.09.11-11.33.52,v1.07-3-g9c5ab23,95 , 81 , (9 7 2 25 18) , 123 , ((9*7)+18)=81 , 45
2020.09.11-11.33.52,v1.07-3-g9c5ab23,96 , 81 , (9 7 2 25 18) , 80 , ((9*7)+18)=81 , 8
2020.09.11-11.33.52,v1.07-3-g9c5ab23,97 , 81 , (9 7 2 25 18) , 54 , ((7*9)+18)=81 , 1
2020.09.11-11.33.52,v1.07-3-g9c5ab23,98 , 81 , (9 7 2 25 18) , 168 , ((9*7)+18)=81 , 51
2020.09.11-11.33.52,v1.07-3-g9c5ab23,99 , 81 , (9 7 2 25 18) , 157 , ((9*7)+18)=81 , 44
2020.09.11-11.33.52,v1.07-3-g9c5ab23,0 , 6 , (3 3 17 11 22) , 44 , (3+3)=6 , 12
2020.09.11-11.33.52,v1.07-3-g9c5ab23,1 , 6 , (3 3 17 11 22) , 25 , (3+3)=6 , 0
2020.09.11-11.33.52,v1.07-3-g9c5ab23,2 , 6 , (3 3 17 11 22) , 85 , (3+3)=6 , 24
2020.09.11-11.33.52,v1.07-3-g9c5ab23,3 , 6 , (3 3 17 11 22) , 35 , (3+3)=6 , 4
2020.09.11-11.33.52,v1.07-3-g9c5ab23,4 , 6 , (3 3 17 11 22) , 245 , (3+3)=6 , 78
2020.09.11-11.33.52,v1.07-3-g9c5ab23,5 , 6 , (3 3 17 11 22) , 64 , (3+3)=6 , 2
2020.09.11-11.33.52,v1.07-3-g9c5ab23,6 , 6 , (3 3 17 11 22) , 34 , (3+3)=6 , 2
2020.09.11-11.33.52,v1.07-3-g9c5ab23,7 , 6 , (3 3 17 11 22) , 26 , (3+3)=6 , 0
2020.09.11-11.33.52,v1.07-3-g9c5ab23,8 , 6 , (3 3 17 11 22) , 55 , (3+3)=6 , 7
2020.09.11-11.33.52,v1.07-3-g9c5ab23,9 , 6 , (3 3 17 11 22) , 57 , (3+3)=6 , 6
2020.09.11-11.33.52,v1.07-3-g9c5ab23,10 , 6 , (3 3 17 11 22) , 54 , (3+3)=6 , 6
2020.09.11-11.33.52,v1.07-3-g9c5ab23,11 , 6 , (3 3 17 11 22) , 43 , (3+3)=6 , 10
2020.09.11-11.33.52,v1.07-3-g9c5ab23,12 , 6 , (3 3 17 11 22) , 35 , (3+3)=6 , 0
2020.09.11-11.33.52,v1.07-3-g9c5ab23,13 , 6 , (3 3 17 11 22) , 17 , (3+3)=6 , 0
2020.09.11-11.33.52,v1.07-3-g9c5ab23,14 , 6 , (3 3 17 11 22) , 96 , (3+3)=6 , 30
2020.09.11-11.33.52,v1.07-3-g9c5ab23,15 , 6 , (3 3 17 11 22) , 29 , (3+3)=6 , 0
2020.09.11-11.33.52,v1.07-3-g9c5ab23,16 , 6 , (3 3 17 11 22) , 26 , (3+3)=6 , 0
2020.09.11-11.33.52,v1.07-3-g9c5ab23,17 , 6 , (3 3 17 11 22) , 20 , (3+3)=6 , 0
2020.09.11-11.33.52,v1.07-3-g9c5ab23,18 , 6 , (3 3 17 11 22) , 25 , (3+3)=6 , 0
2020.09.11-11.33.52,v1.07-3-g9c5ab23,19 , 6 , (3 3 17 11 22) , 39 , (3+3)=6 , 0
2020.09.11-11.33.52,v1.07-3-g9c5ab23,20 , 6 , (3 3 17 11 22) , 106 , (3+3)=6 , 33
2020.09.11-11.33.52,v1.07-3-g9c5ab23,21 , 6 , (3 3 17 11 22) , 36 , (3+3)=6 , 2
2020.09.11-11.33.52,v1.07-3-g9c5ab23,22 , 6 , (3 3 17 11 22) , 54 , (3+3)=6 , 18
2020.09.11-11.33.52,v1.07-3-g9c5ab23,23 , 6 , (3 3 17 11 22) , 155 , (3+3)=6 , 41
2020.09.11-11.33.52,v1.07-3-g9c5ab23,24 , 6 , (3 3 17 11 22) , 38 , (3+3)=6 , 0
2020.09.11-11.33.52,v1.07-3-g9c5ab23,25 , 6 , (3 3 17 11 22) , 25 , (3+3)=6 , 0
2020.09.11-11.33.52,v1.07-3-g9c5ab23,26 , 6 , (3 3 17 11 22) , 74 , (3+3)=6 , 27
2020.09.11-11.33.52,v1.07-3-g9c5ab23,27 , 6 , (3 3 17 11 22) , 18 , (3+3)=6 , 0
2020.09.11-11.33.52,v1.07-3-g9c5ab23,28 , 6 , (3 3 17 11 22) , 25 , (3+3)=6 , 0
2020.09.11-11.33.52,v1.07-3-g9c5ab23,29 , 6 , (3 3 17 11 22) , 115 , (3+3)=6 , 36
2020.09.11-11.33.52,v1.07-3-g9c5ab23,30 , 6 , (3 3 17 11 22) , 25 , (3+3)=6 , 2
2020.09.11-11.33.52,v1.07-3-g9c5ab23,31 , 6 , (3 3 17 11 22) , 95 , (3+3)=6 , 21
2020.09.11-11.33.52,v1.07-3-g9c5ab23,32 , 6 , (3 3 17 11 22) , 2000 , none,  886
2020.09.11-11.33.52,v1.07-3-g9c5ab23,33 , 6 , (3 3 17 11 22) , 26 , (3+3)=6 , 0
2020.09.11-11.33.52,v1.07-3-g9c5ab23,34 , 6 , (3 3 17 11 22) , 25 , (3+3)=6 , 1
2020.09.11-11.33.52,v1.07-3-g9c5ab23,35 , 6 , (3 3 17 11 22) , 75 , (3+3)=6 , 27
2020.09.11-11.33.52,v1.07-3-g9c5ab23,36 , 6 , (3 3 17 11 22) , 35 , (3+3)=6 , 0
2020.09.11-11.33.52,v1.07-3-g9c5ab23,37 , 6 , (3 3 17 11 22) , 104 , (3+3)=6 , 37
2020.09.11-11.33.52,v1.07-3-g9c5ab23,38 , 6 , (3 3 17 11 22) , 84 , (3+3)=6 , 35
2020.09.11-11.33.52,v1.07-3-g9c5ab23,39 , 6 , (3 3 17 11 22) , 55 , (3+3)=6 , 19
2020.09.11-11.33.52,v1.07-3-g9c5ab23,40 , 6 , (3 3 17 11 22) , 26 , (3+3)=6 , 0
2020.09.11-11.33.52,v1.07-3-g9c5ab23,41 , 6 , (3 3 17 11 22) , 34 , (3+3)=6 , 3
2020.09.11-11.33.52,v1.07-3-g9c5ab23,42 , 6 , (3 3 17 11 22) , 56 , (3+3)=6 , 9
2020.09.11-11.33.52,v1.07-3-g9c5ab23,43 , 6 , (3 3 17 11 22) , 37 , (3+3)=6 , 0
2020.09.11-11.33.52,v1.07-3-g9c5ab23,44 , 6 , (3 3 17 11 22) , 49 , (3+3)=6 , 0
2020.09.11-11.33.52,v1.07-3-g9c5ab23,45 , 6 , (3 3 17 11 22) , 125 , (3+3)=6 , 38
2020.09.11-11.33.52,v1.07-3-g9c5ab23,46 , 6 , (3 3 17 11 22) , 19 , (3+3)=6 , 0
2020.09.11-11.33.52,v1.07-3-g9c5ab23,47 , 6 , (3 3 17 11 22) , 74 , (3+3)=6 , 28
2020.09.11-11.33.52,v1.07-3-g9c5ab23,48 , 6 , (3 3 17 11 22) , 30 , (3+3)=6 , 0
2020.09.11-11.33.52,v1.07-3-g9c5ab23,49 , 6 , (3 3 17 11 22) , 125 , (3+3)=6 , 19
2020.09.11-11.33.52,v1.07-3-g9c5ab23,50 , 6 , (3 3 17 11 22) , 25 , (3+3)=6 , 0
2020.09.11-11.33.52,v1.07-3-g9c5ab23,51 , 6 , (3 3 17 11 22) , 23 , (3+3)=6 , 0
2020.09.11-11.33.52,v1.07-3-g9c5ab23,52 , 6 , (3 3 17 11 22) , 126 , (3+3)=6 , 28
2020.09.11-11.33.52,v1.07-3-g9c5ab23,53 , 6 , (3 3 17 11 22) , 55 , (3+3)=6 , 14
2020.09.11-11.33.52,v1.07-3-g9c5ab23,54 , 6 , (3 3 17 11 22) , 15 , (3+3)=6 , 0
2020.09.11-11.33.52,v1.07-3-g9c5ab23,55 , 6 , (3 3 17 11 22) , 53 , (3+3)=6 , 9
2020.09.11-11.33.52,v1.07-3-g9c5ab23,56 , 6 , (3 3 17 11 22) , 175 , (3+3)=6 , 41
2020.09.11-11.33.52,v1.07-3-g9c5ab23,57 , 6 , (3 3 17 11 22) , 25 , (3+3)=6 , 2
2020.09.11-11.33.52,v1.07-3-g9c5ab23,58 , 6 , (3 3 17 11 22) , 55 , (3+3)=6 , 14
2020.09.11-11.33.52,v1.07-3-g9c5ab23,59 , 6 , (3 3 17 11 22) , 22 , (3+3)=6 , 0
2020.09.11-11.33.52,v1.07-3-g9c5ab23,60 , 6 , (3 3 17 11 22) , 45 , (3+3)=6 , 10
2020.09.11-11.33.52,v1.07-3-g9c5ab23,61 , 6 , (3 3 17 11 22) , 35 , (3+3)=6 , 1
2020.09.11-11.33.52,v1.07-3-g9c5ab23,62 , 6 , (3 3 17 11 22) , 74 , (3+3)=6 , 26
2020.09.11-11.33.52,v1.07-3-g9c5ab23,63 , 6 , (3 3 17 11 22) , 55 , (3+3)=6 , 17
2020.09.11-11.33.52,v1.07-3-g9c5ab23,64 , 6 , (3 3 17 11 22) , 74 , (3+3)=6 , 5
2020.09.11-11.33.52,v1.07-3-g9c5ab23,65 , 6 , (3 3 17 11 22) , 24 , (3+3)=6 , 0
2020.09.11-11.33.52,v1.07-3-g9c5ab23,66 , 6 , (3 3 17 11 22) , 26 , (3+3)=6 , 0
2020.09.11-11.33.52,v1.07-3-g9c5ab23,67 , 6 , (3 3 17 11 22) , 29 , (3+3)=6 , 0
2020.09.11-11.33.52,v1.07-3-g9c5ab23,68 , 6 , (3 3 17 11 22) , 245 , (3+3)=6 , 73
2020.09.11-11.33.52,v1.07-3-g9c5ab23,69 , 6 , (3 3 17 11 22) , 25 , (3+3)=6 , 0
2020.09.11-11.33.52,v1.07-3-g9c5ab23,70 , 6 , (3 3 17 11 22) , 45 , (3+3)=6 , 2
2020.09.11-11.33.52,v1.07-3-g9c5ab23,71 , 6 , (3 3 17 11 22) , 22 , (3+3)=6 , 0
2020.09.11-11.33.52,v1.07-3-g9c5ab23,72 , 6 , (3 3 17 11 22) , 23 , (3+3)=6 , 0
2020.09.11-11.33.52,v1.07-3-g9c5ab23,73 , 6 , (3 3 17 11 22) , 25 , (3+3)=6 , 1
2020.09.11-11.33.52,v1.07-3-g9c5ab23,74 , 6 , (3 3 17 11 22) , 87 , (3+3)=6 , 7
2020.09.11-11.33.52,v1.07-3-g9c5ab23,75 , 6 , (3 3 17 11 22) , 46 , (3+3)=6 , 9
2020.09.11-11.33.52,v1.07-3-g9c5ab23,76 , 6 , (3 3 17 11 22) , 36 , (3+3)=6 , 9
2020.09.11-11.33.52,v1.07-3-g9c5ab23,77 , 6 , (3 3 17 11 22) , 106 , (3+3)=6 , 39
2020.09.11-11.33.52,v1.07-3-g9c5ab23,78 , 6 , (3 3 17 11 22) , 35 , (3+3)=6 , 1
2020.09.11-11.33.52,v1.07-3-g9c5ab23,79 , 6 , (3 3 17 11 22) , 85 , (3+3)=6 , 15
2020.09.11-11.33.52,v1.07-3-g9c5ab23,80 , 6 , (3 3 17 11 22) , 19 , (3+3)=6 , 0
2020.09.11-11.33.52,v1.07-3-g9c5ab23,81 , 6 , (3 3 17 11 22) , 36 , (3+3)=6 , 5
2020.09.11-11.33.52,v1.07-3-g9c5ab23,82 , 6 , (3 3 17 11 22) , 26 , (3+3)=6 , 0
2020.09.11-11.33.52,v1.07-3-g9c5ab23,83 , 6 , (3 3 17 11 22) , 28 , (3+3)=6 , 0
2020.09.11-11.33.52,v1.07-3-g9c5ab23,84 , 6 , (3 3 17 11 22) , 2000 , none,  868
2020.09.11-11.33.52,v1.07-3-g9c5ab23,85 , 6 , (3 3 17 11 22) , 20 , (3+3)=6 , 0
2020.09.11-11.33.52,v1.07-3-g9c5ab23,86 , 6 , (3 3 17 11 22) , 21 , (3+3)=6 , 0
2020.09.11-11.33.52,v1.07-3-g9c5ab23,87 , 6 , (3 3 17 11 22) , 204 , (3+3)=6 , 59
2020.09.11-11.33.52,v1.07-3-g9c5ab23,88 , 6 , (3 3 17 11 22) , 34 , (3+3)=6 , 5
2020.09.11-11.33.52,v1.07-3-g9c5ab23,89 , 6 , (3 3 17 11 22) , 34 , (3+3)=6 , 5
2020.09.11-11.33.52,v1.07-3-g9c5ab23,90 , 6 , (3 3 17 11 22) , 35 , (3+3)=6 , 5
2020.09.11-11.33.52,v1.07-3-g9c5ab23,91 , 6 , (3 3 17 11 22) , 26 , (3+3)=6 , 0
2020.09.11-11.33.52,v1.07-3-g9c5ab23,92 , 6 , (3 3 17 11 22) , 83 , (3+3)=6 , 1
2020.09.11-11.33.52,v1.07-3-g9c5ab23,93 , 6 , (3 3 17 11 22) , 154 , (3+3)=6 , 52
2020.09.11-11.33.52,v1.07-3-g9c5ab23,94 , 6 , (3 3 17 11 22) , 155 , (3+3)=6 , 22
2020.09.11-11.33.52,v1.07-3-g9c5ab23,95 , 6 , (3 3 17 11 22) , 25 , (3+3)=6 , 2
2020.09.11-11.33.52,v1.07-3-g9c5ab23,96 , 6 , (3 3 17 11 22) , 35 , (3+3)=6 , 5
2020.09.11-11.33.52,v1.07-3-g9c5ab23,97 , 6 , (3 3 17 11 22) , 373 , (3+3)=6 , 123
2020.09.11-11.33.52,v1.07-3-g9c5ab23,98 , 6 , (3 3 17 11 22) , 27 , (3+3)=6 , 0
2020.09.11-11.33.52,v1.07-3-g9c5ab23,99 , 6 , (3 3 17 11 22) , 54 , (3+3)=6 , 1
2020.09.11-11.33.52,v1.07-3-g9c5ab23,0 , 11 , (2 5 1 25 23) , 336 , ((5*2)+1)=11 , 115
2020.09.11-11.33.52,v1.07-3-g9c5ab23,1 , 11 , (2 5 1 25 23) , 2000 , none,  602
2020.09.11-11.33.52,v1.07-3-g9c5ab23,2 , 11 , (2 5 1 25 23) , 1381 , ((5*2)+1)=11 , 442
2020.09.11-11.33.52,v1.07-3-g9c5ab23,3 , 11 , (2 5 1 25 23) , 2000 , none,  831
2020.09.11-11.33.52,v1.07-3-g9c5ab23,4 , 11 , (2 5 1 25 23) , 2000 , none,  678
2020.09.11-11.33.52,v1.07-3-g9c5ab23,5 , 11 , (2 5 1 25 23) , 2000 , none,  600
2020.09.11-11.33.52,v1.07-3-g9c5ab23,6 , 11 , (2 5 1 25 23) , 2000 , none,  626
2020.09.11-11.33.52,v1.07-3-g9c5ab23,7 , 11 , (2 5 1 25 23) , 2000 , none,  577
2020.09.11-11.33.52,v1.07-3-g9c5ab23,8 , 11 , (2 5 1 25 23) , 100 , ((2*5)+1)=11 , 38
2020.09.11-11.33.52,v1.07-3-g9c5ab23,9 , 11 , (2 5 1 25 23) , 2000 , none,  630
2020.09.11-11.33.52,v1.07-3-g9c5ab23,10 , 11 , (2 5 1 25 23) , 2000 , none,  643
2020.09.11-11.33.52,v1.07-3-g9c5ab23,11 , 11 , (2 5 1 25 23) , 2000 , none,  619
2020.09.11-11.33.52,v1.07-3-g9c5ab23,12 , 11 , (2 5 1 25 23) , 2000 , none,  654
2020.09.11-11.33.52,v1.07-3-g9c5ab23,13 , 11 , (2 5 1 25 23) , 2000 , none,  772
2020.09.11-11.33.52,v1.07-3-g9c5ab23,14 , 11 , (2 5 1 25 23) , 55 , ((5*2)+1)=11 , 11
2020.09.11-11.33.52,v1.07-3-g9c5ab23,15 , 11 , (2 5 1 25 23) , 2000 , none,  608
2020.09.11-11.33.52,v1.07-3-g9c5ab23,16 , 11 , (2 5 1 25 23) , 363 , ((5*2)+1)=11 , 158
2020.09.11-11.33.52,v1.07-3-g9c5ab23,17 , 11 , (2 5 1 25 23) , 2000 , none,  625
2020.09.11-11.33.52,v1.07-3-g9c5ab23,18 , 11 , (2 5 1 25 23) , 751 , ((2*5)+1)=11 , 211
2020.09.11-11.33.52,v1.07-3-g9c5ab23,19 , 11 , (2 5 1 25 23) , 58 , ((2*5)+1)=11 , 1
2020.09.11-11.33.52,v1.07-3-g9c5ab23,20 , 11 , (2 5 1 25 23) , 35 , ((2*5)+1)=11 , 0
2020.09.11-11.33.52,v1.07-3-g9c5ab23,21 , 11 , (2 5 1 25 23) , 2000 , none,  592
2020.09.11-11.33.52,v1.07-3-g9c5ab23,22 , 11 , (2 5 1 25 23) , 600 , ((5*2)+1)=11 , 273
2020.09.11-11.33.52,v1.07-3-g9c5ab23,23 , 11 , (2 5 1 25 23) , 119 , ((2*5)+1)=11 , 52
2020.09.11-11.33.52,v1.07-3-g9c5ab23,24 , 11 , (2 5 1 25 23) , 2000 , none,  682
2020.09.11-11.33.52,v1.07-3-g9c5ab23,25 , 11 , (2 5 1 25 23) , 125 , ((5*2)+1)=11 , 49
2020.09.11-11.33.52,v1.07-3-g9c5ab23,26 , 11 , (2 5 1 25 23) , 2000 , none,  651
2020.09.11-11.33.52,v1.07-3-g9c5ab23,27 , 11 , (2 5 1 25 23) , 62 , ((2*5)+1)=11 , 19
2020.09.11-11.33.52,v1.07-3-g9c5ab23,28 , 11 , (2 5 1 25 23) , 564 , ((5*2)+1)=11 , 221
2020.09.11-11.33.52,v1.07-3-g9c5ab23,29 , 11 , (2 5 1 25 23) , 489 , ((5*2)+1)=11 , 237
2020.09.11-11.33.52,v1.07-3-g9c5ab23,30 , 11 , (2 5 1 25 23) , 2000 , none,  628
2020.09.11-11.33.52,v1.07-3-g9c5ab23,31 , 11 , (2 5 1 25 23) , 2000 , none,  575
2020.09.11-11.33.52,v1.07-3-g9c5ab23,32 , 11 , (2 5 1 25 23) , 2000 , none,  532
2020.09.11-11.33.52,v1.07-3-g9c5ab23,33 , 11 , (2 5 1 25 23) , 969 , ((5*2)+1)=11 , 368
2020.09.11-11.33.52,v1.07-3-g9c5ab23,34 , 11 , (2 5 1 25 23) , 60 , ((5*2)+1)=11 , 12
2020.09.11-11.33.52,v1.07-3-g9c5ab23,35 , 11 , (2 5 1 25 23) , 2000 , none,  586
2020.09.11-11.33.52,v1.07-3-g9c5ab23,36 , 11 , (2 5 1 25 23) , 640 , ((5*2)+1)=11 , 202
2020.09.11-11.33.52,v1.07-3-g9c5ab23,37 , 11 , (2 5 1 25 23) , 2000 , none,  615
2020.09.11-11.33.52,v1.07-3-g9c5ab23,38 , 11 , (2 5 1 25 23) , 250 , ((2*5)+1)=11 , 52
2020.09.11-11.33.52,v1.07-3-g9c5ab23,39 , 11 , (2 5 1 25 23) , 129 , ((2*5)+1)=11 , 43
2020.09.11-11.33.52,v1.07-3-g9c5ab23,40 , 11 , (2 5 1 25 23) , 214 , ((5*2)+1)=11 , 94
2020.09.11-11.33.52,v1.07-3-g9c5ab23,41 , 11 , (2 5 1 25 23) , 591 , ((5*2)+1)=11 , 242
2020.09.11-11.33.52,v1.07-3-g9c5ab23,42 , 11 , (2 5 1 25 23) , 353 , ((2*5)+1)=11 , 136
2020.09.11-11.33.52,v1.07-3-g9c5ab23,43 , 11 , (2 5 1 25 23) , 292 , ((2*5)+1)=11 , 142
2020.09.11-11.33.52,v1.07-3-g9c5ab23,44 , 11 , (2 5 1 25 23) , 2000 , none,  698
2020.09.11-11.33.52,v1.07-3-g9c5ab23,45 , 11 , (2 5 1 25 23) , 262 , ((5*2)+1)=11 , 65
2020.09.11-11.33.52,v1.07-3-g9c5ab23,46 , 11 , (2 5 1 25 23) , 69 , ((2*5)+1)=11 , 11
2020.09.11-11.33.52,v1.07-3-g9c5ab23,47 , 11 , (2 5 1 25 23) , 2000 , none,  631
2020.09.11-11.33.52,v1.07-3-g9c5ab23,48 , 11 , (2 5 1 25 23) , 544 , ((5*2)+1)=11 , 190
2020.09.11-11.33.52,v1.07-3-g9c5ab23,49 , 11 , (2 5 1 25 23) , 114 , ((5*2)+1)=11 , 31
2020.09.11-11.33.52,v1.07-3-g9c5ab23,50 , 11 , (2 5 1 25 23) , 2000 , none,  572
2020.09.11-11.33.52,v1.07-3-g9c5ab23,51 , 11 , (2 5 1 25 23) , 207 , ((2*5)+1)=11 , 87
2020.09.11-11.33.52,v1.07-3-g9c5ab23,52 , 11 , (2 5 1 25 23) , 68 , ((5*2)+1)=11 , 19
2020.09.11-11.33.52,v1.07-3-g9c5ab23,53 , 11 , (2 5 1 25 23) , 2000 , none,  629
2020.09.11-11.33.52,v1.07-3-g9c5ab23,54 , 11 , (2 5 1 25 23) , 544 , ((2*5)+1)=11 , 246
2020.09.11-11.33.52,v1.07-3-g9c5ab23,55 , 11 , (2 5 1 25 23) , 280 , ((2*5)+1)=11 , 118
2020.09.11-11.33.52,v1.07-3-g9c5ab23,56 , 11 , (2 5 1 25 23) , 266 , ((2*5)+1)=11 , 103
2020.09.11-11.33.52,v1.07-3-g9c5ab23,57 , 11 , (2 5 1 25 23) , 2000 , none,  631
2020.09.11-11.33.52,v1.07-3-g9c5ab23,58 , 11 , (2 5 1 25 23) , 2000 , none,  693
2020.09.11-11.33.52,v1.07-3-g9c5ab23,59 , 11 , (2 5 1 25 23) , 229 , ((5*2)+1)=11 , 103
2020.09.11-11.33.52,v1.07-3-g9c5ab23,60 , 11 , (2 5 1 25 23) , 2000 , none,  617
2020.09.11-11.33.52,v1.07-3-g9c5ab23,61 , 11 , (2 5 1 25 23) , 2000 , none,  680
2020.09.11-11.33.52,v1.07-3-g9c5ab23,62 , 11 , (2 5 1 25 23) , 251 , ((2*5)+1)=11 , 108
2020.09.11-11.33.52,v1.07-3-g9c5ab23,63 , 11 , (2 5 1 25 23) , 2000 , none,  600
2020.09.11-11.33.52,v1.07-3-g9c5ab23,64 , 11 , (2 5 1 25 23) , 38 , ((2*5)+1)=11 , 0
2020.09.11-11.33.52,v1.07-3-g9c5ab23,65 , 11 , (2 5 1 25 23) , 105 , ((2*5)+1)=11 , 25
2020.09.11-11.33.52,v1.07-3-g9c5ab23,66 , 11 , (2 5 1 25 23) , 328 , ((2*5)+1)=11 , 122
2020.09.11-11.33.52,v1.07-3-g9c5ab23,67 , 11 , (2 5 1 25 23) , 38 , ((2*5)+1)=11 , 0
2020.09.11-11.33.52,v1.07-3-g9c5ab23,68 , 11 , (2 5 1 25 23) , 2000 , none,  604
2020.09.11-11.33.52,v1.07-3-g9c5ab23,69 , 11 , (2 5 1 25 23) , 2000 , none,  600
2020.09.11-11.33.52,v1.07-3-g9c5ab23,70 , 11 , (2 5 1 25 23) , 1382 , ((5*2)+1)=11 , 624
2020.09.11-11.33.52,v1.07-3-g9c5ab23,71 , 11 , (2 5 1 25 23) , 506 , ((5*2)+1)=11 , 213
2020.09.11-11.33.52,v1.07-3-g9c5ab23,72 , 11 , (2 5 1 25 23) , 44 , ((5*2)+1)=11 , 0
2020.09.11-11.33.52,v1.07-3-g9c5ab23,73 , 11 , (2 5 1 25 23) , 2000 , none,  641
2020.09.11-11.33.52,v1.07-3-g9c5ab23,74 , 11 , (2 5 1 25 23) , 475 , ((5*2)+1)=11 , 194
2020.09.11-11.33.52,v1.07-3-g9c5ab23,75 , 11 , (2 5 1 25 23) , 983 , ((2*5)+1)=11 , 319
2020.09.11-11.33.52,v1.07-3-g9c5ab23,76 , 11 , (2 5 1 25 23) , 2000 , none,  609
2020.09.11-11.33.52,v1.07-3-g9c5ab23,77 , 11 , (2 5 1 25 23) , 441 , ((2*5)+1)=11 , 118
2020.09.11-11.33.52,v1.07-3-g9c5ab23,78 , 11 , (2 5 1 25 23) , 1000 , ((2*5)+1)=11 , 293
2020.09.11-11.33.52,v1.07-3-g9c5ab23,79 , 11 , (2 5 1 25 23) , 2000 , none,  673
2020.09.11-11.33.52,v1.07-3-g9c5ab23,80 , 11 , (2 5 1 25 23) , 2000 , none,  596
2020.09.11-11.33.52,v1.07-3-g9c5ab23,81 , 11 , (2 5 1 25 23) , 2000 , none,  705
2020.09.11-11.33.52,v1.07-3-g9c5ab23,82 , 11 , (2 5 1 25 23) , 2000 , none,  622
2020.09.11-11.33.52,v1.07-3-g9c5ab23,83 , 11 , (2 5 1 25 23) , 827 , ((5*2)+1)=11 , 362
2020.09.11-11.33.52,v1.07-3-g9c5ab23,84 , 11 , (2 5 1 25 23) , 60 , ((5*2)+1)=11 , 13
2020.09.11-11.33.52,v1.07-3-g9c5ab23,85 , 11 , (2 5 1 25 23) , 487 , ((2*5)+1)=11 , 202
2020.09.11-11.33.52,v1.07-3-g9c5ab23,86 , 11 , (2 5 1 25 23) , 294 , ((5*2)+1)=11 , 116
2020.09.11-11.33.52,v1.07-3-g9c5ab23,87 , 11 , (2 5 1 25 23) , 1789 , ((2*5)+1)=11 , 687
2020.09.11-11.33.52,v1.07-3-g9c5ab23,88 , 11 , (2 5 1 25 23) , 285 , ((2*5)+1)=11 , 88
2020.09.11-11.33.52,v1.07-3-g9c5ab23,89 , 11 , (2 5 1 25 23) , 2000 , none,  590
2020.09.11-11.33.52,v1.07-3-g9c5ab23,90 , 11 , (2 5 1 25 23) , 2000 , none,  593
2020.09.11-11.33.52,v1.07-3-g9c5ab23,91 , 11 , (2 5 1 25 23) , 74 , ((2*5)+1)=11 , 16
2020.09.11-11.33.52,v1.07-3-g9c5ab23,92 , 11 , (2 5 1 25 23) , 58 , ((5*2)+1)=11 , 9
2020.09.11-11.33.52,v1.07-3-g9c5ab23,93 , 11 , (2 5 1 25 23) , 2000 , none,  585
2020.09.11-11.33.52,v1.07-3-g9c5ab23,94 , 11 , (2 5 1 25 23) , 746 , ((2*5)+1)=11 , 254
2020.09.11-11.33.52,v1.07-3-g9c5ab23,95 , 11 , (2 5 1 25 23) , 2000 , none,  665
2020.09.11-11.33.52,v1.07-3-g9c5ab23,96 , 11 , (2 5 1 25 23) , 57 , ((2*5)+1)=11 , 6
2020.09.11-11.33.52,v1.07-3-g9c5ab23,97 , 11 , (2 5 1 25 23) , 57 , ((2*5)+1)=11 , 7
2020.09.11-11.33.52,v1.07-3-g9c5ab23,98 , 11 , (2 5 1 25 23) , 2000 , none,  679
2020.09.11-11.33.52,v1.07-3-g9c5ab23,99 , 11 , (2 5 1 25 23) , 2000 , none,  636
2020.09.11-11.33.52,v1.07-3-g9c5ab23,0 , 116 , (20 2 16 14 6) , 239 , ((6*14)+(16*2))=116 , 71
2020.09.11-11.33.52,v1.07-3-g9c5ab23,1 , 116 , (20 2 16 14 6) , 1153 , ((6*14)+(2*16))=116 , 340
2020.09.11-11.33.52,v1.07-3-g9c5ab23,2 , 116 , (20 2 16 14 6) , 1199 , ((6*14)+(16*2))=116 , 355
2020.09.11-11.33.52,v1.07-3-g9c5ab23,3 , 116 , (20 2 16 14 6) , 217 , ((14*6)+(2*16))=116 , 58
2020.09.11-11.33.52,v1.07-3-g9c5ab23,4 , 116 , (20 2 16 14 6) , 53 , ((16*6)+20)=116 , 0
2020.09.11-11.33.52,v1.07-3-g9c5ab23,5 , 116 , (20 2 16 14 6) , 1780 , (((6+2)*14)+(20-16))=116 , 604
2020.09.11-11.33.52,v1.07-3-g9c5ab23,6 , 116 , (20 2 16 14 6) , 109 , ((6*16)+20)=116 , 22
2020.09.11-11.33.52,v1.07-3-g9c5ab23,7 , 116 , (20 2 16 14 6) , 588 , ((6*14)+(2*16))=116 , 211
2020.09.11-11.33.52,v1.07-3-g9c5ab23,8 , 116 , (20 2 16 14 6) , 310 , ((6*14)+(16*2))=116 , 92
2020.09.11-11.33.52,v1.07-3-g9c5ab23,9 , 116 , (20 2 16 14 6) , 330 , ((14*6)+(16*2))=116 , 91
2020.09.11-11.33.52,v1.07-3-g9c5ab23,10 , 116 , (20 2 16 14 6) , 710 , ((6*14)+(2*16))=116 , 247
2020.09.11-11.33.52,v1.07-3-g9c5ab23,11 , 116 , (20 2 16 14 6) , 1229 , ((6*14)+(2*16))=116 , 385
2020.09.11-11.33.52,v1.07-3-g9c5ab23,12 , 116 , (20 2 16 14 6) , 788 , ((14*6)+(2*16))=116 , 266
2020.09.11-11.33.52,v1.07-3-g9c5ab23,13 , 116 , (20 2 16 14 6) , 108 , ((14*6)+(2*16))=116 , 9
2020.09.11-11.33.52,v1.07-3-g9c5ab23,14 , 116 , (20 2 16 14 6) , 210 , ((6*14)+(2*16))=116 , 58
2020.09.11-11.33.52,v1.07-3-g9c5ab23,15 , 116 , (20 2 16 14 6) , 89 , ((14*6)+(16*2))=116 , 8
2020.09.11-11.33.52,v1.07-3-g9c5ab23,16 , 116 , (20 2 16 14 6) , 205 , ((14*6)+(2*16))=116 , 37
2020.09.11-11.33.52,v1.07-3-g9c5ab23,17 , 116 , (20 2 16 14 6) , 397 , ((6*14)+(16*2))=116 , 128
2020.09.11-11.33.52,v1.07-3-g9c5ab23,18 , 116 , (20 2 16 14 6) , 268 , ((14*6)+(2*16))=116 , 89
2020.09.11-11.33.52,v1.07-3-g9c5ab23,19 , 116 , (20 2 16 14 6) , 71 , ((16*6)+20)=116 , 22
2020.09.11-11.33.52,v1.07-3-g9c5ab23,20 , 116 , (20 2 16 14 6) , 108 , ((6*14)+(16*2))=116 , 26
2020.09.11-11.33.52,v1.07-3-g9c5ab23,21 , 116 , (20 2 16 14 6) , 53 , ((6*14)+(2*16))=116 , 0
2020.09.11-11.33.52,v1.07-3-g9c5ab23,22 , 116 , (20 2 16 14 6) , 150 , ((14*6)+(16*2))=116 , 26
2020.09.11-11.33.52,v1.07-3-g9c5ab23,23 , 116 , (20 2 16 14 6) , 210 , ((14*6)+(2*16))=116 , 44
2020.09.11-11.33.52,v1.07-3-g9c5ab23,24 , 116 , (20 2 16 14 6) , 117 , ((6*14)+(2*16))=116 , 40
2020.09.11-11.33.52,v1.07-3-g9c5ab23,25 , 116 , (20 2 16 14 6) , 458 , ((6*14)+(16*2))=116 , 107
2020.09.11-11.33.52,v1.07-3-g9c5ab23,26 , 116 , (20 2 16 14 6) , 89 , ((14*6)+(2*16))=116 , 10
2020.09.11-11.33.52,v1.07-3-g9c5ab23,27 , 116 , (20 2 16 14 6) , 136 , ((6*14)+(16*2))=116 , 32
2020.09.11-11.33.52,v1.07-3-g9c5ab23,28 , 116 , (20 2 16 14 6) , 586 , ((6*16)+20)=116 , 167
2020.09.11-11.33.52,v1.07-3-g9c5ab23,29 , 116 , (20 2 16 14 6) , 209 , ((6*14)+(16*2))=116 , 57
2020.09.11-11.33.52,v1.07-3-g9c5ab23,30 , 116 , (20 2 16 14 6) , 59 , ((16*6)+20)=116 , 9
2020.09.11-11.33.52,v1.07-3-g9c5ab23,31 , 116 , (20 2 16 14 6) , 2000 , none,  676
2020.09.11-11.33.52,v1.07-3-g9c5ab23,32 , 116 , (20 2 16 14 6) , 153 , ((16*6)+20)=116 , 36
2020.09.11-11.33.52,v1.07-3-g9c5ab23,33 , 116 , (20 2 16 14 6) , 570 , ((6*14)+(16*2))=116 , 169
2020.09.11-11.33.52,v1.07-3-g9c5ab23,34 , 116 , (20 2 16 14 6) , 713 , ((16*6)+20)=116 , 183
2020.09.11-11.33.52,v1.07-3-g9c5ab23,35 , 116 , (20 2 16 14 6) , 157 , ((14*6)+(16*2))=116 , 49
2020.09.11-11.33.52,v1.07-3-g9c5ab23,36 , 116 , (20 2 16 14 6) , 98 , ((6*14)+(16*2))=116 , 17
2020.09.11-11.33.52,v1.07-3-g9c5ab23,37 , 116 , (20 2 16 14 6) , 107 , ((14*6)+(2*16))=116 , 27
2020.09.11-11.33.52,v1.07-3-g9c5ab23,38 , 116 , (20 2 16 14 6) , 206 , ((14*6)+(2*16))=116 , 66
2020.09.11-11.33.52,v1.07-3-g9c5ab23,39 , 116 , (20 2 16 14 6) , 460 , ((6*14)+(16*2))=116 , 150
2020.09.11-11.33.52,v1.07-3-g9c5ab23,40 , 116 , (20 2 16 14 6) , 857 , (((2+6)*14)+(20-16))=116 , 294
2020.09.11-11.33.52,v1.07-3-g9c5ab23,41 , 116 , (20 2 16 14 6) , 288 , ((6*16)+20)=116 , 70
2020.09.11-11.33.52,v1.07-3-g9c5ab23,42 , 116 , (20 2 16 14 6) , 109 , ((6*14)+(2*16))=116 , 25
2020.09.11-11.33.52,v1.07-3-g9c5ab23,43 , 116 , (20 2 16 14 6) , 100 , ((14*6)+(16*2))=116 , 22
2020.09.11-11.33.52,v1.07-3-g9c5ab23,44 , 116 , (20 2 16 14 6) , 707 , ((16*6)+20)=116 , 232
2020.09.11-11.33.52,v1.07-3-g9c5ab23,45 , 116 , (20 2 16 14 6) , 218 , ((6*14)+(16*2))=116 , 64
2020.09.11-11.33.52,v1.07-3-g9c5ab23,46 , 116 , (20 2 16 14 6) , 1150 , ((14*6)+(2*16))=116 , 371
2020.09.11-11.33.52,v1.07-3-g9c5ab23,47 , 116 , (20 2 16 14 6) , 65 , ((6*14)+(16*2))=116 , 5
2020.09.11-11.33.52,v1.07-3-g9c5ab23,48 , 116 , (20 2 16 14 6) , 214 , ((16*6)+20)=116 , 41
2020.09.11-11.33.52,v1.07-3-g9c5ab23,49 , 116 , (20 2 16 14 6) , 372 , ((6*14)+(2*16))=116 , 114
2020.09.11-11.33.52,v1.07-3-g9c5ab23,50 , 116 , (20 2 16 14 6) , 90 , ((6*14)+(2*16))=116 , 11
2020.09.11-11.33.52,v1.07-3-g9c5ab23,51 , 116 , (20 2 16 14 6) , 1049 , ((6*14)+(2*16))=116 , 328
2020.09.11-11.33.52,v1.07-3-g9c5ab23,52 , 116 , (20 2 16 14 6) , 80 , ((14*6)+(2*16))=116 , 19
2020.09.11-11.33.52,v1.07-3-g9c5ab23,53 , 116 , (20 2 16 14 6) , 248 , ((14*6)+(2*16))=116 , 71
2020.09.11-11.33.52,v1.07-3-g9c5ab23,54 , 116 , (20 2 16 14 6) , 109 , ((6*14)+(2*16))=116 , 22
2020.09.11-11.33.52,v1.07-3-g9c5ab23,55 , 116 , (20 2 16 14 6) , 360 , ((16*6)+20)=116 , 101
2020.09.11-11.33.52,v1.07-3-g9c5ab23,56 , 116 , (20 2 16 14 6) , 969 , ((6*14)+(16*2))=116 , 319
2020.09.11-11.33.52,v1.07-3-g9c5ab23,57 , 116 , (20 2 16 14 6) , 386 , ((6*16)+20)=116 , 97
2020.09.11-11.33.52,v1.07-3-g9c5ab23,58 , 116 , (20 2 16 14 6) , 90 , ((6*16)+20)=116 , 28
2020.09.11-11.33.52,v1.07-3-g9c5ab23,59 , 116 , (20 2 16 14 6) , 328 , ((6*14)+(2*16))=116 , 95
2020.09.11-11.33.52,v1.07-3-g9c5ab23,60 , 116 , (20 2 16 14 6) , 570 , ((14*6)+(16*2))=116 , 141
2020.09.11-11.33.52,v1.07-3-g9c5ab23,61 , 116 , (20 2 16 14 6) , 190 , ((6*14)+(16*2))=116 , 48
2020.09.11-11.33.52,v1.07-3-g9c5ab23,62 , 116 , (20 2 16 14 6) , 99 , ((6*14)+(16*2))=116 , 19
2020.09.11-11.33.52,v1.07-3-g9c5ab23,63 , 116 , (20 2 16 14 6) , 966 , ((6*16)+20)=116 , 291
2020.09.11-11.33.52,v1.07-3-g9c5ab23,64 , 116 , (20 2 16 14 6) , 88 , ((6*16)+20)=116 , 16
2020.09.11-11.33.52,v1.07-3-g9c5ab23,65 , 116 , (20 2 16 14 6) , 447 , ((14*6)+(2*16))=116 , 109
2020.09.11-11.33.52,v1.07-3-g9c5ab23,66 , 116 , (20 2 16 14 6) , 127 , ((6*14)+(16*2))=116 , 26
2020.09.11-11.33.52,v1.07-3-g9c5ab23,67 , 116 , (20 2 16 14 6) , 346 , ((14*6)+(16*2))=116 , 94
2020.09.11-11.33.52,v1.07-3-g9c5ab23,68 , 116 , (20 2 16 14 6) , 90 , ((14*6)+(16*2))=116 , 14
2020.09.11-11.33.52,v1.07-3-g9c5ab23,69 , 116 , (20 2 16 14 6) , 218 , ((6*14)+(2*16))=116 , 46
2020.09.11-11.33.52,v1.07-3-g9c5ab23,70 , 116 , (20 2 16 14 6) , 219 , ((14*6)+(16*2))=116 , 58
2020.09.11-11.33.52,v1.07-3-g9c5ab23,71 , 116 , (20 2 16 14 6) , 240 , ((16*6)+20)=116 , 54
2020.09.11-11.33.52,v1.07-3-g9c5ab23,72 , 116 , (20 2 16 14 6) , 119 , ((6*14)+(16*2))=116 , 27
2020.09.11-11.33.52,v1.07-3-g9c5ab23,73 , 116 , (20 2 16 14 6) , 351 , ((6*16)+20)=116 , 111
2020.09.11-11.33.52,v1.07-3-g9c5ab23,74 , 116 , (20 2 16 14 6) , 216 , ((6*14)+(2*16))=116 , 41
2020.09.11-11.33.52,v1.07-3-g9c5ab23,75 , 116 , (20 2 16 14 6) , 1614 , ((6*16)+20)=116 , 563
2020.09.11-11.33.52,v1.07-3-g9c5ab23,76 , 116 , (20 2 16 14 6) , 213 , ((6*14)+(2*16))=116 , 71
2020.09.11-11.33.52,v1.07-3-g9c5ab23,77 , 116 , (20 2 16 14 6) , 415 , ((6*14)+(2*16))=116 , 97
2020.09.11-11.33.52,v1.07-3-g9c5ab23,78 , 116 , (20 2 16 14 6) , 180 , ((6*14)+(16*2))=116 , 43
2020.09.11-11.33.52,v1.07-3-g9c5ab23,79 , 116 , (20 2 16 14 6) , 100 , ((14*6)+(2*16))=116 , 26
2020.09.11-11.33.52,v1.07-3-g9c5ab23,80 , 116 , (20 2 16 14 6) , 408 , ((6*16)+20)=116 , 119
2020.09.11-11.33.52,v1.07-3-g9c5ab23,81 , 116 , (20 2 16 14 6) , 549 , ((6*14)+(2*16))=116 , 185
2020.09.11-11.33.52,v1.07-3-g9c5ab23,82 , 116 , (20 2 16 14 6) , 739 , ((6*14)+(2*16))=116 , 210
2020.09.11-11.33.52,v1.07-3-g9c5ab23,83 , 116 , (20 2 16 14 6) , 69 , ((16*6)+20)=116 , 7
2020.09.11-11.33.52,v1.07-3-g9c5ab23,84 , 116 , (20 2 16 14 6) , 137 , ((16*6)+20)=116 , 36
2020.09.11-11.33.52,v1.07-3-g9c5ab23,85 , 116 , (20 2 16 14 6) , 1008 , ((6*14)+(16*2))=116 , 311
2020.09.11-11.33.52,v1.07-3-g9c5ab23,86 , 116 , (20 2 16 14 6) , 60 , ((14*6)+(16*2))=116 , 0
2020.09.11-11.33.52,v1.07-3-g9c5ab23,87 , 116 , (20 2 16 14 6) , 160 , ((6*14)+(16*2))=116 , 46
2020.09.11-11.33.52,v1.07-3-g9c5ab23,88 , 116 , (20 2 16 14 6) , 49 , ((6*14)+(2*16))=116 , 0
2020.09.11-11.33.52,v1.07-3-g9c5ab23,89 , 116 , (20 2 16 14 6) , 602 , ((6*16)+20)=116 , 194
2020.09.11-11.33.52,v1.07-3-g9c5ab23,90 , 116 , (20 2 16 14 6) , 271 , ((6*14)+(16*2))=116 , 63
2020.09.11-11.33.52,v1.07-3-g9c5ab23,91 , 116 , (20 2 16 14 6) , 542 , ((14*6)+(2*16))=116 , 158
2020.09.11-11.33.52,v1.07-3-g9c5ab23,92 , 116 , (20 2 16 14 6) , 137 , ((14*6)+(16*2))=116 , 29
2020.09.11-11.33.52,v1.07-3-g9c5ab23,93 , 116 , (20 2 16 14 6) , 428 , ((14*6)+(16*2))=116 , 129
2020.09.11-11.33.52,v1.07-3-g9c5ab23,94 , 116 , (20 2 16 14 6) , 649 , ((6*14)+(16*2))=116 , 213
2020.09.11-11.33.52,v1.07-3-g9c5ab23,95 , 116 , (20 2 16 14 6) , 78 , ((6*14)+(2*16))=116 , 6
2020.09.11-11.33.52,v1.07-3-g9c5ab23,96 , 116 , (20 2 16 14 6) , 179 , ((14*6)+(16*2))=116 , 36
2020.09.11-11.33.52,v1.07-3-g9c5ab23,97 , 116 , (20 2 16 14 6) , 77 , ((6*14)+(16*2))=116 , 11
2020.09.11-11.33.52,v1.07-3-g9c5ab23,98 , 116 , (20 2 16 14 6) , 99 , ((14*6)+(2*16))=116 , 6
2020.09.11-11.33.52,v1.07-3-g9c5ab23,99 , 116 , (20 2 16 14 6) , 354 , ((14*6)+(2*16))=116 , 99
2020.09.11-11.33.52,v1.07-3-g9c5ab23,0 , 127 , (7 6 4 22 25) , 2000 , none,  652
2020.09.11-11.33.52,v1.07-3-g9c5ab23,1 , 127 , (7 6 4 22 25) , 2000 , none,  578
2020.09.11-11.33.52,v1.07-3-g9c5ab23,2 , 127 , (7 6 4 22 25) , 2000 , none,  556
2020.09.11-11.33.52,v1.07-3-g9c5ab23,3 , 127 , (7 6 4 22 25) , 2000 , none,  585
2020.09.11-11.33.52,v1.07-3-g9c5ab23,4 , 127 , (7 6 4 22 25) , 2000 , none,  562
2020.09.11-11.33.52,v1.07-3-g9c5ab23,5 , 127 , (7 6 4 22 25) , 2000 , none,  597
2020.09.11-11.33.52,v1.07-3-g9c5ab23,6 , 127 , (7 6 4 22 25) , 2000 , none,  612
2020.09.11-11.33.52,v1.07-3-g9c5ab23,7 , 127 , (7 6 4 22 25) , 2000 , none,  575
2020.09.11-11.33.52,v1.07-3-g9c5ab23,8 , 127 , (7 6 4 22 25) , 2000 , none,  569
2020.09.11-11.33.52,v1.07-3-g9c5ab23,9 , 127 , (7 6 4 22 25) , 2000 , none,  600
2020.09.11-11.33.52,v1.07-3-g9c5ab23,10 , 127 , (7 6 4 22 25) , 2000 , none,  563
2020.09.11-11.33.52,v1.07-3-g9c5ab23,11 , 127 , (7 6 4 22 25) , 2000 , none,  637
2020.09.11-11.33.52,v1.07-3-g9c5ab23,12 , 127 , (7 6 4 22 25) , 2000 , none,  592
2020.09.11-11.33.52,v1.07-3-g9c5ab23,13 , 127 , (7 6 4 22 25) , 2000 , none,  642
2020.09.11-11.33.52,v1.07-3-g9c5ab23,14 , 127 , (7 6 4 22 25) , 2000 , none,  571
2020.09.11-11.33.52,v1.07-3-g9c5ab23,15 , 127 , (7 6 4 22 25) , 2000 , none,  581
2020.09.11-11.33.52,v1.07-3-g9c5ab23,16 , 127 , (7 6 4 22 25) , 2000 , none,  647
2020.09.11-11.33.52,v1.07-3-g9c5ab23,17 , 127 , (7 6 4 22 25) , 2000 , none,  622
2020.09.11-11.33.52,v1.07-3-g9c5ab23,18 , 127 , (7 6 4 22 25) , 2000 , none,  522
2020.09.11-11.33.52,v1.07-3-g9c5ab23,19 , 127 , (7 6 4 22 25) , 2000 , none,  644
2020.09.11-11.33.52,v1.07-3-g9c5ab23,20 , 127 , (7 6 4 22 25) , 2000 , none,  576
2020.09.11-11.33.52,v1.07-3-g9c5ab23,21 , 127 , (7 6 4 22 25) , 2000 , none,  484
2020.09.11-11.33.52,v1.07-3-g9c5ab23,22 , 127 , (7 6 4 22 25) , 2000 , none,  589
2020.09.11-11.33.52,v1.07-3-g9c5ab23,23 , 127 , (7 6 4 22 25) , 2000 , none,  533
2020.09.11-11.33.52,v1.07-3-g9c5ab23,24 , 127 , (7 6 4 22 25) , 2000 , none,  541
2020.09.11-11.33.52,v1.07-3-g9c5ab23,25 , 127 , (7 6 4 22 25) , 2000 , none,  583
2020.09.11-11.33.52,v1.07-3-g9c5ab23,26 , 127 , (7 6 4 22 25) , 2000 , none,  582
2020.09.11-11.33.52,v1.07-3-g9c5ab23,27 , 127 , (7 6 4 22 25) , 2000 , none,  596
2020.09.11-11.33.52,v1.07-3-g9c5ab23,28 , 127 , (7 6 4 22 25) , 2000 , none,  544
2020.09.11-11.33.52,v1.07-3-g9c5ab23,29 , 127 , (7 6 4 22 25) , 2000 , none,  550
2020.09.11-11.33.52,v1.07-3-g9c5ab23,30 , 127 , (7 6 4 22 25) , 2000 , none,  580
2020.09.11-11.33.52,v1.07-3-g9c5ab23,31 , 127 , (7 6 4 22 25) , 2000 , none,  498
2020.09.11-11.33.52,v1.07-3-g9c5ab23,32 , 127 , (7 6 4 22 25) , 2000 , none,  620
2020.09.11-11.33.52,v1.07-3-g9c5ab23,33 , 127 , (7 6 4 22 25) , 2000 , none,  592
2020.09.11-11.33.52,v1.07-3-g9c5ab23,34 , 127 , (7 6 4 22 25) , 2000 , none,  588
2020.09.11-11.33.52,v1.07-3-g9c5ab23,35 , 127 , (7 6 4 22 25) , 2000 , none,  541
2020.09.11-11.33.52,v1.07-3-g9c5ab23,36 , 127 , (7 6 4 22 25) , 2000 , none,  578
2020.09.11-11.33.52,v1.07-3-g9c5ab23,37 , 127 , (7 6 4 22 25) , 2000 , none,  573
2020.09.11-11.33.52,v1.07-3-g9c5ab23,38 , 127 , (7 6 4 22 25) , 2000 , none,  611
2020.09.11-11.33.52,v1.07-3-g9c5ab23,39 , 127 , (7 6 4 22 25) , 2000 , none,  632
2020.09.11-11.33.52,v1.07-3-g9c5ab23,40 , 127 , (7 6 4 22 25) , 2000 , none,  552
2020.09.11-11.33.52,v1.07-3-g9c5ab23,41 , 127 , (7 6 4 22 25) , 2000 , none,  504
2020.09.11-11.33.52,v1.07-3-g9c5ab23,42 , 127 , (7 6 4 22 25) , 2000 , none,  631
2020.09.11-11.33.52,v1.07-3-g9c5ab23,43 , 127 , (7 6 4 22 25) , 2000 , none,  590
2020.09.11-11.33.52,v1.07-3-g9c5ab23,44 , 127 , (7 6 4 22 25) , 2000 , none,  571
2020.09.11-11.33.52,v1.07-3-g9c5ab23,45 , 127 , (7 6 4 22 25) , 2000 , none,  624
2020.09.11-11.33.52,v1.07-3-g9c5ab23,46 , 127 , (7 6 4 22 25) , 2000 , none,  565
2020.09.11-11.33.52,v1.07-3-g9c5ab23,47 , 127 , (7 6 4 22 25) , 2000 , none,  618
2020.09.11-11.33.52,v1.07-3-g9c5ab23,48 , 127 , (7 6 4 22 25) , 2000 , none,  613
2020.09.11-11.33.52,v1.07-3-g9c5ab23,49 , 127 , (7 6 4 22 25) , 2000 , none,  637
2020.09.11-11.33.52,v1.07-3-g9c5ab23,50 , 127 , (7 6 4 22 25) , 2000 , none,  545
2020.09.11-11.33.52,v1.07-3-g9c5ab23,51 , 127 , (7 6 4 22 25) , 2000 , none,  631
2020.09.11-11.33.52,v1.07-3-g9c5ab23,52 , 127 , (7 6 4 22 25) , 2000 , none,  626
2020.09.11-11.33.52,v1.07-3-g9c5ab23,53 , 127 , (7 6 4 22 25) , 2000 , none,  569
2020.09.11-11.33.52,v1.07-3-g9c5ab23,54 , 127 , (7 6 4 22 25) , 2000 , none,  624
2020.09.11-11.33.52,v1.07-3-g9c5ab23,55 , 127 , (7 6 4 22 25) , 2000 , none,  600
2020.09.11-11.33.52,v1.07-3-g9c5ab23,56 , 127 , (7 6 4 22 25) , 2000 , none,  588
2020.09.11-11.33.52,v1.07-3-g9c5ab23,57 , 127 , (7 6 4 22 25) , 2000 , none,  568
2020.09.11-11.33.52,v1.07-3-g9c5ab23,58 , 127 , (7 6 4 22 25) , 2000 , none,  502
2020.09.11-11.33.52,v1.07-3-g9c5ab23,59 , 127 , (7 6 4 22 25) , 2000 , none,  613
2020.09.11-11.33.52,v1.07-3-g9c5ab23,60 , 127 , (7 6 4 22 25) , 2000 , none,  542
2020.09.11-11.33.52,v1.07-3-g9c5ab23,61 , 127 , (7 6 4 22 25) , 2000 , none,  628
2020.09.11-11.33.52,v1.07-3-g9c5ab23,62 , 127 , (7 6 4 22 25) , 2000 , none,  575
2020.09.11-11.33.52,v1.07-3-g9c5ab23,63 , 127 , (7 6 4 22 25) , 2000 , none,  618
2020.09.11-11.33.52,v1.07-3-g9c5ab23,64 , 127 , (7 6 4 22 25) , 2000 , none,  571
2020.09.11-11.33.52,v1.07-3-g9c5ab23,65 , 127 , (7 6 4 22 25) , 2000 , none,  578
2020.09.11-11.33.52,v1.07-3-g9c5ab23,66 , 127 , (7 6 4 22 25) , 2000 , none,  580
2020.09.11-11.33.52,v1.07-3-g9c5ab23,67 , 127 , (7 6 4 22 25) , 2000 , none,  535
2020.09.11-11.33.52,v1.07-3-g9c5ab23,68 , 127 , (7 6 4 22 25) , 2000 , none,  566
2020.09.11-11.33.52,v1.07-3-g9c5ab23,69 , 127 , (7 6 4 22 25) , 2000 , none,  601
2020.09.11-11.33.52,v1.07-3-g9c5ab23,70 , 127 , (7 6 4 22 25) , 2000 , none,  587
2020.09.11-11.33.52,v1.07-3-g9c5ab23,71 , 127 , (7 6 4 22 25) , 2000 , none,  570
2020.09.11-11.33.52,v1.07-3-g9c5ab23,72 , 127 , (7 6 4 22 25) , 2000 , none,  564
2020.09.11-11.33.52,v1.07-3-g9c5ab23,73 , 127 , (7 6 4 22 25) , 2000 , none,  643
2020.09.11-11.33.52,v1.07-3-g9c5ab23,74 , 127 , (7 6 4 22 25) , 2000 , none,  588
2020.09.11-11.33.52,v1.07-3-g9c5ab23,75 , 127 , (7 6 4 22 25) , 2000 , none,  600
2020.09.11-11.33.52,v1.07-3-g9c5ab23,76 , 127 , (7 6 4 22 25) , 2000 , none,  592
2020.09.11-11.33.52,v1.07-3-g9c5ab23,77 , 127 , (7 6 4 22 25) , 2000 , none,  579
2020.09.11-11.33.52,v1.07-3-g9c5ab23,78 , 127 , (7 6 4 22 25) , 2000 , none,  600
2020.09.11-11.33.52,v1.07-3-g9c5ab23,79 , 127 , (7 6 4 22 25) , 2000 , none,  574
2020.09.11-11.33.52,v1.07-3-g9c5ab23,80 , 127 , (7 6 4 22 25) , 2000 , none,  579
2020.09.11-11.33.52,v1.07-3-g9c5ab23,81 , 127 , (7 6 4 22 25) , 2000 , none,  612
2020.09.11-11.33.52,v1.07-3-g9c5ab23,82 , 127 , (7 6 4 22 25) , 2000 , none,  573
2020.09.11-11.33.52,v1.07-3-g9c5ab23,83 , 127 , (7 6 4 22 25) , 2000 , none,  537
2020.09.11-11.33.52,v1.07-3-g9c5ab23,84 , 127 , (7 6 4 22 25) , 2000 , none,  596
2020.09.11-11.33.52,v1.07-3-g9c5ab23,85 , 127 , (7 6 4 22 25) , 2000 , none,  589
2020.09.11-11.33.52,v1.07-3-g9c5ab23,86 , 127 , (7 6 4 22 25) , 2000 , none,  635
2020.09.11-11.33.52,v1.07-3-g9c5ab23,87 , 127 , (7 6 4 22 25) , 2000 , none,  589
2020.09.11-11.33.52,v1.07-3-g9c5ab23,88 , 127 , (7 6 4 22 25) , 2000 , none,  533
2020.09.11-11.33.52,v1.07-3-g9c5ab23,89 , 127 , (7 6 4 22 25) , 2000 , none,  582
2020.09.11-11.33.52,v1.07-3-g9c5ab23,90 , 127 , (7 6 4 22 25) , 2000 , none,  561
2020.09.11-11.33.52,v1.07-3-g9c5ab23,91 , 127 , (7 6 4 22 25) , 2000 , none,  569
2020.09.11-11.33.52,v1.07-3-g9c5ab23,92 , 127 , (7 6 4 22 25) , 2000 , none,  565
2020.09.11-11.33.52,v1.07-3-g9c5ab23,93 , 127 , (7 6 4 22 25) , 2000 , none,  561
2020.09.11-11.33.52,v1.07-3-g9c5ab23,94 , 127 , (7 6 4 22 25) , 2000 , none,  553
2020.09.11-11.33.52,v1.07-3-g9c5ab23,95 , 127 , (7 6 4 22 25) , 2000 , none,  563
2020.09.11-11.33.52,v1.07-3-g9c5ab23,96 , 127 , (7 6 4 22 25) , 2000 , none,  607
2020.09.11-11.33.52,v1.07-3-g9c5ab23,97 , 127 , (7 6 4 22 25) , 2000 , none,  608
2020.09.11-11.33.52,v1.07-3-g9c5ab23,98 , 127 , (7 6 4 22 25) , 2000 , none,  564
2020.09.11-11.33.52,v1.07-3-g9c5ab23,99 , 127 , (7 6 4 22 25) , 2000 , none,  603
2020.09.11-11.33.52,v1.07-3-g9c5ab23,0 , 41 , (5 16 22 25 1) , 37 , (16+25)=41 , 4
2020.09.11-11.33.52,v1.07-3-g9c5ab23,1 , 41 , (5 16 22 25 1) , 120 , ((22+25)-(5+1))=41 , 21
2020.09.11-11.33.52,v1.07-3-g9c5ab23,2 , 41 , (5 16 22 25 1) , 323 , (16+25)=41 , 98
2020.09.11-11.33.52,v1.07-3-g9c5ab23,3 , 41 , (5 16 22 25 1) , 175 , ((22+25)-(1+5))=41 , 64
2020.09.11-11.33.52,v1.07-3-g9c5ab23,4 , 41 , (5 16 22 25 1) , 1555 , (16+25)=41 , 558
2020.09.11-11.33.52,v1.07-3-g9c5ab23,5 , 41 , (5 16 22 25 1) , 2000 , none,  615
2020.09.11-11.33.52,v1.07-3-g9c5ab23,6 , 41 , (5 16 22 25 1) , 44 , (16+25)=41 , 11
2020.09.11-11.33.52,v1.07-3-g9c5ab23,7 , 41 , (5 16 22 25 1) , 296 , ((22+25)-(5+1))=41 , 85
2020.09.11-11.33.52,v1.07-3-g9c5ab23,8 , 41 , (5 16 22 25 1) , 45 , (16+25)=41 , 8
2020.09.11-11.33.52,v1.07-3-g9c5ab23,9 , 41 , (5 16 22 25 1) , 2000 , none,  652
2020.09.11-11.33.52,v1.07-3-g9c5ab23,10 , 41 , (5 16 22 25 1) , 356 , (16+25)=41 , 126
2020.09.11-11.33.52,v1.07-3-g9c5ab23,11 , 41 , (5 16 22 25 1) , 535 , ((22+25)-(1+5))=41 , 175
2020.09.11-11.33.52,v1.07-3-g9c5ab23,12 , 41 , (5 16 22 25 1) , 396 , ((25+22)-(5+1))=41 , 99
2020.09.11-11.33.52,v1.07-3-g9c5ab23,13 , 41 , (5 16 22 25 1) , 2000 , none,  668
2020.09.11-11.33.52,v1.07-3-g9c5ab23,14 , 41 , (5 16 22 25 1) , 110 , ((25+22)-(1+5))=41 , 22
2020.09.11-11.33.52,v1.07-3-g9c5ab23,15 , 41 , (5 16 22 25 1) , 119 , ((22+25)-(5+1))=41 , 28
2020.09.11-11.33.52,v1.07-3-g9c5ab23,16 , 41 , (5 16 22 25 1) , 665 , ((22+25)-(1+5))=41 , 256
2020.09.11-11.33.52,v1.07-3-g9c5ab23,17 , 41 , (5 16 22 25 1) , 160 , ((25+22)-(1+5))=41 , 40
2020.09.11-11.33.52,v1.07-3-g9c5ab23,18 , 41 , (5 16 22 25 1) , 195 , (16+25)=41 , 60
2020.09.11-11.33.52,v1.07-3-g9c5ab23,19 , 41 , (5 16 22 25 1) , 1159 , ((22+25)-(5+1))=41 , 373
2020.09.11-11.33.52,v1.07-3-g9c5ab23,20 , 41 , (5 16 22 25 1) , 347 , ((22+25)-(5+1))=41 , 125
2020.09.11-11.33.52,v1.07-3-g9c5ab23,21 , 41 , (5 16 22 25 1) , 866 , (16+25)=41 , 271
2020.09.11-11.33.52,v1.07-3-g9c5ab23,22 , 41 , (5 16 22 25 1) , 58 , ((22+25)-(5+1))=41 , 0
2020.09.11-11.33.52,v1.07-3-g9c5ab23,23 , 41 , (5 16 22 25 1) , 2000 , none,  626
2020.09.11-11.33.52,v1.07-3-g9c5ab23,24 , 41 , (5 16 22 25 1) , 1040 , ((22+25)-(5+1))=41 , 279
2020.09.11-11.33.52,v1.07-3-g9c5ab23,25 , 41 , (5 16 22 25 1) , 2000 , none,  640
2020.09.11-11.33.52,v1.07-3-g9c5ab23,26 , 41 , (5 16 22 25 1) , 115 , (16+25)=41 , 48
2020.09.11-11.33.52,v1.07-3-g9c5ab23,27 , 41 , (5 16 22 25 1) , 429 , ((22+25)-(1+5))=41 , 138
2020.09.11-11.33.52,v1.07-3-g9c5ab23,28 , 41 , (5 16 22 25 1) , 1089 , ((22+25)-(1+5))=41 , 339
2020.09.11-11.33.52,v1.07-3-g9c5ab23,29 , 41 , (5 16 22 25 1) , 1540 , ((22+25)-(5+1))=41 , 486
2020.09.11-11.33.52,v1.07-3-g9c5ab23,30 , 41 , (5 16 22 25 1) , 2000 , none,  567
2020.09.11-11.33.52,v1.07-3-g9c5ab23,31 , 41 , (5 16 22 25 1) , 289 , ((25+22)-(1+5))=41 , 77
2020.09.11-11.33.52,v1.07-3-g9c5ab23,32 , 41 , (5 16 22 25 1) , 718 , ((22+25)-(5+1))=41 , 230
2020.09.11-11.33.52,v1.07-3-g9c5ab23,33 , 41 , (5 16 22 25 1) , 84 , ((22+25)-(5+1))=41 , 12
2020.09.11-11.33.52,v1.07-3-g9c5ab23,34 , 41 , (5 16 22 25 1) , 68 , ((25+22)-(5+1))=41 , 7
2020.09.11-11.33.52,v1.07-3-g9c5ab23,35 , 41 , (5 16 22 25 1) , 865 , (16+25)=41 , 300
2020.09.11-11.33.52,v1.07-3-g9c5ab23,36 , 41 , (5 16 22 25 1) , 1024 , (16+25)=41 , 320
2020.09.11-11.33.52,v1.07-3-g9c5ab23,37 , 41 , (5 16 22 25 1) , 665 , (16+25)=41 , 219
2020.09.11-11.33.52,v1.07-3-g9c5ab23,38 , 41 , (5 16 22 25 1) , 2000 , none,  675
2020.09.11-11.33.52,v1.07-3-g9c5ab23,39 , 41 , (5 16 22 25 1) , 165 , (16+25)=41 , 50
2020.09.11-11.33.52,v1.07-3-g9c5ab23,40 , 41 , (5 16 22 25 1) , 2000 , none,  654
2020.09.11-11.33.52,v1.07-3-g9c5ab23,41 , 41 , (5 16 22 25 1) , 319 , ((22+25)-(5+1))=41 , 107
2020.09.11-11.33.52,v1.07-3-g9c5ab23,42 , 41 , (5 16 22 25 1) , 240 , ((25+22)-(5+1))=41 , 79
2020.09.11-11.33.52,v1.07-3-g9c5ab23,43 , 41 , (5 16 22 25 1) , 71 , (16+25)=41 , 12
2020.09.11-11.33.52,v1.07-3-g9c5ab23,44 , 41 , (5 16 22 25 1) , 510 , ((22+25)-(5+1))=41 , 172
2020.09.11-11.33.52,v1.07-3-g9c5ab23,45 , 41 , (5 16 22 25 1) , 1190 , ((25+22)-(1+5))=41 , 332
2020.09.11-11.33.52,v1.07-3-g9c5ab23,46 , 41 , (5 16 22 25 1) , 210 , ((22+25)-(1+5))=41 , 73
2020.09.11-11.33.52,v1.07-3-g9c5ab23,47 , 41 , (5 16 22 25 1) , 43 , (25+16)=41 , 6
2020.09.11-11.33.52,v1.07-3-g9c5ab23,48 , 41 , (5 16 22 25 1) , 2000 , none,  682
2020.09.11-11.33.52,v1.07-3-g9c5ab23,49 , 41 , (5 16 22 25 1) , 1284 , (25+16)=41 , 496
2020.09.11-11.33.52,v1.07-3-g9c5ab23,50 , 41 , (5 16 22 25 1) , 99 , ((25+22)-(1+5))=41 , 17
2020.09.11-11.33.52,v1.07-3-g9c5ab23,51 , 41 , (5 16 22 25 1) , 2000 , none,  700
2020.09.11-11.33.52,v1.07-3-g9c5ab23,52 , 41 , (5 16 22 25 1) , 1060 , ((22+25)-(1+5))=41 , 319
2020.09.11-11.33.52,v1.07-3-g9c5ab23,53 , 41 , (5 16 22 25 1) , 558 , ((22+25)-(5+1))=41 , 143
2020.09.11-11.33.52,v1.07-3-g9c5ab23,54 , 41 , (5 16 22 25 1) , 218 , ((22+25)-(1+5))=41 , 63
2020.09.11-11.33.52,v1.07-3-g9c5ab23,55 , 41 , (5 16 22 25 1) , 944 , (16+25)=41 , 322
2020.09.11-11.33.52,v1.07-3-g9c5ab23,56 , 41 , (5 16 22 25 1) , 502 , ((25+22)-(5+1))=41 , 192
2020.09.11-11.33.52,v1.07-3-g9c5ab23,57 , 41 , (5 16 22 25 1) , 139 , ((25+22)-(1+5))=41 , 39
2020.09.11-11.33.52,v1.07-3-g9c5ab23,58 , 41 , (5 16 22 25 1) , 183 , ((25+22)-(5+1))=41 , 58
2020.09.11-11.33.52,v1.07-3-g9c5ab23,59 , 41 , (5 16 22 25 1) , 259 , ((22+25)-(5+1))=41 , 84
2020.09.11-11.33.52,v1.07-3-g9c5ab23,60 , 41 , (5 16 22 25 1) , 146 , ((25+22)-(5+1))=41 , 57
2020.09.11-11.33.52,v1.07-3-g9c5ab23,61 , 41 , (5 16 22 25 1) , 744 , ((22+25)-(5+1))=41 , 223
2020.09.11-11.33.52,v1.07-3-g9c5ab23,62 , 41 , (5 16 22 25 1) , 93 , (16+25)=41 , 42
2020.09.11-11.33.52,v1.07-3-g9c5ab23,63 , 41 , (5 16 22 25 1) , 116 , (16+25)=41 , 53
2020.09.11-11.33.52,v1.07-3-g9c5ab23,64 , 41 , (5 16 22 25 1) , 1888 , ((25+22)-(5+1))=41 , 639
2020.09.11-11.33.52,v1.07-3-g9c5ab23,65 , 41 , (5 16 22 25 1) , 655 , (16+25)=41 , 244
2020.09.11-11.33.52,v1.07-3-g9c5ab23,66 , 41 , (5 16 22 25 1) , 1610 , ((22+25)-(5+1))=41 , 566
2020.09.11-11.33.52,v1.07-3-g9c5ab23,67 , 41 , (5 16 22 25 1) , 2000 , none,  680
2020.09.11-11.33.52,v1.07-3-g9c5ab23,68 , 41 , (5 16 22 25 1) , 79 , ((22+25)-(1+5))=41 , 10
2020.09.11-11.33.52,v1.07-3-g9c5ab23,69 , 41 , (5 16 22 25 1) , 1412 , ((22+25)-(5+1))=41 , 461
2020.09.11-11.33.52,v1.07-3-g9c5ab23,70 , 41 , (5 16 22 25 1) , 78 , ((22+25)-(5+1))=41 , 20
2020.09.11-11.33.52,v1.07-3-g9c5ab23,71 , 41 , (5 16 22 25 1) , 153 , ((22+25)-(1+5))=41 , 44
2020.09.11-11.33.52,v1.07-3-g9c5ab23,72 , 41 , (5 16 22 25 1) , 1834 , (16+25)=41 , 595
2020.09.11-11.33.52,v1.07-3-g9c5ab23,73 , 41 , (5 16 22 25 1) , 2000 , none,  723
2020.09.11-11.33.52,v1.07-3-g9c5ab23,74 , 41 , (5 16 22 25 1) , 159 , ((22+25)-(5+1))=41 , 51
2020.09.11-11.33.52,v1.07-3-g9c5ab23,75 , 41 , (5 16 22 25 1) , 131 , ((25+22)-(5+1))=41 , 28
2020.09.11-11.33.52,v1.07-3-g9c5ab23,76 , 41 , (5 16 22 25 1) , 2000 , none,  652
2020.09.11-11.33.52,v1.07-3-g9c5ab23,77 , 41 , (5 16 22 25 1) , 294 , (25+16)=41 , 120
2020.09.11-11.33.52,v1.07-3-g9c5ab23,78 , 41 , (5 16 22 25 1) , 1997 , ((25+22)-(5+1))=41 , 628
2020.09.11-11.33.52,v1.07-3-g9c5ab23,79 , 41 , (5 16 22 25 1) , 37 , (16+25)=41 , 5
2020.09.11-11.33.52,v1.07-3-g9c5ab23,80 , 41 , (5 16 22 25 1) , 925 , (25+16)=41 , 330
2020.09.11-11.33.52,v1.07-3-g9c5ab23,81 , 41 , (5 16 22 25 1) , 2000 , none,  575
2020.09.11-11.33.52,v1.07-3-g9c5ab23,82 , 41 , (5 16 22 25 1) , 1645 , (16+25)=41 , 591
2020.09.11-11.33.52,v1.07-3-g9c5ab23,83 , 41 , (5 16 22 25 1) , 326 , (25+16)=41 , 89
2020.09.11-11.33.52,v1.07-3-g9c5ab23,84 , 41 , (5 16 22 25 1) , 2000 , none,  674
2020.09.11-11.33.52,v1.07-3-g9c5ab23,85 , 41 , (5 16 22 25 1) , 135 , (16+25)=41 , 30
2020.09.11-11.33.52,v1.07-3-g9c5ab23,86 , 41 , (5 16 22 25 1) , 2000 , none,  614
2020.09.11-11.33.52,v1.07-3-g9c5ab23,87 , 41 , (5 16 22 25 1) , 1005 , ((25+22)-(1+5))=41 , 320
2020.09.11-11.33.52,v1.07-3-g9c5ab23,88 , 41 , (5 16 22 25 1) , 1511 , ((22+25)-(1+5))=41 , 457
2020.09.11-11.33.52,v1.07-3-g9c5ab23,89 , 41 , (5 16 22 25 1) , 899 , ((22+25)-(1+5))=41 , 309
2020.09.11-11.33.52,v1.07-3-g9c5ab23,90 , 41 , (5 16 22 25 1) , 2000 , none,  657
2020.09.11-11.33.52,v1.07-3-g9c5ab23,91 , 41 , (5 16 22 25 1) , 1179 , ((22+25)-(5+1))=41 , 362
2020.09.11-11.33.52,v1.07-3-g9c5ab23,92 , 41 , (5 16 22 25 1) , 1225 , (16+25)=41 , 430
2020.09.11-11.33.52,v1.07-3-g9c5ab23,93 , 41 , (5 16 22 25 1) , 140 , ((22+25)-(5+1))=41 , 42
2020.09.11-11.33.52,v1.07-3-g9c5ab23,94 , 41 , (5 16 22 25 1) , 230 , ((22+25)-(5+1))=41 , 54
2020.09.11-11.33.52,v1.07-3-g9c5ab23,95 , 41 , (5 16 22 25 1) , 429 , ((22+25)-(1+5))=41 , 134
2020.09.11-11.33.52,v1.07-3-g9c5ab23,96 , 41 , (5 16 22 25 1) , 1305 , (25+16)=41 , 412
2020.09.11-11.33.52,v1.07-3-g9c5ab23,97 , 41 , (5 16 22 25 1) , 45 , (25+16)=41 , 11
2020.09.11-11.33.52,v1.07-3-g9c5ab23,98 , 41 , (5 16 22 25 1) , 1490 , ((22+25)-(5+1))=41 , 492
2020.09.11-11.33.52,v1.07-3-g9c5ab23,99 , 41 , (5 16 22 25 1) , 2000 , none,  592
