2020.09.10-19.52.48,v1.07,0 , 114 , (11 20 7 1 6) , 543 , ((6 * 20) - (7 - 1)) , 34
2020.09.10-19.52.48,v1.07,1 , 114 , (11 20 7 1 6) , 2000 , none,  434
2020.09.10-19.52.48,v1.07,2 , 114 , (11 20 7 1 6) , 194 , ((20 * 6) - (7 - 1)) , 36
2020.09.10-19.52.48,v1.07,3 , 114 , (11 20 7 1 6) , 1378 , ((20 * 6) - (7 - 1)) , 252
2020.09.10-19.52.48,v1.07,4 , 114 , (11 20 7 1 6) , 2000 , none,  340
2020.09.10-19.52.48,v1.07,5 , 114 , (11 20 7 1 6) , 1328 , ((6 * 20) - (7 - 1)) , 205
2020.09.10-19.52.48,v1.07,6 , 114 , (11 20 7 1 6) , 2000 , none,  368
2020.09.10-19.52.48,v1.07,7 , 114 , (11 20 7 1 6) , 328 , ((6 * 20) - (7 - 1)) , 23
2020.09.10-19.52.48,v1.07,8 , 114 , (11 20 7 1 6) , 2000 , none,  244
2020.09.10-19.52.48,v1.07,9 , 114 , (11 20 7 1 6) , 150 , ((20 * 6) - (7 - 1)) , 12
2020.09.10-19.52.48,v1.07,10 , 114 , (11 20 7 1 6) , 1303 , ((20 * 6) - (7 - 1)) , 203
2020.09.10-19.52.48,v1.07,11 , 114 , (11 20 7 1 6) , 479 , ((20 * 6) - (7 - 1)) , 62
2020.09.10-19.52.48,v1.07,12 , 114 , (11 20 7 1 6) , 1126 , ((20 * 6) - (7 - 1)) , 168
2020.09.10-19.52.48,v1.07,13 , 114 , (11 20 7 1 6) , 210 , ((20 * 6) - (7 - 1)) , 5
2020.09.10-19.52.48,v1.07,14 , 114 , (11 20 7 1 6) , 2000 , none,  368
2020.09.10-19.52.48,v1.07,15 , 114 , (11 20 7 1 6) , 1160 , ((6 * 20) - (7 - 1)) , 196
2020.09.10-19.52.48,v1.07,16 , 114 , (11 20 7 1 6) , 2000 , none,  520
2020.09.10-19.52.48,v1.07,17 , 114 , (11 20 7 1 6) , 2000 , none,  290
2020.09.10-19.52.48,v1.07,18 , 114 , (11 20 7 1 6) , 159 , ((20 * 6) - (7 - 1)) , 24
2020.09.10-19.52.48,v1.07,19 , 114 , (11 20 7 1 6) , 524 , ((20 * 6) - (7 - 1)) , 62
2020.09.10-19.52.48,v1.07,20 , 114 , (11 20 7 1 6) , 1819 , ((6 * 20) - (7 - 1)) , 202
2020.09.10-19.52.48,v1.07,21 , 114 , (11 20 7 1 6) , 2000 , none,  395
2020.09.10-19.52.48,v1.07,22 , 114 , (11 20 7 1 6) , 556 , ((6 * 20) - (7 - 1)) , 118
2020.09.10-19.52.48,v1.07,23 , 114 , (11 20 7 1 6) , 881 , ((6 * 20) - (7 - 1)) , 159
2020.09.10-19.52.48,v1.07,24 , 114 , (11 20 7 1 6) , 199 , ((6 * 20) - (7 - 1)) , 27
2020.09.10-19.52.48,v1.07,25 , 114 , (11 20 7 1 6) , 739 , ((20 * 6) - (7 - 1)) , 87
2020.09.10-19.52.48,v1.07,26 , 114 , (11 20 7 1 6) , 2000 , none,  454
2020.09.10-19.52.48,v1.07,27 , 114 , (11 20 7 1 6) , 2000 , none,  279
2020.09.10-19.52.48,v1.07,28 , 114 , (11 20 7 1 6) , 2000 , none,  341
2020.09.10-19.52.48,v1.07,29 , 114 , (11 20 7 1 6) , 1064 , ((20 * 6) - (7 - 1)) , 184
2020.09.10-19.52.48,v1.07,30 , 114 , (11 20 7 1 6) , 339 , ((6 * 20) - (7 - 1)) , 61
2020.09.10-19.52.48,v1.07,31 , 114 , (11 20 7 1 6) , 879 , ((20 * 6) - (7 - 1)) , 170
2020.09.10-19.52.48,v1.07,32 , 114 , (11 20 7 1 6) , 2000 , none,  454
2020.09.10-19.52.48,v1.07,33 , 114 , (11 20 7 1 6) , 1349 , ((6 * 20) - (7 - 1)) , 127
2020.09.10-19.52.48,v1.07,34 , 114 , (11 20 7 1 6) , 2000 , none,  277
2020.09.10-19.52.48,v1.07,35 , 114 , (11 20 7 1 6) , 656 , ((20 * 6) - (7 - 1)) , 81
2020.09.10-19.52.48,v1.07,36 , 114 , (11 20 7 1 6) , 868 , ((20 * 6) - (7 - 1)) , 122
2020.09.10-19.52.48,v1.07,37 , 114 , (11 20 7 1 6) , 788 , ((6 * 20) - (7 - 1)) , 94
2020.09.10-19.52.48,v1.07,38 , 114 , (11 20 7 1 6) , 1848 , ((20 * 6) - (7 - 1)) , 288
2020.09.10-19.52.48,v1.07,39 , 114 , (11 20 7 1 6) , 2000 , none,  362
2020.09.10-19.52.48,v1.07,40 , 114 , (11 20 7 1 6) , 2000 , none,  519
2020.09.10-19.52.48,v1.07,41 , 114 , (11 20 7 1 6) , 1758 , ((20 * 6) - (7 - 1)) , 393
2020.09.10-19.52.48,v1.07,42 , 114 , (11 20 7 1 6) , 2000 , none,  251
2020.09.10-19.52.48,v1.07,43 , 114 , (11 20 7 1 6) , 389 , ((20 * 6) - (7 - 1)) , 86
2020.09.10-19.52.48,v1.07,44 , 114 , (11 20 7 1 6) , 318 , ((20 * 6) - (7 - 1)) , 48
2020.09.10-19.52.48,v1.07,45 , 114 , (11 20 7 1 6) , 1384 , ((20 * 6) - (7 - 1)) , 256
2020.09.10-19.52.48,v1.07,46 , 114 , (11 20 7 1 6) , 2000 , none,  442
2020.09.10-19.52.48,v1.07,47 , 114 , (11 20 7 1 6) , 2000 , none,  219
2020.09.10-19.52.48,v1.07,48 , 114 , (11 20 7 1 6) , 1869 , ((20 * 6) - (7 - 1)) , 327
2020.09.10-19.52.48,v1.07,49 , 114 , (11 20 7 1 6) , 359 , ((6 * 20) - (7 - 1)) , 62
2020.09.10-19.52.48,v1.07,50 , 114 , (11 20 7 1 6) , 2000 , none,  170
2020.09.10-19.52.48,v1.07,51 , 114 , (11 20 7 1 6) , 1890 , ((20 * 6) - (7 - 1)) , 214
2020.09.10-19.52.48,v1.07,52 , 114 , (11 20 7 1 6) , 2000 , none,  333
2020.09.10-19.52.48,v1.07,53 , 114 , (11 20 7 1 6) , 2000 , none,  407
2020.09.10-19.52.48,v1.07,54 , 114 , (11 20 7 1 6) , 839 , ((6 * 20) - (7 - 1)) , 140
2020.09.10-19.52.48,v1.07,55 , 114 , (11 20 7 1 6) , 1891 , ((6 * 20) - (7 - 1)) , 433
2020.09.10-19.52.48,v1.07,56 , 114 , (11 20 7 1 6) , 2000 , none,  435
2020.09.10-19.52.48,v1.07,57 , 114 , (11 20 7 1 6) , 470 , ((20 * 6) - (7 - 1)) , 46
2020.09.10-19.52.48,v1.07,58 , 114 , (11 20 7 1 6) , 777 , ((6 * 20) - (7 - 1)) , 165
2020.09.10-19.52.48,v1.07,59 , 114 , (11 20 7 1 6) , 2000 , none,  300
2020.09.10-19.52.48,v1.07,60 , 114 , (11 20 7 1 6) , 780 , ((6 * 20) - (7 - 1)) , 90
2020.09.10-19.52.48,v1.07,61 , 114 , (11 20 7 1 6) , 2000 , none,  497
2020.09.10-19.52.48,v1.07,62 , 114 , (11 20 7 1 6) , 656 , ((6 * 20) - (7 - 1)) , 89
2020.09.10-19.52.48,v1.07,63 , 114 , (11 20 7 1 6) , 267 , ((20 * 6) - (7 - 1)) , 38
2020.09.10-19.52.48,v1.07,64 , 114 , (11 20 7 1 6) , 549 , ((20 * 6) - (7 - 1)) , 36
2020.09.10-19.52.48,v1.07,65 , 114 , (11 20 7 1 6) , 2000 , none,  420
2020.09.10-19.52.48,v1.07,66 , 114 , (11 20 7 1 6) , 2000 , none,  512
2020.09.10-19.52.48,v1.07,67 , 114 , (11 20 7 1 6) , 147 , ((20 * 6) - (7 - 1)) , 16
2020.09.10-19.52.48,v1.07,68 , 114 , (11 20 7 1 6) , 2000 , none,  227
2020.09.10-19.52.48,v1.07,69 , 114 , (11 20 7 1 6) , 1947 , ((6 * 20) - (7 - 1)) , 250
2020.09.10-19.52.48,v1.07,70 , 114 , (11 20 7 1 6) , 2000 , none,  230
2020.09.10-19.52.48,v1.07,71 , 114 , (11 20 7 1 6) , 372 , ((20 * 6) - (7 - 1)) , 44
2020.09.10-19.52.48,v1.07,72 , 114 , (11 20 7 1 6) , 2000 , none,  263
2020.09.10-19.52.48,v1.07,73 , 114 , (11 20 7 1 6) , 1574 , ((6 * 20) - (7 - 1)) , 244
2020.09.10-19.52.48,v1.07,74 , 114 , (11 20 7 1 6) , 402 , ((20 * 6) - (7 - 1)) , 79
2020.09.10-19.52.48,v1.07,75 , 114 , (11 20 7 1 6) , 2000 , none,  271
2020.09.10-19.52.48,v1.07,76 , 114 , (11 20 7 1 6) , 2000 , none,  303
2020.09.10-19.52.48,v1.07,77 , 114 , (11 20 7 1 6) , 2000 , none,  222
2020.09.10-19.52.48,v1.07,78 , 114 , (11 20 7 1 6) , 320 , ((6 * 20) - (7 - 1)) , 34
2020.09.10-19.52.48,v1.07,79 , 114 , (11 20 7 1 6) , 2000 , none,  311
2020.09.10-19.52.48,v1.07,80 , 114 , (11 20 7 1 6) , 2000 , none,  482
2020.09.10-19.52.48,v1.07,81 , 114 , (11 20 7 1 6) , 2000 , none,  284
2020.09.10-19.52.48,v1.07,82 , 114 , (11 20 7 1 6) , 1080 , ((20 * 6) - (7 - 1)) , 121
2020.09.10-19.52.48,v1.07,83 , 114 , (11 20 7 1 6) , 2000 , none,  274
2020.09.10-19.52.48,v1.07,84 , 114 , (11 20 7 1 6) , 1008 , ((20 * 6) - (7 - 1)) , 139
2020.09.10-19.52.48,v1.07,85 , 114 , (11 20 7 1 6) , 2000 , none,  223
2020.09.10-19.52.48,v1.07,86 , 114 , (11 20 7 1 6) , 1330 , ((6 * 20) - (7 - 1)) , 124
2020.09.10-19.52.48,v1.07,87 , 114 , (11 20 7 1 6) , 230 , ((20 * 6) - (7 - 1)) , 33
2020.09.10-19.52.48,v1.07,88 , 114 , (11 20 7 1 6) , 591 , ((6 * 20) - (7 - 1)) , 52
2020.09.10-19.52.48,v1.07,89 , 114 , (11 20 7 1 6) , 598 , ((20 * 6) - (7 - 1)) , 46
2020.09.10-19.52.48,v1.07,90 , 114 , (11 20 7 1 6) , 2000 , none,  274
2020.09.10-19.52.48,v1.07,91 , 114 , (11 20 7 1 6) , 2000 , none,  426
2020.09.10-19.52.48,v1.07,92 , 114 , (11 20 7 1 6) , 448 , ((6 * 20) - (7 - 1)) , 100
2020.09.10-19.52.48,v1.07,93 , 114 , (11 20 7 1 6) , 123 , ((6 * 20) - (7 - 1)) , 12
2020.09.10-19.52.48,v1.07,94 , 114 , (11 20 7 1 6) , 1969 , ((6 * 20) - (7 - 1)) , 241
2020.09.10-19.52.48,v1.07,95 , 114 , (11 20 7 1 6) , 408 , ((20 * 6) - (7 - 1)) , 25
2020.09.10-19.52.48,v1.07,96 , 114 , (11 20 7 1 6) , 537 , ((20 * 6) - (7 - 1)) , 110
2020.09.10-19.52.48,v1.07,97 , 114 , (11 20 7 1 6) , 108 , ((6 * 20) - (7 - 1)) , 5
2020.09.10-19.52.48,v1.07,98 , 114 , (11 20 7 1 6) , 2000 , none,  265
2020.09.10-19.52.48,v1.07,99 , 114 , (11 20 7 1 6) , 878 , ((6 * 20) - (7 - 1)) , 209
2020.09.10-19.52.48,v1.07,0 , 87 , (8 3 9 10 7) , 105 , ((10 * 9) - 3) , 10
2020.09.10-19.52.48,v1.07,1 , 87 , (8 3 9 10 7) , 1178 , ((9 * 7) + (8 * 3)) , 236
2020.09.10-19.52.48,v1.07,2 , 87 , (8 3 9 10 7) , 2000 , none,  354
2020.09.10-19.52.48,v1.07,3 , 87 , (8 3 9 10 7) , 828 , ((7 * 9) + (3 * 8)) , 108
2020.09.10-19.52.48,v1.07,4 , 87 , (8 3 9 10 7) , 117 , ((9 * 7) + (8 * 3)) , 2
2020.09.10-19.52.48,v1.07,5 , 87 , (8 3 9 10 7) , 314 , ((9 * 10) - 3) , 49
2020.09.10-19.52.48,v1.07,6 , 87 , (8 3 9 10 7) , 873 , ((10 * 9) - 3) , 79
2020.09.10-19.52.48,v1.07,7 , 87 , (8 3 9 10 7) , 175 , ((8 * 10) + 7) , 23
2020.09.10-19.52.48,v1.07,8 , 87 , (8 3 9 10 7) , 390 , ((10 * 9) - 3) , 46
2020.09.10-19.52.48,v1.07,9 , 87 , (8 3 9 10 7) , 410 , ((10 * 8) + 7) , 35
2020.09.10-19.52.48,v1.07,10 , 87 , (8 3 9 10 7) , 1270 , ((9 * 10) - 3) , 251
2020.09.10-19.52.48,v1.07,11 , 87 , (8 3 9 10 7) , 66 , ((10 * 9) - 3) , 0
2020.09.10-19.52.48,v1.07,12 , 87 , (8 3 9 10 7) , 572 , ((9 * 10) - 3) , 127
2020.09.10-19.52.48,v1.07,13 , 87 , (8 3 9 10 7) , 609 , ((7 * 10) + (8 + 9)) , 62
2020.09.10-19.52.48,v1.07,14 , 87 , (8 3 9 10 7) , 163 , ((7 * 9) + (3 * 8)) , 4
2020.09.10-19.52.48,v1.07,15 , 87 , (8 3 9 10 7) , 48 , ((8 * 10) + 7) , 0
2020.09.10-19.52.48,v1.07,16 , 87 , (8 3 9 10 7) , 925 , ((10 * 9) - 3) , 158
2020.09.10-19.52.48,v1.07,17 , 87 , (8 3 9 10 7) , 2000 , none,  514
2020.09.10-19.52.48,v1.07,18 , 87 , (8 3 9 10 7) , 214 , ((10 * 8) + 7) , 31
2020.09.10-19.52.48,v1.07,19 , 87 , (8 3 9 10 7) , 729 , ((10 * 8) + 7) , 147
2020.09.10-19.52.48,v1.07,20 , 87 , (8 3 9 10 7) , 53 , ((8 * 10) + 7) , 0
2020.09.10-19.52.48,v1.07,21 , 87 , (8 3 9 10 7) , 272 , ((9 * 10) - 3) , 32
2020.09.10-19.52.48,v1.07,22 , 87 , (8 3 9 10 7) , 346 , ((8 * 10) + 7) , 35
2020.09.10-19.52.48,v1.07,23 , 87 , (8 3 9 10 7) , 1148 , ((10 * 9) - 3) , 153
2020.09.10-19.52.48,v1.07,24 , 87 , (8 3 9 10 7) , 2000 , none,  283
2020.09.10-19.52.48,v1.07,25 , 87 , (8 3 9 10 7) , 778 , ((10 * 7) + (8 + 9)) , 90
2020.09.10-19.52.48,v1.07,26 , 87 , (8 3 9 10 7) , 41 , ((8 * 10) + 7) , 0
2020.09.10-19.52.48,v1.07,27 , 87 , (8 3 9 10 7) , 511 , ((10 * 8) + 7) , 64
2020.09.10-19.52.48,v1.07,28 , 87 , (8 3 9 10 7) , 400 , ((8 * 10) + 7) , 38
2020.09.10-19.52.48,v1.07,29 , 87 , (8 3 9 10 7) , 242 , ((9 * 10) - 3) , 11
2020.09.10-19.52.48,v1.07,30 , 87 , (8 3 9 10 7) , 628 , ((9 * 10) - 3) , 85
2020.09.10-19.52.48,v1.07,31 , 87 , (8 3 9 10 7) , 190 , ((9 * 10) - 3) , 24
2020.09.10-19.52.48,v1.07,32 , 87 , (8 3 9 10 7) , 93 , ((9 * 7) + (3 * 8)) , 0
2020.09.10-19.52.48,v1.07,33 , 87 , (8 3 9 10 7) , 955 , ((9 * 10) - 3) , 141
2020.09.10-19.52.48,v1.07,34 , 87 , (8 3 9 10 7) , 604 , ((10 * 9) - 3) , 110
2020.09.10-19.52.48,v1.07,35 , 87 , (8 3 9 10 7) , 244 , ((9 * 10) - 3) , 31
2020.09.10-19.52.48,v1.07,36 , 87 , (8 3 9 10 7) , 55 , ((10 * 9) - 3) , 1
2020.09.10-19.52.48,v1.07,37 , 87 , (8 3 9 10 7) , 426 , ((10 * 8) + 7) , 73
2020.09.10-19.52.48,v1.07,38 , 87 , (8 3 9 10 7) , 1680 , ((7 * 9) + (3 * 8)) , 354
2020.09.10-19.52.48,v1.07,39 , 87 , (8 3 9 10 7) , 1446 , ((9 * 10) - 3) , 303
2020.09.10-19.52.48,v1.07,40 , 87 , (8 3 9 10 7) , 1207 , ((9 * 10) - 3) , 269
2020.09.10-19.52.48,v1.07,41 , 87 , (8 3 9 10 7) , 907 , ((7 * 10) + (9 + 8)) , 130
2020.09.10-19.52.48,v1.07,42 , 87 , (8 3 9 10 7) , 219 , ((7 * 10) + (8 + 9)) , 12
2020.09.10-19.52.48,v1.07,43 , 87 , (8 3 9 10 7) , 59 , ((10 * 7) + (8 + 9)) , 0
2020.09.10-19.52.48,v1.07,44 , 87 , (8 3 9 10 7) , 157 , ((9 * 10) - 3) , 14
2020.09.10-19.52.48,v1.07,45 , 87 , (8 3 9 10 7) , 511 , ((7 * 9) + (3 * 8)) , 74
2020.09.10-19.52.48,v1.07,46 , 87 , (8 3 9 10 7) , 553 , ((8 * 10) + 7) , 62
2020.09.10-19.52.48,v1.07,47 , 87 , (8 3 9 10 7) , 1237 , ((10 * 8) + 7) , 290
2020.09.10-19.52.48,v1.07,48 , 87 , (8 3 9 10 7) , 1238 , ((10 * 9) - 3) , 222
2020.09.10-19.52.48,v1.07,49 , 87 , (8 3 9 10 7) , 72 , ((10 * 8) + 7) , 5
2020.09.10-19.52.48,v1.07,50 , 87 , (8 3 9 10 7) , 336 , ((9 * 7) + (3 * 8)) , 44
2020.09.10-19.52.48,v1.07,51 , 87 , (8 3 9 10 7) , 55 , ((7 * 9) + (8 * 3)) , 0
2020.09.10-19.52.48,v1.07,52 , 87 , (8 3 9 10 7) , 765 , ((10 * 8) + 7) , 114
2020.09.10-19.52.48,v1.07,53 , 87 , (8 3 9 10 7) , 93 , ((8 * 10) + 7) , 4
2020.09.10-19.52.48,v1.07,54 , 87 , (8 3 9 10 7) , 43 , ((10 * 9) - 3) , 0
2020.09.10-19.52.48,v1.07,55 , 87 , (8 3 9 10 7) , 62 , ((10 * 8) + 7) , 0
2020.09.10-19.52.48,v1.07,56 , 87 , (8 3 9 10 7) , 1531 , ((8 * 10) + 7) , 340
2020.09.10-19.52.48,v1.07,57 , 87 , (8 3 9 10 7) , 281 , ((7 * 9) + (8 * 3)) , 21
2020.09.10-19.52.48,v1.07,58 , 87 , (8 3 9 10 7) , 532 , ((10 * 9) - 3) , 68
2020.09.10-19.52.48,v1.07,59 , 87 , (8 3 9 10 7) , 1529 , ((10 * 9) - 3) , 170
2020.09.10-19.52.48,v1.07,60 , 87 , (8 3 9 10 7) , 47 , ((9 * 10) - 3) , 2
2020.09.10-19.52.48,v1.07,61 , 87 , (8 3 9 10 7) , 39 , ((9 * 10) - 3) , 0
2020.09.10-19.52.48,v1.07,62 , 87 , (8 3 9 10 7) , 1304 , ((9 * 10) - 3) , 223
2020.09.10-19.52.48,v1.07,63 , 87 , (8 3 9 10 7) , 1470 , ((8 * 10) + 7) , 161
2020.09.10-19.52.48,v1.07,64 , 87 , (8 3 9 10 7) , 70 , ((9 * 7) + (8 * 3)) , 0
2020.09.10-19.52.48,v1.07,65 , 87 , (8 3 9 10 7) , 2000 , none,  458
2020.09.10-19.52.48,v1.07,66 , 87 , (8 3 9 10 7) , 885 , ((9 * 10) - 3) , 230
2020.09.10-19.52.48,v1.07,67 , 87 , (8 3 9 10 7) , 828 , ((7 * 10) + (8 + 9)) , 79
2020.09.10-19.52.48,v1.07,68 , 87 , (8 3 9 10 7) , 2000 , none,  366
2020.09.10-19.52.48,v1.07,69 , 87 , (8 3 9 10 7) , 1100 , ((10 * 9) - 3) , 163
2020.09.10-19.52.48,v1.07,70 , 87 , (8 3 9 10 7) , 1567 , ((9 * 10) - 3) , 223
2020.09.10-19.52.48,v1.07,71 , 87 , (8 3 9 10 7) , 1665 , ((9 * 10) - 3) , 407
2020.09.10-19.52.48,v1.07,72 , 87 , (8 3 9 10 7) , 273 , ((9 * 10) - 3) , 36
2020.09.10-19.52.48,v1.07,73 , 87 , (8 3 9 10 7) , 873 , ((8 * 10) + 7) , 140
2020.09.10-19.52.48,v1.07,74 , 87 , (8 3 9 10 7) , 69 , ((9 * 10) - 3) , 0
2020.09.10-19.52.48,v1.07,75 , 87 , (8 3 9 10 7) , 908 , ((9 * 10) - 3) , 124
2020.09.10-19.52.48,v1.07,76 , 87 , (8 3 9 10 7) , 1579 , ((9 * 10) - 3) , 353
2020.09.10-19.52.48,v1.07,77 , 87 , (8 3 9 10 7) , 272 , ((9 * 7) + (8 * 3)) , 24
2020.09.10-19.52.48,v1.07,78 , 87 , (8 3 9 10 7) , 1306 , ((9 * 10) - 3) , 297
2020.09.10-19.52.48,v1.07,79 , 87 , (8 3 9 10 7) , 769 , ((10 * 8) + 7) , 174
2020.09.10-19.52.48,v1.07,80 , 87 , (8 3 9 10 7) , 1268 , ((7 * 10) + (8 + 9)) , 265
2020.09.10-19.52.48,v1.07,81 , 87 , (8 3 9 10 7) , 96 , ((10 * 9) - 3) , 0
2020.09.10-19.52.48,v1.07,82 , 87 , (8 3 9 10 7) , 796 , ((10 * 9) - 3) , 176
2020.09.10-19.52.48,v1.07,83 , 87 , (8 3 9 10 7) , 540 , ((10 * 9) - 3) , 100
2020.09.10-19.52.48,v1.07,84 , 87 , (8 3 9 10 7) , 542 , ((10 * 8) + 7) , 79
2020.09.10-19.52.48,v1.07,85 , 87 , (8 3 9 10 7) , 2000 , none,  410
2020.09.10-19.52.48,v1.07,86 , 87 , (8 3 9 10 7) , 167 , ((10 * 8) + 7) , 18
2020.09.10-19.52.48,v1.07,87 , 87 , (8 3 9 10 7) , 316 , ((10 * 8) + 7) , 56
2020.09.10-19.52.48,v1.07,88 , 87 , (8 3 9 10 7) , 339 , ((10 * 7) + (8 + 9)) , 29
2020.09.10-19.52.48,v1.07,89 , 87 , (8 3 9 10 7) , 1061 , ((9 * 10) - 3) , 161
2020.09.10-19.52.48,v1.07,90 , 87 , (8 3 9 10 7) , 1217 , ((10 * 7) + (8 + 9)) , 125
2020.09.10-19.52.48,v1.07,91 , 87 , (8 3 9 10 7) , 287 , ((9 * 10) - 3) , 40
2020.09.10-19.52.48,v1.07,92 , 87 , (8 3 9 10 7) , 46 , ((10 * 8) + 7) , 0
2020.09.10-19.52.48,v1.07,93 , 87 , (8 3 9 10 7) , 52 , ((10 * 9) - 3) , 0
2020.09.10-19.52.48,v1.07,94 , 87 , (8 3 9 10 7) , 1231 , ((9 * 7) + (8 * 3)) , 242
2020.09.10-19.52.48,v1.07,95 , 87 , (8 3 9 10 7) , 249 , ((10 * 8) + 7) , 43
2020.09.10-19.52.48,v1.07,96 , 87 , (8 3 9 10 7) , 1934 , ((8 * 10) + 7) , 362
2020.09.10-19.52.48,v1.07,97 , 87 , (8 3 9 10 7) , 106 , ((9 * 10) - 3) , 8
2020.09.10-19.52.48,v1.07,98 , 87 , (8 3 9 10 7) , 1126 , ((10 * 9) - 3) , 259
2020.09.10-19.52.48,v1.07,99 , 87 , (8 3 9 10 7) , 1346 , ((7 * 9) + (3 * 8)) , 191
2020.09.10-19.52.48,v1.07,0 , 31 , (3 5 24 3 14) , 2000 , none,  257
2020.09.10-19.52.48,v1.07,1 , 31 , (3 5 24 3 14) , 2000 , none,  317
2020.09.10-19.52.48,v1.07,2 , 31 , (3 5 24 3 14) , 2000 , none,  296
2020.09.10-19.52.48,v1.07,3 , 31 , (3 5 24 3 14) , 2000 , none,  244
2020.09.10-19.52.48,v1.07,4 , 31 , (3 5 24 3 14) , 2000 , none,  246
2020.09.10-19.52.48,v1.07,5 , 31 , (3 5 24 3 14) , 2000 , none,  343
2020.09.10-19.52.48,v1.07,6 , 31 , (3 5 24 3 14) , 2000 , none,  283
2020.09.10-19.52.48,v1.07,7 , 31 , (3 5 24 3 14) , 2000 , none,  237
2020.09.10-19.52.48,v1.07,8 , 31 , (3 5 24 3 14) , 2000 , none,  271
2020.09.10-19.52.48,v1.07,9 , 31 , (3 5 24 3 14) , 2000 , none,  342
2020.09.10-19.52.48,v1.07,10 , 31 , (3 5 24 3 14) , 2000 , none,  374
2020.09.10-19.52.48,v1.07,11 , 31 , (3 5 24 3 14) , 2000 , none,  309
2020.09.10-19.52.48,v1.07,12 , 31 , (3 5 24 3 14) , 2000 , none,  283
2020.09.10-19.52.48,v1.07,13 , 31 , (3 5 24 3 14) , 2000 , none,  238
2020.09.10-19.52.48,v1.07,14 , 31 , (3 5 24 3 14) , 2000 , none,  334
2020.09.10-19.52.48,v1.07,15 , 31 , (3 5 24 3 14) , 2000 , none,  344
2020.09.10-19.52.48,v1.07,16 , 31 , (3 5 24 3 14) , 2000 , none,  265
2020.09.10-19.52.48,v1.07,17 , 31 , (3 5 24 3 14) , 2000 , none,  311
2020.09.10-19.52.48,v1.07,18 , 31 , (3 5 24 3 14) , 2000 , none,  324
2020.09.10-19.52.48,v1.07,19 , 31 , (3 5 24 3 14) , 2000 , none,  316
2020.09.10-19.52.48,v1.07,20 , 31 , (3 5 24 3 14) , 2000 , none,  192
2020.09.10-19.52.48,v1.07,21 , 31 , (3 5 24 3 14) , 2000 , none,  276
2020.09.10-19.52.48,v1.07,22 , 31 , (3 5 24 3 14) , 2000 , none,  312
2020.09.10-19.52.48,v1.07,23 , 31 , (3 5 24 3 14) , 2000 , none,  335
2020.09.10-19.52.48,v1.07,24 , 31 , (3 5 24 3 14) , 2000 , none,  293
2020.09.10-19.52.48,v1.07,25 , 31 , (3 5 24 3 14) , 2000 , none,  286
2020.09.10-19.52.48,v1.07,26 , 31 , (3 5 24 3 14) , 2000 , none,  313
2020.09.10-19.52.48,v1.07,27 , 31 , (3 5 24 3 14) , 2000 , none,  252
2020.09.10-19.52.48,v1.07,28 , 31 , (3 5 24 3 14) , 2000 , none,  288
2020.09.10-19.52.48,v1.07,29 , 31 , (3 5 24 3 14) , 2000 , none,  312
2020.09.10-19.52.48,v1.07,30 , 31 , (3 5 24 3 14) , 2000 , none,  210
2020.09.10-19.52.48,v1.07,31 , 31 , (3 5 24 3 14) , 2000 , none,  277
2020.09.10-19.52.48,v1.07,32 , 31 , (3 5 24 3 14) , 2000 , none,  313
2020.09.10-19.52.48,v1.07,33 , 31 , (3 5 24 3 14) , 2000 , none,  266
2020.09.10-19.52.48,v1.07,34 , 31 , (3 5 24 3 14) , 2000 , none,  301
2020.09.10-19.52.48,v1.07,35 , 31 , (3 5 24 3 14) , 2000 , none,  290
2020.09.10-19.52.48,v1.07,36 , 31 , (3 5 24 3 14) , 2000 , none,  371
2020.09.10-19.52.48,v1.07,37 , 31 , (3 5 24 3 14) , 2000 , none,  366
2020.09.10-19.52.48,v1.07,38 , 31 , (3 5 24 3 14) , 2000 , none,  331
2020.09.10-19.52.48,v1.07,39 , 31 , (3 5 24 3 14) , 2000 , none,  218
2020.09.10-19.52.48,v1.07,40 , 31 , (3 5 24 3 14) , 2000 , none,  240
2020.09.10-19.52.48,v1.07,41 , 31 , (3 5 24 3 14) , 2000 , none,  314
2020.09.10-19.52.48,v1.07,42 , 31 , (3 5 24 3 14) , 2000 , none,  274
2020.09.10-19.52.48,v1.07,43 , 31 , (3 5 24 3 14) , 2000 , none,  324
2020.09.10-19.52.48,v1.07,44 , 31 , (3 5 24 3 14) , 2000 , none,  293
2020.09.10-19.52.48,v1.07,45 , 31 , (3 5 24 3 14) , 2000 , none,  278
2020.09.10-19.52.48,v1.07,46 , 31 , (3 5 24 3 14) , 2000 , none,  275
2020.09.10-19.52.48,v1.07,47 , 31 , (3 5 24 3 14) , 2000 , none,  285
2020.09.10-19.52.48,v1.07,48 , 31 , (3 5 24 3 14) , 2000 , none,  237
2020.09.10-19.52.48,v1.07,49 , 31 , (3 5 24 3 14) , 2000 , none,  206
2020.09.10-19.52.48,v1.07,50 , 31 , (3 5 24 3 14) , 2000 , none,  337
2020.09.10-19.52.48,v1.07,51 , 31 , (3 5 24 3 14) , 2000 , none,  343
2020.09.10-19.52.48,v1.07,52 , 31 , (3 5 24 3 14) , 2000 , none,  243
2020.09.10-19.52.48,v1.07,53 , 31 , (3 5 24 3 14) , 2000 , none,  189
2020.09.10-19.52.48,v1.07,54 , 31 , (3 5 24 3 14) , 2000 , none,  250
2020.09.10-19.52.48,v1.07,55 , 31 , (3 5 24 3 14) , 2000 , none,  329
2020.09.10-19.52.48,v1.07,56 , 31 , (3 5 24 3 14) , 2000 , none,  213
2020.09.10-19.52.48,v1.07,57 , 31 , (3 5 24 3 14) , 2000 , none,  289
2020.09.10-19.52.48,v1.07,58 , 31 , (3 5 24 3 14) , 2000 , none,  305
2020.09.10-19.52.48,v1.07,59 , 31 , (3 5 24 3 14) , 2000 , none,  297
2020.09.10-19.52.48,v1.07,60 , 31 , (3 5 24 3 14) , 2000 , none,  315
2020.09.10-19.52.48,v1.07,61 , 31 , (3 5 24 3 14) , 2000 , none,  278
2020.09.10-19.52.48,v1.07,62 , 31 , (3 5 24 3 14) , 2000 , none,  296
2020.09.10-19.52.48,v1.07,63 , 31 , (3 5 24 3 14) , 2000 , none,  288
2020.09.10-19.52.48,v1.07,64 , 31 , (3 5 24 3 14) , 2000 , none,  183
2020.09.10-19.52.48,v1.07,65 , 31 , (3 5 24 3 14) , 2000 , none,  303
2020.09.10-19.52.48,v1.07,66 , 31 , (3 5 24 3 14) , 2000 , none,  369
2020.09.10-19.52.48,v1.07,67 , 31 , (3 5 24 3 14) , 2000 , none,  289
2020.09.10-19.52.48,v1.07,68 , 31 , (3 5 24 3 14) , 2000 , none,  321
2020.09.10-19.52.48,v1.07,69 , 31 , (3 5 24 3 14) , 2000 , none,  279
2020.09.10-19.52.48,v1.07,70 , 31 , (3 5 24 3 14) , 2000 , none,  281
2020.09.10-19.52.48,v1.07,71 , 31 , (3 5 24 3 14) , 2000 , none,  259
2020.09.10-19.52.48,v1.07,72 , 31 , (3 5 24 3 14) , 2000 , none,  264
2020.09.10-19.52.48,v1.07,73 , 31 , (3 5 24 3 14) , 2000 , none,  248
2020.09.10-19.52.48,v1.07,74 , 31 , (3 5 24 3 14) , 2000 , none,  308
2020.09.10-19.52.48,v1.07,75 , 31 , (3 5 24 3 14) , 2000 , none,  268
2020.09.10-19.52.48,v1.07,76 , 31 , (3 5 24 3 14) , 2000 , none,  255
2020.09.10-19.52.48,v1.07,77 , 31 , (3 5 24 3 14) , 2000 , none,  330
2020.09.10-19.52.48,v1.07,78 , 31 , (3 5 24 3 14) , 2000 , none,  291
2020.09.10-19.52.48,v1.07,79 , 31 , (3 5 24 3 14) , 2000 , none,  315
2020.09.10-19.52.48,v1.07,80 , 31 , (3 5 24 3 14) , 2000 , none,  287
2020.09.10-19.52.48,v1.07,81 , 31 , (3 5 24 3 14) , 2000 , none,  314
2020.09.10-19.52.48,v1.07,82 , 31 , (3 5 24 3 14) , 2000 , none,  311
2020.09.10-19.52.48,v1.07,83 , 31 , (3 5 24 3 14) , 2000 , none,  294
2020.09.10-19.52.48,v1.07,84 , 31 , (3 5 24 3 14) , 2000 , none,  263
2020.09.10-19.52.48,v1.07,85 , 31 , (3 5 24 3 14) , 2000 , none,  398
2020.09.10-19.52.48,v1.07,86 , 31 , (3 5 24 3 14) , 2000 , none,  274
2020.09.10-19.52.48,v1.07,87 , 31 , (3 5 24 3 14) , 2000 , none,  337
2020.09.10-19.52.48,v1.07,88 , 31 , (3 5 24 3 14) , 2000 , none,  240
2020.09.10-19.52.48,v1.07,89 , 31 , (3 5 24 3 14) , 2000 , none,  304
2020.09.10-19.52.48,v1.07,90 , 31 , (3 5 24 3 14) , 2000 , none,  344
2020.09.10-19.52.48,v1.07,91 , 31 , (3 5 24 3 14) , 2000 , none,  251
2020.09.10-19.52.48,v1.07,92 , 31 , (3 5 24 3 14) , 2000 , none,  317
2020.09.10-19.52.48,v1.07,93 , 31 , (3 5 24 3 14) , 2000 , none,  316
2020.09.10-19.52.48,v1.07,94 , 31 , (3 5 24 3 14) , 2000 , none,  205
2020.09.10-19.52.48,v1.07,95 , 31 , (3 5 24 3 14) , 2000 , none,  333
2020.09.10-19.52.48,v1.07,96 , 31 , (3 5 24 3 14) , 2000 , none,  319
2020.09.10-19.52.48,v1.07,97 , 31 , (3 5 24 3 14) , 2000 , none,  360
2020.09.10-19.52.48,v1.07,98 , 31 , (3 5 24 3 14) , 2000 , none,  245
2020.09.10-19.52.48,v1.07,99 , 31 , (3 5 24 3 14) , 2000 , none,  254
2020.09.10-19.52.48,v1.07,0 , 25 , (8 5 5 11 2) , 863 , (5 * 5) , 122
2020.09.10-19.52.48,v1.07,1 , 25 , (8 5 5 11 2) , 606 , (5 * 5) , 85
2020.09.10-19.52.48,v1.07,2 , 25 , (8 5 5 11 2) , 25 , (5 * 5) , 0
2020.09.10-19.52.48,v1.07,3 , 25 , (8 5 5 11 2) , 1775 , (5 * 5) , 177
2020.09.10-19.52.48,v1.07,4 , 25 , (8 5 5 11 2) , 123 , (5 * 5) , 13
2020.09.10-19.52.48,v1.07,5 , 25 , (8 5 5 11 2) , 1031 , (5 * 5) , 103
2020.09.10-19.52.48,v1.07,6 , 25 , (8 5 5 11 2) , 28 , (5 * 5) , 2
2020.09.10-19.52.48,v1.07,7 , 25 , (8 5 5 11 2) , 329 , (5 * 5) , 67
2020.09.10-19.52.48,v1.07,8 , 25 , (8 5 5 11 2) , 28 , (5 * 5) , 0
2020.09.10-19.52.48,v1.07,9 , 25 , (8 5 5 11 2) , 84 , (5 * 5) , 16
2020.09.10-19.52.48,v1.07,10 , 25 , (8 5 5 11 2) , 206 , (5 * 5) , 4
2020.09.10-19.52.48,v1.07,11 , 25 , (8 5 5 11 2) , 806 , (5 * 5) , 37
2020.09.10-19.52.48,v1.07,12 , 25 , (8 5 5 11 2) , 100 , (5 * 5) , 0
2020.09.10-19.52.48,v1.07,13 , 25 , (8 5 5 11 2) , 65 , (5 * 5) , 1
2020.09.10-19.52.48,v1.07,14 , 25 , (8 5 5 11 2) , 559 , (5 * 5) , 92
2020.09.10-19.52.48,v1.07,15 , 25 , (8 5 5 11 2) , 76 , ((2 * 11) + (8 - 5)) , 8
2020.09.10-19.52.48,v1.07,16 , 25 , (8 5 5 11 2) , 59 , (5 * 5) , 0
2020.09.10-19.52.48,v1.07,17 , 25 , (8 5 5 11 2) , 117 , (5 * 5) , 0
2020.09.10-19.52.48,v1.07,18 , 25 , (8 5 5 11 2) , 55 , (5 * 5) , 0
2020.09.10-19.52.48,v1.07,19 , 25 , (8 5 5 11 2) , 844 , (5 * 5) , 86
2020.09.10-19.52.48,v1.07,20 , 25 , (8 5 5 11 2) , 16 , (5 * 5) , 0
2020.09.10-19.52.48,v1.07,21 , 25 , (8 5 5 11 2) , 256 , (5 * 5) , 40
2020.09.10-19.52.48,v1.07,22 , 25 , (8 5 5 11 2) , 18 , (5 * 5) , 0
2020.09.10-19.52.48,v1.07,23 , 25 , (8 5 5 11 2) , 545 , (5 * 5) , 54
2020.09.10-19.52.48,v1.07,24 , 25 , (8 5 5 11 2) , 384 , (5 * 5) , 41
2020.09.10-19.52.48,v1.07,25 , 25 , (8 5 5 11 2) , 174 , (5 * 5) , 0
2020.09.10-19.52.48,v1.07,26 , 25 , (8 5 5 11 2) , 987 , (5 * 5) , 130
2020.09.10-19.52.48,v1.07,27 , 25 , (8 5 5 11 2) , 20 , (5 * 5) , 0
2020.09.10-19.52.48,v1.07,28 , 25 , (8 5 5 11 2) , 128 , ((11 * 2) + (8 - 5)) , 9
2020.09.10-19.52.48,v1.07,29 , 25 , (8 5 5 11 2) , 129 , (5 * 5) , 17
2020.09.10-19.52.48,v1.07,30 , 25 , (8 5 5 11 2) , 215 , (5 * 5) , 17
2020.09.10-19.52.48,v1.07,31 , 25 , (8 5 5 11 2) , 277 , (5 * 5) , 22
2020.09.10-19.52.48,v1.07,32 , 25 , (8 5 5 11 2) , 977 , (5 * 5) , 118
2020.09.10-19.52.48,v1.07,33 , 25 , (8 5 5 11 2) , 55 , (5 * 5) , 8
2020.09.10-19.52.48,v1.07,34 , 25 , (8 5 5 11 2) , 117 , (5 * 5) , 0
2020.09.10-19.52.48,v1.07,35 , 25 , (8 5 5 11 2) , 319 , (5 * 5) , 36
2020.09.10-19.52.48,v1.07,36 , 25 , (8 5 5 11 2) , 235 , ((2 * 11) + (8 - 5)) , 13
2020.09.10-19.52.48,v1.07,37 , 25 , (8 5 5 11 2) , 424 , (5 * 5) , 91
2020.09.10-19.52.48,v1.07,38 , 25 , (8 5 5 11 2) , 41 , (5 * 5) , 0
2020.09.10-19.52.48,v1.07,39 , 25 , (8 5 5 11 2) , 428 , (5 * 5) , 46
2020.09.10-19.52.48,v1.07,40 , 25 , (8 5 5 11 2) , 133 , (5 * 5) , 9
2020.09.10-19.52.48,v1.07,41 , 25 , (8 5 5 11 2) , 456 , (5 * 5) , 46
2020.09.10-19.52.48,v1.07,42 , 25 , (8 5 5 11 2) , 285 , (5 * 5) , 27
2020.09.10-19.52.48,v1.07,43 , 25 , (8 5 5 11 2) , 725 , (5 * 5) , 58
2020.09.10-19.52.48,v1.07,44 , 25 , (8 5 5 11 2) , 26 , (5 * 5) , 0
2020.09.10-19.52.48,v1.07,45 , 25 , (8 5 5 11 2) , 298 , (5 * 5) , 28
2020.09.10-19.52.48,v1.07,46 , 25 , (8 5 5 11 2) , 2000 , none,  188
2020.09.10-19.52.48,v1.07,47 , 25 , (8 5 5 11 2) , 264 , (5 * 5) , 31
2020.09.10-19.52.48,v1.07,48 , 25 , (8 5 5 11 2) , 197 , (5 * 5) , 15
2020.09.10-19.52.48,v1.07,49 , 25 , (8 5 5 11 2) , 27 , (5 * 5) , 0
2020.09.10-19.52.48,v1.07,50 , 25 , (8 5 5 11 2) , 713 , (5 * 5) , 55
2020.09.10-19.52.48,v1.07,51 , 25 , (8 5 5 11 2) , 24 , (5 * 5) , 2
2020.09.10-19.52.48,v1.07,52 , 25 , (8 5 5 11 2) , 374 , (5 * 5) , 19
2020.09.10-19.52.48,v1.07,53 , 25 , (8 5 5 11 2) , 19 , (5 * 5) , 0
2020.09.10-19.52.48,v1.07,54 , 25 , (8 5 5 11 2) , 64 , (5 * 5) , 5
2020.09.10-19.52.48,v1.07,55 , 25 , (8 5 5 11 2) , 111 , (5 * 5) , 10
2020.09.10-19.52.48,v1.07,56 , 25 , (8 5 5 11 2) , 264 , (5 * 5) , 15
2020.09.10-19.52.48,v1.07,57 , 25 , (8 5 5 11 2) , 1001 , (5 * 5) , 148
2020.09.10-19.52.48,v1.07,58 , 25 , (8 5 5 11 2) , 495 , (5 * 5) , 61
2020.09.10-19.52.48,v1.07,59 , 25 , (8 5 5 11 2) , 20 , (5 * 5) , 0
2020.09.10-19.52.48,v1.07,60 , 25 , (8 5 5 11 2) , 113 , (5 * 5) , 19
2020.09.10-19.52.48,v1.07,61 , 25 , (8 5 5 11 2) , 303 , (5 * 5) , 49
2020.09.10-19.52.48,v1.07,62 , 25 , (8 5 5 11 2) , 95 , (5 * 5) , 18
2020.09.10-19.52.48,v1.07,63 , 25 , (8 5 5 11 2) , 22 , (5 * 5) , 0
2020.09.10-19.52.48,v1.07,64 , 25 , (8 5 5 11 2) , 55 , (5 * 5) , 4
2020.09.10-19.52.48,v1.07,65 , 25 , (8 5 5 11 2) , 30 , (5 * 5) , 0
2020.09.10-19.52.48,v1.07,66 , 25 , (8 5 5 11 2) , 87 , (5 * 5) , 4
2020.09.10-19.52.48,v1.07,67 , 25 , (8 5 5 11 2) , 30 , (5 * 5) , 0
2020.09.10-19.52.48,v1.07,68 , 25 , (8 5 5 11 2) , 1646 , (5 * 5) , 130
2020.09.10-19.52.48,v1.07,69 , 25 , (8 5 5 11 2) , 1796 , (5 * 5) , 183
2020.09.10-19.52.48,v1.07,70 , 25 , (8 5 5 11 2) , 68 , (5 * 5) , 1
2020.09.10-19.52.48,v1.07,71 , 25 , (8 5 5 11 2) , 25 , (5 * 5) , 0
2020.09.10-19.52.48,v1.07,72 , 25 , (8 5 5 11 2) , 183 , (5 * 5) , 6
2020.09.10-19.52.48,v1.07,73 , 25 , (8 5 5 11 2) , 213 , (5 * 5) , 4
2020.09.10-19.52.48,v1.07,74 , 25 , (8 5 5 11 2) , 644 , (5 * 5) , 82
2020.09.10-19.52.48,v1.07,75 , 25 , (8 5 5 11 2) , 28 , (5 * 5) , 0
2020.09.10-19.52.48,v1.07,76 , 25 , (8 5 5 11 2) , 66 , (5 * 5) , 0
2020.09.10-19.52.48,v1.07,77 , 25 , (8 5 5 11 2) , 32 , (5 * 5) , 0
2020.09.10-19.52.48,v1.07,78 , 25 , (8 5 5 11 2) , 45 , (5 * 5) , 0
2020.09.10-19.52.48,v1.07,79 , 25 , (8 5 5 11 2) , 425 , (5 * 5) , 34
2020.09.10-19.52.48,v1.07,80 , 25 , (8 5 5 11 2) , 287 , (5 * 5) , 29
2020.09.10-19.52.48,v1.07,81 , 25 , (8 5 5 11 2) , 737 , (5 * 5) , 64
2020.09.10-19.52.48,v1.07,82 , 25 , (8 5 5 11 2) , 126 , ((2 * 11) + (8 - 5)) , 14
2020.09.10-19.52.48,v1.07,83 , 25 , (8 5 5 11 2) , 25 , (5 * 5) , 0
2020.09.10-19.52.48,v1.07,84 , 25 , (8 5 5 11 2) , 399 , (5 * 5) , 19
2020.09.10-19.52.48,v1.07,85 , 25 , (8 5 5 11 2) , 2000 , none,  195
2020.09.10-19.52.48,v1.07,86 , 25 , (8 5 5 11 2) , 1325 , (5 * 5) , 181
2020.09.10-19.52.48,v1.07,87 , 25 , (8 5 5 11 2) , 73 , (5 * 5) , 7
2020.09.10-19.52.48,v1.07,88 , 25 , (8 5 5 11 2) , 116 , (5 * 5) , 14
2020.09.10-19.52.48,v1.07,89 , 25 , (8 5 5 11 2) , 119 , (5 * 5) , 5
2020.09.10-19.52.48,v1.07,90 , 25 , (8 5 5 11 2) , 538 , (5 * 5) , 87
2020.09.10-19.52.48,v1.07,91 , 25 , (8 5 5 11 2) , 109 , (5 * 5) , 9
2020.09.10-19.52.48,v1.07,92 , 25 , (8 5 5 11 2) , 26 , (5 * 5) , 0
2020.09.10-19.52.48,v1.07,93 , 25 , (8 5 5 11 2) , 163 , (5 * 5) , 24
2020.09.10-19.52.48,v1.07,94 , 25 , (8 5 5 11 2) , 139 , (5 * 5) , 14
2020.09.10-19.52.48,v1.07,95 , 25 , (8 5 5 11 2) , 584 , (5 * 5) , 56
2020.09.10-19.52.48,v1.07,96 , 25 , (8 5 5 11 2) , 29 , (5 * 5) , 0
2020.09.10-19.52.48,v1.07,97 , 25 , (8 5 5 11 2) , 24 , (5 * 5) , 0
2020.09.10-19.52.48,v1.07,98 , 25 , (8 5 5 11 2) , 347 , (5 * 5) , 26
2020.09.10-19.52.48,v1.07,99 , 25 , (8 5 5 11 2) , 668 , (5 * 5) , 82
2020.09.10-19.52.48,v1.07,0 , 81 , (9 7 2 25 18) , 945 , ((9 * 7) + 18) , 259
2020.09.10-19.52.48,v1.07,1 , 81 , (9 7 2 25 18) , 459 , ((9 * 7) + 18) , 80
2020.09.10-19.52.48,v1.07,2 , 81 , (9 7 2 25 18) , 73 , ((9 * 7) + 18) , 3
2020.09.10-19.52.48,v1.07,3 , 81 , (9 7 2 25 18) , 99 , ((7 * 9) + 18) , 12
2020.09.10-19.52.48,v1.07,4 , 81 , (9 7 2 25 18) , 2000 , none,  477
2020.09.10-19.52.48,v1.07,5 , 81 , (9 7 2 25 18) , 2000 , none,  457
2020.09.10-19.52.48,v1.07,6 , 81 , (9 7 2 25 18) , 53 , ((9 * 7) + 18) , 0
2020.09.10-19.52.48,v1.07,7 , 81 , (9 7 2 25 18) , 835 , ((9 * 7) + 18) , 248
2020.09.10-19.52.48,v1.07,8 , 81 , (9 7 2 25 18) , 389 , ((7 * 9) + 18) , 66
2020.09.10-19.52.48,v1.07,9 , 81 , (9 7 2 25 18) , 414 , ((7 * 9) + 18) , 90
2020.09.10-19.52.48,v1.07,10 , 81 , (9 7 2 25 18) , 535 , ((9 * 7) + 18) , 144
2020.09.10-19.52.48,v1.07,11 , 81 , (9 7 2 25 18) , 94 , ((7 * 9) + 18) , 4
2020.09.10-19.52.48,v1.07,12 , 81 , (9 7 2 25 18) , 746 , ((9 * 7) + 18) , 191
2020.09.10-19.52.48,v1.07,13 , 81 , (9 7 2 25 18) , 76 , ((9 * 7) + 18) , 16
2020.09.10-19.52.48,v1.07,14 , 81 , (9 7 2 25 18) , 71 , ((7 * 9) + 18) , 6
2020.09.10-19.52.48,v1.07,15 , 81 , (9 7 2 25 18) , 402 , ((9 * 7) + 18) , 111
2020.09.10-19.52.48,v1.07,16 , 81 , (9 7 2 25 18) , 98 , ((9 * 7) + 18) , 5
2020.09.10-19.52.48,v1.07,17 , 81 , (9 7 2 25 18) , 640 , ((9 * 7) + 18) , 145
2020.09.10-19.52.48,v1.07,18 , 81 , (9 7 2 25 18) , 465 , ((9 * 7) + 18) , 146
2020.09.10-19.52.48,v1.07,19 , 81 , (9 7 2 25 18) , 659 , ((7 * 9) + 18) , 194
2020.09.10-19.52.48,v1.07,20 , 81 , (9 7 2 25 18) , 356 , ((7 * 9) + 18) , 65
2020.09.10-19.52.48,v1.07,21 , 81 , (9 7 2 25 18) , 547 , ((9 * 7) + 18) , 123
2020.09.10-19.52.48,v1.07,22 , 81 , (9 7 2 25 18) , 347 , ((7 * 9) + 18) , 66
2020.09.10-19.52.48,v1.07,23 , 81 , (9 7 2 25 18) , 905 , ((7 * 9) + 18) , 186
2020.09.10-19.52.48,v1.07,24 , 81 , (9 7 2 25 18) , 648 , ((7 * 9) + 18) , 200
2020.09.10-19.52.48,v1.07,25 , 81 , (9 7 2 25 18) , 219 , ((9 * 7) + 18) , 37
2020.09.10-19.52.48,v1.07,26 , 81 , (9 7 2 25 18) , 307 , ((9 * 7) + 18) , 104
2020.09.10-19.52.48,v1.07,27 , 81 , (9 7 2 25 18) , 921 , ((7 * 9) + 18) , 236
2020.09.10-19.52.48,v1.07,28 , 81 , (9 7 2 25 18) , 98 , ((7 * 9) + 18) , 12
2020.09.10-19.52.48,v1.07,29 , 81 , (9 7 2 25 18) , 935 , ((9 * 7) + 18) , 273
2020.09.10-19.52.48,v1.07,30 , 81 , (9 7 2 25 18) , 472 , ((7 * 9) + 18) , 118
2020.09.10-19.52.48,v1.07,31 , 81 , (9 7 2 25 18) , 1694 , ((7 * 9) + 18) , 426
2020.09.10-19.52.48,v1.07,32 , 81 , (9 7 2 25 18) , 58 , ((9 * 7) + 18) , 0
2020.09.10-19.52.48,v1.07,33 , 81 , (9 7 2 25 18) , 1182 , ((9 * 7) + 18) , 301
2020.09.10-19.52.48,v1.07,34 , 81 , (9 7 2 25 18) , 360 , ((7 * 9) + 18) , 126
2020.09.10-19.52.48,v1.07,35 , 81 , (9 7 2 25 18) , 1277 , ((9 * 7) + 18) , 336
2020.09.10-19.52.48,v1.07,36 , 81 , (9 7 2 25 18) , 68 , ((9 * 7) + 18) , 4
2020.09.10-19.52.48,v1.07,37 , 81 , (9 7 2 25 18) , 63 , ((9 * 7) + 18) , 8
2020.09.10-19.52.48,v1.07,38 , 81 , (9 7 2 25 18) , 77 , ((9 * 7) + 18) , 5
2020.09.10-19.52.48,v1.07,39 , 81 , (9 7 2 25 18) , 104 , ((7 * 9) + 18) , 21
2020.09.10-19.52.48,v1.07,40 , 81 , (9 7 2 25 18) , 229 , ((9 * 7) + 18) , 34
2020.09.10-19.52.48,v1.07,41 , 81 , (9 7 2 25 18) , 999 , ((9 * 7) + 18) , 236
2020.09.10-19.52.48,v1.07,42 , 81 , (9 7 2 25 18) , 1062 , ((7 * 9) + 18) , 255
2020.09.10-19.52.48,v1.07,43 , 81 , (9 7 2 25 18) , 174 , ((9 * 7) + 18) , 53
2020.09.10-19.52.48,v1.07,44 , 81 , (9 7 2 25 18) , 1000 , ((9 * 7) + 18) , 247
2020.09.10-19.52.48,v1.07,45 , 81 , (9 7 2 25 18) , 888 , ((9 * 7) + 18) , 236
2020.09.10-19.52.48,v1.07,46 , 81 , (9 7 2 25 18) , 81 , ((9 * 7) + 18) , 13
2020.09.10-19.52.48,v1.07,47 , 81 , (9 7 2 25 18) , 227 , ((9 * 7) + 18) , 39
2020.09.10-19.52.48,v1.07,48 , 81 , (9 7 2 25 18) , 712 , ((7 * 9) + 18) , 129
2020.09.10-19.52.48,v1.07,49 , 81 , (9 7 2 25 18) , 459 , ((9 * 7) + 18) , 103
2020.09.10-19.52.48,v1.07,50 , 81 , (9 7 2 25 18) , 120 , ((9 * 7) + 18) , 25
2020.09.10-19.52.48,v1.07,51 , 81 , (9 7 2 25 18) , 286 , ((7 * 9) + 18) , 62
2020.09.10-19.52.48,v1.07,52 , 81 , (9 7 2 25 18) , 720 , ((9 * 7) + 18) , 157
2020.09.10-19.52.48,v1.07,53 , 81 , (9 7 2 25 18) , 237 , ((9 * 7) + 18) , 57
2020.09.10-19.52.48,v1.07,54 , 81 , (9 7 2 25 18) , 103 , ((9 * 7) + 18) , 18
2020.09.10-19.52.48,v1.07,55 , 81 , (9 7 2 25 18) , 460 , ((7 * 9) + 18) , 133
2020.09.10-19.52.48,v1.07,56 , 81 , (9 7 2 25 18) , 606 , ((7 * 9) + 18) , 146
2020.09.10-19.52.48,v1.07,57 , 81 , (9 7 2 25 18) , 895 , ((9 * 7) + 18) , 238
2020.09.10-19.52.48,v1.07,58 , 81 , (9 7 2 25 18) , 47 , ((9 * 7) + 18) , 2
2020.09.10-19.52.48,v1.07,59 , 81 , (9 7 2 25 18) , 1160 , ((9 * 7) + 18) , 393
2020.09.10-19.52.48,v1.07,60 , 81 , (9 7 2 25 18) , 51 , ((9 * 7) + 18) , 7
2020.09.10-19.52.48,v1.07,61 , 81 , (9 7 2 25 18) , 504 , ((9 * 7) + 18) , 129
2020.09.10-19.52.48,v1.07,62 , 81 , (9 7 2 25 18) , 616 , ((7 * 9) + 18) , 152
2020.09.10-19.52.48,v1.07,63 , 81 , (9 7 2 25 18) , 60 , ((7 * 9) + 18) , 0
2020.09.10-19.52.48,v1.07,64 , 81 , (9 7 2 25 18) , 210 , ((9 * 7) + 18) , 35
2020.09.10-19.52.48,v1.07,65 , 81 , (9 7 2 25 18) , 172 , ((7 * 9) + 18) , 23
2020.09.10-19.52.48,v1.07,66 , 81 , (9 7 2 25 18) , 288 , ((7 * 9) + 18) , 56
2020.09.10-19.52.48,v1.07,67 , 81 , (9 7 2 25 18) , 2000 , none,  538
2020.09.10-19.52.48,v1.07,68 , 81 , (9 7 2 25 18) , 345 , ((9 * 7) + 18) , 62
2020.09.10-19.52.48,v1.07,69 , 81 , (9 7 2 25 18) , 190 , ((9 * 7) + 18) , 42
2020.09.10-19.52.48,v1.07,70 , 81 , (9 7 2 25 18) , 107 , ((7 * 9) + 18) , 11
2020.09.10-19.52.48,v1.07,71 , 81 , (9 7 2 25 18) , 250 , ((9 * 7) + 18) , 62
2020.09.10-19.52.48,v1.07,72 , 81 , (9 7 2 25 18) , 2000 , none,  529
2020.09.10-19.52.48,v1.07,73 , 81 , (9 7 2 25 18) , 515 , ((9 * 7) + 18) , 163
2020.09.10-19.52.48,v1.07,74 , 81 , (9 7 2 25 18) , 758 , ((7 * 9) + 18) , 182
2020.09.10-19.52.48,v1.07,75 , 81 , (9 7 2 25 18) , 355 , ((7 * 9) + 18) , 65
2020.09.10-19.52.48,v1.07,76 , 81 , (9 7 2 25 18) , 360 , ((9 * 7) + 18) , 70
2020.09.10-19.52.48,v1.07,77 , 81 , (9 7 2 25 18) , 647 , ((7 * 9) + 18) , 149
2020.09.10-19.52.48,v1.07,78 , 81 , (9 7 2 25 18) , 395 , ((9 * 7) + 18) , 107
2020.09.10-19.52.48,v1.07,79 , 81 , (9 7 2 25 18) , 495 , ((7 * 9) + 18) , 134
2020.09.10-19.52.48,v1.07,80 , 81 , (9 7 2 25 18) , 56 , ((9 * 7) + 18) , 8
2020.09.10-19.52.48,v1.07,81 , 81 , (9 7 2 25 18) , 308 , ((7 * 9) + 18) , 57
2020.09.10-19.52.48,v1.07,82 , 81 , (9 7 2 25 18) , 832 , ((9 * 7) + 18) , 206
2020.09.10-19.52.48,v1.07,83 , 81 , (9 7 2 25 18) , 110 , ((7 * 9) + 18) , 19
2020.09.10-19.52.48,v1.07,84 , 81 , (9 7 2 25 18) , 156 , ((7 * 9) + 18) , 40
2020.09.10-19.52.48,v1.07,85 , 81 , (9 7 2 25 18) , 725 , ((7 * 9) + 18) , 185
2020.09.10-19.52.48,v1.07,86 , 81 , (9 7 2 25 18) , 64 , ((7 * 9) + 18) , 10
2020.09.10-19.52.48,v1.07,87 , 81 , (9 7 2 25 18) , 269 , ((9 * 7) + 18) , 63
2020.09.10-19.52.48,v1.07,88 , 81 , (9 7 2 25 18) , 676 , ((9 * 7) + 18) , 156
2020.09.10-19.52.48,v1.07,89 , 81 , (9 7 2 25 18) , 1163 , ((9 * 7) + 18) , 247
2020.09.10-19.52.48,v1.07,90 , 81 , (9 7 2 25 18) , 1277 , ((7 * 9) + 18) , 386
2020.09.10-19.52.48,v1.07,91 , 81 , (9 7 2 25 18) , 120 , ((9 * 7) + 18) , 14
2020.09.10-19.52.48,v1.07,92 , 81 , (9 7 2 25 18) , 759 , ((9 * 7) + 18) , 160
2020.09.10-19.52.48,v1.07,93 , 81 , (9 7 2 25 18) , 200 , ((9 * 7) + 18) , 33
2020.09.10-19.52.48,v1.07,94 , 81 , (9 7 2 25 18) , 431 , ((7 * 9) + 18) , 64
2020.09.10-19.52.48,v1.07,95 , 81 , (9 7 2 25 18) , 199 , ((9 * 7) + 18) , 51
2020.09.10-19.52.48,v1.07,96 , 81 , (9 7 2 25 18) , 135 , ((9 * 7) + 18) , 7
2020.09.10-19.52.48,v1.07,97 , 81 , (9 7 2 25 18) , 210 , ((9 * 7) + 18) , 50
2020.09.10-19.52.48,v1.07,98 , 81 , (9 7 2 25 18) , 1504 , ((9 * 7) + 18) , 376
2020.09.10-19.52.48,v1.07,99 , 81 , (9 7 2 25 18) , 229 , ((9 * 7) + 18) , 37
2020.09.10-19.52.48,v1.07,0 , 6 , (3 3 17 11 22) , 25 , (3 + 3) , 0
2020.09.10-19.52.48,v1.07,1 , 6 , (3 3 17 11 22) , 556 , (3 + 3) , 74
2020.09.10-19.52.48,v1.07,2 , 6 , (3 3 17 11 22) , 345 , (17 - 11) , 46
2020.09.10-19.52.48,v1.07,3 , 6 , (3 3 17 11 22) , 386 , (3 + 3) , 74
2020.09.10-19.52.48,v1.07,4 , 6 , (3 3 17 11 22) , 66 , (3 + 3) , 0
2020.09.10-19.52.48,v1.07,5 , 6 , (3 3 17 11 22) , 244 , (3 + 3) , 30
2020.09.10-19.52.48,v1.07,6 , 6 , (3 3 17 11 22) , 65 , (3 + 3) , 0
2020.09.10-19.52.48,v1.07,7 , 6 , (3 3 17 11 22) , 155 , (3 + 3) , 19
2020.09.10-19.52.48,v1.07,8 , 6 , (3 3 17 11 22) , 295 , (3 + 3) , 44
2020.09.10-19.52.48,v1.07,9 , 6 , (3 3 17 11 22) , 84 , (3 + 3) , 0
2020.09.10-19.52.48,v1.07,10 , 6 , (3 3 17 11 22) , 86 , (3 + 3) , 9
2020.09.10-19.52.48,v1.07,11 , 6 , (3 3 17 11 22) , 23 , (3 + 3) , 0
2020.09.10-19.52.48,v1.07,12 , 6 , (3 3 17 11 22) , 674 , (3 + 3) , 121
2020.09.10-19.52.48,v1.07,13 , 6 , (3 3 17 11 22) , 886 , (3 + 3) , 117
2020.09.10-19.52.48,v1.07,14 , 6 , (3 3 17 11 22) , 36 , (3 + 3) , 1
2020.09.10-19.52.48,v1.07,15 , 6 , (3 3 17 11 22) , 44 , (3 + 3) , 0
2020.09.10-19.52.48,v1.07,16 , 6 , (3 3 17 11 22) , 415 , (3 + 3) , 76
2020.09.10-19.52.48,v1.07,17 , 6 , (3 3 17 11 22) , 23 , (3 + 3) , 0
2020.09.10-19.52.48,v1.07,18 , 6 , (3 3 17 11 22) , 45 , (3 + 3) , 1
2020.09.10-19.52.48,v1.07,19 , 6 , (3 3 17 11 22) , 64 , (3 + 3) , 8
2020.09.10-19.52.48,v1.07,20 , 6 , (3 3 17 11 22) , 64 , (3 + 3) , 5
2020.09.10-19.52.48,v1.07,21 , 6 , (3 3 17 11 22) , 23 , (3 + 3) , 0
2020.09.10-19.52.48,v1.07,22 , 6 , (3 3 17 11 22) , 20 , (3 + 3) , 0
2020.09.10-19.52.48,v1.07,23 , 6 , (3 3 17 11 22) , 35 , (3 + 3) , 1
2020.09.10-19.52.48,v1.07,24 , 6 , (3 3 17 11 22) , 27 , (3 + 3) , 0
2020.09.10-19.52.48,v1.07,25 , 6 , (3 3 17 11 22) , 95 , (3 + 3) , 6
2020.09.10-19.52.48,v1.07,26 , 6 , (3 3 17 11 22) , 460 , (3 + 3) , 64
2020.09.10-19.52.48,v1.07,27 , 6 , (3 3 17 11 22) , 335 , (3 + 3) , 68
2020.09.10-19.52.48,v1.07,28 , 6 , (3 3 17 11 22) , 75 , (3 + 3) , 9
2020.09.10-19.52.48,v1.07,29 , 6 , (3 3 17 11 22) , 20 , (3 + 3) , 0
2020.09.10-19.52.48,v1.07,30 , 6 , (3 3 17 11 22) , 666 , (3 + 3) , 100
2020.09.10-19.52.48,v1.07,31 , 6 , (3 3 17 11 22) , 69 , (3 + 3) , 0
2020.09.10-19.52.48,v1.07,32 , 6 , (3 3 17 11 22) , 295 , (3 + 3) , 53
2020.09.10-19.52.48,v1.07,33 , 6 , (3 3 17 11 22) , 65 , (3 + 3) , 8
2020.09.10-19.52.48,v1.07,34 , 6 , (3 3 17 11 22) , 865 , (3 + 3) , 153
2020.09.10-19.52.48,v1.07,35 , 6 , (3 3 17 11 22) , 232 , (3 + 3) , 38
2020.09.10-19.52.48,v1.07,36 , 6 , (3 3 17 11 22) , 45 , (3 + 3) , 1
2020.09.10-19.52.48,v1.07,37 , 6 , (3 3 17 11 22) , 575 , (3 + 3) , 88
2020.09.10-19.52.48,v1.07,38 , 6 , (3 3 17 11 22) , 75 , (3 + 3) , 8
2020.09.10-19.52.48,v1.07,39 , 6 , (3 3 17 11 22) , 125 , (3 + 3) , 11
2020.09.10-19.52.48,v1.07,40 , 6 , (3 3 17 11 22) , 427 , (3 + 3) , 60
2020.09.10-19.52.48,v1.07,41 , 6 , (3 3 17 11 22) , 98 , (3 + 3) , 13
2020.09.10-19.52.48,v1.07,42 , 6 , (3 3 17 11 22) , 260 , (3 + 3) , 38
2020.09.10-19.52.48,v1.07,43 , 6 , (3 3 17 11 22) , 126 , (3 + 3) , 20
2020.09.10-19.52.48,v1.07,44 , 6 , (3 3 17 11 22) , 27 , (3 + 3) , 0
2020.09.10-19.52.48,v1.07,45 , 6 , (3 3 17 11 22) , 22 , (3 + 3) , 0
2020.09.10-19.52.48,v1.07,46 , 6 , (3 3 17 11 22) , 25 , (3 + 3) , 2
2020.09.10-19.52.48,v1.07,47 , 6 , (3 3 17 11 22) , 73 , (3 + 3) , 10
2020.09.10-19.52.48,v1.07,48 , 6 , (3 3 17 11 22) , 255 , (3 + 3) , 34
2020.09.10-19.52.48,v1.07,49 , 6 , (3 3 17 11 22) , 265 , (3 + 3) , 47
2020.09.10-19.52.48,v1.07,50 , 6 , (3 3 17 11 22) , 103 , (3 + 3) , 23
2020.09.10-19.52.48,v1.07,51 , 6 , (3 3 17 11 22) , 384 , (3 + 3) , 60
2020.09.10-19.52.48,v1.07,52 , 6 , (3 3 17 11 22) , 65 , (3 + 3) , 3
2020.09.10-19.52.48,v1.07,53 , 6 , (3 3 17 11 22) , 135 , (3 + 3) , 33
2020.09.10-19.52.48,v1.07,54 , 6 , (3 3 17 11 22) , 27 , (3 + 3) , 0
2020.09.10-19.52.48,v1.07,55 , 6 , (3 3 17 11 22) , 68 , (3 + 3) , 3
2020.09.10-19.52.48,v1.07,56 , 6 , (3 3 17 11 22) , 586 , (3 + 3) , 113
2020.09.10-19.52.48,v1.07,57 , 6 , (3 3 17 11 22) , 95 , (3 + 3) , 18
2020.09.10-19.52.48,v1.07,58 , 6 , (3 3 17 11 22) , 133 , (3 + 3) , 7
2020.09.10-19.52.48,v1.07,59 , 6 , (3 3 17 11 22) , 437 , (3 + 3) , 62
2020.09.10-19.52.48,v1.07,60 , 6 , (3 3 17 11 22) , 66 , (3 + 3) , 0
2020.09.10-19.52.48,v1.07,61 , 6 , (3 3 17 11 22) , 125 , (3 + 3) , 16
2020.09.10-19.52.48,v1.07,62 , 6 , (3 3 17 11 22) , 253 , (3 + 3) , 31
2020.09.10-19.52.48,v1.07,63 , 6 , (3 3 17 11 22) , 125 , (3 + 3) , 17
2020.09.10-19.52.48,v1.07,64 , 6 , (3 3 17 11 22) , 496 , (3 + 3) , 65
2020.09.10-19.52.48,v1.07,65 , 6 , (3 3 17 11 22) , 26 , (3 + 3) , 0
2020.09.10-19.52.48,v1.07,66 , 6 , (3 3 17 11 22) , 17 , (3 + 3) , 0
2020.09.10-19.52.48,v1.07,67 , 6 , (3 3 17 11 22) , 178 , (17 - 11) , 17
2020.09.10-19.52.48,v1.07,68 , 6 , (3 3 17 11 22) , 28 , (3 + 3) , 0
2020.09.10-19.52.48,v1.07,69 , 6 , (3 3 17 11 22) , 66 , (3 + 3) , 5
2020.09.10-19.52.48,v1.07,70 , 6 , (3 3 17 11 22) , 263 , (3 + 3) , 57
2020.09.10-19.52.48,v1.07,71 , 6 , (3 3 17 11 22) , 55 , (3 + 3) , 8
2020.09.10-19.52.48,v1.07,72 , 6 , (3 3 17 11 22) , 47 , (3 + 3) , 2
2020.09.10-19.52.48,v1.07,73 , 6 , (3 3 17 11 22) , 25 , (3 + 3) , 0
2020.09.10-19.52.48,v1.07,74 , 6 , (3 3 17 11 22) , 22 , (3 + 3) , 0
2020.09.10-19.52.48,v1.07,75 , 6 , (3 3 17 11 22) , 157 , (3 + 3) , 32
2020.09.10-19.52.48,v1.07,76 , 6 , (3 3 17 11 22) , 119 , (3 + 3) , 7
2020.09.10-19.52.48,v1.07,77 , 6 , (3 3 17 11 22) , 158 , (3 + 3) , 34
2020.09.10-19.52.48,v1.07,78 , 6 , (3 3 17 11 22) , 96 , (3 + 3) , 8
2020.09.10-19.52.48,v1.07,79 , 6 , (3 3 17 11 22) , 105 , (3 + 3) , 21
2020.09.10-19.52.48,v1.07,80 , 6 , (3 3 17 11 22) , 295 , (3 + 3) , 47
2020.09.10-19.52.48,v1.07,81 , 6 , (3 3 17 11 22) , 20 , (3 + 3) , 0
2020.09.10-19.52.48,v1.07,82 , 6 , (3 3 17 11 22) , 185 , (3 + 3) , 23
2020.09.10-19.52.48,v1.07,83 , 6 , (3 3 17 11 22) , 24 , (3 + 3) , 0
2020.09.10-19.52.48,v1.07,84 , 6 , (3 3 17 11 22) , 143 , (3 + 3) , 22
2020.09.10-19.52.48,v1.07,85 , 6 , (3 3 17 11 22) , 156 , (3 + 3) , 26
2020.09.10-19.52.48,v1.07,86 , 6 , (3 3 17 11 22) , 165 , (3 + 3) , 13
2020.09.10-19.52.48,v1.07,87 , 6 , (3 3 17 11 22) , 43 , (3 + 3) , 0
2020.09.10-19.52.48,v1.07,88 , 6 , (3 3 17 11 22) , 65 , (3 + 3) , 4
2020.09.10-19.52.48,v1.07,89 , 6 , (3 3 17 11 22) , 45 , (3 + 3) , 9
2020.09.10-19.52.48,v1.07,90 , 6 , (3 3 17 11 22) , 45 , (3 + 3) , 3
2020.09.10-19.52.48,v1.07,91 , 6 , (3 3 17 11 22) , 315 , (3 + 3) , 60
2020.09.10-19.52.48,v1.07,92 , 6 , (3 3 17 11 22) , 100 , (3 + 3) , 7
2020.09.10-19.52.48,v1.07,93 , 6 , (3 3 17 11 22) , 736 , (3 + 3) , 136
2020.09.10-19.52.48,v1.07,94 , 6 , (3 3 17 11 22) , 29 , (3 + 3) , 0
2020.09.10-19.52.48,v1.07,95 , 6 , (3 3 17 11 22) , 64 , (3 + 3) , 6
2020.09.10-19.52.48,v1.07,96 , 6 , (3 3 17 11 22) , 106 , (3 + 3) , 17
2020.09.10-19.52.48,v1.07,97 , 6 , (3 3 17 11 22) , 24 , (3 + 3) , 0
2020.09.10-19.52.48,v1.07,98 , 6 , (3 3 17 11 22) , 280 , (3 + 3) , 60
2020.09.10-19.52.48,v1.07,99 , 6 , (3 3 17 11 22) , 35 , (3 + 3) , 0
2020.09.10-19.52.48,v1.07,0 , 11 , (2 5 1 25 23) , 994 , ((2 * 5) + 1) , 194
2020.09.10-19.52.48,v1.07,1 , 11 , (2 5 1 25 23) , 155 , ((2 * 5) + 1) , 25
2020.09.10-19.52.48,v1.07,2 , 11 , (2 5 1 25 23) , 799 , ((5 * 2) + 1) , 164
2020.09.10-19.52.48,v1.07,3 , 11 , (2 5 1 25 23) , 2000 , none,  489
2020.09.10-19.52.48,v1.07,4 , 11 , (2 5 1 25 23) , 1577 , ((5 * 2) + 1) , 392
2020.09.10-19.52.48,v1.07,5 , 11 , (2 5 1 25 23) , 38 , ((2 * 5) + 1) , 0
2020.09.10-19.52.48,v1.07,6 , 11 , (2 5 1 25 23) , 36 , ((5 * 2) + 1) , 0
2020.09.10-19.52.48,v1.07,7 , 11 , (2 5 1 25 23) , 205 , ((2 * 5) + 1) , 44
2020.09.10-19.52.48,v1.07,8 , 11 , (2 5 1 25 23) , 230 , ((2 * 5) + 1) , 32
2020.09.10-19.52.48,v1.07,9 , 11 , (2 5 1 25 23) , 434 , ((5 * 2) + 1) , 88
2020.09.10-19.52.48,v1.07,10 , 11 , (2 5 1 25 23) , 229 , ((5 * 2) + 1) , 50
2020.09.10-19.52.48,v1.07,11 , 11 , (2 5 1 25 23) , 590 , ((5 * 2) + 1) , 150
2020.09.10-19.52.48,v1.07,12 , 11 , (2 5 1 25 23) , 176 , ((5 * 2) + 1) , 4
2020.09.10-19.52.48,v1.07,13 , 11 , (2 5 1 25 23) , 777 , ((2 * 5) + 1) , 151
2020.09.10-19.52.48,v1.07,14 , 11 , (2 5 1 25 23) , 65 , ((5 * 2) + 1) , 0
2020.09.10-19.52.48,v1.07,15 , 11 , (2 5 1 25 23) , 471 , ((2 * 5) + 1) , 111
2020.09.10-19.52.48,v1.07,16 , 11 , (2 5 1 25 23) , 166 , ((5 * 2) + 1) , 36
2020.09.10-19.52.48,v1.07,17 , 11 , (2 5 1 25 23) , 904 , ((2 * 5) + 1) , 227
2020.09.10-19.52.48,v1.07,18 , 11 , (2 5 1 25 23) , 179 , ((5 * 2) + 1) , 30
2020.09.10-19.52.48,v1.07,19 , 11 , (2 5 1 25 23) , 260 , ((5 * 2) + 1) , 35
2020.09.10-19.52.48,v1.07,20 , 11 , (2 5 1 25 23) , 58 , ((5 * 2) + 1) , 5
2020.09.10-19.52.48,v1.07,21 , 11 , (2 5 1 25 23) , 865 , ((5 * 2) + 1) , 225
2020.09.10-19.52.48,v1.07,22 , 11 , (2 5 1 25 23) , 1769 , ((5 * 2) + 1) , 427
2020.09.10-19.52.48,v1.07,23 , 11 , (2 5 1 25 23) , 49 , ((2 * 5) + 1) , 0
2020.09.10-19.52.48,v1.07,24 , 11 , (2 5 1 25 23) , 399 , ((5 * 2) + 1) , 82
2020.09.10-19.52.48,v1.07,25 , 11 , (2 5 1 25 23) , 272 , ((5 * 2) + 1) , 52
2020.09.10-19.52.48,v1.07,26 , 11 , (2 5 1 25 23) , 1005 , ((5 * 2) + 1) , 219
2020.09.10-19.52.48,v1.07,27 , 11 , (2 5 1 25 23) , 217 , ((2 * 5) + 1) , 40
2020.09.10-19.52.48,v1.07,28 , 11 , (2 5 1 25 23) , 548 , ((5 * 2) + 1) , 118
2020.09.10-19.52.48,v1.07,29 , 11 , (2 5 1 25 23) , 2000 , none,  462
2020.09.10-19.52.48,v1.07,30 , 11 , (2 5 1 25 23) , 486 , ((2 * 5) + 1) , 109
2020.09.10-19.52.48,v1.07,31 , 11 , (2 5 1 25 23) , 64 , ((5 * 2) + 1) , 8
2020.09.10-19.52.48,v1.07,32 , 11 , (2 5 1 25 23) , 1164 , ((5 * 2) + 1) , 278
2020.09.10-19.52.48,v1.07,33 , 11 , (2 5 1 25 23) , 56 , ((5 * 2) + 1) , 0
2020.09.10-19.52.48,v1.07,34 , 11 , (2 5 1 25 23) , 844 , ((5 * 2) + 1) , 199
2020.09.10-19.52.48,v1.07,35 , 11 , (2 5 1 25 23) , 75 , ((5 * 2) + 1) , 3
2020.09.10-19.52.48,v1.07,36 , 11 , (2 5 1 25 23) , 300 , ((2 * 5) + 1) , 50
2020.09.10-19.52.48,v1.07,37 , 11 , (2 5 1 25 23) , 31 , ((5 * 2) + 1) , 0
2020.09.10-19.52.48,v1.07,38 , 11 , (2 5 1 25 23) , 566 , ((5 * 2) + 1) , 134
2020.09.10-19.52.48,v1.07,39 , 11 , (2 5 1 25 23) , 32 , ((5 * 2) + 1) , 3
2020.09.10-19.52.48,v1.07,40 , 11 , (2 5 1 25 23) , 302 , ((2 * 5) + 1) , 48
2020.09.10-19.52.48,v1.07,41 , 11 , (2 5 1 25 23) , 89 , ((5 * 2) + 1) , 0
2020.09.10-19.52.48,v1.07,42 , 11 , (2 5 1 25 23) , 839 , ((5 * 2) + 1) , 199
2020.09.10-19.52.48,v1.07,43 , 11 , (2 5 1 25 23) , 144 , ((5 * 2) + 1) , 26
2020.09.10-19.52.48,v1.07,44 , 11 , (2 5 1 25 23) , 349 , ((5 * 2) + 1) , 79
2020.09.10-19.52.48,v1.07,45 , 11 , (2 5 1 25 23) , 808 , ((2 * 5) + 1) , 117
2020.09.10-19.52.48,v1.07,46 , 11 , (2 5 1 25 23) , 40 , ((5 * 2) + 1) , 0
2020.09.10-19.52.48,v1.07,47 , 11 , (2 5 1 25 23) , 782 , ((5 * 2) + 1) , 192
2020.09.10-19.52.48,v1.07,48 , 11 , (2 5 1 25 23) , 64 , ((5 * 2) + 1) , 0
2020.09.10-19.52.48,v1.07,49 , 11 , (2 5 1 25 23) , 548 , ((2 * 5) + 1) , 126
2020.09.10-19.52.48,v1.07,50 , 11 , (2 5 1 25 23) , 2000 , none,  452
2020.09.10-19.52.48,v1.07,51 , 11 , (2 5 1 25 23) , 206 , ((2 * 5) + 1) , 31
2020.09.10-19.52.48,v1.07,52 , 11 , (2 5 1 25 23) , 112 , ((5 * 2) + 1) , 25
2020.09.10-19.52.48,v1.07,53 , 11 , (2 5 1 25 23) , 1079 , ((5 * 2) + 1) , 233
2020.09.10-19.52.48,v1.07,54 , 11 , (2 5 1 25 23) , 153 , ((2 * 5) + 1) , 15
2020.09.10-19.52.48,v1.07,55 , 11 , (2 5 1 25 23) , 169 , ((5 * 2) + 1) , 32
2020.09.10-19.52.48,v1.07,56 , 11 , (2 5 1 25 23) , 1105 , ((5 * 2) + 1) , 244
2020.09.10-19.52.48,v1.07,57 , 11 , (2 5 1 25 23) , 358 , ((5 * 2) + 1) , 83
2020.09.10-19.52.48,v1.07,58 , 11 , (2 5 1 25 23) , 1010 , ((2 * 5) + 1) , 222
2020.09.10-19.52.48,v1.07,59 , 11 , (2 5 1 25 23) , 1046 , ((2 * 5) + 1) , 236
2020.09.10-19.52.48,v1.07,60 , 11 , (2 5 1 25 23) , 396 , ((2 * 5) + 1) , 78
2020.09.10-19.52.48,v1.07,61 , 11 , (2 5 1 25 23) , 141 , ((5 * 2) + 1) , 11
2020.09.10-19.52.48,v1.07,62 , 11 , (2 5 1 25 23) , 40 , ((5 * 2) + 1) , 0
2020.09.10-19.52.48,v1.07,63 , 11 , (2 5 1 25 23) , 338 , ((2 * 5) + 1) , 73
2020.09.10-19.52.48,v1.07,64 , 11 , (2 5 1 25 23) , 567 , ((2 * 5) + 1) , 91
2020.09.10-19.52.48,v1.07,65 , 11 , (2 5 1 25 23) , 347 , ((2 * 5) + 1) , 69
2020.09.10-19.52.48,v1.07,66 , 11 , (2 5 1 25 23) , 160 , ((5 * 2) + 1) , 20
2020.09.10-19.52.48,v1.07,67 , 11 , (2 5 1 25 23) , 1866 , ((5 * 2) + 1) , 459
2020.09.10-19.52.48,v1.07,68 , 11 , (2 5 1 25 23) , 45 , ((5 * 2) + 1) , 0
2020.09.10-19.52.48,v1.07,69 , 11 , (2 5 1 25 23) , 1112 , ((2 * 5) + 1) , 270
2020.09.10-19.52.48,v1.07,70 , 11 , (2 5 1 25 23) , 304 , ((2 * 5) + 1) , 29
2020.09.10-19.52.48,v1.07,71 , 11 , (2 5 1 25 23) , 78 , ((5 * 2) + 1) , 9
2020.09.10-19.52.48,v1.07,72 , 11 , (2 5 1 25 23) , 54 , ((5 * 2) + 1) , 0
2020.09.10-19.52.48,v1.07,73 , 11 , (2 5 1 25 23) , 776 , ((2 * 5) + 1) , 173
2020.09.10-19.52.48,v1.07,74 , 11 , (2 5 1 25 23) , 66 , ((5 * 2) + 1) , 1
2020.09.10-19.52.48,v1.07,75 , 11 , (2 5 1 25 23) , 245 , ((5 * 2) + 1) , 29
2020.09.10-19.52.48,v1.07,76 , 11 , (2 5 1 25 23) , 47 , ((5 * 2) + 1) , 0
2020.09.10-19.52.48,v1.07,77 , 11 , (2 5 1 25 23) , 615 , ((2 * 5) + 1) , 123
2020.09.10-19.52.48,v1.07,78 , 11 , (2 5 1 25 23) , 312 , ((2 * 5) + 1) , 59
2020.09.10-19.52.48,v1.07,79 , 11 , (2 5 1 25 23) , 1189 , ((2 * 5) + 1) , 275
2020.09.10-19.52.48,v1.07,80 , 11 , (2 5 1 25 23) , 79 , ((2 * 5) + 1) , 11
2020.09.10-19.52.48,v1.07,81 , 11 , (2 5 1 25 23) , 467 , ((2 * 5) + 1) , 94
2020.09.10-19.52.48,v1.07,82 , 11 , (2 5 1 25 23) , 1276 , ((5 * 2) + 1) , 344
2020.09.10-19.52.48,v1.07,83 , 11 , (2 5 1 25 23) , 629 , ((2 * 5) + 1) , 166
2020.09.10-19.52.48,v1.07,84 , 11 , (2 5 1 25 23) , 199 , ((5 * 2) + 1) , 35
2020.09.10-19.52.48,v1.07,85 , 11 , (2 5 1 25 23) , 465 , ((5 * 2) + 1) , 102
2020.09.10-19.52.48,v1.07,86 , 11 , (2 5 1 25 23) , 119 , ((2 * 5) + 1) , 0
2020.09.10-19.52.48,v1.07,87 , 11 , (2 5 1 25 23) , 74 , ((2 * 5) + 1) , 6
2020.09.10-19.52.48,v1.07,88 , 11 , (2 5 1 25 23) , 681 , ((2 * 5) + 1) , 120
2020.09.10-19.52.48,v1.07,89 , 11 , (2 5 1 25 23) , 286 , ((5 * 2) + 1) , 60
2020.09.10-19.52.48,v1.07,90 , 11 , (2 5 1 25 23) , 439 , ((2 * 5) + 1) , 65
2020.09.10-19.52.48,v1.07,91 , 11 , (2 5 1 25 23) , 59 , ((5 * 2) + 1) , 3
2020.09.10-19.52.48,v1.07,92 , 11 , (2 5 1 25 23) , 304 , ((5 * 2) + 1) , 61
2020.09.10-19.52.48,v1.07,93 , 11 , (2 5 1 25 23) , 55 , ((2 * 5) + 1) , 4
2020.09.10-19.52.48,v1.07,94 , 11 , (2 5 1 25 23) , 524 , ((5 * 2) + 1) , 114
2020.09.10-19.52.48,v1.07,95 , 11 , (2 5 1 25 23) , 537 , ((5 * 2) + 1) , 104
2020.09.10-19.52.48,v1.07,96 , 11 , (2 5 1 25 23) , 843 , ((5 * 2) + 1) , 179
2020.09.10-19.52.48,v1.07,97 , 11 , (2 5 1 25 23) , 436 , ((5 * 2) + 1) , 109
2020.09.10-19.52.48,v1.07,98 , 11 , (2 5 1 25 23) , 185 , ((5 * 2) + 1) , 29
2020.09.10-19.52.48,v1.07,99 , 11 , (2 5 1 25 23) , 98 , ((5 * 2) + 1) , 0
2020.09.10-19.52.48,v1.07,0 , 116 , (20 2 16 14 6) , 236 , ((6 * 16) + 20) , 38
2020.09.10-19.52.48,v1.07,1 , 116 , (20 2 16 14 6) , 186 , ((6 * 14) + (16 * 2)) , 32
2020.09.10-19.52.48,v1.07,2 , 116 , (20 2 16 14 6) , 310 , ((6 * 14) + (16 * 2)) , 75
2020.09.10-19.52.48,v1.07,3 , 116 , (20 2 16 14 6) , 85 , ((6 * 14) + (16 * 2)) , 10
2020.09.10-19.52.48,v1.07,4 , 116 , (20 2 16 14 6) , 275 , ((6 * 14) + (2 * 16)) , 40
2020.09.10-19.52.48,v1.07,5 , 116 , (20 2 16 14 6) , 330 , ((14 * 6) + (2 * 16)) , 70
2020.09.10-19.52.48,v1.07,6 , 116 , (20 2 16 14 6) , 975 , ((6 * 16) + 20) , 174
2020.09.10-19.52.48,v1.07,7 , 116 , (20 2 16 14 6) , 398 , ((6 * 14) + (2 * 16)) , 102
2020.09.10-19.52.48,v1.07,8 , 116 , (20 2 16 14 6) , 336 , ((6 * 14) + (16 * 2)) , 76
2020.09.10-19.52.48,v1.07,9 , 116 , (20 2 16 14 6) , 278 , ((16 * 6) + 20) , 47
2020.09.10-19.52.48,v1.07,10 , 116 , (20 2 16 14 6) , 379 , ((14 * 6) + (2 * 16)) , 61
2020.09.10-19.52.48,v1.07,11 , 116 , (20 2 16 14 6) , 632 , ((14 * 6) + (2 * 16)) , 137
2020.09.10-19.52.48,v1.07,12 , 116 , (20 2 16 14 6) , 98 , ((6 * 16) + 20) , 26
2020.09.10-19.52.48,v1.07,13 , 116 , (20 2 16 14 6) , 79 , ((16 * 6) + 20) , 0
2020.09.10-19.52.48,v1.07,14 , 116 , (20 2 16 14 6) , 240 , ((14 * 6) + (2 * 16)) , 62
2020.09.10-19.52.48,v1.07,15 , 116 , (20 2 16 14 6) , 98 , ((6 * 16) + 20) , 10
2020.09.10-19.52.48,v1.07,16 , 116 , (20 2 16 14 6) , 60 , ((16 * 6) + 20) , 0
2020.09.10-19.52.48,v1.07,17 , 116 , (20 2 16 14 6) , 58 , ((6 * 16) + 20) , 1
2020.09.10-19.52.48,v1.07,18 , 116 , (20 2 16 14 6) , 608 , ((14 * 6) + (2 * 16)) , 131
2020.09.10-19.52.48,v1.07,19 , 116 , (20 2 16 14 6) , 838 , ((6 * 14) + (16 * 2)) , 167
2020.09.10-19.52.48,v1.07,20 , 116 , (20 2 16 14 6) , 138 , ((6 * 14) + (2 * 16)) , 11
2020.09.10-19.52.48,v1.07,21 , 116 , (20 2 16 14 6) , 658 , ((14 * 6) + (16 * 2)) , 122
2020.09.10-19.52.48,v1.07,22 , 116 , (20 2 16 14 6) , 449 , ((6 * 14) + (16 * 2)) , 106
2020.09.10-19.52.48,v1.07,23 , 116 , (20 2 16 14 6) , 129 , ((14 * 6) + (16 * 2)) , 6
2020.09.10-19.52.48,v1.07,24 , 116 , (20 2 16 14 6) , 1035 , ((16 * 6) + 20) , 203
2020.09.10-19.52.48,v1.07,25 , 116 , (20 2 16 14 6) , 198 , ((6 * 14) + (2 * 16)) , 34
2020.09.10-19.52.48,v1.07,26 , 116 , (20 2 16 14 6) , 1883 , ((6 * 14) + (16 * 2)) , 337
2020.09.10-19.52.48,v1.07,27 , 116 , (20 2 16 14 6) , 53 , ((14 * 6) + (16 * 2)) , 0
2020.09.10-19.52.48,v1.07,28 , 116 , (20 2 16 14 6) , 339 , ((14 * 6) + (16 * 2)) , 64
2020.09.10-19.52.48,v1.07,29 , 116 , (20 2 16 14 6) , 1117 , ((6 * 14) + (2 * 16)) , 235
2020.09.10-19.52.48,v1.07,30 , 116 , (20 2 16 14 6) , 678 , ((6 * 16) + 20) , 189
2020.09.10-19.52.48,v1.07,31 , 116 , (20 2 16 14 6) , 81 , ((6 * 14) + (2 * 16)) , 3
2020.09.10-19.52.48,v1.07,32 , 116 , (20 2 16 14 6) , 1498 , ((14 * 6) + (2 * 16)) , 320
2020.09.10-19.52.48,v1.07,33 , 116 , (20 2 16 14 6) , 465 , ((14 * 6) + (2 * 16)) , 48
2020.09.10-19.52.48,v1.07,34 , 116 , (20 2 16 14 6) , 1155 , ((6 * 16) + 20) , 245
2020.09.10-19.52.48,v1.07,35 , 116 , (20 2 16 14 6) , 77 , ((6 * 16) + 20) , 5
2020.09.10-19.52.48,v1.07,36 , 116 , (20 2 16 14 6) , 239 , ((14 * 6) + (2 * 16)) , 35
2020.09.10-19.52.48,v1.07,37 , 116 , (20 2 16 14 6) , 686 , ((6 * 14) + (2 * 16)) , 142
2020.09.10-19.52.48,v1.07,38 , 116 , (20 2 16 14 6) , 479 , ((6 * 14) + (16 * 2)) , 97
2020.09.10-19.52.48,v1.07,39 , 116 , (20 2 16 14 6) , 136 , ((14 * 6) + (2 * 16)) , 10
2020.09.10-19.52.48,v1.07,40 , 116 , (20 2 16 14 6) , 50 , ((14 * 6) + (16 * 2)) , 0
2020.09.10-19.52.48,v1.07,41 , 116 , (20 2 16 14 6) , 133 , ((6 * 14) + (2 * 16)) , 8
2020.09.10-19.52.48,v1.07,42 , 116 , (20 2 16 14 6) , 637 , ((14 * 6) + (2 * 16)) , 116
2020.09.10-19.52.48,v1.07,43 , 116 , (20 2 16 14 6) , 367 , ((14 * 6) + (2 * 16)) , 80
2020.09.10-19.52.48,v1.07,44 , 116 , (20 2 16 14 6) , 367 , ((6 * 16) + 20) , 68
2020.09.10-19.52.48,v1.07,45 , 116 , (20 2 16 14 6) , 470 , ((6 * 14) + (2 * 16)) , 92
2020.09.10-19.52.48,v1.07,46 , 116 , (20 2 16 14 6) , 983 , ((16 * 6) + 20) , 226
2020.09.10-19.52.48,v1.07,47 , 116 , (20 2 16 14 6) , 431 , ((6 * 14) + (16 * 2)) , 48
2020.09.10-19.52.48,v1.07,48 , 116 , (20 2 16 14 6) , 159 , ((14 * 6) + (16 * 2)) , 26
2020.09.10-19.52.48,v1.07,49 , 116 , (20 2 16 14 6) , 176 , ((16 * 6) + 20) , 22
2020.09.10-19.52.48,v1.07,50 , 116 , (20 2 16 14 6) , 94 , ((6 * 16) + 20) , 16
2020.09.10-19.52.48,v1.07,51 , 116 , (20 2 16 14 6) , 958 , ((6 * 14) + (16 * 2)) , 197
2020.09.10-19.52.48,v1.07,52 , 116 , (20 2 16 14 6) , 38 , ((6 * 14) + (2 * 16)) , 0
2020.09.10-19.52.48,v1.07,53 , 116 , (20 2 16 14 6) , 119 , ((6 * 16) + 20) , 25
2020.09.10-19.52.48,v1.07,54 , 116 , (20 2 16 14 6) , 150 , ((14 * 6) + (2 * 16)) , 12
2020.09.10-19.52.48,v1.07,55 , 116 , (20 2 16 14 6) , 75 , ((6 * 16) + 20) , 10
2020.09.10-19.52.48,v1.07,56 , 116 , (20 2 16 14 6) , 106 , ((6 * 16) + 20) , 14
2020.09.10-19.52.48,v1.07,57 , 116 , (20 2 16 14 6) , 112 , ((6 * 14) + (2 * 16)) , 0
2020.09.10-19.52.48,v1.07,58 , 116 , (20 2 16 14 6) , 529 , ((6 * 14) + (16 * 2)) , 121
2020.09.10-19.52.48,v1.07,59 , 116 , (20 2 16 14 6) , 398 , ((6 * 14) + (16 * 2)) , 93
2020.09.10-19.52.48,v1.07,60 , 116 , (20 2 16 14 6) , 80 , ((6 * 14) + (16 * 2)) , 0
2020.09.10-19.52.48,v1.07,61 , 116 , (20 2 16 14 6) , 690 , ((6 * 14) + (2 * 16)) , 130
2020.09.10-19.52.48,v1.07,62 , 116 , (20 2 16 14 6) , 591 , ((6 * 16) + 20) , 113
2020.09.10-19.52.48,v1.07,63 , 116 , (20 2 16 14 6) , 258 , ((14 * 6) + (2 * 16)) , 45
2020.09.10-19.52.48,v1.07,64 , 116 , (20 2 16 14 6) , 217 , ((6 * 14) + (16 * 2)) , 29
2020.09.10-19.52.48,v1.07,65 , 116 , (20 2 16 14 6) , 587 , ((6 * 16) + 20) , 108
2020.09.10-19.52.48,v1.07,66 , 116 , (20 2 16 14 6) , 335 , ((6 * 14) + (2 * 16)) , 64
2020.09.10-19.52.48,v1.07,67 , 116 , (20 2 16 14 6) , 61 , ((6 * 16) + 20) , 2
2020.09.10-19.52.48,v1.07,68 , 116 , (20 2 16 14 6) , 211 , ((14 * 6) + (2 * 16)) , 18
2020.09.10-19.52.48,v1.07,69 , 116 , (20 2 16 14 6) , 94 , ((14 * 6) + (2 * 16)) , 7
2020.09.10-19.52.48,v1.07,70 , 116 , (20 2 16 14 6) , 65 , ((6 * 16) + 20) , 1
2020.09.10-19.52.48,v1.07,71 , 116 , (20 2 16 14 6) , 168 , ((14 * 6) + (2 * 16)) , 27
2020.09.10-19.52.48,v1.07,72 , 116 , (20 2 16 14 6) , 64 , ((16 * 6) + 20) , 0
2020.09.10-19.52.48,v1.07,73 , 116 , (20 2 16 14 6) , 323 , ((14 * 6) + (16 * 2)) , 37
2020.09.10-19.52.48,v1.07,74 , 116 , (20 2 16 14 6) , 1608 , ((6 * 14) + (16 * 2)) , 327
2020.09.10-19.52.48,v1.07,75 , 116 , (20 2 16 14 6) , 50 , ((14 * 6) + (16 * 2)) , 0
2020.09.10-19.52.48,v1.07,76 , 116 , (20 2 16 14 6) , 139 , ((6 * 14) + (2 * 16)) , 20
2020.09.10-19.52.48,v1.07,77 , 116 , (20 2 16 14 6) , 161 , ((6 * 14) + (16 * 2)) , 14
2020.09.10-19.52.48,v1.07,78 , 116 , (20 2 16 14 6) , 248 , ((6 * 14) + (16 * 2)) , 43
2020.09.10-19.52.48,v1.07,79 , 116 , (20 2 16 14 6) , 180 , ((6 * 16) + 20) , 17
2020.09.10-19.52.48,v1.07,80 , 116 , (20 2 16 14 6) , 263 , ((6 * 14) + (16 * 2)) , 55
2020.09.10-19.52.48,v1.07,81 , 116 , (20 2 16 14 6) , 2000 , none,  443
2020.09.10-19.52.48,v1.07,82 , 116 , (20 2 16 14 6) , 153 , ((14 * 6) + (16 * 2)) , 24
2020.09.10-19.52.48,v1.07,83 , 116 , (20 2 16 14 6) , 338 , ((14 * 6) + (16 * 2)) , 71
2020.09.10-19.52.48,v1.07,84 , 116 , (20 2 16 14 6) , 69 , ((16 * 6) + 20) , 0
2020.09.10-19.52.48,v1.07,85 , 116 , (20 2 16 14 6) , 63 , ((14 * 6) + (2 * 16)) , 4
2020.09.10-19.52.48,v1.07,86 , 116 , (20 2 16 14 6) , 500 , ((14 * 6) + (2 * 16)) , 93
2020.09.10-19.52.48,v1.07,87 , 116 , (20 2 16 14 6) , 70 , ((16 * 6) + 20) , 0
2020.09.10-19.52.48,v1.07,88 , 116 , (20 2 16 14 6) , 64 , ((16 * 6) + 20) , 1
2020.09.10-19.52.48,v1.07,89 , 116 , (20 2 16 14 6) , 249 , ((14 * 6) + (16 * 2)) , 39
2020.09.10-19.52.48,v1.07,90 , 116 , (20 2 16 14 6) , 734 , ((14 * 6) + (2 * 16)) , 146
2020.09.10-19.52.48,v1.07,91 , 116 , (20 2 16 14 6) , 106 , ((6 * 14) + (16 * 2)) , 19
2020.09.10-19.52.48,v1.07,92 , 116 , (20 2 16 14 6) , 1344 , ((6 * 14) + (16 * 2)) , 294
2020.09.10-19.52.48,v1.07,93 , 116 , (20 2 16 14 6) , 233 , ((6 * 14) + (16 * 2)) , 39
2020.09.10-19.52.48,v1.07,94 , 116 , (20 2 16 14 6) , 417 , ((6 * 16) + 20) , 87
2020.09.10-19.52.48,v1.07,95 , 116 , (20 2 16 14 6) , 518 , ((14 * 6) + (16 * 2)) , 104
2020.09.10-19.52.48,v1.07,96 , 116 , (20 2 16 14 6) , 159 , ((6 * 14) + (16 * 2)) , 25
2020.09.10-19.52.48,v1.07,97 , 116 , (20 2 16 14 6) , 67 , ((14 * 6) + (16 * 2)) , 0
2020.09.10-19.52.48,v1.07,98 , 116 , (20 2 16 14 6) , 462 , ((6 * 16) + 20) , 74
2020.09.10-19.52.48,v1.07,99 , 116 , (20 2 16 14 6) , 315 , ((16 * 6) + 20) , 53
2020.09.10-19.52.48,v1.07,0 , 127 , (7 6 4 22 25) , 2000 , none,  303
2020.09.10-19.52.48,v1.07,1 , 127 , (7 6 4 22 25) , 2000 , none,  356
2020.09.10-19.52.48,v1.07,2 , 127 , (7 6 4 22 25) , 2000 , none,  368
2020.09.10-19.52.48,v1.07,3 , 127 , (7 6 4 22 25) , 2000 , none,  283
2020.09.10-19.52.48,v1.07,4 , 127 , (7 6 4 22 25) , 2000 , none,  330
2020.09.10-19.52.48,v1.07,5 , 127 , (7 6 4 22 25) , 2000 , none,  279
2020.09.10-19.52.48,v1.07,6 , 127 , (7 6 4 22 25) , 2000 , none,  323
2020.09.10-19.52.48,v1.07,7 , 127 , (7 6 4 22 25) , 2000 , none,  302
2020.09.10-19.52.48,v1.07,8 , 127 , (7 6 4 22 25) , 2000 , none,  259
2020.09.10-19.52.48,v1.07,9 , 127 , (7 6 4 22 25) , 2000 , none,  422
2020.09.10-19.52.48,v1.07,10 , 127 , (7 6 4 22 25) , 2000 , none,  309
2020.09.10-19.52.48,v1.07,11 , 127 , (7 6 4 22 25) , 2000 , none,  335
2020.09.10-19.52.48,v1.07,12 , 127 , (7 6 4 22 25) , 2000 , none,  347
2020.09.10-19.52.48,v1.07,13 , 127 , (7 6 4 22 25) , 2000 , none,  339
2020.09.10-19.52.48,v1.07,14 , 127 , (7 6 4 22 25) , 2000 , none,  308
2020.09.10-19.52.48,v1.07,15 , 127 , (7 6 4 22 25) , 2000 , none,  317
2020.09.10-19.52.48,v1.07,16 , 127 , (7 6 4 22 25) , 2000 , none,  312
2020.09.10-19.52.48,v1.07,17 , 127 , (7 6 4 22 25) , 2000 , none,  291
2020.09.10-19.52.48,v1.07,18 , 127 , (7 6 4 22 25) , 2000 , none,  352
2020.09.10-19.52.48,v1.07,19 , 127 , (7 6 4 22 25) , 2000 , none,  306
2020.09.10-19.52.48,v1.07,20 , 127 , (7 6 4 22 25) , 2000 , none,  382
2020.09.10-19.52.48,v1.07,21 , 127 , (7 6 4 22 25) , 2000 , none,  289
2020.09.10-19.52.48,v1.07,22 , 127 , (7 6 4 22 25) , 2000 , none,  300
2020.09.10-19.52.48,v1.07,23 , 127 , (7 6 4 22 25) , 2000 , none,  380
2020.09.10-19.52.48,v1.07,24 , 127 , (7 6 4 22 25) , 2000 , none,  290
2020.09.10-19.52.48,v1.07,25 , 127 , (7 6 4 22 25) , 2000 , none,  328
2020.09.10-19.52.48,v1.07,26 , 127 , (7 6 4 22 25) , 2000 , none,  330
2020.09.10-19.52.48,v1.07,27 , 127 , (7 6 4 22 25) , 2000 , none,  327
2020.09.10-19.52.48,v1.07,28 , 127 , (7 6 4 22 25) , 2000 , none,  250
2020.09.10-19.52.48,v1.07,29 , 127 , (7 6 4 22 25) , 2000 , none,  386
2020.09.10-19.52.48,v1.07,30 , 127 , (7 6 4 22 25) , 2000 , none,  322
2020.09.10-19.52.48,v1.07,31 , 127 , (7 6 4 22 25) , 2000 , none,  341
2020.09.10-19.52.48,v1.07,32 , 127 , (7 6 4 22 25) , 2000 , none,  235
2020.09.10-19.52.48,v1.07,33 , 127 , (7 6 4 22 25) , 2000 , none,  331
2020.09.10-19.52.48,v1.07,34 , 127 , (7 6 4 22 25) , 2000 , none,  345
2020.09.10-19.52.48,v1.07,35 , 127 , (7 6 4 22 25) , 2000 , none,  307
2020.09.10-19.52.48,v1.07,36 , 127 , (7 6 4 22 25) , 2000 , none,  298
2020.09.10-19.52.48,v1.07,37 , 127 , (7 6 4 22 25) , 2000 , none,  294
2020.09.10-19.52.48,v1.07,38 , 127 , (7 6 4 22 25) , 2000 , none,  275
2020.09.10-19.52.48,v1.07,39 , 127 , (7 6 4 22 25) , 2000 , none,  318
2020.09.10-19.52.48,v1.07,40 , 127 , (7 6 4 22 25) , 2000 , none,  297
2020.09.10-19.52.48,v1.07,41 , 127 , (7 6 4 22 25) , 2000 , none,  317
2020.09.10-19.52.48,v1.07,42 , 127 , (7 6 4 22 25) , 2000 , none,  290
2020.09.10-19.52.48,v1.07,43 , 127 , (7 6 4 22 25) , 2000 , none,  287
2020.09.10-19.52.48,v1.07,44 , 127 , (7 6 4 22 25) , 2000 , none,  315
2020.09.10-19.52.48,v1.07,45 , 127 , (7 6 4 22 25) , 2000 , none,  339
2020.09.10-19.52.48,v1.07,46 , 127 , (7 6 4 22 25) , 2000 , none,  353
2020.09.10-19.52.48,v1.07,47 , 127 , (7 6 4 22 25) , 2000 , none,  378
2020.09.10-19.52.48,v1.07,48 , 127 , (7 6 4 22 25) , 2000 , none,  333
2020.09.10-19.52.48,v1.07,49 , 127 , (7 6 4 22 25) , 2000 , none,  300
2020.09.10-19.52.48,v1.07,50 , 127 , (7 6 4 22 25) , 2000 , none,  328
2020.09.10-19.52.48,v1.07,51 , 127 , (7 6 4 22 25) , 2000 , none,  314
2020.09.10-19.52.48,v1.07,52 , 127 , (7 6 4 22 25) , 2000 , none,  292
2020.09.10-19.52.48,v1.07,53 , 127 , (7 6 4 22 25) , 2000 , none,  340
2020.09.10-19.52.48,v1.07,54 , 127 , (7 6 4 22 25) , 2000 , none,  349
2020.09.10-19.52.48,v1.07,55 , 127 , (7 6 4 22 25) , 2000 , none,  362
2020.09.10-19.52.48,v1.07,56 , 127 , (7 6 4 22 25) , 2000 , none,  328
2020.09.10-19.52.48,v1.07,57 , 127 , (7 6 4 22 25) , 2000 , none,  329
2020.09.10-19.52.48,v1.07,58 , 127 , (7 6 4 22 25) , 2000 , none,  343
2020.09.10-19.52.48,v1.07,59 , 127 , (7 6 4 22 25) , 2000 , none,  380
2020.09.10-19.52.48,v1.07,60 , 127 , (7 6 4 22 25) , 2000 , none,  382
2020.09.10-19.52.48,v1.07,61 , 127 , (7 6 4 22 25) , 2000 , none,  274
2020.09.10-19.52.48,v1.07,62 , 127 , (7 6 4 22 25) , 2000 , none,  333
2020.09.10-19.52.48,v1.07,63 , 127 , (7 6 4 22 25) , 2000 , none,  388
2020.09.10-19.52.48,v1.07,64 , 127 , (7 6 4 22 25) , 2000 , none,  327
2020.09.10-19.52.48,v1.07,65 , 127 , (7 6 4 22 25) , 2000 , none,  364
2020.09.10-19.52.48,v1.07,66 , 127 , (7 6 4 22 25) , 2000 , none,  390
2020.09.10-19.52.48,v1.07,67 , 127 , (7 6 4 22 25) , 2000 , none,  333
2020.09.10-19.52.48,v1.07,68 , 127 , (7 6 4 22 25) , 2000 , none,  322
2020.09.10-19.52.48,v1.07,69 , 127 , (7 6 4 22 25) , 2000 , none,  347
2020.09.10-19.52.48,v1.07,70 , 127 , (7 6 4 22 25) , 2000 , none,  364
2020.09.10-19.52.48,v1.07,71 , 127 , (7 6 4 22 25) , 2000 , none,  298
2020.09.10-19.52.48,v1.07,72 , 127 , (7 6 4 22 25) , 2000 , none,  383
2020.09.10-19.52.48,v1.07,73 , 127 , (7 6 4 22 25) , 2000 , none,  357
2020.09.10-19.52.48,v1.07,74 , 127 , (7 6 4 22 25) , 2000 , none,  327
2020.09.10-19.52.48,v1.07,75 , 127 , (7 6 4 22 25) , 2000 , none,  302
2020.09.10-19.52.48,v1.07,76 , 127 , (7 6 4 22 25) , 2000 , none,  354
2020.09.10-19.52.48,v1.07,77 , 127 , (7 6 4 22 25) , 2000 , none,  318
2020.09.10-19.52.48,v1.07,78 , 127 , (7 6 4 22 25) , 2000 , none,  362
2020.09.10-19.52.48,v1.07,79 , 127 , (7 6 4 22 25) , 2000 , none,  297
2020.09.10-19.52.48,v1.07,80 , 127 , (7 6 4 22 25) , 2000 , none,  362
2020.09.10-19.52.48,v1.07,81 , 127 , (7 6 4 22 25) , 2000 , none,  295
2020.09.10-19.52.48,v1.07,82 , 127 , (7 6 4 22 25) , 2000 , none,  280
2020.09.10-19.52.48,v1.07,83 , 127 , (7 6 4 22 25) , 2000 , none,  318
2020.09.10-19.52.48,v1.07,84 , 127 , (7 6 4 22 25) , 2000 , none,  259
2020.09.10-19.52.48,v1.07,85 , 127 , (7 6 4 22 25) , 2000 , none,  378
2020.09.10-19.52.48,v1.07,86 , 127 , (7 6 4 22 25) , 2000 , none,  302
2020.09.10-19.52.48,v1.07,87 , 127 , (7 6 4 22 25) , 2000 , none,  283
2020.09.10-19.52.48,v1.07,88 , 127 , (7 6 4 22 25) , 2000 , none,  314
2020.09.10-19.52.48,v1.07,89 , 127 , (7 6 4 22 25) , 2000 , none,  323
2020.09.10-19.52.48,v1.07,90 , 127 , (7 6 4 22 25) , 2000 , none,  226
2020.09.10-19.52.48,v1.07,91 , 127 , (7 6 4 22 25) , 2000 , none,  333
2020.09.10-19.52.48,v1.07,92 , 127 , (7 6 4 22 25) , 2000 , none,  261
2020.09.10-19.52.48,v1.07,93 , 127 , (7 6 4 22 25) , 2000 , none,  321
2020.09.10-19.52.48,v1.07,94 , 127 , (7 6 4 22 25) , 2000 , none,  291
2020.09.10-19.52.48,v1.07,95 , 127 , (7 6 4 22 25) , 2000 , none,  353
2020.09.10-19.52.48,v1.07,96 , 127 , (7 6 4 22 25) , 2000 , none,  380
2020.09.10-19.52.48,v1.07,97 , 127 , (7 6 4 22 25) , 2000 , none,  346
2020.09.10-19.52.48,v1.07,98 , 127 , (7 6 4 22 25) , 2000 , none,  355
2020.09.10-19.52.48,v1.07,99 , 127 , (7 6 4 22 25) , 2000 , none,  281
2020.09.10-19.52.48,v1.07,0 , 41 , (5 16 22 25 1) , 2000 , none,  220
2020.09.10-19.52.48,v1.07,1 , 41 , (5 16 22 25 1) , 258 , ((22 + 25) - (5 + 1)) , 33
2020.09.10-19.52.48,v1.07,2 , 41 , (5 16 22 25 1) , 1179 , ((22 + 25) - (5 + 1)) , 126
2020.09.10-19.52.48,v1.07,3 , 41 , (5 16 22 25 1) , 1170 , ((22 + 25) - (1 + 5)) , 136
2020.09.10-19.52.48,v1.07,4 , 41 , (5 16 22 25 1) , 25 , (16 + 25) , 0
2020.09.10-19.52.48,v1.07,5 , 41 , (5 16 22 25 1) , 57 , (16 + 25) , 9
2020.09.10-19.52.48,v1.07,6 , 41 , (5 16 22 25 1) , 657 , ((22 + 25) - (5 + 1)) , 127
2020.09.10-19.52.48,v1.07,7 , 41 , (5 16 22 25 1) , 947 , ((22 + 25) - (5 + 1)) , 174
2020.09.10-19.52.48,v1.07,8 , 41 , (5 16 22 25 1) , 776 , ((22 + 25) - (5 + 1)) , 109
2020.09.10-19.52.48,v1.07,9 , 41 , (5 16 22 25 1) , 198 , ((25 + 22) - (1 + 5)) , 9
2020.09.10-19.52.48,v1.07,10 , 41 , (5 16 22 25 1) , 305 , ((22 + 25) - (5 + 1)) , 29
2020.09.10-19.52.48,v1.07,11 , 41 , (5 16 22 25 1) , 1039 , ((22 + 25) - (5 + 1)) , 183
2020.09.10-19.52.48,v1.07,12 , 41 , (5 16 22 25 1) , 2000 , none,  245
2020.09.10-19.52.48,v1.07,13 , 41 , (5 16 22 25 1) , 576 , ((22 + 25) - (5 + 1)) , 32
2020.09.10-19.52.48,v1.07,14 , 41 , (5 16 22 25 1) , 529 , ((22 + 25) - (1 + 5)) , 89
2020.09.10-19.52.48,v1.07,15 , 41 , (5 16 22 25 1) , 149 , ((22 + 25) - (5 + 1)) , 10
2020.09.10-19.52.48,v1.07,16 , 41 , (5 16 22 25 1) , 1656 , (16 + 25) , 275
2020.09.10-19.52.48,v1.07,17 , 41 , (5 16 22 25 1) , 99 , ((25 + 22) - (1 + 5)) , 0
2020.09.10-19.52.48,v1.07,18 , 41 , (5 16 22 25 1) , 595 , ((25 + 22) - (1 + 5)) , 119
2020.09.10-19.52.48,v1.07,19 , 41 , (5 16 22 25 1) , 960 , ((25 + 22) - (1 + 5)) , 158
2020.09.10-19.52.48,v1.07,20 , 41 , (5 16 22 25 1) , 1076 , ((22 + 25) - (5 + 1)) , 169
2020.09.10-19.52.48,v1.07,21 , 41 , (5 16 22 25 1) , 879 , ((22 + 25) - (1 + 5)) , 91
2020.09.10-19.52.48,v1.07,22 , 41 , (5 16 22 25 1) , 28 , (16 + 25) , 0
2020.09.10-19.52.48,v1.07,23 , 41 , (5 16 22 25 1) , 802 , ((25 + 22) - (1 + 5)) , 126
2020.09.10-19.52.48,v1.07,24 , 41 , (5 16 22 25 1) , 1384 , (16 + 25) , 250
2020.09.10-19.52.48,v1.07,25 , 41 , (5 16 22 25 1) , 228 , ((25 + 22) - (1 + 5)) , 20
2020.09.10-19.52.48,v1.07,26 , 41 , (5 16 22 25 1) , 2000 , none,  282
2020.09.10-19.52.48,v1.07,27 , 41 , (5 16 22 25 1) , 239 , (16 + 25) , 44
2020.09.10-19.52.48,v1.07,28 , 41 , (5 16 22 25 1) , 92 , ((22 + 25) - (1 + 5)) , 0
2020.09.10-19.52.48,v1.07,29 , 41 , (5 16 22 25 1) , 1880 , ((22 + 25) - (5 + 1)) , 309
2020.09.10-19.52.48,v1.07,30 , 41 , (5 16 22 25 1) , 49 , (16 + 25) , 0
2020.09.10-19.52.48,v1.07,31 , 41 , (5 16 22 25 1) , 1787 , (16 + 25) , 286
2020.09.10-19.52.48,v1.07,32 , 41 , (5 16 22 25 1) , 960 , ((22 + 25) - (1 + 5)) , 136
2020.09.10-19.52.48,v1.07,33 , 41 , (5 16 22 25 1) , 558 , ((22 + 25) - (1 + 5)) , 64
2020.09.10-19.52.48,v1.07,34 , 41 , (5 16 22 25 1) , 708 , ((25 + 22) - (1 + 5)) , 133
2020.09.10-19.52.48,v1.07,35 , 41 , (5 16 22 25 1) , 549 , ((22 + 25) - (1 + 5)) , 89
2020.09.10-19.52.48,v1.07,36 , 41 , (5 16 22 25 1) , 28 , (16 + 25) , 0
2020.09.10-19.52.48,v1.07,37 , 41 , (5 16 22 25 1) , 806 , (16 + 25) , 140
2020.09.10-19.52.48,v1.07,38 , 41 , (5 16 22 25 1) , 936 , (16 + 25) , 146
2020.09.10-19.52.48,v1.07,39 , 41 , (5 16 22 25 1) , 80 , ((22 + 25) - (5 + 1)) , 4
2020.09.10-19.52.48,v1.07,40 , 41 , (5 16 22 25 1) , 1211 , ((22 + 25) - (5 + 1)) , 215
2020.09.10-19.52.48,v1.07,41 , 41 , (5 16 22 25 1) , 2000 , none,  306
2020.09.10-19.52.48,v1.07,42 , 41 , (5 16 22 25 1) , 69 , ((25 + 22) - (1 + 5)) , 0
2020.09.10-19.52.48,v1.07,43 , 41 , (5 16 22 25 1) , 1994 , ((22 + 25) - (5 + 1)) , 321
2020.09.10-19.52.48,v1.07,44 , 41 , (5 16 22 25 1) , 356 , ((25 + 22) - (5 + 1)) , 48
2020.09.10-19.52.48,v1.07,45 , 41 , (5 16 22 25 1) , 1670 , (16 + 25) , 245
2020.09.10-19.52.48,v1.07,46 , 41 , (5 16 22 25 1) , 719 , ((22 + 25) - (5 + 1)) , 87
2020.09.10-19.52.48,v1.07,47 , 41 , (5 16 22 25 1) , 2000 , none,  290
2020.09.10-19.52.48,v1.07,48 , 41 , (5 16 22 25 1) , 65 , (25 + 16) , 5
2020.09.10-19.52.48,v1.07,49 , 41 , (5 16 22 25 1) , 94 , ((22 + 25) - (5 + 1)) , 0
2020.09.10-19.52.48,v1.07,50 , 41 , (5 16 22 25 1) , 277 , (16 + 25) , 40
2020.09.10-19.52.48,v1.07,51 , 41 , (5 16 22 25 1) , 1519 , ((22 + 25) - (5 + 1)) , 319
2020.09.10-19.52.48,v1.07,52 , 41 , (5 16 22 25 1) , 472 , ((22 + 25) - (1 + 5)) , 70
2020.09.10-19.52.48,v1.07,53 , 41 , (5 16 22 25 1) , 258 , ((25 + 22) - (5 + 1)) , 29
2020.09.10-19.52.48,v1.07,54 , 41 , (5 16 22 25 1) , 1976 , ((22 + 25) - (1 + 5)) , 324
2020.09.10-19.52.48,v1.07,55 , 41 , (5 16 22 25 1) , 1264 , (16 + 25) , 171
2020.09.10-19.52.48,v1.07,56 , 41 , (5 16 22 25 1) , 1339 , ((22 + 25) - (5 + 1)) , 107
2020.09.10-19.52.48,v1.07,57 , 41 , (5 16 22 25 1) , 819 , ((25 + 22) - (1 + 5)) , 132
2020.09.10-19.52.48,v1.07,58 , 41 , (5 16 22 25 1) , 405 , (16 + 25) , 76
2020.09.10-19.52.48,v1.07,59 , 41 , (5 16 22 25 1) , 1700 , ((22 + 25) - (1 + 5)) , 168
2020.09.10-19.52.48,v1.07,60 , 41 , (5 16 22 25 1) , 1037 , ((25 + 22) - (1 + 5)) , 182
2020.09.10-19.52.48,v1.07,61 , 41 , (5 16 22 25 1) , 777 , ((22 + 25) - (5 + 1)) , 98
2020.09.10-19.52.48,v1.07,62 , 41 , (5 16 22 25 1) , 2000 , none,  315
2020.09.10-19.52.48,v1.07,63 , 41 , (5 16 22 25 1) , 1349 , ((22 + 25) - (5 + 1)) , 163
2020.09.10-19.52.48,v1.07,64 , 41 , (5 16 22 25 1) , 169 , ((25 + 22) - (5 + 1)) , 27
2020.09.10-19.52.48,v1.07,65 , 41 , (5 16 22 25 1) , 128 , ((22 + 25) - (1 + 5)) , 31
2020.09.10-19.52.48,v1.07,66 , 41 , (5 16 22 25 1) , 35 , (16 + 25) , 1
2020.09.10-19.52.48,v1.07,67 , 41 , (5 16 22 25 1) , 787 , ((22 + 25) - (1 + 5)) , 131
2020.09.10-19.52.48,v1.07,68 , 41 , (5 16 22 25 1) , 35 , (16 + 25) , 0
2020.09.10-19.52.48,v1.07,69 , 41 , (5 16 22 25 1) , 802 , ((22 + 25) - (5 + 1)) , 121
2020.09.10-19.52.48,v1.07,70 , 41 , (5 16 22 25 1) , 1033 , ((25 + 22) - (1 + 5)) , 143
2020.09.10-19.52.48,v1.07,71 , 41 , (5 16 22 25 1) , 590 , ((22 + 25) - (5 + 1)) , 98
2020.09.10-19.52.48,v1.07,72 , 41 , (5 16 22 25 1) , 740 , ((25 + 22) - (5 + 1)) , 108
2020.09.10-19.52.48,v1.07,73 , 41 , (5 16 22 25 1) , 1128 , ((22 + 25) - (1 + 5)) , 218
2020.09.10-19.52.48,v1.07,74 , 41 , (5 16 22 25 1) , 1803 , ((22 + 25) - (5 + 1)) , 283
2020.09.10-19.52.48,v1.07,75 , 41 , (5 16 22 25 1) , 1269 , ((22 + 25) - (5 + 1)) , 182
2020.09.10-19.52.48,v1.07,76 , 41 , (5 16 22 25 1) , 2000 , none,  326
2020.09.10-19.52.48,v1.07,77 , 41 , (5 16 22 25 1) , 709 , ((22 + 25) - (5 + 1)) , 67
2020.09.10-19.52.48,v1.07,78 , 41 , (5 16 22 25 1) , 2000 , none,  259
2020.09.10-19.52.48,v1.07,79 , 41 , (5 16 22 25 1) , 129 , ((22 + 25) - (1 + 5)) , 20
2020.09.10-19.52.48,v1.07,80 , 41 , (5 16 22 25 1) , 2000 , none,  256
2020.09.10-19.52.48,v1.07,81 , 41 , (5 16 22 25 1) , 402 , (25 + 16) , 26
2020.09.10-19.52.48,v1.07,82 , 41 , (5 16 22 25 1) , 2000 , none,  255
2020.09.10-19.52.48,v1.07,83 , 41 , (5 16 22 25 1) , 838 , ((25 + 22) - (5 + 1)) , 112
2020.09.10-19.52.48,v1.07,84 , 41 , (5 16 22 25 1) , 435 , (16 + 25) , 92
2020.09.10-19.52.48,v1.07,85 , 41 , (5 16 22 25 1) , 1326 , ((25 + 22) - (5 + 1)) , 160
2020.09.10-19.52.48,v1.07,86 , 41 , (5 16 22 25 1) , 97 , ((25 + 22) - (5 + 1)) , 11
2020.09.10-19.52.48,v1.07,87 , 41 , (5 16 22 25 1) , 543 , ((22 + 25) - (5 + 1)) , 90
2020.09.10-19.52.48,v1.07,88 , 41 , (5 16 22 25 1) , 36 , (25 + 16) , 6
2020.09.10-19.52.48,v1.07,89 , 41 , (5 16 22 25 1) , 442 , ((22 + 25) - (1 + 5)) , 89
2020.09.10-19.52.48,v1.07,90 , 41 , (5 16 22 25 1) , 157 , ((22 + 25) - (5 + 1)) , 19
2020.09.10-19.52.48,v1.07,91 , 41 , (5 16 22 25 1) , 1658 , ((25 + 22) - (5 + 1)) , 283
2020.09.10-19.52.48,v1.07,92 , 41 , (5 16 22 25 1) , 2000 , none,  264
2020.09.10-19.52.48,v1.07,93 , 41 , (5 16 22 25 1) , 652 , ((25 + 22) - (1 + 5)) , 70
2020.09.10-19.52.48,v1.07,94 , 41 , (5 16 22 25 1) , 2000 , none,  384
2020.09.10-19.52.48,v1.07,95 , 41 , (5 16 22 25 1) , 202 , ((25 + 22) - (1 + 5)) , 0
2020.09.10-19.52.48,v1.07,96 , 41 , (5 16 22 25 1) , 692 , ((25 + 22) - (1 + 5)) , 90
2020.09.10-19.52.48,v1.07,97 , 41 , (5 16 22 25 1) , 2000 , none,  248
2020.09.10-19.52.48,v1.07,98 , 41 , (5 16 22 25 1) , 2000 , none,  236
2020.09.10-19.52.48,v1.07,99 , 41 , (5 16 22 25 1) , 70 , ((22 + 25) - (1 + 5)) , 3
