2020.08.03-22.00.58,v1.03-2-g29b4f1e,0 , 114 , (11 20 7 1 6) , 217 , ((20 * 6) - (7 - 1))
2020.08.03-22.00.58,v1.03-2-g29b4f1e,1 , 114 , (11 20 7 1 6) , 385 , ((6 * 20) - (7 - 1))
2020.08.03-22.00.58,v1.03-2-g29b4f1e,2 , 114 , (11 20 7 1 6) , 258 , ((6 * 20) - (7 - 1))
2020.08.03-22.00.58,v1.03-2-g29b4f1e,3 , 114 , (11 20 7 1 6) , 780 , ((6 * 20) - (7 - 1))
2020.08.03-22.00.58,v1.03-2-g29b4f1e,4 , 114 , (11 20 7 1 6) , 1105 , ((6 * 20) - (7 - 1))
2020.08.03-22.00.58,v1.03-2-g29b4f1e,5 , 114 , (11 20 7 1 6) , 580 , ((20 * 6) - (7 - 1))
2020.08.03-22.00.58,v1.03-2-g29b4f1e,6 , 114 , (11 20 7 1 6) , 579 , ((6 * 20) - (7 - 1))
2020.08.03-22.00.58,v1.03-2-g29b4f1e,7 , 114 , (11 20 7 1 6) , 147 , ((6 * 20) - (7 - 1))
2020.08.03-22.00.58,v1.03-2-g29b4f1e,8 , 114 , (11 20 7 1 6) , 1194 , ((6 * 20) - (7 - 1))
2020.08.03-22.00.58,v1.03-2-g29b4f1e,9 , 114 , (11 20 7 1 6) , 928 , ((6 * 20) - (7 - 1))
2020.08.03-22.00.58,v1.03-2-g29b4f1e,10 , 114 , (11 20 7 1 6) , 5653 , ((6 * 20) - (7 - 1))
2020.08.03-22.00.58,v1.03-2-g29b4f1e,11 , 114 , (11 20 7 1 6) , 1516 , ((6 * 20) - (7 - 1))
2020.08.03-22.00.58,v1.03-2-g29b4f1e,12 , 114 , (11 20 7 1 6) , 282 , ((6 * 20) - (7 - 1))
2020.08.03-22.00.58,v1.03-2-g29b4f1e,13 , 114 , (11 20 7 1 6) , 1349 , ((6 * 20) - (7 - 1))
2020.08.03-22.00.58,v1.03-2-g29b4f1e,14 , 114 , (11 20 7 1 6) , 65 , ((6 * 20) - (7 - 1))
2020.08.03-22.00.58,v1.03-2-g29b4f1e,15 , 114 , (11 20 7 1 6) , 618 , ((6 * 20) - (7 - 1))
2020.08.03-22.00.58,v1.03-2-g29b4f1e,16 , 114 , (11 20 7 1 6) , 1863 , ((20 * 6) - (7 - 1))
2020.08.03-22.00.58,v1.03-2-g29b4f1e,17 , 114 , (11 20 7 1 6) , 524 , ((6 * 20) - (7 - 1))
2020.08.03-22.00.58,v1.03-2-g29b4f1e,18 , 114 , (11 20 7 1 6) , 3744 , ((6 * 20) - (7 - 1))
2020.08.03-22.00.58,v1.03-2-g29b4f1e,19 , 114 , (11 20 7 1 6) , 701 , ((6 * 20) - (7 - 1))
2020.08.03-22.00.58,v1.03-2-g29b4f1e,20 , 114 , (11 20 7 1 6) , 260 , ((6 * 20) - (7 - 1))
2020.08.03-22.00.58,v1.03-2-g29b4f1e,21 , 114 , (11 20 7 1 6) , 74 , ((6 * 20) - (7 - 1))
2020.08.03-22.00.58,v1.03-2-g29b4f1e,22 , 114 , (11 20 7 1 6) , 360 , ((6 * 20) - (7 - 1))
2020.08.03-22.00.58,v1.03-2-g29b4f1e,23 , 114 , (11 20 7 1 6) , 671 , ((20 * 6) - (7 - 1))
2020.08.03-22.00.58,v1.03-2-g29b4f1e,24 , 114 , (11 20 7 1 6) , 649 , ((6 * 20) - (7 - 1))
2020.08.03-22.00.58,v1.03-2-g29b4f1e,25 , 114 , (11 20 7 1 6) , 282 , ((6 * 20) - (7 - 1))
2020.08.03-22.00.58,v1.03-2-g29b4f1e,26 , 114 , (11 20 7 1 6) , 1598 , ((6 * 20) - (7 - 1))
2020.08.03-22.00.58,v1.03-2-g29b4f1e,27 , 114 , (11 20 7 1 6) , 154 , ((6 * 20) - (7 - 1))
2020.08.03-22.00.58,v1.03-2-g29b4f1e,28 , 114 , (11 20 7 1 6) , 1319 , ((6 * 20) - (7 - 1))
2020.08.03-22.00.58,v1.03-2-g29b4f1e,29 , 114 , (11 20 7 1 6) , 1375 , ((6 * 20) - (7 - 1))
2020.08.03-22.00.58,v1.03-2-g29b4f1e,30 , 114 , (11 20 7 1 6) , 431 , ((6 * 20) - (7 - 1))
2020.08.03-22.00.58,v1.03-2-g29b4f1e,31 , 114 , (11 20 7 1 6) , 1250 , ((6 * 20) - (7 - 1))
2020.08.03-22.00.58,v1.03-2-g29b4f1e,32 , 114 , (11 20 7 1 6) , 2031 , ((6 * 20) - (7 - 1))
2020.08.03-22.00.58,v1.03-2-g29b4f1e,33 , 114 , (11 20 7 1 6) , 625 , ((20 * 6) - (7 - 1))
2020.08.03-22.00.58,v1.03-2-g29b4f1e,34 , 114 , (11 20 7 1 6) , 881 , ((6 * 20) - (7 - 1))
2020.08.03-22.00.58,v1.03-2-g29b4f1e,35 , 114 , (11 20 7 1 6) , 1860 , ((6 * 20) - (7 - 1))
2020.08.03-22.00.58,v1.03-2-g29b4f1e,36 , 114 , (11 20 7 1 6) , 901 , ((6 * 20) - (7 - 1))
2020.08.03-22.00.58,v1.03-2-g29b4f1e,37 , 114 , (11 20 7 1 6) , 4376 , ((6 * 20) - (7 - 1))
2020.08.03-22.00.58,v1.03-2-g29b4f1e,38 , 114 , (11 20 7 1 6) , 1836 , ((6 * 20) - (7 - 1))
2020.08.03-22.00.58,v1.03-2-g29b4f1e,39 , 114 , (11 20 7 1 6) , 2065 , ((6 * 20) - (7 - 1))
2020.08.03-22.00.58,v1.03-2-g29b4f1e,40 , 114 , (11 20 7 1 6) , 3001 , ((6 * 20) - (7 - 1))
2020.08.03-22.00.58,v1.03-2-g29b4f1e,41 , 114 , (11 20 7 1 6) , 1424 , ((20 * 6) - (7 - 1))
2020.08.03-22.00.58,v1.03-2-g29b4f1e,42 , 114 , (11 20 7 1 6) , 4522 , ((20 * 6) - (7 - 1))
2020.08.03-22.00.58,v1.03-2-g29b4f1e,43 , 114 , (11 20 7 1 6) , 747 , ((6 * 20) - (7 - 1))
2020.08.03-22.00.58,v1.03-2-g29b4f1e,44 , 114 , (11 20 7 1 6) , 1394 , ((20 * 6) - (7 - 1))
2020.08.03-22.00.58,v1.03-2-g29b4f1e,45 , 114 , (11 20 7 1 6) , 394 , ((6 * 20) - (7 - 1))
2020.08.03-22.00.58,v1.03-2-g29b4f1e,46 , 114 , (11 20 7 1 6) , 502 , ((6 * 20) - (7 - 1))
2020.08.03-22.00.58,v1.03-2-g29b4f1e,47 , 114 , (11 20 7 1 6) , 209 , ((6 * 20) - (7 - 1))
2020.08.03-22.00.58,v1.03-2-g29b4f1e,48 , 114 , (11 20 7 1 6) , 1794 , ((6 * 20) - (7 - 1))
2020.08.03-22.00.58,v1.03-2-g29b4f1e,49 , 114 , (11 20 7 1 6) , 734 , ((6 * 20) - (7 - 1))
2020.08.03-22.00.58,v1.03-2-g29b4f1e,50 , 114 , (11 20 7 1 6) , 1582 , ((6 * 20) - (7 - 1))
2020.08.03-22.00.58,v1.03-2-g29b4f1e,51 , 114 , (11 20 7 1 6) , 802 , ((6 * 20) - (7 - 1))
2020.08.03-22.00.58,v1.03-2-g29b4f1e,52 , 114 , (11 20 7 1 6) , 124 , ((6 * 20) - (7 - 1))
2020.08.03-22.00.58,v1.03-2-g29b4f1e,53 , 114 , (11 20 7 1 6) , 280 , ((6 * 20) - (7 - 1))
2020.08.03-22.00.58,v1.03-2-g29b4f1e,54 , 114 , (11 20 7 1 6) , 1200 , ((6 * 20) - (7 - 1))
2020.08.03-22.00.58,v1.03-2-g29b4f1e,55 , 114 , (11 20 7 1 6) , 292 , ((6 * 20) - (7 - 1))
2020.08.03-22.00.58,v1.03-2-g29b4f1e,56 , 114 , (11 20 7 1 6) , 2564 , ((6 * 20) - (7 - 1))
2020.08.03-22.00.58,v1.03-2-g29b4f1e,57 , 114 , (11 20 7 1 6) , 928 , ((6 * 20) - (7 - 1))
2020.08.03-22.00.58,v1.03-2-g29b4f1e,58 , 114 , (11 20 7 1 6) , 1977 , ((6 * 20) - (7 - 1))
2020.08.03-22.00.58,v1.03-2-g29b4f1e,59 , 114 , (11 20 7 1 6) , 1563 , ((6 * 20) - (7 - 1))
2020.08.03-22.00.58,v1.03-2-g29b4f1e,60 , 114 , (11 20 7 1 6) , 2377 , ((20 * 6) - (7 - 1))
2020.08.03-22.00.58,v1.03-2-g29b4f1e,61 , 114 , (11 20 7 1 6) , 4400 , ((6 * 20) - (7 - 1))
2020.08.03-22.00.58,v1.03-2-g29b4f1e,62 , 114 , (11 20 7 1 6) , 3050 , ((20 * 6) - (7 - 1))
2020.08.03-22.00.58,v1.03-2-g29b4f1e,63 , 114 , (11 20 7 1 6) , 2235 , ((6 * 20) - (7 - 1))
2020.08.03-22.00.58,v1.03-2-g29b4f1e,64 , 114 , (11 20 7 1 6) , 2554 , ((6 * 20) - (7 - 1))
2020.08.03-22.00.58,v1.03-2-g29b4f1e,65 , 114 , (11 20 7 1 6) , 1812 , ((6 * 20) - (7 - 1))
2020.08.03-22.00.58,v1.03-2-g29b4f1e,66 , 114 , (11 20 7 1 6) , 1193 , ((6 * 20) - (7 - 1))
2020.08.03-22.00.58,v1.03-2-g29b4f1e,67 , 114 , (11 20 7 1 6) , 339 , ((6 * 20) - (7 - 1))
2020.08.03-22.00.58,v1.03-2-g29b4f1e,68 , 114 , (11 20 7 1 6) , 337 , ((6 * 20) - (7 - 1))
2020.08.03-22.00.58,v1.03-2-g29b4f1e,69 , 114 , (11 20 7 1 6) , 455 , ((6 * 20) - (7 - 1))
2020.08.03-22.00.58,v1.03-2-g29b4f1e,70 , 114 , (11 20 7 1 6) , 1022 , ((6 * 20) - (7 - 1))
2020.08.03-22.00.58,v1.03-2-g29b4f1e,71 , 114 , (11 20 7 1 6) , 784 , ((20 * 6) - (7 - 1))
2020.08.03-22.00.58,v1.03-2-g29b4f1e,72 , 114 , (11 20 7 1 6) , 1910 , ((6 * 20) - (7 - 1))
2020.08.03-22.00.58,v1.03-2-g29b4f1e,73 , 114 , (11 20 7 1 6) , 152 , ((6 * 20) - (7 - 1))
2020.08.03-22.00.58,v1.03-2-g29b4f1e,74 , 114 , (11 20 7 1 6) , 1114 , ((6 * 20) - (7 - 1))
2020.08.03-22.00.58,v1.03-2-g29b4f1e,75 , 114 , (11 20 7 1 6) , 1830 , ((6 * 20) - (7 - 1))
2020.08.03-22.00.58,v1.03-2-g29b4f1e,76 , 114 , (11 20 7 1 6) , 708 , ((20 * 6) - (7 - 1))
2020.08.03-22.00.58,v1.03-2-g29b4f1e,77 , 114 , (11 20 7 1 6) , 250 , ((6 * 20) - (7 - 1))
2020.08.03-22.00.58,v1.03-2-g29b4f1e,78 , 114 , (11 20 7 1 6) , 6700 , ((6 * 20) - (7 - 1))
2020.08.03-22.00.58,v1.03-2-g29b4f1e,79 , 114 , (11 20 7 1 6) , 2519 , ((20 * 6) - (7 - 1))
2020.08.03-22.00.58,v1.03-2-g29b4f1e,80 , 114 , (11 20 7 1 6) , 237 , ((6 * 20) - (7 - 1))
2020.08.03-22.00.58,v1.03-2-g29b4f1e,81 , 114 , (11 20 7 1 6) , 812 , ((6 * 20) - (7 - 1))
2020.08.03-22.00.58,v1.03-2-g29b4f1e,82 , 114 , (11 20 7 1 6) , 2841 , ((6 * 20) - (7 - 1))
2020.08.03-22.00.58,v1.03-2-g29b4f1e,83 , 114 , (11 20 7 1 6) , 322 , ((6 * 20) - (7 - 1))
2020.08.03-22.00.58,v1.03-2-g29b4f1e,84 , 114 , (11 20 7 1 6) , 3156 , ((6 * 20) - (7 - 1))
2020.08.03-22.00.58,v1.03-2-g29b4f1e,85 , 114 , (11 20 7 1 6) , 259 , ((6 * 20) - (7 - 1))
2020.08.03-22.00.58,v1.03-2-g29b4f1e,86 , 114 , (11 20 7 1 6) , 4742 , ((20 * 6) - (7 - 1))
2020.08.03-22.00.58,v1.03-2-g29b4f1e,87 , 114 , (11 20 7 1 6) , 69 , ((6 * 20) - (7 - 1))
2020.08.03-22.00.58,v1.03-2-g29b4f1e,88 , 114 , (11 20 7 1 6) , 259 , ((6 * 20) - (7 - 1))
2020.08.03-22.00.58,v1.03-2-g29b4f1e,89 , 114 , (11 20 7 1 6) , 459 , ((6 * 20) - (7 - 1))
2020.08.03-22.00.58,v1.03-2-g29b4f1e,90 , 114 , (11 20 7 1 6) , 4496 , ((6 * 20) - (7 - 1))
2020.08.03-22.00.58,v1.03-2-g29b4f1e,91 , 114 , (11 20 7 1 6) , 340 , ((6 * 20) - (7 - 1))
2020.08.03-22.00.58,v1.03-2-g29b4f1e,92 , 114 , (11 20 7 1 6) , 496 , ((6 * 20) - (7 - 1))
2020.08.03-22.00.58,v1.03-2-g29b4f1e,93 , 114 , (11 20 7 1 6) , 822 , ((6 * 20) - (7 - 1))
2020.08.03-22.00.58,v1.03-2-g29b4f1e,94 , 114 , (11 20 7 1 6) , 588 , ((6 * 20) - (7 - 1))
2020.08.03-22.00.58,v1.03-2-g29b4f1e,95 , 114 , (11 20 7 1 6) , 756 , ((6 * 20) - (7 - 1))
2020.08.03-22.00.58,v1.03-2-g29b4f1e,96 , 114 , (11 20 7 1 6) , 99 , ((6 * 20) - (7 - 1))
2020.08.03-22.00.58,v1.03-2-g29b4f1e,97 , 114 , (11 20 7 1 6) , 1801 , ((6 * 20) - (7 - 1))
2020.08.03-22.00.58,v1.03-2-g29b4f1e,98 , 114 , (11 20 7 1 6) , 575 , ((20 * 6) - (7 - 1))
2020.08.03-22.00.58,v1.03-2-g29b4f1e,99 , 114 , (11 20 7 1 6) , 423 , ((20 * 6) - (7 - 1))
2020.08.03-22.00.58,v1.03-2-g29b4f1e,0 , 87 , (8 3 9 10 7) , 5906 , ((7 * 9) + (3 * 8))
2020.08.03-22.00.58,v1.03-2-g29b4f1e,1 , 87 , (8 3 9 10 7) , 10000 , none
2020.08.03-22.00.58,v1.03-2-g29b4f1e,2 , 87 , (8 3 9 10 7) , 10000 , none
2020.08.03-22.00.58,v1.03-2-g29b4f1e,3 , 87 , (8 3 9 10 7) , 1168 , ((10 * 9) - 3)
2020.08.03-22.00.58,v1.03-2-g29b4f1e,4 , 87 , (8 3 9 10 7) , 10000 , none
2020.08.03-22.00.58,v1.03-2-g29b4f1e,5 , 87 , (8 3 9 10 7) , 94 , ((7 * 9) + (3 * 8))
2020.08.03-22.00.58,v1.03-2-g29b4f1e,6 , 87 , (8 3 9 10 7) , 9712 , ((9 * 10) - 3)
2020.08.03-22.00.58,v1.03-2-g29b4f1e,7 , 87 , (8 3 9 10 7) , 684 , ((8 * 10) + 7)
2020.08.03-22.00.58,v1.03-2-g29b4f1e,8 , 87 , (8 3 9 10 7) , 10000 , none
2020.08.03-22.00.58,v1.03-2-g29b4f1e,9 , 87 , (8 3 9 10 7) , 8690 , ((9 * 10) - 3)
2020.08.03-22.00.58,v1.03-2-g29b4f1e,10 , 87 , (8 3 9 10 7) , 90 , ((7 * 9) + (8 * 3))
2020.08.03-22.00.58,v1.03-2-g29b4f1e,11 , 87 , (8 3 9 10 7) , 5996 , ((8 * 10) + 7)
2020.08.03-22.00.58,v1.03-2-g29b4f1e,12 , 87 , (8 3 9 10 7) , 10000 , none
2020.08.03-22.00.58,v1.03-2-g29b4f1e,13 , 87 , (8 3 9 10 7) , 6187 , ((8 * 10) + 7)
2020.08.03-22.00.58,v1.03-2-g29b4f1e,14 , 87 , (8 3 9 10 7) , 116 , ((9 * 10) - 3)
2020.08.03-22.00.58,v1.03-2-g29b4f1e,15 , 87 , (8 3 9 10 7) , 90 , ((10 * 9) - 3)
2020.08.03-22.00.58,v1.03-2-g29b4f1e,16 , 87 , (8 3 9 10 7) , 575 , ((9 * 10) - 3)
2020.08.03-22.00.58,v1.03-2-g29b4f1e,17 , 87 , (8 3 9 10 7) , 6806 , ((9 * 10) - 3)
2020.08.03-22.00.58,v1.03-2-g29b4f1e,18 , 87 , (8 3 9 10 7) , 3099 , ((8 * 10) + 7)
2020.08.03-22.00.58,v1.03-2-g29b4f1e,19 , 87 , (8 3 9 10 7) , 691 , ((9 * 10) - 3)
2020.08.03-22.00.58,v1.03-2-g29b4f1e,20 , 87 , (8 3 9 10 7) , 10000 , none
2020.08.03-22.00.58,v1.03-2-g29b4f1e,21 , 87 , (8 3 9 10 7) , 3623 , ((9 * 10) - 3)
2020.08.03-22.00.58,v1.03-2-g29b4f1e,22 , 87 , (8 3 9 10 7) , 547 , ((8 * 10) + 7)
2020.08.03-22.00.58,v1.03-2-g29b4f1e,23 , 87 , (8 3 9 10 7) , 1231 , ((10 * 8) + 7)
2020.08.03-22.00.58,v1.03-2-g29b4f1e,24 , 87 , (8 3 9 10 7) , 98 , ((9 * 10) - 3)
2020.08.03-22.00.58,v1.03-2-g29b4f1e,25 , 87 , (8 3 9 10 7) , 10000 , none
2020.08.03-22.00.58,v1.03-2-g29b4f1e,26 , 87 , (8 3 9 10 7) , 673 , ((9 * 10) - 3)
2020.08.03-22.00.58,v1.03-2-g29b4f1e,27 , 87 , (8 3 9 10 7) , 1402 , ((9 * 10) - 3)
2020.08.03-22.00.58,v1.03-2-g29b4f1e,28 , 87 , (8 3 9 10 7) , 10000 , none
2020.08.03-22.00.58,v1.03-2-g29b4f1e,29 , 87 , (8 3 9 10 7) , 108 , ((8 * 10) + 7)
2020.08.03-22.00.58,v1.03-2-g29b4f1e,30 , 87 , (8 3 9 10 7) , 2720 , ((7 * 10) + (9 + 8))
2020.08.03-22.00.58,v1.03-2-g29b4f1e,31 , 87 , (8 3 9 10 7) , 1900 , ((9 * 10) - 3)
2020.08.03-22.00.58,v1.03-2-g29b4f1e,32 , 87 , (8 3 9 10 7) , 5176 , ((9 * 10) - 3)
2020.08.03-22.00.58,v1.03-2-g29b4f1e,33 , 87 , (8 3 9 10 7) , 2971 , ((9 * 10) - 3)
2020.08.03-22.00.58,v1.03-2-g29b4f1e,34 , 87 , (8 3 9 10 7) , 8785 , ((9 * 10) - 3)
2020.08.03-22.00.58,v1.03-2-g29b4f1e,35 , 87 , (8 3 9 10 7) , 10000 , none
2020.08.03-22.00.58,v1.03-2-g29b4f1e,36 , 87 , (8 3 9 10 7) , 616 , ((9 * 10) - 3)
2020.08.03-22.00.58,v1.03-2-g29b4f1e,37 , 87 , (8 3 9 10 7) , 57 , ((8 * 10) + 7)
2020.08.03-22.00.58,v1.03-2-g29b4f1e,38 , 87 , (8 3 9 10 7) , 197 , ((9 * 10) - 3)
2020.08.03-22.00.58,v1.03-2-g29b4f1e,39 , 87 , (8 3 9 10 7) , 7537 , ((8 * 10) + 7)
2020.08.03-22.00.58,v1.03-2-g29b4f1e,40 , 87 , (8 3 9 10 7) , 181 , ((9 * 10) - 3)
2020.08.03-22.00.58,v1.03-2-g29b4f1e,41 , 87 , (8 3 9 10 7) , 10000 , none
2020.08.03-22.00.58,v1.03-2-g29b4f1e,42 , 87 , (8 3 9 10 7) , 41 , ((7 * 10) + (9 + 8))
2020.08.03-22.00.58,v1.03-2-g29b4f1e,43 , 87 , (8 3 9 10 7) , 10000 , none
2020.08.03-22.00.58,v1.03-2-g29b4f1e,44 , 87 , (8 3 9 10 7) , 53 , ((10 * 9) - 3)
2020.08.03-22.00.58,v1.03-2-g29b4f1e,45 , 87 , (8 3 9 10 7) , 10000 , none
2020.08.03-22.00.58,v1.03-2-g29b4f1e,46 , 87 , (8 3 9 10 7) , 5282 , ((9 * 10) - 3)
2020.08.03-22.00.58,v1.03-2-g29b4f1e,47 , 87 , (8 3 9 10 7) , 10000 , none
2020.08.03-22.00.58,v1.03-2-g29b4f1e,48 , 87 , (8 3 9 10 7) , 45 , ((10 * 8) + 7)
2020.08.03-22.00.58,v1.03-2-g29b4f1e,49 , 87 , (8 3 9 10 7) , 10000 , none
2020.08.03-22.00.58,v1.03-2-g29b4f1e,50 , 87 , (8 3 9 10 7) , 537 , ((9 * 10) - 3)
2020.08.03-22.00.58,v1.03-2-g29b4f1e,51 , 87 , (8 3 9 10 7) , 10000 , none
2020.08.03-22.00.58,v1.03-2-g29b4f1e,52 , 87 , (8 3 9 10 7) , 8807 , ((8 * 10) + 7)
2020.08.03-22.00.58,v1.03-2-g29b4f1e,53 , 87 , (8 3 9 10 7) , 55 , ((9 * 10) - 3)
2020.08.03-22.00.58,v1.03-2-g29b4f1e,54 , 87 , (8 3 9 10 7) , 2176 , ((9 * 10) - 3)
2020.08.03-22.00.58,v1.03-2-g29b4f1e,55 , 87 , (8 3 9 10 7) , 443 , ((9 * 10) - 3)
2020.08.03-22.00.58,v1.03-2-g29b4f1e,56 , 87 , (8 3 9 10 7) , 355 , ((7 * 9) + (3 * 8))
2020.08.03-22.00.58,v1.03-2-g29b4f1e,57 , 87 , (8 3 9 10 7) , 3520 , ((9 * 10) - 3)
2020.08.03-22.00.58,v1.03-2-g29b4f1e,58 , 87 , (8 3 9 10 7) , 975 , ((9 * 10) - 3)
2020.08.03-22.00.58,v1.03-2-g29b4f1e,59 , 87 , (8 3 9 10 7) , 1906 , ((10 * 9) - 3)
2020.08.03-22.00.58,v1.03-2-g29b4f1e,60 , 87 , (8 3 9 10 7) , 283 , ((10 * 8) + 7)
2020.08.03-22.00.58,v1.03-2-g29b4f1e,61 , 87 , (8 3 9 10 7) , 10000 , none
2020.08.03-22.00.58,v1.03-2-g29b4f1e,62 , 87 , (8 3 9 10 7) , 10000 , none
2020.08.03-22.00.58,v1.03-2-g29b4f1e,63 , 87 , (8 3 9 10 7) , 7017 , ((8 * 10) + 7)
2020.08.03-22.00.58,v1.03-2-g29b4f1e,64 , 87 , (8 3 9 10 7) , 9973 , ((9 * 10) - 3)
2020.08.03-22.00.58,v1.03-2-g29b4f1e,65 , 87 , (8 3 9 10 7) , 2461 , ((9 * 10) - 3)
2020.08.03-22.00.58,v1.03-2-g29b4f1e,66 , 87 , (8 3 9 10 7) , 175 , ((9 * 10) - 3)
2020.08.03-22.00.58,v1.03-2-g29b4f1e,67 , 87 , (8 3 9 10 7) , 2694 , ((9 * 10) - 3)
2020.08.03-22.00.58,v1.03-2-g29b4f1e,68 , 87 , (8 3 9 10 7) , 1056 , ((7 * 10) + (9 + 8))
2020.08.03-22.00.58,v1.03-2-g29b4f1e,69 , 87 , (8 3 9 10 7) , 10000 , none
2020.08.03-22.00.58,v1.03-2-g29b4f1e,70 , 87 , (8 3 9 10 7) , 10000 , none
2020.08.03-22.00.58,v1.03-2-g29b4f1e,71 , 87 , (8 3 9 10 7) , 312 , ((9 * 10) - 3)
2020.08.03-22.00.58,v1.03-2-g29b4f1e,72 , 87 , (8 3 9 10 7) , 10000 , none
2020.08.03-22.00.58,v1.03-2-g29b4f1e,73 , 87 , (8 3 9 10 7) , 51 , ((9 * 10) - 3)
2020.08.03-22.00.58,v1.03-2-g29b4f1e,74 , 87 , (8 3 9 10 7) , 9767 , ((9 * 10) - 3)
2020.08.03-22.00.58,v1.03-2-g29b4f1e,75 , 87 , (8 3 9 10 7) , 8491 , ((9 * 10) - 3)
2020.08.03-22.00.58,v1.03-2-g29b4f1e,76 , 87 , (8 3 9 10 7) , 195 , ((9 * 10) - 3)
2020.08.03-22.00.58,v1.03-2-g29b4f1e,77 , 87 , (8 3 9 10 7) , 3548 , ((9 * 10) - 3)
2020.08.03-22.00.58,v1.03-2-g29b4f1e,78 , 87 , (8 3 9 10 7) , 156 , ((9 * 10) - 3)
2020.08.03-22.00.58,v1.03-2-g29b4f1e,79 , 87 , (8 3 9 10 7) , 82 , ((7 * 9) + (3 * 8))
2020.08.03-22.00.58,v1.03-2-g29b4f1e,80 , 87 , (8 3 9 10 7) , 10000 , none
2020.08.03-22.00.58,v1.03-2-g29b4f1e,81 , 87 , (8 3 9 10 7) , 10000 , none
2020.08.03-22.00.58,v1.03-2-g29b4f1e,82 , 87 , (8 3 9 10 7) , 10000 , none
2020.08.03-22.00.58,v1.03-2-g29b4f1e,83 , 87 , (8 3 9 10 7) , 10000 , none
2020.08.03-22.00.58,v1.03-2-g29b4f1e,84 , 87 , (8 3 9 10 7) , 6423 , ((8 * 10) + 7)
2020.08.03-22.00.58,v1.03-2-g29b4f1e,85 , 87 , (8 3 9 10 7) , 10000 , none
2020.08.03-22.00.58,v1.03-2-g29b4f1e,86 , 87 , (8 3 9 10 7) , 10000 , none
2020.08.03-22.00.58,v1.03-2-g29b4f1e,87 , 87 , (8 3 9 10 7) , 155 , ((9 * 10) - 3)
2020.08.03-22.00.58,v1.03-2-g29b4f1e,88 , 87 , (8 3 9 10 7) , 10000 , none
2020.08.03-22.00.58,v1.03-2-g29b4f1e,89 , 87 , (8 3 9 10 7) , 52 , ((9 * 10) - 3)
2020.08.03-22.00.58,v1.03-2-g29b4f1e,90 , 87 , (8 3 9 10 7) , 361 , ((10 * 8) + 7)
2020.08.03-22.00.58,v1.03-2-g29b4f1e,91 , 87 , (8 3 9 10 7) , 10000 , none
2020.08.03-22.00.58,v1.03-2-g29b4f1e,92 , 87 , (8 3 9 10 7) , 4969 , ((7 * 9) + (3 * 8))
2020.08.03-22.00.58,v1.03-2-g29b4f1e,93 , 87 , (8 3 9 10 7) , 2114 , ((9 * 10) - 3)
2020.08.03-22.00.58,v1.03-2-g29b4f1e,94 , 87 , (8 3 9 10 7) , 235 , ((7 * 10) + (8 + 9))
2020.08.03-22.00.58,v1.03-2-g29b4f1e,95 , 87 , (8 3 9 10 7) , 312 , ((7 * 9) + (8 * 3))
2020.08.03-22.00.58,v1.03-2-g29b4f1e,96 , 87 , (8 3 9 10 7) , 1074 , ((8 * 10) + 7)
2020.08.03-22.00.58,v1.03-2-g29b4f1e,97 , 87 , (8 3 9 10 7) , 7400 , ((9 * 10) - 3)
2020.08.03-22.00.58,v1.03-2-g29b4f1e,98 , 87 , (8 3 9 10 7) , 10000 , none
2020.08.03-22.00.58,v1.03-2-g29b4f1e,99 , 87 , (8 3 9 10 7) , 440 , ((10 * 8) + 7)
2020.08.03-22.00.58,v1.03-2-g29b4f1e,0 , 31 , (3 5 24 3 14) , 10000 , none
2020.08.03-22.00.58,v1.03-2-g29b4f1e,1 , 31 , (3 5 24 3 14) , 10000 , none
2020.08.03-22.00.58,v1.03-2-g29b4f1e,2 , 31 , (3 5 24 3 14) , 10000 , none
2020.08.03-22.00.58,v1.03-2-g29b4f1e,3 , 31 , (3 5 24 3 14) , 10000 , none
2020.08.03-22.00.58,v1.03-2-g29b4f1e,4 , 31 , (3 5 24 3 14) , 10000 , none
2020.08.03-22.00.58,v1.03-2-g29b4f1e,5 , 31 , (3 5 24 3 14) , 10000 , none
2020.08.03-22.00.58,v1.03-2-g29b4f1e,6 , 31 , (3 5 24 3 14) , 10000 , none
2020.08.03-22.00.58,v1.03-2-g29b4f1e,7 , 31 , (3 5 24 3 14) , 10000 , none
2020.08.03-22.00.58,v1.03-2-g29b4f1e,8 , 31 , (3 5 24 3 14) , 10000 , none
2020.08.03-22.00.58,v1.03-2-g29b4f1e,9 , 31 , (3 5 24 3 14) , 10000 , none
2020.08.03-22.00.58,v1.03-2-g29b4f1e,10 , 31 , (3 5 24 3 14) , 10000 , none
2020.08.03-22.00.58,v1.03-2-g29b4f1e,11 , 31 , (3 5 24 3 14) , 10000 , none
2020.08.03-22.00.58,v1.03-2-g29b4f1e,12 , 31 , (3 5 24 3 14) , 10000 , none
2020.08.03-22.00.58,v1.03-2-g29b4f1e,13 , 31 , (3 5 24 3 14) , 10000 , none
2020.08.03-22.00.58,v1.03-2-g29b4f1e,14 , 31 , (3 5 24 3 14) , 10000 , none
2020.08.03-22.00.58,v1.03-2-g29b4f1e,15 , 31 , (3 5 24 3 14) , 10000 , none
2020.08.03-22.00.58,v1.03-2-g29b4f1e,16 , 31 , (3 5 24 3 14) , 10000 , none
2020.08.03-22.00.58,v1.03-2-g29b4f1e,17 , 31 , (3 5 24 3 14) , 10000 , none
2020.08.03-22.00.58,v1.03-2-g29b4f1e,18 , 31 , (3 5 24 3 14) , 10000 , none
2020.08.03-22.00.58,v1.03-2-g29b4f1e,19 , 31 , (3 5 24 3 14) , 10000 , none
2020.08.03-22.00.58,v1.03-2-g29b4f1e,20 , 31 , (3 5 24 3 14) , 10000 , none
2020.08.03-22.00.58,v1.03-2-g29b4f1e,21 , 31 , (3 5 24 3 14) , 10000 , none
2020.08.03-22.00.58,v1.03-2-g29b4f1e,22 , 31 , (3 5 24 3 14) , 10000 , none
2020.08.03-22.00.58,v1.03-2-g29b4f1e,23 , 31 , (3 5 24 3 14) , 10000 , none
2020.08.03-22.00.58,v1.03-2-g29b4f1e,24 , 31 , (3 5 24 3 14) , 10000 , none
2020.08.03-22.00.58,v1.03-2-g29b4f1e,25 , 31 , (3 5 24 3 14) , 10000 , none
2020.08.03-22.00.58,v1.03-2-g29b4f1e,26 , 31 , (3 5 24 3 14) , 10000 , none
2020.08.03-22.00.58,v1.03-2-g29b4f1e,27 , 31 , (3 5 24 3 14) , 10000 , none
2020.08.03-22.00.58,v1.03-2-g29b4f1e,28 , 31 , (3 5 24 3 14) , 10000 , none
2020.08.03-22.00.58,v1.03-2-g29b4f1e,29 , 31 , (3 5 24 3 14) , 10000 , none
2020.08.03-22.00.58,v1.03-2-g29b4f1e,30 , 31 , (3 5 24 3 14) , 10000 , none
2020.08.03-22.00.58,v1.03-2-g29b4f1e,31 , 31 , (3 5 24 3 14) , 10000 , none
2020.08.03-22.00.58,v1.03-2-g29b4f1e,32 , 31 , (3 5 24 3 14) , 10000 , none
2020.08.03-22.00.58,v1.03-2-g29b4f1e,33 , 31 , (3 5 24 3 14) , 10000 , none
2020.08.03-22.00.58,v1.03-2-g29b4f1e,34 , 31 , (3 5 24 3 14) , 10000 , none
2020.08.03-22.00.58,v1.03-2-g29b4f1e,35 , 31 , (3 5 24 3 14) , 10000 , none
2020.08.03-22.00.58,v1.03-2-g29b4f1e,36 , 31 , (3 5 24 3 14) , 10000 , none
2020.08.03-22.00.58,v1.03-2-g29b4f1e,37 , 31 , (3 5 24 3 14) , 10000 , none
2020.08.03-22.00.58,v1.03-2-g29b4f1e,38 , 31 , (3 5 24 3 14) , 10000 , none
2020.08.03-22.00.58,v1.03-2-g29b4f1e,39 , 31 , (3 5 24 3 14) , 10000 , none
2020.08.03-22.00.58,v1.03-2-g29b4f1e,40 , 31 , (3 5 24 3 14) , 10000 , none
2020.08.03-22.00.58,v1.03-2-g29b4f1e,41 , 31 , (3 5 24 3 14) , 10000 , none
2020.08.03-22.00.58,v1.03-2-g29b4f1e,42 , 31 , (3 5 24 3 14) , 10000 , none
2020.08.03-22.00.58,v1.03-2-g29b4f1e,43 , 31 , (3 5 24 3 14) , 10000 , none
2020.08.03-22.00.58,v1.03-2-g29b4f1e,44 , 31 , (3 5 24 3 14) , 10000 , none
2020.08.03-22.00.58,v1.03-2-g29b4f1e,45 , 31 , (3 5 24 3 14) , 10000 , none
2020.08.03-22.00.58,v1.03-2-g29b4f1e,46 , 31 , (3 5 24 3 14) , 10000 , none
2020.08.03-22.00.58,v1.03-2-g29b4f1e,47 , 31 , (3 5 24 3 14) , 10000 , none
2020.08.03-22.00.58,v1.03-2-g29b4f1e,48 , 31 , (3 5 24 3 14) , 10000 , none
2020.08.03-22.00.58,v1.03-2-g29b4f1e,49 , 31 , (3 5 24 3 14) , 10000 , none
2020.08.03-22.00.58,v1.03-2-g29b4f1e,50 , 31 , (3 5 24 3 14) , 10000 , none
2020.08.03-22.00.58,v1.03-2-g29b4f1e,51 , 31 , (3 5 24 3 14) , 10000 , none
2020.08.03-22.00.58,v1.03-2-g29b4f1e,52 , 31 , (3 5 24 3 14) , 10000 , none
2020.08.03-22.00.58,v1.03-2-g29b4f1e,53 , 31 , (3 5 24 3 14) , 10000 , none
2020.08.03-22.00.58,v1.03-2-g29b4f1e,54 , 31 , (3 5 24 3 14) , 10000 , none
2020.08.03-22.00.58,v1.03-2-g29b4f1e,55 , 31 , (3 5 24 3 14) , 10000 , none
2020.08.03-22.00.58,v1.03-2-g29b4f1e,56 , 31 , (3 5 24 3 14) , 10000 , none
2020.08.03-22.00.58,v1.03-2-g29b4f1e,57 , 31 , (3 5 24 3 14) , 10000 , none
2020.08.03-22.00.58,v1.03-2-g29b4f1e,58 , 31 , (3 5 24 3 14) , 10000 , none
2020.08.03-22.00.58,v1.03-2-g29b4f1e,59 , 31 , (3 5 24 3 14) , 10000 , none
2020.08.03-22.00.58,v1.03-2-g29b4f1e,60 , 31 , (3 5 24 3 14) , 10000 , none
2020.08.03-22.00.58,v1.03-2-g29b4f1e,61 , 31 , (3 5 24 3 14) , 10000 , none
2020.08.03-22.00.58,v1.03-2-g29b4f1e,62 , 31 , (3 5 24 3 14) , 10000 , none
2020.08.03-22.00.58,v1.03-2-g29b4f1e,63 , 31 , (3 5 24 3 14) , 10000 , none
2020.08.03-22.00.58,v1.03-2-g29b4f1e,64 , 31 , (3 5 24 3 14) , 10000 , none
2020.08.03-22.00.58,v1.03-2-g29b4f1e,65 , 31 , (3 5 24 3 14) , 10000 , none
2020.08.03-22.00.58,v1.03-2-g29b4f1e,66 , 31 , (3 5 24 3 14) , 10000 , none
2020.08.03-22.00.58,v1.03-2-g29b4f1e,67 , 31 , (3 5 24 3 14) , 10000 , none
2020.08.03-22.00.58,v1.03-2-g29b4f1e,68 , 31 , (3 5 24 3 14) , 10000 , none
2020.08.03-22.00.58,v1.03-2-g29b4f1e,69 , 31 , (3 5 24 3 14) , 10000 , none
2020.08.03-22.00.58,v1.03-2-g29b4f1e,70 , 31 , (3 5 24 3 14) , 10000 , none
2020.08.03-22.00.58,v1.03-2-g29b4f1e,71 , 31 , (3 5 24 3 14) , 10000 , none
2020.08.03-22.00.58,v1.03-2-g29b4f1e,72 , 31 , (3 5 24 3 14) , 10000 , none
2020.08.03-22.00.58,v1.03-2-g29b4f1e,73 , 31 , (3 5 24 3 14) , 10000 , none
2020.08.03-22.00.58,v1.03-2-g29b4f1e,74 , 31 , (3 5 24 3 14) , 10000 , none
2020.08.03-22.00.58,v1.03-2-g29b4f1e,75 , 31 , (3 5 24 3 14) , 10000 , none
2020.08.03-22.00.58,v1.03-2-g29b4f1e,76 , 31 , (3 5 24 3 14) , 10000 , none
2020.08.03-22.00.58,v1.03-2-g29b4f1e,77 , 31 , (3 5 24 3 14) , 10000 , none
2020.08.03-22.00.58,v1.03-2-g29b4f1e,78 , 31 , (3 5 24 3 14) , 10000 , none
2020.08.03-22.00.58,v1.03-2-g29b4f1e,79 , 31 , (3 5 24 3 14) , 10000 , none
2020.08.03-22.00.58,v1.03-2-g29b4f1e,80 , 31 , (3 5 24 3 14) , 10000 , none
2020.08.03-22.00.58,v1.03-2-g29b4f1e,81 , 31 , (3 5 24 3 14) , 10000 , none
2020.08.03-22.00.58,v1.03-2-g29b4f1e,82 , 31 , (3 5 24 3 14) , 10000 , none
2020.08.03-22.00.58,v1.03-2-g29b4f1e,83 , 31 , (3 5 24 3 14) , 10000 , none
2020.08.03-22.00.58,v1.03-2-g29b4f1e,84 , 31 , (3 5 24 3 14) , 10000 , none
2020.08.03-22.00.58,v1.03-2-g29b4f1e,85 , 31 , (3 5 24 3 14) , 10000 , none
2020.08.03-22.00.58,v1.03-2-g29b4f1e,86 , 31 , (3 5 24 3 14) , 10000 , none
2020.08.03-22.00.58,v1.03-2-g29b4f1e,87 , 31 , (3 5 24 3 14) , 10000 , none
2020.08.03-22.00.58,v1.03-2-g29b4f1e,88 , 31 , (3 5 24 3 14) , 10000 , none
2020.08.03-22.00.58,v1.03-2-g29b4f1e,89 , 31 , (3 5 24 3 14) , 10000 , none
2020.08.03-22.00.58,v1.03-2-g29b4f1e,90 , 31 , (3 5 24 3 14) , 10000 , none
2020.08.03-22.00.58,v1.03-2-g29b4f1e,91 , 31 , (3 5 24 3 14) , 10000 , none
2020.08.03-22.00.58,v1.03-2-g29b4f1e,92 , 31 , (3 5 24 3 14) , 10000 , none
2020.08.03-22.00.58,v1.03-2-g29b4f1e,93 , 31 , (3 5 24 3 14) , 10000 , none
2020.08.03-22.00.58,v1.03-2-g29b4f1e,94 , 31 , (3 5 24 3 14) , 10000 , none
2020.08.03-22.00.58,v1.03-2-g29b4f1e,95 , 31 , (3 5 24 3 14) , 10000 , none
2020.08.03-22.00.58,v1.03-2-g29b4f1e,96 , 31 , (3 5 24 3 14) , 10000 , none
2020.08.03-22.00.58,v1.03-2-g29b4f1e,97 , 31 , (3 5 24 3 14) , 10000 , none
2020.08.03-22.00.58,v1.03-2-g29b4f1e,98 , 31 , (3 5 24 3 14) , 10000 , none
2020.08.03-22.00.58,v1.03-2-g29b4f1e,99 , 31 , (3 5 24 3 14) , 10000 , none
2020.08.03-22.00.58,v1.03-2-g29b4f1e,0 , 25 , (8 5 5 11 2) , 626 , (5 * 5)
2020.08.03-22.00.58,v1.03-2-g29b4f1e,1 , 25 , (8 5 5 11 2) , 939 , (5 * 5)
2020.08.03-22.00.58,v1.03-2-g29b4f1e,2 , 25 , (8 5 5 11 2) , 57 , (5 * 5)
2020.08.03-22.00.58,v1.03-2-g29b4f1e,3 , 25 , (8 5 5 11 2) , 765 , (5 * 5)
2020.08.03-22.00.58,v1.03-2-g29b4f1e,4 , 25 , (8 5 5 11 2) , 837 , (5 * 5)
2020.08.03-22.00.58,v1.03-2-g29b4f1e,5 , 25 , (8 5 5 11 2) , 30 , (5 * 5)
2020.08.03-22.00.58,v1.03-2-g29b4f1e,6 , 25 , (8 5 5 11 2) , 417 , (5 * 5)
2020.08.03-22.00.58,v1.03-2-g29b4f1e,7 , 25 , (8 5 5 11 2) , 527 , (5 * 5)
2020.08.03-22.00.58,v1.03-2-g29b4f1e,8 , 25 , (8 5 5 11 2) , 147 , (5 * 5)
2020.08.03-22.00.58,v1.03-2-g29b4f1e,9 , 25 , (8 5 5 11 2) , 1855 , ((11 * 2) + (8 - 5))
2020.08.03-22.00.58,v1.03-2-g29b4f1e,10 , 25 , (8 5 5 11 2) , 129 , (5 * 5)
2020.08.03-22.00.58,v1.03-2-g29b4f1e,11 , 25 , (8 5 5 11 2) , 97 , (5 * 5)
2020.08.03-22.00.58,v1.03-2-g29b4f1e,12 , 25 , (8 5 5 11 2) , 149 , (5 * 5)
2020.08.03-22.00.58,v1.03-2-g29b4f1e,13 , 25 , (8 5 5 11 2) , 34 , (5 * 5)
2020.08.03-22.00.58,v1.03-2-g29b4f1e,14 , 25 , (8 5 5 11 2) , 69 , (5 * 5)
2020.08.03-22.00.58,v1.03-2-g29b4f1e,15 , 25 , (8 5 5 11 2) , 229 , (5 * 5)
2020.08.03-22.00.58,v1.03-2-g29b4f1e,16 , 25 , (8 5 5 11 2) , 757 , (5 * 5)
2020.08.03-22.00.58,v1.03-2-g29b4f1e,17 , 25 , (8 5 5 11 2) , 718 , (5 * 5)
2020.08.03-22.00.58,v1.03-2-g29b4f1e,18 , 25 , (8 5 5 11 2) , 849 , (5 * 5)
2020.08.03-22.00.58,v1.03-2-g29b4f1e,19 , 25 , (8 5 5 11 2) , 627 , (5 * 5)
2020.08.03-22.00.58,v1.03-2-g29b4f1e,20 , 25 , (8 5 5 11 2) , 81 , (5 * 5)
2020.08.03-22.00.58,v1.03-2-g29b4f1e,21 , 25 , (8 5 5 11 2) , 62 , ((2 * 11) + (8 - 5))
2020.08.03-22.00.58,v1.03-2-g29b4f1e,22 , 25 , (8 5 5 11 2) , 206 , (5 * 5)
2020.08.03-22.00.58,v1.03-2-g29b4f1e,23 , 25 , (8 5 5 11 2) , 26 , (5 * 5)
2020.08.03-22.00.58,v1.03-2-g29b4f1e,24 , 25 , (8 5 5 11 2) , 582 , (5 * 5)
2020.08.03-22.00.58,v1.03-2-g29b4f1e,25 , 25 , (8 5 5 11 2) , 489 , (5 * 5)
2020.08.03-22.00.58,v1.03-2-g29b4f1e,26 , 25 , (8 5 5 11 2) , 382 , ((2 * 11) + (8 - 5))
2020.08.03-22.00.58,v1.03-2-g29b4f1e,27 , 25 , (8 5 5 11 2) , 29 , (5 * 5)
2020.08.03-22.00.58,v1.03-2-g29b4f1e,28 , 25 , (8 5 5 11 2) , 131 , (5 * 5)
2020.08.03-22.00.58,v1.03-2-g29b4f1e,29 , 25 , (8 5 5 11 2) , 365 , (5 * 5)
2020.08.03-22.00.58,v1.03-2-g29b4f1e,30 , 25 , (8 5 5 11 2) , 392 , (5 * 5)
2020.08.03-22.00.58,v1.03-2-g29b4f1e,31 , 25 , (8 5 5 11 2) , 385 , ((2 * 11) + (8 - 5))
2020.08.03-22.00.58,v1.03-2-g29b4f1e,32 , 25 , (8 5 5 11 2) , 109 , (5 * 5)
2020.08.03-22.00.58,v1.03-2-g29b4f1e,33 , 25 , (8 5 5 11 2) , 1636 , (5 * 5)
2020.08.03-22.00.58,v1.03-2-g29b4f1e,34 , 25 , (8 5 5 11 2) , 131 , (5 * 5)
2020.08.03-22.00.58,v1.03-2-g29b4f1e,35 , 25 , (8 5 5 11 2) , 467 , (5 * 5)
2020.08.03-22.00.58,v1.03-2-g29b4f1e,36 , 25 , (8 5 5 11 2) , 1199 , (5 * 5)
2020.08.03-22.00.58,v1.03-2-g29b4f1e,37 , 25 , (8 5 5 11 2) , 930 , (5 * 5)
2020.08.03-22.00.58,v1.03-2-g29b4f1e,38 , 25 , (8 5 5 11 2) , 721 , (5 * 5)
2020.08.03-22.00.58,v1.03-2-g29b4f1e,39 , 25 , (8 5 5 11 2) , 482 , (5 * 5)
2020.08.03-22.00.58,v1.03-2-g29b4f1e,40 , 25 , (8 5 5 11 2) , 469 , (5 * 5)
2020.08.03-22.00.58,v1.03-2-g29b4f1e,41 , 25 , (8 5 5 11 2) , 329 , (5 * 5)
2020.08.03-22.00.58,v1.03-2-g29b4f1e,42 , 25 , (8 5 5 11 2) , 182 , (5 * 5)
2020.08.03-22.00.58,v1.03-2-g29b4f1e,43 , 25 , (8 5 5 11 2) , 187 , (5 * 5)
2020.08.03-22.00.58,v1.03-2-g29b4f1e,44 , 25 , (8 5 5 11 2) , 159 , (5 * 5)
2020.08.03-22.00.58,v1.03-2-g29b4f1e,45 , 25 , (8 5 5 11 2) , 1169 , (5 * 5)
2020.08.03-22.00.58,v1.03-2-g29b4f1e,46 , 25 , (8 5 5 11 2) , 28 , (5 * 5)
2020.08.03-22.00.58,v1.03-2-g29b4f1e,47 , 25 , (8 5 5 11 2) , 856 , ((11 * 2) + (8 - 5))
2020.08.03-22.00.58,v1.03-2-g29b4f1e,48 , 25 , (8 5 5 11 2) , 208 , (5 * 5)
2020.08.03-22.00.58,v1.03-2-g29b4f1e,49 , 25 , (8 5 5 11 2) , 1219 , (5 * 5)
2020.08.03-22.00.58,v1.03-2-g29b4f1e,50 , 25 , (8 5 5 11 2) , 167 , (5 * 5)
2020.08.03-22.00.58,v1.03-2-g29b4f1e,51 , 25 , (8 5 5 11 2) , 209 , ((11 * 2) + (8 - 5))
2020.08.03-22.00.58,v1.03-2-g29b4f1e,52 , 25 , (8 5 5 11 2) , 479 , (5 * 5)
2020.08.03-22.00.58,v1.03-2-g29b4f1e,53 , 25 , (8 5 5 11 2) , 244 , ((2 * 11) + (8 - 5))
2020.08.03-22.00.58,v1.03-2-g29b4f1e,54 , 25 , (8 5 5 11 2) , 721 , (5 * 5)
2020.08.03-22.00.58,v1.03-2-g29b4f1e,55 , 25 , (8 5 5 11 2) , 113 , (5 * 5)
2020.08.03-22.00.58,v1.03-2-g29b4f1e,56 , 25 , (8 5 5 11 2) , 62 , (5 * 5)
2020.08.03-22.00.58,v1.03-2-g29b4f1e,57 , 25 , (8 5 5 11 2) , 41 , (5 * 5)
2020.08.03-22.00.58,v1.03-2-g29b4f1e,58 , 25 , (8 5 5 11 2) , 491 , (5 * 5)
2020.08.03-22.00.58,v1.03-2-g29b4f1e,59 , 25 , (8 5 5 11 2) , 355 , (5 * 5)
2020.08.03-22.00.58,v1.03-2-g29b4f1e,60 , 25 , (8 5 5 11 2) , 459 , (5 * 5)
2020.08.03-22.00.58,v1.03-2-g29b4f1e,61 , 25 , (8 5 5 11 2) , 777 , (5 * 5)
2020.08.03-22.00.58,v1.03-2-g29b4f1e,62 , 25 , (8 5 5 11 2) , 719 , (5 * 5)
2020.08.03-22.00.58,v1.03-2-g29b4f1e,63 , 25 , (8 5 5 11 2) , 35 , (5 * 5)
2020.08.03-22.00.58,v1.03-2-g29b4f1e,64 , 25 , (8 5 5 11 2) , 30 , (5 * 5)
2020.08.03-22.00.58,v1.03-2-g29b4f1e,65 , 25 , (8 5 5 11 2) , 86 , (5 * 5)
2020.08.03-22.00.58,v1.03-2-g29b4f1e,66 , 25 , (8 5 5 11 2) , 127 , (5 * 5)
2020.08.03-22.00.58,v1.03-2-g29b4f1e,67 , 25 , (8 5 5 11 2) , 27 , (5 * 5)
2020.08.03-22.00.58,v1.03-2-g29b4f1e,68 , 25 , (8 5 5 11 2) , 125 , (5 * 5)
2020.08.03-22.00.58,v1.03-2-g29b4f1e,69 , 25 , (8 5 5 11 2) , 165 , (5 * 5)
2020.08.03-22.00.58,v1.03-2-g29b4f1e,70 , 25 , (8 5 5 11 2) , 344 , ((11 * 2) + (8 - 5))
2020.08.03-22.00.58,v1.03-2-g29b4f1e,71 , 25 , (8 5 5 11 2) , 96 , (5 * 5)
2020.08.03-22.00.58,v1.03-2-g29b4f1e,72 , 25 , (8 5 5 11 2) , 41 , (5 * 5)
2020.08.03-22.00.58,v1.03-2-g29b4f1e,73 , 25 , (8 5 5 11 2) , 31 , (5 * 5)
2020.08.03-22.00.58,v1.03-2-g29b4f1e,74 , 25 , (8 5 5 11 2) , 35 , (5 * 5)
2020.08.03-22.00.58,v1.03-2-g29b4f1e,75 , 25 , (8 5 5 11 2) , 311 , (5 * 5)
2020.08.03-22.00.58,v1.03-2-g29b4f1e,76 , 25 , (8 5 5 11 2) , 24 , (5 * 5)
2020.08.03-22.00.58,v1.03-2-g29b4f1e,77 , 25 , (8 5 5 11 2) , 45 , (5 * 5)
2020.08.03-22.00.58,v1.03-2-g29b4f1e,78 , 25 , (8 5 5 11 2) , 523 , ((2 * 11) + (8 - 5))
2020.08.03-22.00.58,v1.03-2-g29b4f1e,79 , 25 , (8 5 5 11 2) , 286 , (5 * 5)
2020.08.03-22.00.58,v1.03-2-g29b4f1e,80 , 25 , (8 5 5 11 2) , 637 , (5 * 5)
2020.08.03-22.00.58,v1.03-2-g29b4f1e,81 , 25 , (8 5 5 11 2) , 621 , (5 * 5)
2020.08.03-22.00.58,v1.03-2-g29b4f1e,82 , 25 , (8 5 5 11 2) , 299 , (5 * 5)
2020.08.03-22.00.58,v1.03-2-g29b4f1e,83 , 25 , (8 5 5 11 2) , 27 , (5 * 5)
2020.08.03-22.00.58,v1.03-2-g29b4f1e,84 , 25 , (8 5 5 11 2) , 1313 , (5 * 5)
2020.08.03-22.00.58,v1.03-2-g29b4f1e,85 , 25 , (8 5 5 11 2) , 940 , (5 * 5)
2020.08.03-22.00.58,v1.03-2-g29b4f1e,86 , 25 , (8 5 5 11 2) , 204 , ((11 * 2) + (8 - 5))
2020.08.03-22.00.58,v1.03-2-g29b4f1e,87 , 25 , (8 5 5 11 2) , 265 , (5 * 5)
2020.08.03-22.00.58,v1.03-2-g29b4f1e,88 , 25 , (8 5 5 11 2) , 930 , (5 * 5)
2020.08.03-22.00.58,v1.03-2-g29b4f1e,89 , 25 , (8 5 5 11 2) , 58 , (5 * 5)
2020.08.03-22.00.58,v1.03-2-g29b4f1e,90 , 25 , (8 5 5 11 2) , 235 , ((2 * 11) + (8 - 5))
2020.08.03-22.00.58,v1.03-2-g29b4f1e,91 , 25 , (8 5 5 11 2) , 507 , (5 * 5)
2020.08.03-22.00.58,v1.03-2-g29b4f1e,92 , 25 , (8 5 5 11 2) , 183 , (5 * 5)
2020.08.03-22.00.58,v1.03-2-g29b4f1e,93 , 25 , (8 5 5 11 2) , 543 , (5 * 5)
2020.08.03-22.00.58,v1.03-2-g29b4f1e,94 , 25 , (8 5 5 11 2) , 140 , (5 * 5)
2020.08.03-22.00.58,v1.03-2-g29b4f1e,95 , 25 , (8 5 5 11 2) , 222 , (5 * 5)
2020.08.03-22.00.58,v1.03-2-g29b4f1e,96 , 25 , (8 5 5 11 2) , 314 , ((2 * 11) + (8 - 5))
2020.08.03-22.00.58,v1.03-2-g29b4f1e,97 , 25 , (8 5 5 11 2) , 272 , (5 * 5)
2020.08.03-22.00.58,v1.03-2-g29b4f1e,98 , 25 , (8 5 5 11 2) , 429 , (5 * 5)
2020.08.03-22.00.58,v1.03-2-g29b4f1e,99 , 25 , (8 5 5 11 2) , 24 , (5 * 5)
2020.08.03-22.00.58,v1.03-2-g29b4f1e,0 , 81 , (9 7 2 25 18) , 8433 , ((9 * 7) + 18)
2020.08.03-22.00.58,v1.03-2-g29b4f1e,1 , 81 , (9 7 2 25 18) , 623 , ((7 * 9) + 18)
2020.08.03-22.00.58,v1.03-2-g29b4f1e,2 , 81 , (9 7 2 25 18) , 9365 , ((7 * 9) + 18)
2020.08.03-22.00.58,v1.03-2-g29b4f1e,3 , 81 , (9 7 2 25 18) , 400 , ((9 * 7) + 18)
2020.08.03-22.00.58,v1.03-2-g29b4f1e,4 , 81 , (9 7 2 25 18) , 117 , ((7 * 9) + 18)
2020.08.03-22.00.58,v1.03-2-g29b4f1e,5 , 81 , (9 7 2 25 18) , 1920 , ((7 * 9) + 18)
2020.08.03-22.00.58,v1.03-2-g29b4f1e,6 , 81 , (9 7 2 25 18) , 120 , ((9 * 7) + 18)
2020.08.03-22.00.58,v1.03-2-g29b4f1e,7 , 81 , (9 7 2 25 18) , 535 , ((7 * 9) + 18)
2020.08.03-22.00.58,v1.03-2-g29b4f1e,8 , 81 , (9 7 2 25 18) , 3388 , ((7 * 9) + 18)
2020.08.03-22.00.58,v1.03-2-g29b4f1e,9 , 81 , (9 7 2 25 18) , 1035 , ((9 * 7) + 18)
2020.08.03-22.00.58,v1.03-2-g29b4f1e,10 , 81 , (9 7 2 25 18) , 1047 , ((7 * 9) + 18)
2020.08.03-22.00.58,v1.03-2-g29b4f1e,11 , 81 , (9 7 2 25 18) , 763 , ((7 * 9) + 18)
2020.08.03-22.00.58,v1.03-2-g29b4f1e,12 , 81 , (9 7 2 25 18) , 10000 , none
2020.08.03-22.00.58,v1.03-2-g29b4f1e,13 , 81 , (9 7 2 25 18) , 2199 , ((9 * 7) + 18)
2020.08.03-22.00.58,v1.03-2-g29b4f1e,14 , 81 , (9 7 2 25 18) , 959 , ((7 * 9) + 18)
2020.08.03-22.00.58,v1.03-2-g29b4f1e,15 , 81 , (9 7 2 25 18) , 1335 , ((9 * 7) + 18)
2020.08.03-22.00.58,v1.03-2-g29b4f1e,16 , 81 , (9 7 2 25 18) , 45 , ((7 * 9) + 18)
2020.08.03-22.00.58,v1.03-2-g29b4f1e,17 , 81 , (9 7 2 25 18) , 3002 , ((9 * 7) + 18)
2020.08.03-22.00.58,v1.03-2-g29b4f1e,18 , 81 , (9 7 2 25 18) , 1252 , ((7 * 9) + 18)
2020.08.03-22.00.58,v1.03-2-g29b4f1e,19 , 81 , (9 7 2 25 18) , 5056 , ((7 * 9) + 18)
2020.08.03-22.00.58,v1.03-2-g29b4f1e,20 , 81 , (9 7 2 25 18) , 341 , ((7 * 9) + 18)
2020.08.03-22.00.58,v1.03-2-g29b4f1e,21 , 81 , (9 7 2 25 18) , 186 , ((7 * 9) + 18)
2020.08.03-22.00.58,v1.03-2-g29b4f1e,22 , 81 , (9 7 2 25 18) , 3093 , ((7 * 9) + 18)
2020.08.03-22.00.58,v1.03-2-g29b4f1e,23 , 81 , (9 7 2 25 18) , 344 , ((9 * 7) + 18)
2020.08.03-22.00.58,v1.03-2-g29b4f1e,24 , 81 , (9 7 2 25 18) , 412 , ((7 * 9) + 18)
2020.08.03-22.00.58,v1.03-2-g29b4f1e,25 , 81 , (9 7 2 25 18) , 4321 , ((7 * 9) + 18)
2020.08.03-22.00.58,v1.03-2-g29b4f1e,26 , 81 , (9 7 2 25 18) , 100 , ((9 * 7) + 18)
2020.08.03-22.00.58,v1.03-2-g29b4f1e,27 , 81 , (9 7 2 25 18) , 1529 , ((9 * 7) + 18)
2020.08.03-22.00.58,v1.03-2-g29b4f1e,28 , 81 , (9 7 2 25 18) , 229 , ((7 * 9) + 18)
2020.08.03-22.00.58,v1.03-2-g29b4f1e,29 , 81 , (9 7 2 25 18) , 2478 , ((9 * 7) + 18)
2020.08.03-22.00.58,v1.03-2-g29b4f1e,30 , 81 , (9 7 2 25 18) , 4326 , ((9 * 7) + 18)
2020.08.03-22.00.58,v1.03-2-g29b4f1e,31 , 81 , (9 7 2 25 18) , 290 , ((7 * 9) + 18)
2020.08.03-22.00.58,v1.03-2-g29b4f1e,32 , 81 , (9 7 2 25 18) , 5635 , ((7 * 9) + 18)
2020.08.03-22.00.58,v1.03-2-g29b4f1e,33 , 81 , (9 7 2 25 18) , 7785 , ((9 * 7) + 18)
2020.08.03-22.00.58,v1.03-2-g29b4f1e,34 , 81 , (9 7 2 25 18) , 1050 , ((9 * 7) + 18)
2020.08.03-22.00.58,v1.03-2-g29b4f1e,35 , 81 , (9 7 2 25 18) , 2898 , ((9 * 7) + 18)
2020.08.03-22.00.58,v1.03-2-g29b4f1e,36 , 81 , (9 7 2 25 18) , 98 , ((7 * 9) + 18)
2020.08.03-22.00.58,v1.03-2-g29b4f1e,37 , 81 , (9 7 2 25 18) , 10000 , none
2020.08.03-22.00.58,v1.03-2-g29b4f1e,38 , 81 , (9 7 2 25 18) , 282 , ((9 * 7) + 18)
2020.08.03-22.00.58,v1.03-2-g29b4f1e,39 , 81 , (9 7 2 25 18) , 1041 , ((9 * 7) + 18)
2020.08.03-22.00.58,v1.03-2-g29b4f1e,40 , 81 , (9 7 2 25 18) , 6129 , ((9 * 7) + 18)
2020.08.03-22.00.58,v1.03-2-g29b4f1e,41 , 81 , (9 7 2 25 18) , 5566 , ((7 * 9) + 18)
2020.08.03-22.00.58,v1.03-2-g29b4f1e,42 , 81 , (9 7 2 25 18) , 963 , ((7 * 9) + 18)
2020.08.03-22.00.58,v1.03-2-g29b4f1e,43 , 81 , (9 7 2 25 18) , 8261 , ((9 * 7) + 18)
2020.08.03-22.00.58,v1.03-2-g29b4f1e,44 , 81 , (9 7 2 25 18) , 159 , ((7 * 9) + 18)
2020.08.03-22.00.58,v1.03-2-g29b4f1e,45 , 81 , (9 7 2 25 18) , 8553 , ((9 * 7) + 18)
2020.08.03-22.00.58,v1.03-2-g29b4f1e,46 , 81 , (9 7 2 25 18) , 4591 , ((7 * 9) + 18)
2020.08.03-22.00.58,v1.03-2-g29b4f1e,47 , 81 , (9 7 2 25 18) , 10000 , none
2020.08.03-22.00.58,v1.03-2-g29b4f1e,48 , 81 , (9 7 2 25 18) , 430 , ((7 * 9) + 18)
2020.08.03-22.00.58,v1.03-2-g29b4f1e,49 , 81 , (9 7 2 25 18) , 151 , ((7 * 9) + 18)
2020.08.03-22.00.58,v1.03-2-g29b4f1e,50 , 81 , (9 7 2 25 18) , 63 , ((7 * 9) + 18)
2020.08.03-22.00.58,v1.03-2-g29b4f1e,51 , 81 , (9 7 2 25 18) , 463 , ((7 * 9) + 18)
2020.08.03-22.00.58,v1.03-2-g29b4f1e,52 , 81 , (9 7 2 25 18) , 10000 , none
2020.08.03-22.00.58,v1.03-2-g29b4f1e,53 , 81 , (9 7 2 25 18) , 5709 , ((9 * 7) + 18)
2020.08.03-22.00.58,v1.03-2-g29b4f1e,54 , 81 , (9 7 2 25 18) , 1224 , ((7 * 9) + 18)
2020.08.03-22.00.58,v1.03-2-g29b4f1e,55 , 81 , (9 7 2 25 18) , 10000 , none
2020.08.03-22.00.58,v1.03-2-g29b4f1e,56 , 81 , (9 7 2 25 18) , 10000 , none
2020.08.03-22.00.58,v1.03-2-g29b4f1e,57 , 81 , (9 7 2 25 18) , 3972 , ((9 * 7) + 18)
2020.08.03-22.00.58,v1.03-2-g29b4f1e,58 , 81 , (9 7 2 25 18) , 129 , ((7 * 9) + 18)
2020.08.03-22.00.58,v1.03-2-g29b4f1e,59 , 81 , (9 7 2 25 18) , 10000 , none
2020.08.03-22.00.58,v1.03-2-g29b4f1e,60 , 81 , (9 7 2 25 18) , 1044 , ((7 * 9) + 18)
2020.08.03-22.00.58,v1.03-2-g29b4f1e,61 , 81 , (9 7 2 25 18) , 4372 , ((7 * 9) + 18)
2020.08.03-22.00.58,v1.03-2-g29b4f1e,62 , 81 , (9 7 2 25 18) , 1453 , ((7 * 9) + 18)
2020.08.03-22.00.58,v1.03-2-g29b4f1e,63 , 81 , (9 7 2 25 18) , 2581 , ((7 * 9) + 18)
2020.08.03-22.00.58,v1.03-2-g29b4f1e,64 , 81 , (9 7 2 25 18) , 2957 , ((9 * 7) + 18)
2020.08.03-22.00.58,v1.03-2-g29b4f1e,65 , 81 , (9 7 2 25 18) , 8830 , ((7 * 9) + 18)
2020.08.03-22.00.58,v1.03-2-g29b4f1e,66 , 81 , (9 7 2 25 18) , 6481 , ((7 * 9) + 18)
2020.08.03-22.00.58,v1.03-2-g29b4f1e,67 , 81 , (9 7 2 25 18) , 3762 , ((9 * 7) + 18)
2020.08.03-22.00.58,v1.03-2-g29b4f1e,68 , 81 , (9 7 2 25 18) , 6703 , ((9 * 7) + 18)
2020.08.03-22.00.58,v1.03-2-g29b4f1e,69 , 81 , (9 7 2 25 18) , 1758 , ((7 * 9) + 18)
2020.08.03-22.00.58,v1.03-2-g29b4f1e,70 , 81 , (9 7 2 25 18) , 122 , ((7 * 9) + 18)
2020.08.03-22.00.58,v1.03-2-g29b4f1e,71 , 81 , (9 7 2 25 18) , 9974 , ((9 * 7) + 18)
2020.08.03-22.00.58,v1.03-2-g29b4f1e,72 , 81 , (9 7 2 25 18) , 503 , ((7 * 9) + 18)
2020.08.03-22.00.58,v1.03-2-g29b4f1e,73 , 81 , (9 7 2 25 18) , 92 , ((7 * 9) + 18)
2020.08.03-22.00.58,v1.03-2-g29b4f1e,74 , 81 , (9 7 2 25 18) , 3097 , ((7 * 9) + 18)
2020.08.03-22.00.58,v1.03-2-g29b4f1e,75 , 81 , (9 7 2 25 18) , 452 , ((9 * 7) + 18)
2020.08.03-22.00.58,v1.03-2-g29b4f1e,76 , 81 , (9 7 2 25 18) , 6680 , ((7 * 9) + 18)
2020.08.03-22.00.58,v1.03-2-g29b4f1e,77 , 81 , (9 7 2 25 18) , 6245 , ((9 * 7) + 18)
2020.08.03-22.00.58,v1.03-2-g29b4f1e,78 , 81 , (9 7 2 25 18) , 150 , ((9 * 7) + 18)
2020.08.03-22.00.58,v1.03-2-g29b4f1e,79 , 81 , (9 7 2 25 18) , 117 , ((9 * 7) + 18)
2020.08.03-22.00.58,v1.03-2-g29b4f1e,80 , 81 , (9 7 2 25 18) , 5452 , ((7 * 9) + 18)
2020.08.03-22.00.58,v1.03-2-g29b4f1e,81 , 81 , (9 7 2 25 18) , 5641 , ((7 * 9) + 18)
2020.08.03-22.00.58,v1.03-2-g29b4f1e,82 , 81 , (9 7 2 25 18) , 564 , ((7 * 9) + 18)
2020.08.03-22.00.58,v1.03-2-g29b4f1e,83 , 81 , (9 7 2 25 18) , 256 , ((7 * 9) + 18)
2020.08.03-22.00.58,v1.03-2-g29b4f1e,84 , 81 , (9 7 2 25 18) , 3732 , ((7 * 9) + 18)
2020.08.03-22.00.58,v1.03-2-g29b4f1e,85 , 81 , (9 7 2 25 18) , 1463 , ((7 * 9) + 18)
2020.08.03-22.00.58,v1.03-2-g29b4f1e,86 , 81 , (9 7 2 25 18) , 752 , ((7 * 9) + 18)
2020.08.03-22.00.58,v1.03-2-g29b4f1e,87 , 81 , (9 7 2 25 18) , 6101 , ((7 * 9) + 18)
2020.08.03-22.00.58,v1.03-2-g29b4f1e,88 , 81 , (9 7 2 25 18) , 174 , ((7 * 9) + 18)
2020.08.03-22.00.58,v1.03-2-g29b4f1e,89 , 81 , (9 7 2 25 18) , 582 , ((7 * 9) + 18)
2020.08.03-22.00.58,v1.03-2-g29b4f1e,90 , 81 , (9 7 2 25 18) , 142 , ((7 * 9) + 18)
2020.08.03-22.00.58,v1.03-2-g29b4f1e,91 , 81 , (9 7 2 25 18) , 426 , ((9 * 7) + 18)
2020.08.03-22.00.58,v1.03-2-g29b4f1e,92 , 81 , (9 7 2 25 18) , 595 , ((7 * 9) + 18)
2020.08.03-22.00.58,v1.03-2-g29b4f1e,93 , 81 , (9 7 2 25 18) , 2563 , ((7 * 9) + 18)
2020.08.03-22.00.58,v1.03-2-g29b4f1e,94 , 81 , (9 7 2 25 18) , 1481 , ((7 * 9) + 18)
2020.08.03-22.00.58,v1.03-2-g29b4f1e,95 , 81 , (9 7 2 25 18) , 427 , ((9 * 7) + 18)
2020.08.03-22.00.58,v1.03-2-g29b4f1e,96 , 81 , (9 7 2 25 18) , 168 , ((7 * 9) + 18)
2020.08.03-22.00.58,v1.03-2-g29b4f1e,97 , 81 , (9 7 2 25 18) , 145 , ((9 * 7) + 18)
2020.08.03-22.00.58,v1.03-2-g29b4f1e,98 , 81 , (9 7 2 25 18) , 4314 , ((9 * 7) + 18)
2020.08.03-22.00.58,v1.03-2-g29b4f1e,99 , 81 , (9 7 2 25 18) , 179 , ((9 * 7) + 18)
2020.08.03-22.00.58,v1.03-2-g29b4f1e,0 , 6 , (3 3 17 11 22) , 47 , (3 + 3)
2020.08.03-22.00.58,v1.03-2-g29b4f1e,1 , 6 , (3 3 17 11 22) , 67 , (3 + 3)
2020.08.03-22.00.58,v1.03-2-g29b4f1e,2 , 6 , (3 3 17 11 22) , 177 , (3 + 3)
2020.08.03-22.00.58,v1.03-2-g29b4f1e,3 , 6 , (3 3 17 11 22) , 232 , (3 + 3)
2020.08.03-22.00.58,v1.03-2-g29b4f1e,4 , 6 , (3 3 17 11 22) , 77 , (3 + 3)
2020.08.03-22.00.58,v1.03-2-g29b4f1e,5 , 6 , (3 3 17 11 22) , 17 , (3 + 3)
2020.08.03-22.00.58,v1.03-2-g29b4f1e,6 , 6 , (3 3 17 11 22) , 24 , (3 + 3)
2020.08.03-22.00.58,v1.03-2-g29b4f1e,7 , 6 , (3 3 17 11 22) , 541 , (3 + 3)
2020.08.03-22.00.58,v1.03-2-g29b4f1e,8 , 6 , (3 3 17 11 22) , 497 , (3 + 3)
2020.08.03-22.00.58,v1.03-2-g29b4f1e,9 , 6 , (3 3 17 11 22) , 24 , (3 + 3)
2020.08.03-22.00.58,v1.03-2-g29b4f1e,10 , 6 , (3 3 17 11 22) , 75 , (3 + 3)
2020.08.03-22.00.58,v1.03-2-g29b4f1e,11 , 6 , (3 3 17 11 22) , 46 , (17 - 11)
2020.08.03-22.00.58,v1.03-2-g29b4f1e,12 , 6 , (3 3 17 11 22) , 19 , (3 + 3)
2020.08.03-22.00.58,v1.03-2-g29b4f1e,13 , 6 , (3 3 17 11 22) , 25 , (3 + 3)
2020.08.03-22.00.58,v1.03-2-g29b4f1e,14 , 6 , (3 3 17 11 22) , 397 , (3 + 3)
2020.08.03-22.00.58,v1.03-2-g29b4f1e,15 , 6 , (3 3 17 11 22) , 28 , (3 + 3)
2020.08.03-22.00.58,v1.03-2-g29b4f1e,16 , 6 , (3 3 17 11 22) , 24 , (3 + 3)
2020.08.03-22.00.58,v1.03-2-g29b4f1e,17 , 6 , (3 3 17 11 22) , 829 , (3 + 3)
2020.08.03-22.00.58,v1.03-2-g29b4f1e,18 , 6 , (3 3 17 11 22) , 297 , (3 + 3)
2020.08.03-22.00.58,v1.03-2-g29b4f1e,19 , 6 , (3 3 17 11 22) , 26 , (3 + 3)
2020.08.03-22.00.58,v1.03-2-g29b4f1e,20 , 6 , (3 3 17 11 22) , 782 , (3 + 3)
2020.08.03-22.00.58,v1.03-2-g29b4f1e,21 , 6 , (3 3 17 11 22) , 173 , (3 + 3)
2020.08.03-22.00.58,v1.03-2-g29b4f1e,22 , 6 , (3 3 17 11 22) , 27 , (3 + 3)
2020.08.03-22.00.58,v1.03-2-g29b4f1e,23 , 6 , (3 3 17 11 22) , 23 , (3 + 3)
2020.08.03-22.00.58,v1.03-2-g29b4f1e,24 , 6 , (3 3 17 11 22) , 26 , (3 + 3)
2020.08.03-22.00.58,v1.03-2-g29b4f1e,25 , 6 , (3 3 17 11 22) , 32 , (3 + 3)
2020.08.03-22.00.58,v1.03-2-g29b4f1e,26 , 6 , (3 3 17 11 22) , 375 , (3 + 3)
2020.08.03-22.00.58,v1.03-2-g29b4f1e,27 , 6 , (3 3 17 11 22) , 30 , (3 + 3)
2020.08.03-22.00.58,v1.03-2-g29b4f1e,28 , 6 , (3 3 17 11 22) , 436 , (3 + 3)
2020.08.03-22.00.58,v1.03-2-g29b4f1e,29 , 6 , (3 3 17 11 22) , 222 , (3 + 3)
2020.08.03-22.00.58,v1.03-2-g29b4f1e,30 , 6 , (3 3 17 11 22) , 35 , (3 + 3)
2020.08.03-22.00.58,v1.03-2-g29b4f1e,31 , 6 , (3 3 17 11 22) , 28 , (3 + 3)
2020.08.03-22.00.58,v1.03-2-g29b4f1e,32 , 6 , (3 3 17 11 22) , 75 , (3 + 3)
2020.08.03-22.00.58,v1.03-2-g29b4f1e,33 , 6 , (3 3 17 11 22) , 915 , (3 + 3)
2020.08.03-22.00.58,v1.03-2-g29b4f1e,34 , 6 , (3 3 17 11 22) , 51 , (3 + 3)
2020.08.03-22.00.58,v1.03-2-g29b4f1e,35 , 6 , (3 3 17 11 22) , 59 , (3 + 3)
2020.08.03-22.00.58,v1.03-2-g29b4f1e,36 , 6 , (3 3 17 11 22) , 42 , (17 - 11)
2020.08.03-22.00.58,v1.03-2-g29b4f1e,37 , 6 , (3 3 17 11 22) , 327 , (3 + 3)
2020.08.03-22.00.58,v1.03-2-g29b4f1e,38 , 6 , (3 3 17 11 22) , 42 , (3 + 3)
2020.08.03-22.00.58,v1.03-2-g29b4f1e,39 , 6 , (3 3 17 11 22) , 28 , (3 + 3)
2020.08.03-22.00.58,v1.03-2-g29b4f1e,40 , 6 , (3 3 17 11 22) , 307 , (17 - 11)
2020.08.03-22.00.58,v1.03-2-g29b4f1e,41 , 6 , (3 3 17 11 22) , 29 , (3 + 3)
2020.08.03-22.00.58,v1.03-2-g29b4f1e,42 , 6 , (3 3 17 11 22) , 251 , (3 + 3)
2020.08.03-22.00.58,v1.03-2-g29b4f1e,43 , 6 , (3 3 17 11 22) , 411 , (3 + 3)
2020.08.03-22.00.58,v1.03-2-g29b4f1e,44 , 6 , (3 3 17 11 22) , 189 , (3 + 3)
2020.08.03-22.00.58,v1.03-2-g29b4f1e,45 , 6 , (3 3 17 11 22) , 59 , (17 - 11)
2020.08.03-22.00.58,v1.03-2-g29b4f1e,46 , 6 , (3 3 17 11 22) , 142 , (17 - 11)
2020.08.03-22.00.58,v1.03-2-g29b4f1e,47 , 6 , (3 3 17 11 22) , 24 , (3 + 3)
2020.08.03-22.00.58,v1.03-2-g29b4f1e,48 , 6 , (3 3 17 11 22) , 528 , (3 + 3)
2020.08.03-22.00.58,v1.03-2-g29b4f1e,49 , 6 , (3 3 17 11 22) , 201 , (3 + 3)
2020.08.03-22.00.58,v1.03-2-g29b4f1e,50 , 6 , (3 3 17 11 22) , 367 , (3 + 3)
2020.08.03-22.00.58,v1.03-2-g29b4f1e,51 , 6 , (3 3 17 11 22) , 425 , (3 + 3)
2020.08.03-22.00.58,v1.03-2-g29b4f1e,52 , 6 , (3 3 17 11 22) , 189 , (3 + 3)
2020.08.03-22.00.58,v1.03-2-g29b4f1e,53 , 6 , (3 3 17 11 22) , 119 , (3 + 3)
2020.08.03-22.00.58,v1.03-2-g29b4f1e,54 , 6 , (3 3 17 11 22) , 210 , (3 + 3)
2020.08.03-22.00.58,v1.03-2-g29b4f1e,55 , 6 , (3 3 17 11 22) , 129 , (3 + 3)
2020.08.03-22.00.58,v1.03-2-g29b4f1e,56 , 6 , (3 3 17 11 22) , 399 , (3 + 3)
2020.08.03-22.00.58,v1.03-2-g29b4f1e,57 , 6 , (3 3 17 11 22) , 909 , (17 - 11)
2020.08.03-22.00.58,v1.03-2-g29b4f1e,58 , 6 , (3 3 17 11 22) , 472 , (3 + 3)
2020.08.03-22.00.58,v1.03-2-g29b4f1e,59 , 6 , (3 3 17 11 22) , 67 , (3 + 3)
2020.08.03-22.00.58,v1.03-2-g29b4f1e,60 , 6 , (3 3 17 11 22) , 25 , (3 + 3)
2020.08.03-22.00.58,v1.03-2-g29b4f1e,61 , 6 , (3 3 17 11 22) , 26 , (3 + 3)
2020.08.03-22.00.58,v1.03-2-g29b4f1e,62 , 6 , (3 3 17 11 22) , 19 , (3 + 3)
2020.08.03-22.00.58,v1.03-2-g29b4f1e,63 , 6 , (3 3 17 11 22) , 120 , (3 + 3)
2020.08.03-22.00.58,v1.03-2-g29b4f1e,64 , 6 , (3 3 17 11 22) , 92 , (3 + 3)
2020.08.03-22.00.58,v1.03-2-g29b4f1e,65 , 6 , (3 3 17 11 22) , 30 , (3 + 3)
2020.08.03-22.00.58,v1.03-2-g29b4f1e,66 , 6 , (3 3 17 11 22) , 89 , (3 + 3)
2020.08.03-22.00.58,v1.03-2-g29b4f1e,67 , 6 , (3 3 17 11 22) , 427 , (3 + 3)
2020.08.03-22.00.58,v1.03-2-g29b4f1e,68 , 6 , (3 3 17 11 22) , 288 , (3 + 3)
2020.08.03-22.00.58,v1.03-2-g29b4f1e,69 , 6 , (3 3 17 11 22) , 29 , (3 + 3)
2020.08.03-22.00.58,v1.03-2-g29b4f1e,70 , 6 , (3 3 17 11 22) , 77 , (3 + 3)
2020.08.03-22.00.58,v1.03-2-g29b4f1e,71 , 6 , (3 3 17 11 22) , 766 , (17 - 11)
2020.08.03-22.00.58,v1.03-2-g29b4f1e,72 , 6 , (3 3 17 11 22) , 20 , (3 + 3)
2020.08.03-22.00.58,v1.03-2-g29b4f1e,73 , 6 , (3 3 17 11 22) , 345 , (3 + 3)
2020.08.03-22.00.58,v1.03-2-g29b4f1e,74 , 6 , (3 3 17 11 22) , 275 , (17 - 11)
2020.08.03-22.00.58,v1.03-2-g29b4f1e,75 , 6 , (3 3 17 11 22) , 26 , (3 + 3)
2020.08.03-22.00.58,v1.03-2-g29b4f1e,76 , 6 , (3 3 17 11 22) , 97 , (3 + 3)
2020.08.03-22.00.58,v1.03-2-g29b4f1e,77 , 6 , (3 3 17 11 22) , 33 , (3 + 3)
2020.08.03-22.00.58,v1.03-2-g29b4f1e,78 , 6 , (3 3 17 11 22) , 132 , (3 + 3)
2020.08.03-22.00.58,v1.03-2-g29b4f1e,79 , 6 , (3 3 17 11 22) , 61 , (3 + 3)
2020.08.03-22.00.58,v1.03-2-g29b4f1e,80 , 6 , (3 3 17 11 22) , 42 , (3 + 3)
2020.08.03-22.00.58,v1.03-2-g29b4f1e,81 , 6 , (3 3 17 11 22) , 29 , (3 + 3)
2020.08.03-22.00.58,v1.03-2-g29b4f1e,82 , 6 , (3 3 17 11 22) , 403 , (3 + 3)
2020.08.03-22.00.58,v1.03-2-g29b4f1e,83 , 6 , (3 3 17 11 22) , 41 , (3 + 3)
2020.08.03-22.00.58,v1.03-2-g29b4f1e,84 , 6 , (3 3 17 11 22) , 26 , (3 + 3)
2020.08.03-22.00.58,v1.03-2-g29b4f1e,85 , 6 , (3 3 17 11 22) , 457 , (3 + 3)
2020.08.03-22.00.58,v1.03-2-g29b4f1e,86 , 6 , (3 3 17 11 22) , 237 , (3 + 3)
2020.08.03-22.00.58,v1.03-2-g29b4f1e,87 , 6 , (3 3 17 11 22) , 181 , (3 + 3)
2020.08.03-22.00.58,v1.03-2-g29b4f1e,88 , 6 , (3 3 17 11 22) , 25 , (3 + 3)
2020.08.03-22.00.58,v1.03-2-g29b4f1e,89 , 6 , (3 3 17 11 22) , 765 , (3 + 3)
2020.08.03-22.00.58,v1.03-2-g29b4f1e,90 , 6 , (3 3 17 11 22) , 265 , (3 + 3)
2020.08.03-22.00.58,v1.03-2-g29b4f1e,91 , 6 , (3 3 17 11 22) , 216 , (3 + 3)
2020.08.03-22.00.58,v1.03-2-g29b4f1e,92 , 6 , (3 3 17 11 22) , 215 , (3 + 3)
2020.08.03-22.00.58,v1.03-2-g29b4f1e,93 , 6 , (3 3 17 11 22) , 449 , (17 - 11)
2020.08.03-22.00.58,v1.03-2-g29b4f1e,94 , 6 , (3 3 17 11 22) , 139 , (3 + 3)
2020.08.03-22.00.58,v1.03-2-g29b4f1e,95 , 6 , (3 3 17 11 22) , 133 , (3 + 3)
2020.08.03-22.00.58,v1.03-2-g29b4f1e,96 , 6 , (3 3 17 11 22) , 247 , (3 + 3)
2020.08.03-22.00.58,v1.03-2-g29b4f1e,97 , 6 , (3 3 17 11 22) , 370 , (3 + 3)
2020.08.03-22.00.58,v1.03-2-g29b4f1e,98 , 6 , (3 3 17 11 22) , 28 , (3 + 3)
2020.08.03-22.00.58,v1.03-2-g29b4f1e,99 , 6 , (3 3 17 11 22) , 260 , (3 + 3)
2020.08.03-22.00.58,v1.03-2-g29b4f1e,0 , 11 , (2 5 1 25 23) , 456 , ((2 * 5) + 1)
2020.08.03-22.00.58,v1.03-2-g29b4f1e,1 , 11 , (2 5 1 25 23) , 4830 , ((2 * 5) + 1)
2020.08.03-22.00.58,v1.03-2-g29b4f1e,2 , 11 , (2 5 1 25 23) , 6605 , ((5 * 2) + 1)
2020.08.03-22.00.58,v1.03-2-g29b4f1e,3 , 11 , (2 5 1 25 23) , 244 , ((2 * 5) + 1)
2020.08.03-22.00.58,v1.03-2-g29b4f1e,4 , 11 , (2 5 1 25 23) , 10000 , none
2020.08.03-22.00.58,v1.03-2-g29b4f1e,5 , 11 , (2 5 1 25 23) , 108 , ((2 * 5) + 1)
2020.08.03-22.00.58,v1.03-2-g29b4f1e,6 , 11 , (2 5 1 25 23) , 676 , ((2 * 5) + 1)
2020.08.03-22.00.58,v1.03-2-g29b4f1e,7 , 11 , (2 5 1 25 23) , 4222 , ((2 * 5) + 1)
2020.08.03-22.00.58,v1.03-2-g29b4f1e,8 , 11 , (2 5 1 25 23) , 4586 , ((2 * 5) + 1)
2020.08.03-22.00.58,v1.03-2-g29b4f1e,9 , 11 , (2 5 1 25 23) , 6555 , ((2 * 5) + 1)
2020.08.03-22.00.58,v1.03-2-g29b4f1e,10 , 11 , (2 5 1 25 23) , 263 , ((5 * 2) + 1)
2020.08.03-22.00.58,v1.03-2-g29b4f1e,11 , 11 , (2 5 1 25 23) , 2337 , ((2 * 5) + 1)
2020.08.03-22.00.58,v1.03-2-g29b4f1e,12 , 11 , (2 5 1 25 23) , 9788 , ((2 * 5) + 1)
2020.08.03-22.00.58,v1.03-2-g29b4f1e,13 , 11 , (2 5 1 25 23) , 1110 , ((2 * 5) + 1)
2020.08.03-22.00.58,v1.03-2-g29b4f1e,14 , 11 , (2 5 1 25 23) , 1197 , ((2 * 5) + 1)
2020.08.03-22.00.58,v1.03-2-g29b4f1e,15 , 11 , (2 5 1 25 23) , 40 , ((5 * 2) + 1)
2020.08.03-22.00.58,v1.03-2-g29b4f1e,16 , 11 , (2 5 1 25 23) , 299 , ((2 * 5) + 1)
2020.08.03-22.00.58,v1.03-2-g29b4f1e,17 , 11 , (2 5 1 25 23) , 56 , ((2 * 5) + 1)
2020.08.03-22.00.58,v1.03-2-g29b4f1e,18 , 11 , (2 5 1 25 23) , 5551 , ((2 * 5) + 1)
2020.08.03-22.00.58,v1.03-2-g29b4f1e,19 , 11 , (2 5 1 25 23) , 343 , ((2 * 5) + 1)
2020.08.03-22.00.58,v1.03-2-g29b4f1e,20 , 11 , (2 5 1 25 23) , 5373 , ((2 * 5) + 1)
2020.08.03-22.00.58,v1.03-2-g29b4f1e,21 , 11 , (2 5 1 25 23) , 8182 , ((2 * 5) + 1)
2020.08.03-22.00.58,v1.03-2-g29b4f1e,22 , 11 , (2 5 1 25 23) , 4454 , ((2 * 5) + 1)
2020.08.03-22.00.58,v1.03-2-g29b4f1e,23 , 11 , (2 5 1 25 23) , 5572 , ((2 * 5) + 1)
2020.08.03-22.00.58,v1.03-2-g29b4f1e,24 , 11 , (2 5 1 25 23) , 300 , ((2 * 5) + 1)
2020.08.03-22.00.58,v1.03-2-g29b4f1e,25 , 11 , (2 5 1 25 23) , 2709 , ((2 * 5) + 1)
2020.08.03-22.00.58,v1.03-2-g29b4f1e,26 , 11 , (2 5 1 25 23) , 60 , ((5 * 2) + 1)
2020.08.03-22.00.58,v1.03-2-g29b4f1e,27 , 11 , (2 5 1 25 23) , 1618 , ((2 * 5) + 1)
2020.08.03-22.00.58,v1.03-2-g29b4f1e,28 , 11 , (2 5 1 25 23) , 274 , ((2 * 5) + 1)
2020.08.03-22.00.58,v1.03-2-g29b4f1e,29 , 11 , (2 5 1 25 23) , 3794 , ((5 * 2) + 1)
2020.08.03-22.00.58,v1.03-2-g29b4f1e,30 , 11 , (2 5 1 25 23) , 76 , ((2 * 5) + 1)
2020.08.03-22.00.58,v1.03-2-g29b4f1e,31 , 11 , (2 5 1 25 23) , 159 , ((2 * 5) + 1)
2020.08.03-22.00.58,v1.03-2-g29b4f1e,32 , 11 , (2 5 1 25 23) , 163 , ((2 * 5) + 1)
2020.08.03-22.00.58,v1.03-2-g29b4f1e,33 , 11 , (2 5 1 25 23) , 1842 , ((2 * 5) + 1)
2020.08.03-22.00.58,v1.03-2-g29b4f1e,34 , 11 , (2 5 1 25 23) , 2701 , ((2 * 5) + 1)
2020.08.03-22.00.58,v1.03-2-g29b4f1e,35 , 11 , (2 5 1 25 23) , 165 , ((2 * 5) + 1)
2020.08.03-22.00.58,v1.03-2-g29b4f1e,36 , 11 , (2 5 1 25 23) , 1353 , ((2 * 5) + 1)
2020.08.03-22.00.58,v1.03-2-g29b4f1e,37 , 11 , (2 5 1 25 23) , 9448 , ((2 * 5) + 1)
2020.08.03-22.00.58,v1.03-2-g29b4f1e,38 , 11 , (2 5 1 25 23) , 77 , ((2 * 5) + 1)
2020.08.03-22.00.58,v1.03-2-g29b4f1e,39 , 11 , (2 5 1 25 23) , 5622 , ((2 * 5) + 1)
2020.08.03-22.00.58,v1.03-2-g29b4f1e,40 , 11 , (2 5 1 25 23) , 10000 , none
2020.08.03-22.00.58,v1.03-2-g29b4f1e,41 , 11 , (2 5 1 25 23) , 621 , ((2 * 5) + 1)
2020.08.03-22.00.58,v1.03-2-g29b4f1e,42 , 11 , (2 5 1 25 23) , 743 , ((2 * 5) + 1)
2020.08.03-22.00.58,v1.03-2-g29b4f1e,43 , 11 , (2 5 1 25 23) , 47 , ((2 * 5) + 1)
2020.08.03-22.00.58,v1.03-2-g29b4f1e,44 , 11 , (2 5 1 25 23) , 1398 , ((2 * 5) + 1)
2020.08.03-22.00.58,v1.03-2-g29b4f1e,45 , 11 , (2 5 1 25 23) , 66 , ((2 * 5) + 1)
2020.08.03-22.00.58,v1.03-2-g29b4f1e,46 , 11 , (2 5 1 25 23) , 9916 , ((2 * 5) + 1)
2020.08.03-22.00.58,v1.03-2-g29b4f1e,47 , 11 , (2 5 1 25 23) , 8290 , ((5 * 2) + 1)
2020.08.03-22.00.58,v1.03-2-g29b4f1e,48 , 11 , (2 5 1 25 23) , 3613 , ((2 * 5) + 1)
2020.08.03-22.00.58,v1.03-2-g29b4f1e,49 , 11 , (2 5 1 25 23) , 912 , ((2 * 5) + 1)
2020.08.03-22.00.58,v1.03-2-g29b4f1e,50 , 11 , (2 5 1 25 23) , 9637 , ((2 * 5) + 1)
2020.08.03-22.00.58,v1.03-2-g29b4f1e,51 , 11 , (2 5 1 25 23) , 10000 , none
2020.08.03-22.00.58,v1.03-2-g29b4f1e,52 , 11 , (2 5 1 25 23) , 9303 , ((2 * 5) + 1)
2020.08.03-22.00.58,v1.03-2-g29b4f1e,53 , 11 , (2 5 1 25 23) , 1127 , ((2 * 5) + 1)
2020.08.03-22.00.58,v1.03-2-g29b4f1e,54 , 11 , (2 5 1 25 23) , 7437 , ((2 * 5) + 1)
2020.08.03-22.00.58,v1.03-2-g29b4f1e,55 , 11 , (2 5 1 25 23) , 3234 , ((2 * 5) + 1)
2020.08.03-22.00.58,v1.03-2-g29b4f1e,56 , 11 , (2 5 1 25 23) , 10000 , none
2020.08.03-22.00.58,v1.03-2-g29b4f1e,57 , 11 , (2 5 1 25 23) , 5907 , ((2 * 5) + 1)
2020.08.03-22.00.58,v1.03-2-g29b4f1e,58 , 11 , (2 5 1 25 23) , 10000 , none
2020.08.03-22.00.58,v1.03-2-g29b4f1e,59 , 11 , (2 5 1 25 23) , 41 , ((2 * 5) + 1)
2020.08.03-22.00.58,v1.03-2-g29b4f1e,60 , 11 , (2 5 1 25 23) , 54 , ((2 * 5) + 1)
2020.08.03-22.00.58,v1.03-2-g29b4f1e,61 , 11 , (2 5 1 25 23) , 9792 , ((2 * 5) + 1)
2020.08.03-22.00.58,v1.03-2-g29b4f1e,62 , 11 , (2 5 1 25 23) , 818 , ((2 * 5) + 1)
2020.08.03-22.00.58,v1.03-2-g29b4f1e,63 , 11 , (2 5 1 25 23) , 10000 , none
2020.08.03-22.00.58,v1.03-2-g29b4f1e,64 , 11 , (2 5 1 25 23) , 1213 , ((2 * 5) + 1)
2020.08.03-22.00.58,v1.03-2-g29b4f1e,65 , 11 , (2 5 1 25 23) , 1694 , ((2 * 5) + 1)
2020.08.03-22.00.58,v1.03-2-g29b4f1e,66 , 11 , (2 5 1 25 23) , 675 , ((2 * 5) + 1)
2020.08.03-22.00.58,v1.03-2-g29b4f1e,67 , 11 , (2 5 1 25 23) , 2923 , ((2 * 5) + 1)
2020.08.03-22.00.58,v1.03-2-g29b4f1e,68 , 11 , (2 5 1 25 23) , 425 , ((2 * 5) + 1)
2020.08.03-22.00.58,v1.03-2-g29b4f1e,69 , 11 , (2 5 1 25 23) , 1821 , ((2 * 5) + 1)
2020.08.03-22.00.58,v1.03-2-g29b4f1e,70 , 11 , (2 5 1 25 23) , 3328 , ((2 * 5) + 1)
2020.08.03-22.00.58,v1.03-2-g29b4f1e,71 , 11 , (2 5 1 25 23) , 608 , ((5 * 2) + 1)
2020.08.03-22.00.58,v1.03-2-g29b4f1e,72 , 11 , (2 5 1 25 23) , 1091 , ((2 * 5) + 1)
2020.08.03-22.00.58,v1.03-2-g29b4f1e,73 , 11 , (2 5 1 25 23) , 365 , ((2 * 5) + 1)
2020.08.03-22.00.58,v1.03-2-g29b4f1e,74 , 11 , (2 5 1 25 23) , 478 , ((2 * 5) + 1)
2020.08.03-22.00.58,v1.03-2-g29b4f1e,75 , 11 , (2 5 1 25 23) , 3609 , ((2 * 5) + 1)
2020.08.03-22.00.58,v1.03-2-g29b4f1e,76 , 11 , (2 5 1 25 23) , 9269 , ((2 * 5) + 1)
2020.08.03-22.00.58,v1.03-2-g29b4f1e,77 , 11 , (2 5 1 25 23) , 6727 , ((2 * 5) + 1)
2020.08.03-22.00.58,v1.03-2-g29b4f1e,78 , 11 , (2 5 1 25 23) , 32 , ((2 * 5) + 1)
2020.08.03-22.00.58,v1.03-2-g29b4f1e,79 , 11 , (2 5 1 25 23) , 708 , ((2 * 5) + 1)
2020.08.03-22.00.58,v1.03-2-g29b4f1e,80 , 11 , (2 5 1 25 23) , 10000 , none
2020.08.03-22.00.58,v1.03-2-g29b4f1e,81 , 11 , (2 5 1 25 23) , 431 , ((2 * 5) + 1)
2020.08.03-22.00.58,v1.03-2-g29b4f1e,82 , 11 , (2 5 1 25 23) , 3246 , ((2 * 5) + 1)
2020.08.03-22.00.58,v1.03-2-g29b4f1e,83 , 11 , (2 5 1 25 23) , 75 , ((2 * 5) + 1)
2020.08.03-22.00.58,v1.03-2-g29b4f1e,84 , 11 , (2 5 1 25 23) , 209 , ((2 * 5) + 1)
2020.08.03-22.00.58,v1.03-2-g29b4f1e,85 , 11 , (2 5 1 25 23) , 285 , ((2 * 5) + 1)
2020.08.03-22.00.58,v1.03-2-g29b4f1e,86 , 11 , (2 5 1 25 23) , 10000 , none
2020.08.03-22.00.58,v1.03-2-g29b4f1e,87 , 11 , (2 5 1 25 23) , 6149 , ((2 * 5) + 1)
2020.08.03-22.00.58,v1.03-2-g29b4f1e,88 , 11 , (2 5 1 25 23) , 7987 , ((2 * 5) + 1)
2020.08.03-22.00.58,v1.03-2-g29b4f1e,89 , 11 , (2 5 1 25 23) , 189 , ((2 * 5) + 1)
2020.08.03-22.00.58,v1.03-2-g29b4f1e,90 , 11 , (2 5 1 25 23) , 4486 , ((2 * 5) + 1)
2020.08.03-22.00.58,v1.03-2-g29b4f1e,91 , 11 , (2 5 1 25 23) , 9526 , ((2 * 5) + 1)
2020.08.03-22.00.58,v1.03-2-g29b4f1e,92 , 11 , (2 5 1 25 23) , 1747 , ((2 * 5) + 1)
2020.08.03-22.00.58,v1.03-2-g29b4f1e,93 , 11 , (2 5 1 25 23) , 6341 , ((2 * 5) + 1)
2020.08.03-22.00.58,v1.03-2-g29b4f1e,94 , 11 , (2 5 1 25 23) , 9466 , ((2 * 5) + 1)
2020.08.03-22.00.58,v1.03-2-g29b4f1e,95 , 11 , (2 5 1 25 23) , 46 , ((2 * 5) + 1)
2020.08.03-22.00.58,v1.03-2-g29b4f1e,96 , 11 , (2 5 1 25 23) , 60 , ((2 * 5) + 1)
2020.08.03-22.00.58,v1.03-2-g29b4f1e,97 , 11 , (2 5 1 25 23) , 1904 , ((2 * 5) + 1)
2020.08.03-22.00.58,v1.03-2-g29b4f1e,98 , 11 , (2 5 1 25 23) , 750 , ((5 * 2) + 1)
2020.08.03-22.00.58,v1.03-2-g29b4f1e,99 , 11 , (2 5 1 25 23) , 745 , ((2 * 5) + 1)
2020.08.03-22.00.58,v1.03-2-g29b4f1e,0 , 116 , (20 2 16 14 6) , 617 , ((16 * 6) + 20)
2020.08.03-22.00.58,v1.03-2-g29b4f1e,1 , 116 , (20 2 16 14 6) , 902 , ((16 * 6) + 20)
2020.08.03-22.00.58,v1.03-2-g29b4f1e,2 , 116 , (20 2 16 14 6) , 3031 , ((6 * 14) + (2 * 16))
2020.08.03-22.00.58,v1.03-2-g29b4f1e,3 , 116 , (20 2 16 14 6) , 97 , ((6 * 14) + (2 * 16))
2020.08.03-22.00.58,v1.03-2-g29b4f1e,4 , 116 , (20 2 16 14 6) , 1190 , ((6 * 16) + 20)
2020.08.03-22.00.58,v1.03-2-g29b4f1e,5 , 116 , (20 2 16 14 6) , 75 , ((14 * 6) + (2 * 16))
2020.08.03-22.00.58,v1.03-2-g29b4f1e,6 , 116 , (20 2 16 14 6) , 297 , ((6 * 16) + 20)
2020.08.03-22.00.58,v1.03-2-g29b4f1e,7 , 116 , (20 2 16 14 6) , 9345 , ((14 * 6) + (2 * 16))
2020.08.03-22.00.58,v1.03-2-g29b4f1e,8 , 116 , (20 2 16 14 6) , 1666 , ((6 * 16) + 20)
2020.08.03-22.00.58,v1.03-2-g29b4f1e,9 , 116 , (20 2 16 14 6) , 1210 , ((6 * 14) + (2 * 16))
2020.08.03-22.00.58,v1.03-2-g29b4f1e,10 , 116 , (20 2 16 14 6) , 1477 , ((16 * 6) + 20)
2020.08.03-22.00.58,v1.03-2-g29b4f1e,11 , 116 , (20 2 16 14 6) , 48 , ((6 * 16) + 20)
2020.08.03-22.00.58,v1.03-2-g29b4f1e,12 , 116 , (20 2 16 14 6) , 6503 , ((6 * 16) + 20)
2020.08.03-22.00.58,v1.03-2-g29b4f1e,13 , 116 , (20 2 16 14 6) , 3578 , ((14 * 6) + (16 * 2))
2020.08.03-22.00.58,v1.03-2-g29b4f1e,14 , 116 , (20 2 16 14 6) , 759 , ((6 * 16) + 20)
2020.08.03-22.00.58,v1.03-2-g29b4f1e,15 , 116 , (20 2 16 14 6) , 1376 , ((16 * 6) + 20)
2020.08.03-22.00.58,v1.03-2-g29b4f1e,16 , 116 , (20 2 16 14 6) , 691 , ((6 * 14) + (2 * 16))
2020.08.03-22.00.58,v1.03-2-g29b4f1e,17 , 116 , (20 2 16 14 6) , 654 , ((6 * 16) + 20)
2020.08.03-22.00.58,v1.03-2-g29b4f1e,18 , 116 , (20 2 16 14 6) , 305 , ((16 * 6) + 20)
2020.08.03-22.00.58,v1.03-2-g29b4f1e,19 , 116 , (20 2 16 14 6) , 391 , ((6 * 16) + 20)
2020.08.03-22.00.58,v1.03-2-g29b4f1e,20 , 116 , (20 2 16 14 6) , 941 , ((6 * 16) + 20)
2020.08.03-22.00.58,v1.03-2-g29b4f1e,21 , 116 , (20 2 16 14 6) , 2832 , ((16 * 6) + 20)
2020.08.03-22.00.58,v1.03-2-g29b4f1e,22 , 116 , (20 2 16 14 6) , 4034 , ((16 * 6) + 20)
2020.08.03-22.00.58,v1.03-2-g29b4f1e,23 , 116 , (20 2 16 14 6) , 436 , ((6 * 14) + (2 * 16))
2020.08.03-22.00.58,v1.03-2-g29b4f1e,24 , 116 , (20 2 16 14 6) , 1648 , ((6 * 16) + 20)
2020.08.03-22.00.58,v1.03-2-g29b4f1e,25 , 116 , (20 2 16 14 6) , 646 , ((14 * 6) + (16 * 2))
2020.08.03-22.00.58,v1.03-2-g29b4f1e,26 , 116 , (20 2 16 14 6) , 343 , ((14 * 6) + (2 * 16))
2020.08.03-22.00.58,v1.03-2-g29b4f1e,27 , 116 , (20 2 16 14 6) , 1560 , ((6 * 16) + 20)
2020.08.03-22.00.58,v1.03-2-g29b4f1e,28 , 116 , (20 2 16 14 6) , 744 , ((14 * 6) + (2 * 16))
2020.08.03-22.00.58,v1.03-2-g29b4f1e,29 , 116 , (20 2 16 14 6) , 647 , ((6 * 16) + 20)
2020.08.03-22.00.58,v1.03-2-g29b4f1e,30 , 116 , (20 2 16 14 6) , 3311 , ((6 * 16) + 20)
2020.08.03-22.00.58,v1.03-2-g29b4f1e,31 , 116 , (20 2 16 14 6) , 2004 , ((6 * 16) + 20)
2020.08.03-22.00.58,v1.03-2-g29b4f1e,32 , 116 , (20 2 16 14 6) , 1817 , ((6 * 14) + (16 * 2))
2020.08.03-22.00.58,v1.03-2-g29b4f1e,33 , 116 , (20 2 16 14 6) , 2279 , ((6 * 16) + 20)
2020.08.03-22.00.58,v1.03-2-g29b4f1e,34 , 116 , (20 2 16 14 6) , 1063 , ((16 * 6) + 20)
2020.08.03-22.00.58,v1.03-2-g29b4f1e,35 , 116 , (20 2 16 14 6) , 2969 , ((16 * 6) + 20)
2020.08.03-22.00.58,v1.03-2-g29b4f1e,36 , 116 , (20 2 16 14 6) , 1999 , ((16 * 6) + 20)
2020.08.03-22.00.58,v1.03-2-g29b4f1e,37 , 116 , (20 2 16 14 6) , 273 , ((6 * 14) + (2 * 16))
2020.08.03-22.00.58,v1.03-2-g29b4f1e,38 , 116 , (20 2 16 14 6) , 538 , ((14 * 6) + (16 * 2))
2020.08.03-22.00.58,v1.03-2-g29b4f1e,39 , 116 , (20 2 16 14 6) , 67 , ((6 * 16) + 20)
2020.08.03-22.00.58,v1.03-2-g29b4f1e,40 , 116 , (20 2 16 14 6) , 652 , ((6 * 16) + 20)
2020.08.03-22.00.58,v1.03-2-g29b4f1e,41 , 116 , (20 2 16 14 6) , 106 , ((14 * 6) + (2 * 16))
2020.08.03-22.00.58,v1.03-2-g29b4f1e,42 , 116 , (20 2 16 14 6) , 343 , ((6 * 14) + (2 * 16))
2020.08.03-22.00.58,v1.03-2-g29b4f1e,43 , 116 , (20 2 16 14 6) , 785 , ((6 * 14) + (2 * 16))
2020.08.03-22.00.58,v1.03-2-g29b4f1e,44 , 116 , (20 2 16 14 6) , 2301 , ((16 * 6) + 20)
2020.08.03-22.00.58,v1.03-2-g29b4f1e,45 , 116 , (20 2 16 14 6) , 2979 , ((6 * 16) + 20)
2020.08.03-22.00.58,v1.03-2-g29b4f1e,46 , 116 , (20 2 16 14 6) , 79 , ((6 * 14) + (2 * 16))
2020.08.03-22.00.58,v1.03-2-g29b4f1e,47 , 116 , (20 2 16 14 6) , 224 , ((14 * 6) + (16 * 2))
2020.08.03-22.00.58,v1.03-2-g29b4f1e,48 , 116 , (20 2 16 14 6) , 1706 , ((6 * 14) + (2 * 16))
2020.08.03-22.00.58,v1.03-2-g29b4f1e,49 , 116 , (20 2 16 14 6) , 1029 , ((14 * 6) + (2 * 16))
2020.08.03-22.00.58,v1.03-2-g29b4f1e,50 , 116 , (20 2 16 14 6) , 206 , ((6 * 16) + 20)
2020.08.03-22.00.58,v1.03-2-g29b4f1e,51 , 116 , (20 2 16 14 6) , 5719 , ((16 * 6) + 20)
2020.08.03-22.00.58,v1.03-2-g29b4f1e,52 , 116 , (20 2 16 14 6) , 586 , ((6 * 16) + 20)
2020.08.03-22.00.58,v1.03-2-g29b4f1e,53 , 116 , (20 2 16 14 6) , 94 , ((6 * 16) + 20)
2020.08.03-22.00.58,v1.03-2-g29b4f1e,54 , 116 , (20 2 16 14 6) , 5547 , ((16 * 6) + 20)
2020.08.03-22.00.58,v1.03-2-g29b4f1e,55 , 116 , (20 2 16 14 6) , 4058 , ((6 * 16) + 20)
2020.08.03-22.00.58,v1.03-2-g29b4f1e,56 , 116 , (20 2 16 14 6) , 1246 , ((6 * 14) + (2 * 16))
2020.08.03-22.00.58,v1.03-2-g29b4f1e,57 , 116 , (20 2 16 14 6) , 210 , ((6 * 14) + (16 * 2))
2020.08.03-22.00.58,v1.03-2-g29b4f1e,58 , 116 , (20 2 16 14 6) , 2801 , ((16 * 6) + 20)
2020.08.03-22.00.58,v1.03-2-g29b4f1e,59 , 116 , (20 2 16 14 6) , 609 , ((16 * 6) + 20)
2020.08.03-22.00.58,v1.03-2-g29b4f1e,60 , 116 , (20 2 16 14 6) , 294 , ((14 * 6) + (2 * 16))
2020.08.03-22.00.58,v1.03-2-g29b4f1e,61 , 116 , (20 2 16 14 6) , 1061 , ((6 * 14) + (2 * 16))
2020.08.03-22.00.58,v1.03-2-g29b4f1e,62 , 116 , (20 2 16 14 6) , 7865 , ((6 * 16) + 20)
2020.08.03-22.00.58,v1.03-2-g29b4f1e,63 , 116 , (20 2 16 14 6) , 226 , ((6 * 16) + 20)
2020.08.03-22.00.58,v1.03-2-g29b4f1e,64 , 116 , (20 2 16 14 6) , 320 , ((6 * 14) + (16 * 2))
2020.08.03-22.00.58,v1.03-2-g29b4f1e,65 , 116 , (20 2 16 14 6) , 1783 , ((16 * 6) + 20)
2020.08.03-22.00.58,v1.03-2-g29b4f1e,66 , 116 , (20 2 16 14 6) , 555 , ((6 * 14) + (2 * 16))
2020.08.03-22.00.58,v1.03-2-g29b4f1e,67 , 116 , (20 2 16 14 6) , 526 , ((14 * 6) + (2 * 16))
2020.08.03-22.00.58,v1.03-2-g29b4f1e,68 , 116 , (20 2 16 14 6) , 68 , ((6 * 16) + 20)
2020.08.03-22.00.58,v1.03-2-g29b4f1e,69 , 116 , (20 2 16 14 6) , 6399 , ((16 * 6) + 20)
2020.08.03-22.00.58,v1.03-2-g29b4f1e,70 , 116 , (20 2 16 14 6) , 2825 , ((16 * 6) + 20)
2020.08.03-22.00.58,v1.03-2-g29b4f1e,71 , 116 , (20 2 16 14 6) , 1139 , ((16 * 6) + 20)
2020.08.03-22.00.58,v1.03-2-g29b4f1e,72 , 116 , (20 2 16 14 6) , 43 , ((6 * 16) + 20)
2020.08.03-22.00.58,v1.03-2-g29b4f1e,73 , 116 , (20 2 16 14 6) , 730 , ((6 * 16) + 20)
2020.08.03-22.00.58,v1.03-2-g29b4f1e,74 , 116 , (20 2 16 14 6) , 3037 , ((6 * 16) + 20)
2020.08.03-22.00.58,v1.03-2-g29b4f1e,75 , 116 , (20 2 16 14 6) , 2738 , ((14 * 6) + (2 * 16))
2020.08.03-22.00.58,v1.03-2-g29b4f1e,76 , 116 , (20 2 16 14 6) , 71 , ((16 * 6) + 20)
2020.08.03-22.00.58,v1.03-2-g29b4f1e,77 , 116 , (20 2 16 14 6) , 4464 , ((6 * 14) + (2 * 16))
2020.08.03-22.00.58,v1.03-2-g29b4f1e,78 , 116 , (20 2 16 14 6) , 78 , ((16 * 6) + 20)
2020.08.03-22.00.58,v1.03-2-g29b4f1e,79 , 116 , (20 2 16 14 6) , 681 , ((14 * 6) + (16 * 2))
2020.08.03-22.00.58,v1.03-2-g29b4f1e,80 , 116 , (20 2 16 14 6) , 152 , ((6 * 14) + (2 * 16))
2020.08.03-22.00.58,v1.03-2-g29b4f1e,81 , 116 , (20 2 16 14 6) , 1209 , ((6 * 16) + 20)
2020.08.03-22.00.58,v1.03-2-g29b4f1e,82 , 116 , (20 2 16 14 6) , 645 , ((6 * 16) + 20)
2020.08.03-22.00.58,v1.03-2-g29b4f1e,83 , 116 , (20 2 16 14 6) , 3789 , ((16 * 6) + 20)
2020.08.03-22.00.58,v1.03-2-g29b4f1e,84 , 116 , (20 2 16 14 6) , 1214 , ((14 * 6) + (2 * 16))
2020.08.03-22.00.58,v1.03-2-g29b4f1e,85 , 116 , (20 2 16 14 6) , 131 , ((14 * 6) + (2 * 16))
2020.08.03-22.00.58,v1.03-2-g29b4f1e,86 , 116 , (20 2 16 14 6) , 2063 , ((6 * 16) + 20)
2020.08.03-22.00.58,v1.03-2-g29b4f1e,87 , 116 , (20 2 16 14 6) , 1464 , ((16 * 6) + 20)
2020.08.03-22.00.58,v1.03-2-g29b4f1e,88 , 116 , (20 2 16 14 6) , 1823 , ((14 * 6) + (2 * 16))
2020.08.03-22.00.58,v1.03-2-g29b4f1e,89 , 116 , (20 2 16 14 6) , 5191 , ((6 * 16) + 20)
2020.08.03-22.00.58,v1.03-2-g29b4f1e,90 , 116 , (20 2 16 14 6) , 3065 , ((6 * 16) + 20)
2020.08.03-22.00.58,v1.03-2-g29b4f1e,91 , 116 , (20 2 16 14 6) , 856 , ((14 * 6) + (16 * 2))
2020.08.03-22.00.58,v1.03-2-g29b4f1e,92 , 116 , (20 2 16 14 6) , 1185 , ((6 * 14) + (16 * 2))
2020.08.03-22.00.58,v1.03-2-g29b4f1e,93 , 116 , (20 2 16 14 6) , 4088 , ((6 * 16) + 20)
2020.08.03-22.00.58,v1.03-2-g29b4f1e,94 , 116 , (20 2 16 14 6) , 56 , ((6 * 16) + 20)
2020.08.03-22.00.58,v1.03-2-g29b4f1e,95 , 116 , (20 2 16 14 6) , 4445 , ((6 * 14) + (2 * 16))
2020.08.03-22.00.58,v1.03-2-g29b4f1e,96 , 116 , (20 2 16 14 6) , 45 , ((6 * 16) + 20)
2020.08.03-22.00.58,v1.03-2-g29b4f1e,97 , 116 , (20 2 16 14 6) , 10000 , none
2020.08.03-22.00.58,v1.03-2-g29b4f1e,98 , 116 , (20 2 16 14 6) , 5414 , ((16 * 6) + 20)
2020.08.03-22.00.58,v1.03-2-g29b4f1e,99 , 116 , (20 2 16 14 6) , 196 , ((6 * 16) + 20)
2020.08.03-22.00.58,v1.03-2-g29b4f1e,0 , 127 , (7 6 4 22 25) , 10000 , none
2020.08.03-22.00.58,v1.03-2-g29b4f1e,1 , 127 , (7 6 4 22 25) , 10000 , none
2020.08.03-22.00.58,v1.03-2-g29b4f1e,2 , 127 , (7 6 4 22 25) , 10000 , none
2020.08.03-22.00.58,v1.03-2-g29b4f1e,3 , 127 , (7 6 4 22 25) , 10000 , none
2020.08.03-22.00.58,v1.03-2-g29b4f1e,4 , 127 , (7 6 4 22 25) , 10000 , none
2020.08.03-22.00.58,v1.03-2-g29b4f1e,5 , 127 , (7 6 4 22 25) , 10000 , none
2020.08.03-22.00.58,v1.03-2-g29b4f1e,6 , 127 , (7 6 4 22 25) , 10000 , none
2020.08.03-22.00.58,v1.03-2-g29b4f1e,7 , 127 , (7 6 4 22 25) , 10000 , none
2020.08.03-22.00.58,v1.03-2-g29b4f1e,8 , 127 , (7 6 4 22 25) , 10000 , none
2020.08.03-22.00.58,v1.03-2-g29b4f1e,9 , 127 , (7 6 4 22 25) , 10000 , none
2020.08.03-22.00.58,v1.03-2-g29b4f1e,10 , 127 , (7 6 4 22 25) , 10000 , none
2020.08.03-22.00.58,v1.03-2-g29b4f1e,11 , 127 , (7 6 4 22 25) , 10000 , none
2020.08.03-22.00.58,v1.03-2-g29b4f1e,12 , 127 , (7 6 4 22 25) , 10000 , none
2020.08.03-22.00.58,v1.03-2-g29b4f1e,13 , 127 , (7 6 4 22 25) , 10000 , none
2020.08.03-22.00.58,v1.03-2-g29b4f1e,14 , 127 , (7 6 4 22 25) , 10000 , none
2020.08.03-22.00.58,v1.03-2-g29b4f1e,15 , 127 , (7 6 4 22 25) , 10000 , none
2020.08.03-22.00.58,v1.03-2-g29b4f1e,16 , 127 , (7 6 4 22 25) , 10000 , none
2020.08.03-22.00.58,v1.03-2-g29b4f1e,17 , 127 , (7 6 4 22 25) , 10000 , none
2020.08.03-22.00.58,v1.03-2-g29b4f1e,18 , 127 , (7 6 4 22 25) , 10000 , none
2020.08.03-22.00.58,v1.03-2-g29b4f1e,19 , 127 , (7 6 4 22 25) , 10000 , none
2020.08.03-22.00.58,v1.03-2-g29b4f1e,20 , 127 , (7 6 4 22 25) , 10000 , none
2020.08.03-22.00.58,v1.03-2-g29b4f1e,21 , 127 , (7 6 4 22 25) , 10000 , none
2020.08.03-22.00.58,v1.03-2-g29b4f1e,22 , 127 , (7 6 4 22 25) , 10000 , none
2020.08.03-22.00.58,v1.03-2-g29b4f1e,23 , 127 , (7 6 4 22 25) , 10000 , none
2020.08.03-22.00.58,v1.03-2-g29b4f1e,24 , 127 , (7 6 4 22 25) , 10000 , none
2020.08.03-22.00.58,v1.03-2-g29b4f1e,25 , 127 , (7 6 4 22 25) , 10000 , none
2020.08.03-22.00.58,v1.03-2-g29b4f1e,26 , 127 , (7 6 4 22 25) , 10000 , none
2020.08.03-22.00.58,v1.03-2-g29b4f1e,27 , 127 , (7 6 4 22 25) , 10000 , none
2020.08.03-22.00.58,v1.03-2-g29b4f1e,28 , 127 , (7 6 4 22 25) , 10000 , none
2020.08.03-22.00.58,v1.03-2-g29b4f1e,29 , 127 , (7 6 4 22 25) , 10000 , none
2020.08.03-22.00.58,v1.03-2-g29b4f1e,30 , 127 , (7 6 4 22 25) , 10000 , none
2020.08.03-22.00.58,v1.03-2-g29b4f1e,31 , 127 , (7 6 4 22 25) , 10000 , none
2020.08.03-22.00.58,v1.03-2-g29b4f1e,32 , 127 , (7 6 4 22 25) , 10000 , none
2020.08.03-22.00.58,v1.03-2-g29b4f1e,33 , 127 , (7 6 4 22 25) , 10000 , none
2020.08.03-22.00.58,v1.03-2-g29b4f1e,34 , 127 , (7 6 4 22 25) , 10000 , none
2020.08.03-22.00.58,v1.03-2-g29b4f1e,35 , 127 , (7 6 4 22 25) , 10000 , none
2020.08.03-22.00.58,v1.03-2-g29b4f1e,36 , 127 , (7 6 4 22 25) , 10000 , none
2020.08.03-22.00.58,v1.03-2-g29b4f1e,37 , 127 , (7 6 4 22 25) , 10000 , none
2020.08.03-22.00.58,v1.03-2-g29b4f1e,38 , 127 , (7 6 4 22 25) , 10000 , none
2020.08.03-22.00.58,v1.03-2-g29b4f1e,39 , 127 , (7 6 4 22 25) , 10000 , none
2020.08.03-22.00.58,v1.03-2-g29b4f1e,40 , 127 , (7 6 4 22 25) , 10000 , none
2020.08.03-22.00.58,v1.03-2-g29b4f1e,41 , 127 , (7 6 4 22 25) , 10000 , none
2020.08.03-22.00.58,v1.03-2-g29b4f1e,42 , 127 , (7 6 4 22 25) , 10000 , none
2020.08.03-22.00.58,v1.03-2-g29b4f1e,43 , 127 , (7 6 4 22 25) , 10000 , none
2020.08.03-22.00.58,v1.03-2-g29b4f1e,44 , 127 , (7 6 4 22 25) , 10000 , none
2020.08.03-22.00.58,v1.03-2-g29b4f1e,45 , 127 , (7 6 4 22 25) , 10000 , none
2020.08.03-22.00.58,v1.03-2-g29b4f1e,46 , 127 , (7 6 4 22 25) , 10000 , none
2020.08.03-22.00.58,v1.03-2-g29b4f1e,47 , 127 , (7 6 4 22 25) , 10000 , none
2020.08.03-22.00.58,v1.03-2-g29b4f1e,48 , 127 , (7 6 4 22 25) , 10000 , none
2020.08.03-22.00.58,v1.03-2-g29b4f1e,49 , 127 , (7 6 4 22 25) , 10000 , none
2020.08.03-22.00.58,v1.03-2-g29b4f1e,50 , 127 , (7 6 4 22 25) , 10000 , none
2020.08.03-22.00.58,v1.03-2-g29b4f1e,51 , 127 , (7 6 4 22 25) , 10000 , none
2020.08.03-22.00.58,v1.03-2-g29b4f1e,52 , 127 , (7 6 4 22 25) , 10000 , none
2020.08.03-22.00.58,v1.03-2-g29b4f1e,53 , 127 , (7 6 4 22 25) , 10000 , none
2020.08.03-22.00.58,v1.03-2-g29b4f1e,54 , 127 , (7 6 4 22 25) , 10000 , none
2020.08.03-22.00.58,v1.03-2-g29b4f1e,55 , 127 , (7 6 4 22 25) , 10000 , none
2020.08.03-22.00.58,v1.03-2-g29b4f1e,56 , 127 , (7 6 4 22 25) , 10000 , none
2020.08.03-22.00.58,v1.03-2-g29b4f1e,57 , 127 , (7 6 4 22 25) , 10000 , none
2020.08.03-22.00.58,v1.03-2-g29b4f1e,58 , 127 , (7 6 4 22 25) , 10000 , none
2020.08.03-22.00.58,v1.03-2-g29b4f1e,59 , 127 , (7 6 4 22 25) , 10000 , none
2020.08.03-22.00.58,v1.03-2-g29b4f1e,60 , 127 , (7 6 4 22 25) , 10000 , none
2020.08.03-22.00.58,v1.03-2-g29b4f1e,61 , 127 , (7 6 4 22 25) , 10000 , none
2020.08.03-22.00.58,v1.03-2-g29b4f1e,62 , 127 , (7 6 4 22 25) , 10000 , none
2020.08.03-22.00.58,v1.03-2-g29b4f1e,63 , 127 , (7 6 4 22 25) , 10000 , none
2020.08.03-22.00.58,v1.03-2-g29b4f1e,64 , 127 , (7 6 4 22 25) , 10000 , none
2020.08.03-22.00.58,v1.03-2-g29b4f1e,65 , 127 , (7 6 4 22 25) , 10000 , none
2020.08.03-22.00.58,v1.03-2-g29b4f1e,66 , 127 , (7 6 4 22 25) , 10000 , none
2020.08.03-22.00.58,v1.03-2-g29b4f1e,67 , 127 , (7 6 4 22 25) , 10000 , none
2020.08.03-22.00.58,v1.03-2-g29b4f1e,68 , 127 , (7 6 4 22 25) , 10000 , none
2020.08.03-22.00.58,v1.03-2-g29b4f1e,69 , 127 , (7 6 4 22 25) , 10000 , none
2020.08.03-22.00.58,v1.03-2-g29b4f1e,70 , 127 , (7 6 4 22 25) , 10000 , none
2020.08.03-22.00.58,v1.03-2-g29b4f1e,71 , 127 , (7 6 4 22 25) , 10000 , none
2020.08.03-22.00.58,v1.03-2-g29b4f1e,72 , 127 , (7 6 4 22 25) , 10000 , none
2020.08.03-22.00.58,v1.03-2-g29b4f1e,73 , 127 , (7 6 4 22 25) , 10000 , none
2020.08.03-22.00.58,v1.03-2-g29b4f1e,74 , 127 , (7 6 4 22 25) , 10000 , none
2020.08.03-22.00.58,v1.03-2-g29b4f1e,75 , 127 , (7 6 4 22 25) , 10000 , none
2020.08.03-22.00.58,v1.03-2-g29b4f1e,76 , 127 , (7 6 4 22 25) , 10000 , none
2020.08.03-22.00.58,v1.03-2-g29b4f1e,77 , 127 , (7 6 4 22 25) , 10000 , none
2020.08.03-22.00.58,v1.03-2-g29b4f1e,78 , 127 , (7 6 4 22 25) , 10000 , none
2020.08.03-22.00.58,v1.03-2-g29b4f1e,79 , 127 , (7 6 4 22 25) , 10000 , none
2020.08.03-22.00.58,v1.03-2-g29b4f1e,80 , 127 , (7 6 4 22 25) , 10000 , none
2020.08.03-22.00.58,v1.03-2-g29b4f1e,81 , 127 , (7 6 4 22 25) , 10000 , none
2020.08.03-22.00.58,v1.03-2-g29b4f1e,82 , 127 , (7 6 4 22 25) , 10000 , none
2020.08.03-22.00.58,v1.03-2-g29b4f1e,83 , 127 , (7 6 4 22 25) , 10000 , none
2020.08.03-22.00.58,v1.03-2-g29b4f1e,84 , 127 , (7 6 4 22 25) , 10000 , none
2020.08.03-22.00.58,v1.03-2-g29b4f1e,85 , 127 , (7 6 4 22 25) , 10000 , none
2020.08.03-22.00.58,v1.03-2-g29b4f1e,86 , 127 , (7 6 4 22 25) , 10000 , none
2020.08.03-22.00.58,v1.03-2-g29b4f1e,87 , 127 , (7 6 4 22 25) , 10000 , none
2020.08.03-22.00.58,v1.03-2-g29b4f1e,88 , 127 , (7 6 4 22 25) , 10000 , none
2020.08.03-22.00.58,v1.03-2-g29b4f1e,89 , 127 , (7 6 4 22 25) , 10000 , none
2020.08.03-22.00.58,v1.03-2-g29b4f1e,90 , 127 , (7 6 4 22 25) , 10000 , none
2020.08.03-22.00.58,v1.03-2-g29b4f1e,91 , 127 , (7 6 4 22 25) , 10000 , none
2020.08.03-22.00.58,v1.03-2-g29b4f1e,92 , 127 , (7 6 4 22 25) , 10000 , none
2020.08.03-22.00.58,v1.03-2-g29b4f1e,93 , 127 , (7 6 4 22 25) , 10000 , none
2020.08.03-22.00.58,v1.03-2-g29b4f1e,94 , 127 , (7 6 4 22 25) , 10000 , none
2020.08.03-22.00.58,v1.03-2-g29b4f1e,95 , 127 , (7 6 4 22 25) , 10000 , none
2020.08.03-22.00.58,v1.03-2-g29b4f1e,96 , 127 , (7 6 4 22 25) , 10000 , none
2020.08.03-22.00.58,v1.03-2-g29b4f1e,97 , 127 , (7 6 4 22 25) , 10000 , none
2020.08.03-22.00.58,v1.03-2-g29b4f1e,98 , 127 , (7 6 4 22 25) , 10000 , none
2020.08.03-22.00.58,v1.03-2-g29b4f1e,99 , 127 , (7 6 4 22 25) , 10000 , none
2020.08.03-22.00.58,v1.03-2-g29b4f1e,0 , 41 , (5 16 22 25 1) , 5757 , (16 + 25)
2020.08.03-22.00.58,v1.03-2-g29b4f1e,1 , 41 , (5 16 22 25 1) , 34 , (16 + 25)
2020.08.03-22.00.58,v1.03-2-g29b4f1e,2 , 41 , (5 16 22 25 1) , 1166 , ((22 + 25) - (1 + 5))
2020.08.03-22.00.58,v1.03-2-g29b4f1e,3 , 41 , (5 16 22 25 1) , 4227 , ((25 + 22) - (1 + 5))
2020.08.03-22.00.58,v1.03-2-g29b4f1e,4 , 41 , (5 16 22 25 1) , 259 , (16 + 25)
2020.08.03-22.00.58,v1.03-2-g29b4f1e,5 , 41 , (5 16 22 25 1) , 4363 , (16 + 25)
2020.08.03-22.00.58,v1.03-2-g29b4f1e,6 , 41 , (5 16 22 25 1) , 1250 , ((22 + 25) - (1 + 5))
2020.08.03-22.00.58,v1.03-2-g29b4f1e,7 , 41 , (5 16 22 25 1) , 2358 , (16 + 25)
2020.08.03-22.00.58,v1.03-2-g29b4f1e,8 , 41 , (5 16 22 25 1) , 152 , ((22 + 25) - (5 + 1))
2020.08.03-22.00.58,v1.03-2-g29b4f1e,9 , 41 , (5 16 22 25 1) , 139 , (16 + 25)
2020.08.03-22.00.58,v1.03-2-g29b4f1e,10 , 41 , (5 16 22 25 1) , 1559 , (25 + 16)
2020.08.03-22.00.58,v1.03-2-g29b4f1e,11 , 41 , (5 16 22 25 1) , 4522 , (16 + 25)
2020.08.03-22.00.58,v1.03-2-g29b4f1e,12 , 41 , (5 16 22 25 1) , 229 , (16 + 25)
2020.08.03-22.00.58,v1.03-2-g29b4f1e,13 , 41 , (5 16 22 25 1) , 751 , (16 + 25)
2020.08.03-22.00.58,v1.03-2-g29b4f1e,14 , 41 , (5 16 22 25 1) , 1532 , ((25 + 22) - (1 + 5))
2020.08.03-22.00.58,v1.03-2-g29b4f1e,15 , 41 , (5 16 22 25 1) , 987 , (25 + 16)
2020.08.03-22.00.58,v1.03-2-g29b4f1e,16 , 41 , (5 16 22 25 1) , 1442 , (16 + 25)
2020.08.03-22.00.58,v1.03-2-g29b4f1e,17 , 41 , (5 16 22 25 1) , 2261 , (16 + 25)
2020.08.03-22.00.58,v1.03-2-g29b4f1e,18 , 41 , (5 16 22 25 1) , 1891 , ((22 + 25) - (1 + 5))
2020.08.03-22.00.58,v1.03-2-g29b4f1e,19 , 41 , (5 16 22 25 1) , 794 , (16 + 25)
2020.08.03-22.00.58,v1.03-2-g29b4f1e,20 , 41 , (5 16 22 25 1) , 2324 , ((25 + 22) - (1 + 5))
2020.08.03-22.00.58,v1.03-2-g29b4f1e,21 , 41 , (5 16 22 25 1) , 391 , (16 + 25)
2020.08.03-22.00.58,v1.03-2-g29b4f1e,22 , 41 , (5 16 22 25 1) , 68 , ((22 + 25) - (1 + 5))
2020.08.03-22.00.58,v1.03-2-g29b4f1e,23 , 41 , (5 16 22 25 1) , 1972 , (16 + 25)
2020.08.03-22.00.58,v1.03-2-g29b4f1e,24 , 41 , (5 16 22 25 1) , 66 , (25 + 16)
2020.08.03-22.00.58,v1.03-2-g29b4f1e,25 , 41 , (5 16 22 25 1) , 972 , ((22 + 25) - (1 + 5))
2020.08.03-22.00.58,v1.03-2-g29b4f1e,26 , 41 , (5 16 22 25 1) , 229 , ((25 + 22) - (1 + 5))
2020.08.03-22.00.58,v1.03-2-g29b4f1e,27 , 41 , (5 16 22 25 1) , 2250 , ((25 + 22) - (1 + 5))
2020.08.03-22.00.58,v1.03-2-g29b4f1e,28 , 41 , (5 16 22 25 1) , 230 , (25 + 16)
2020.08.03-22.00.58,v1.03-2-g29b4f1e,29 , 41 , (5 16 22 25 1) , 1189 , (16 + 25)
2020.08.03-22.00.58,v1.03-2-g29b4f1e,30 , 41 , (5 16 22 25 1) , 1236 , (25 + 16)
2020.08.03-22.00.58,v1.03-2-g29b4f1e,31 , 41 , (5 16 22 25 1) , 1352 , (16 + 25)
2020.08.03-22.00.58,v1.03-2-g29b4f1e,32 , 41 , (5 16 22 25 1) , 209 , (25 + 16)
2020.08.03-22.00.58,v1.03-2-g29b4f1e,33 , 41 , (5 16 22 25 1) , 659 , (16 + 25)
2020.08.03-22.00.58,v1.03-2-g29b4f1e,34 , 41 , (5 16 22 25 1) , 3806 , ((25 + 22) - (1 + 5))
2020.08.03-22.00.58,v1.03-2-g29b4f1e,35 , 41 , (5 16 22 25 1) , 318 , (25 + 16)
2020.08.03-22.00.58,v1.03-2-g29b4f1e,36 , 41 , (5 16 22 25 1) , 148 , ((25 + 22) - (1 + 5))
2020.08.03-22.00.58,v1.03-2-g29b4f1e,37 , 41 , (5 16 22 25 1) , 2159 , ((22 + 25) - (5 + 1))
2020.08.03-22.00.58,v1.03-2-g29b4f1e,38 , 41 , (5 16 22 25 1) , 899 , ((22 + 25) - (1 + 5))
2020.08.03-22.00.58,v1.03-2-g29b4f1e,39 , 41 , (5 16 22 25 1) , 198 , (16 + 25)
2020.08.03-22.00.58,v1.03-2-g29b4f1e,40 , 41 , (5 16 22 25 1) , 484 , ((22 + 25) - (1 + 5))
2020.08.03-22.00.58,v1.03-2-g29b4f1e,41 , 41 , (5 16 22 25 1) , 4233 , (16 + 25)
2020.08.03-22.00.58,v1.03-2-g29b4f1e,42 , 41 , (5 16 22 25 1) , 332 , ((22 + 25) - (1 + 5))
2020.08.03-22.00.58,v1.03-2-g29b4f1e,43 , 41 , (5 16 22 25 1) , 1170 , ((25 + 22) - (1 + 5))
2020.08.03-22.00.58,v1.03-2-g29b4f1e,44 , 41 , (5 16 22 25 1) , 3061 , (25 + 16)
2020.08.03-22.00.58,v1.03-2-g29b4f1e,45 , 41 , (5 16 22 25 1) , 878 , (25 + 16)
2020.08.03-22.00.58,v1.03-2-g29b4f1e,46 , 41 , (5 16 22 25 1) , 346 , ((22 + 25) - (1 + 5))
2020.08.03-22.00.58,v1.03-2-g29b4f1e,47 , 41 , (5 16 22 25 1) , 24 , (16 + 25)
2020.08.03-22.00.58,v1.03-2-g29b4f1e,48 , 41 , (5 16 22 25 1) , 335 , (25 + 16)
2020.08.03-22.00.58,v1.03-2-g29b4f1e,49 , 41 , (5 16 22 25 1) , 121 , (16 + 25)
2020.08.03-22.00.58,v1.03-2-g29b4f1e,50 , 41 , (5 16 22 25 1) , 1081 , (16 + 25)
2020.08.03-22.00.58,v1.03-2-g29b4f1e,51 , 41 , (5 16 22 25 1) , 788 , (16 + 25)
2020.08.03-22.00.58,v1.03-2-g29b4f1e,52 , 41 , (5 16 22 25 1) , 1203 , (16 + 25)
2020.08.03-22.00.58,v1.03-2-g29b4f1e,53 , 41 , (5 16 22 25 1) , 469 , (16 + 25)
2020.08.03-22.00.58,v1.03-2-g29b4f1e,54 , 41 , (5 16 22 25 1) , 630 , ((25 + 22) - (5 + 1))
2020.08.03-22.00.58,v1.03-2-g29b4f1e,55 , 41 , (5 16 22 25 1) , 2055 , ((22 + 25) - (5 + 1))
2020.08.03-22.00.58,v1.03-2-g29b4f1e,56 , 41 , (5 16 22 25 1) , 725 , (25 + 16)
2020.08.03-22.00.58,v1.03-2-g29b4f1e,57 , 41 , (5 16 22 25 1) , 2974 , ((25 + 22) - (1 + 5))
2020.08.03-22.00.58,v1.03-2-g29b4f1e,58 , 41 , (5 16 22 25 1) , 651 , (16 + 25)
2020.08.03-22.00.58,v1.03-2-g29b4f1e,59 , 41 , (5 16 22 25 1) , 1361 , (25 + 16)
2020.08.03-22.00.58,v1.03-2-g29b4f1e,60 , 41 , (5 16 22 25 1) , 79 , (16 + 25)
2020.08.03-22.00.58,v1.03-2-g29b4f1e,61 , 41 , (5 16 22 25 1) , 802 , (16 + 25)
2020.08.03-22.00.58,v1.03-2-g29b4f1e,62 , 41 , (5 16 22 25 1) , 962 , (25 + 16)
2020.08.03-22.00.58,v1.03-2-g29b4f1e,63 , 41 , (5 16 22 25 1) , 242 , ((25 + 22) - (1 + 5))
2020.08.03-22.00.58,v1.03-2-g29b4f1e,64 , 41 , (5 16 22 25 1) , 2641 , (16 + 25)
2020.08.03-22.00.58,v1.03-2-g29b4f1e,65 , 41 , (5 16 22 25 1) , 2175 , ((25 + 22) - (1 + 5))
2020.08.03-22.00.58,v1.03-2-g29b4f1e,66 , 41 , (5 16 22 25 1) , 411 , (16 + 25)
2020.08.03-22.00.58,v1.03-2-g29b4f1e,67 , 41 , (5 16 22 25 1) , 4667 , ((25 + 22) - (1 + 5))
2020.08.03-22.00.58,v1.03-2-g29b4f1e,68 , 41 , (5 16 22 25 1) , 1869 , (25 + 16)
2020.08.03-22.00.58,v1.03-2-g29b4f1e,69 , 41 , (5 16 22 25 1) , 2793 , (16 + 25)
2020.08.03-22.00.58,v1.03-2-g29b4f1e,70 , 41 , (5 16 22 25 1) , 1141 , (25 + 16)
2020.08.03-22.00.58,v1.03-2-g29b4f1e,71 , 41 , (5 16 22 25 1) , 472 , (25 + 16)
2020.08.03-22.00.58,v1.03-2-g29b4f1e,72 , 41 , (5 16 22 25 1) , 435 , (25 + 16)
2020.08.03-22.00.58,v1.03-2-g29b4f1e,73 , 41 , (5 16 22 25 1) , 184 , ((25 + 22) - (1 + 5))
2020.08.03-22.00.58,v1.03-2-g29b4f1e,74 , 41 , (5 16 22 25 1) , 242 , (16 + 25)
2020.08.03-22.00.58,v1.03-2-g29b4f1e,75 , 41 , (5 16 22 25 1) , 2863 , (16 + 25)
2020.08.03-22.00.58,v1.03-2-g29b4f1e,76 , 41 , (5 16 22 25 1) , 2725 , ((22 + 25) - (5 + 1))
2020.08.03-22.00.58,v1.03-2-g29b4f1e,77 , 41 , (5 16 22 25 1) , 314 , (16 + 25)
2020.08.03-22.00.58,v1.03-2-g29b4f1e,78 , 41 , (5 16 22 25 1) , 99 , (16 + 25)
2020.08.03-22.00.58,v1.03-2-g29b4f1e,79 , 41 , (5 16 22 25 1) , 4221 , (16 + 25)
2020.08.03-22.00.58,v1.03-2-g29b4f1e,80 , 41 , (5 16 22 25 1) , 841 , (16 + 25)
2020.08.03-22.00.58,v1.03-2-g29b4f1e,81 , 41 , (5 16 22 25 1) , 29 , (25 + 16)
2020.08.03-22.00.58,v1.03-2-g29b4f1e,82 , 41 , (5 16 22 25 1) , 2752 , (16 + 25)
2020.08.03-22.00.58,v1.03-2-g29b4f1e,83 , 41 , (5 16 22 25 1) , 1020 , ((22 + 25) - (5 + 1))
2020.08.03-22.00.58,v1.03-2-g29b4f1e,84 , 41 , (5 16 22 25 1) , 310 , (25 + 16)
2020.08.03-22.00.58,v1.03-2-g29b4f1e,85 , 41 , (5 16 22 25 1) , 2060 , (25 + 16)
2020.08.03-22.00.58,v1.03-2-g29b4f1e,86 , 41 , (5 16 22 25 1) , 117 , (16 + 25)
2020.08.03-22.00.58,v1.03-2-g29b4f1e,87 , 41 , (5 16 22 25 1) , 2471 , ((25 + 22) - (5 + 1))
2020.08.03-22.00.58,v1.03-2-g29b4f1e,88 , 41 , (5 16 22 25 1) , 117 , (16 + 25)
2020.08.03-22.00.58,v1.03-2-g29b4f1e,89 , 41 , (5 16 22 25 1) , 1346 , (25 + 16)
2020.08.03-22.00.58,v1.03-2-g29b4f1e,90 , 41 , (5 16 22 25 1) , 919 , (16 + 25)
2020.08.03-22.00.58,v1.03-2-g29b4f1e,91 , 41 , (5 16 22 25 1) , 401 , (25 + 16)
2020.08.03-22.00.58,v1.03-2-g29b4f1e,92 , 41 , (5 16 22 25 1) , 1121 , (16 + 25)
2020.08.03-22.00.58,v1.03-2-g29b4f1e,93 , 41 , (5 16 22 25 1) , 185 , (25 + 16)
2020.08.03-22.00.58,v1.03-2-g29b4f1e,94 , 41 , (5 16 22 25 1) , 1487 , (16 + 25)
2020.08.03-22.00.58,v1.03-2-g29b4f1e,95 , 41 , (5 16 22 25 1) , 277 , (16 + 25)
2020.08.03-22.00.58,v1.03-2-g29b4f1e,96 , 41 , (5 16 22 25 1) , 4433 , (25 + 16)
2020.08.03-22.00.58,v1.03-2-g29b4f1e,97 , 41 , (5 16 22 25 1) , 401 , (16 + 25)
2020.08.03-22.00.58,v1.03-2-g29b4f1e,98 , 41 , (5 16 22 25 1) , 478 , (16 + 25)
2020.08.03-22.00.58,v1.03-2-g29b4f1e,99 , 41 , (5 16 22 25 1) , 587 , ((25 + 22) - (5 + 1))
