2020.08.15-22.03.01,v1.05-3-g6ec3b27,0 , 114 , (11 20 7 1 6) , 3235 , ((6 * 20) - (7 - 1))
2020.08.15-22.03.01,v1.05-3-g6ec3b27,1 , 114 , (11 20 7 1 6) , 689 , ((6 * 20) - (7 - 1))
2020.08.15-22.03.01,v1.05-3-g6ec3b27,2 , 114 , (11 20 7 1 6) , 431 , ((6 * 20) - (7 - 1))
2020.08.15-22.03.01,v1.05-3-g6ec3b27,3 , 114 , (11 20 7 1 6) , 191 , ((20 * 6) - (7 - 1))
2020.08.15-22.03.01,v1.05-3-g6ec3b27,4 , 114 , (11 20 7 1 6) , 641 , ((6 * 20) - (7 - 1))
2020.08.15-22.03.01,v1.05-3-g6ec3b27,5 , 114 , (11 20 7 1 6) , 786 , ((6 * 20) - (7 - 1))
2020.08.15-22.03.01,v1.05-3-g6ec3b27,6 , 114 , (11 20 7 1 6) , 599 , ((6 * 20) - (7 - 1))
2020.08.15-22.03.01,v1.05-3-g6ec3b27,7 , 114 , (11 20 7 1 6) , 149 , ((6 * 20) - (7 - 1))
2020.08.15-22.03.01,v1.05-3-g6ec3b27,8 , 114 , (11 20 7 1 6) , 2352 , ((6 * 20) - (7 - 1))
2020.08.15-22.03.01,v1.05-3-g6ec3b27,9 , 114 , (11 20 7 1 6) , 1110 , ((20 * 6) - (7 - 1))
2020.08.15-22.03.01,v1.05-3-g6ec3b27,10 , 114 , (11 20 7 1 6) , 1649 , ((20 * 6) - (7 - 1))
2020.08.15-22.03.01,v1.05-3-g6ec3b27,11 , 114 , (11 20 7 1 6) , 1326 , ((6 * 20) - (7 - 1))
2020.08.15-22.03.01,v1.05-3-g6ec3b27,12 , 114 , (11 20 7 1 6) , 179 , ((6 * 20) - (7 - 1))
2020.08.15-22.03.01,v1.05-3-g6ec3b27,13 , 114 , (11 20 7 1 6) , 3577 , ((6 * 20) - (7 - 1))
2020.08.15-22.03.01,v1.05-3-g6ec3b27,14 , 114 , (11 20 7 1 6) , 1448 , ((6 * 20) - (7 - 1))
2020.08.15-22.03.01,v1.05-3-g6ec3b27,15 , 114 , (11 20 7 1 6) , 1074 , ((6 * 20) - (7 - 1))
2020.08.15-22.03.01,v1.05-3-g6ec3b27,16 , 114 , (11 20 7 1 6) , 308 , ((6 * 20) - (7 - 1))
2020.08.15-22.03.01,v1.05-3-g6ec3b27,17 , 114 , (11 20 7 1 6) , 1615 , ((20 * 6) - (7 - 1))
2020.08.15-22.03.01,v1.05-3-g6ec3b27,18 , 114 , (11 20 7 1 6) , 444 , ((6 * 20) - (7 - 1))
2020.08.15-22.03.01,v1.05-3-g6ec3b27,19 , 114 , (11 20 7 1 6) , 387 , ((6 * 20) - (7 - 1))
2020.08.15-22.03.01,v1.05-3-g6ec3b27,20 , 114 , (11 20 7 1 6) , 1871 , ((6 * 20) - (7 - 1))
2020.08.15-22.03.01,v1.05-3-g6ec3b27,21 , 114 , (11 20 7 1 6) , 1195 , ((6 * 20) - (7 - 1))
2020.08.15-22.03.01,v1.05-3-g6ec3b27,22 , 114 , (11 20 7 1 6) , 1297 , ((6 * 20) - (7 - 1))
2020.08.15-22.03.01,v1.05-3-g6ec3b27,23 , 114 , (11 20 7 1 6) , 1259 , ((6 * 20) - (7 - 1))
2020.08.15-22.03.01,v1.05-3-g6ec3b27,24 , 114 , (11 20 7 1 6) , 284 , ((6 * 20) - (7 - 1))
2020.08.15-22.03.01,v1.05-3-g6ec3b27,25 , 114 , (11 20 7 1 6) , 1338 , ((6 * 20) - (7 - 1))
2020.08.15-22.03.01,v1.05-3-g6ec3b27,26 , 114 , (11 20 7 1 6) , 1691 , ((6 * 20) - (7 - 1))
2020.08.15-22.03.01,v1.05-3-g6ec3b27,27 , 114 , (11 20 7 1 6) , 2322 , ((6 * 20) - (7 - 1))
2020.08.15-22.03.01,v1.05-3-g6ec3b27,28 , 114 , (11 20 7 1 6) , 2287 , ((6 * 20) - (7 - 1))
2020.08.15-22.03.01,v1.05-3-g6ec3b27,29 , 114 , (11 20 7 1 6) , 1169 , ((6 * 20) - (7 - 1))
2020.08.15-22.03.01,v1.05-3-g6ec3b27,30 , 114 , (11 20 7 1 6) , 3731 , ((6 * 20) - (7 - 1))
2020.08.15-22.03.01,v1.05-3-g6ec3b27,31 , 114 , (11 20 7 1 6) , 2298 , ((6 * 20) - (7 - 1))
2020.08.15-22.03.01,v1.05-3-g6ec3b27,32 , 114 , (11 20 7 1 6) , 491 , ((6 * 20) - (7 - 1))
2020.08.15-22.03.01,v1.05-3-g6ec3b27,33 , 114 , (11 20 7 1 6) , 307 , ((20 * 6) - (7 - 1))
2020.08.15-22.03.01,v1.05-3-g6ec3b27,34 , 114 , (11 20 7 1 6) , 2519 , ((6 * 20) - (7 - 1))
2020.08.15-22.03.01,v1.05-3-g6ec3b27,35 , 114 , (11 20 7 1 6) , 1572 , ((6 * 20) - (7 - 1))
2020.08.15-22.03.01,v1.05-3-g6ec3b27,36 , 114 , (11 20 7 1 6) , 75 , ((6 * 20) - (7 - 1))
2020.08.15-22.03.01,v1.05-3-g6ec3b27,37 , 114 , (11 20 7 1 6) , 2519 , ((6 * 20) - (7 - 1))
2020.08.15-22.03.01,v1.05-3-g6ec3b27,38 , 114 , (11 20 7 1 6) , 2327 , ((6 * 20) - (7 - 1))
2020.08.15-22.03.01,v1.05-3-g6ec3b27,39 , 114 , (11 20 7 1 6) , 1836 , ((6 * 20) - (7 - 1))
2020.08.15-22.03.01,v1.05-3-g6ec3b27,40 , 114 , (11 20 7 1 6) , 359 , ((20 * 6) - (7 - 1))
2020.08.15-22.03.01,v1.05-3-g6ec3b27,41 , 114 , (11 20 7 1 6) , 953 , ((20 * 6) - (7 - 1))
2020.08.15-22.03.01,v1.05-3-g6ec3b27,42 , 114 , (11 20 7 1 6) , 1177 , ((20 * 6) - (7 - 1))
2020.08.15-22.03.01,v1.05-3-g6ec3b27,43 , 114 , (11 20 7 1 6) , 570 , ((6 * 20) - (7 - 1))
2020.08.15-22.03.01,v1.05-3-g6ec3b27,44 , 114 , (11 20 7 1 6) , 942 , ((6 * 20) - (7 - 1))
2020.08.15-22.03.01,v1.05-3-g6ec3b27,45 , 114 , (11 20 7 1 6) , 149 , ((6 * 20) - (7 - 1))
2020.08.15-22.03.01,v1.05-3-g6ec3b27,46 , 114 , (11 20 7 1 6) , 114 , ((6 * 20) - (7 - 1))
2020.08.15-22.03.01,v1.05-3-g6ec3b27,47 , 114 , (11 20 7 1 6) , 461 , ((6 * 20) - (7 - 1))
2020.08.15-22.03.01,v1.05-3-g6ec3b27,48 , 114 , (11 20 7 1 6) , 869 , ((6 * 20) - (7 - 1))
2020.08.15-22.03.01,v1.05-3-g6ec3b27,49 , 114 , (11 20 7 1 6) , 1417 , ((6 * 20) - (7 - 1))
2020.08.15-22.03.01,v1.05-3-g6ec3b27,50 , 114 , (11 20 7 1 6) , 564 , ((6 * 20) - (7 - 1))
2020.08.15-22.03.01,v1.05-3-g6ec3b27,51 , 114 , (11 20 7 1 6) , 1662 , ((6 * 20) - (7 - 1))
2020.08.15-22.03.01,v1.05-3-g6ec3b27,52 , 114 , (11 20 7 1 6) , 1735 , ((20 * 6) - (7 - 1))
2020.08.15-22.03.01,v1.05-3-g6ec3b27,53 , 114 , (11 20 7 1 6) , 768 , ((20 * 6) - (7 - 1))
2020.08.15-22.03.01,v1.05-3-g6ec3b27,54 , 114 , (11 20 7 1 6) , 1387 , ((6 * 20) - (7 - 1))
2020.08.15-22.03.01,v1.05-3-g6ec3b27,55 , 114 , (11 20 7 1 6) , 643 , ((6 * 20) - (7 - 1))
2020.08.15-22.03.01,v1.05-3-g6ec3b27,56 , 114 , (11 20 7 1 6) , 749 , ((20 * 6) - (7 - 1))
2020.08.15-22.03.01,v1.05-3-g6ec3b27,57 , 114 , (11 20 7 1 6) , 1507 , ((6 * 20) - (7 - 1))
2020.08.15-22.03.01,v1.05-3-g6ec3b27,58 , 114 , (11 20 7 1 6) , 1397 , ((6 * 20) - (7 - 1))
2020.08.15-22.03.01,v1.05-3-g6ec3b27,59 , 114 , (11 20 7 1 6) , 883 , ((20 * 6) - (7 - 1))
2020.08.15-22.03.01,v1.05-3-g6ec3b27,60 , 114 , (11 20 7 1 6) , 2739 , ((6 * 20) - (7 - 1))
2020.08.15-22.03.01,v1.05-3-g6ec3b27,61 , 114 , (11 20 7 1 6) , 547 , ((6 * 20) - (7 - 1))
2020.08.15-22.03.01,v1.05-3-g6ec3b27,62 , 114 , (11 20 7 1 6) , 821 , ((6 * 20) - (7 - 1))
2020.08.15-22.03.01,v1.05-3-g6ec3b27,63 , 114 , (11 20 7 1 6) , 5000 , none
2020.08.15-22.03.01,v1.05-3-g6ec3b27,64 , 114 , (11 20 7 1 6) , 194 , ((6 * 20) - (7 - 1))
2020.08.15-22.03.01,v1.05-3-g6ec3b27,65 , 114 , (11 20 7 1 6) , 737 , ((6 * 20) - (7 - 1))
2020.08.15-22.03.01,v1.05-3-g6ec3b27,66 , 114 , (11 20 7 1 6) , 1597 , ((6 * 20) - (7 - 1))
2020.08.15-22.03.01,v1.05-3-g6ec3b27,67 , 114 , (11 20 7 1 6) , 668 , ((6 * 20) - (7 - 1))
2020.08.15-22.03.01,v1.05-3-g6ec3b27,68 , 114 , (11 20 7 1 6) , 1457 , ((20 * 6) - (7 - 1))
2020.08.15-22.03.01,v1.05-3-g6ec3b27,69 , 114 , (11 20 7 1 6) , 942 , ((20 * 6) - (7 - 1))
2020.08.15-22.03.01,v1.05-3-g6ec3b27,70 , 114 , (11 20 7 1 6) , 428 , ((6 * 20) - (7 - 1))
2020.08.15-22.03.01,v1.05-3-g6ec3b27,71 , 114 , (11 20 7 1 6) , 44 , ((6 * 20) - (7 - 1))
2020.08.15-22.03.01,v1.05-3-g6ec3b27,72 , 114 , (11 20 7 1 6) , 1217 , ((6 * 20) - (7 - 1))
2020.08.15-22.03.01,v1.05-3-g6ec3b27,73 , 114 , (11 20 7 1 6) , 1388 , ((6 * 20) - (7 - 1))
2020.08.15-22.03.01,v1.05-3-g6ec3b27,74 , 114 , (11 20 7 1 6) , 437 , ((6 * 20) - (7 - 1))
2020.08.15-22.03.01,v1.05-3-g6ec3b27,75 , 114 , (11 20 7 1 6) , 115 , ((6 * 20) - (7 - 1))
2020.08.15-22.03.01,v1.05-3-g6ec3b27,76 , 114 , (11 20 7 1 6) , 977 , ((6 * 20) - (7 - 1))
2020.08.15-22.03.01,v1.05-3-g6ec3b27,77 , 114 , (11 20 7 1 6) , 222 , ((6 * 20) - (7 - 1))
2020.08.15-22.03.01,v1.05-3-g6ec3b27,78 , 114 , (11 20 7 1 6) , 1458 , ((20 * 6) - (7 - 1))
2020.08.15-22.03.01,v1.05-3-g6ec3b27,79 , 114 , (11 20 7 1 6) , 743 , ((6 * 20) - (7 - 1))
2020.08.15-22.03.01,v1.05-3-g6ec3b27,80 , 114 , (11 20 7 1 6) , 2323 , ((6 * 20) - (7 - 1))
2020.08.15-22.03.01,v1.05-3-g6ec3b27,81 , 114 , (11 20 7 1 6) , 350 , ((6 * 20) - (7 - 1))
2020.08.15-22.03.01,v1.05-3-g6ec3b27,82 , 114 , (11 20 7 1 6) , 2226 , ((20 * 6) - (7 - 1))
2020.08.15-22.03.01,v1.05-3-g6ec3b27,83 , 114 , (11 20 7 1 6) , 119 , ((6 * 20) - (7 - 1))
2020.08.15-22.03.01,v1.05-3-g6ec3b27,84 , 114 , (11 20 7 1 6) , 1416 , ((6 * 20) - (7 - 1))
2020.08.15-22.03.01,v1.05-3-g6ec3b27,85 , 114 , (11 20 7 1 6) , 2137 , ((6 * 20) - (7 - 1))
2020.08.15-22.03.01,v1.05-3-g6ec3b27,86 , 114 , (11 20 7 1 6) , 1698 , ((6 * 20) - (7 - 1))
2020.08.15-22.03.01,v1.05-3-g6ec3b27,87 , 114 , (11 20 7 1 6) , 407 , ((6 * 20) - (7 - 1))
2020.08.15-22.03.01,v1.05-3-g6ec3b27,88 , 114 , (11 20 7 1 6) , 879 , ((6 * 20) - (7 - 1))
2020.08.15-22.03.01,v1.05-3-g6ec3b27,89 , 114 , (11 20 7 1 6) , 90 , ((6 * 20) - (7 - 1))
2020.08.15-22.03.01,v1.05-3-g6ec3b27,90 , 114 , (11 20 7 1 6) , 797 , ((6 * 20) - (7 - 1))
2020.08.15-22.03.01,v1.05-3-g6ec3b27,91 , 114 , (11 20 7 1 6) , 1559 , ((20 * 6) - (7 - 1))
2020.08.15-22.03.01,v1.05-3-g6ec3b27,92 , 114 , (11 20 7 1 6) , 839 , ((6 * 20) - (7 - 1))
2020.08.15-22.03.01,v1.05-3-g6ec3b27,93 , 114 , (11 20 7 1 6) , 828 , ((20 * 6) - (7 - 1))
2020.08.15-22.03.01,v1.05-3-g6ec3b27,94 , 114 , (11 20 7 1 6) , 632 , ((20 * 6) - (7 - 1))
2020.08.15-22.03.01,v1.05-3-g6ec3b27,95 , 114 , (11 20 7 1 6) , 596 , ((6 * 20) - (7 - 1))
2020.08.15-22.03.01,v1.05-3-g6ec3b27,96 , 114 , (11 20 7 1 6) , 1649 , ((6 * 20) - (7 - 1))
2020.08.15-22.03.01,v1.05-3-g6ec3b27,97 , 114 , (11 20 7 1 6) , 552 , ((20 * 6) - (7 - 1))
2020.08.15-22.03.01,v1.05-3-g6ec3b27,98 , 114 , (11 20 7 1 6) , 186 , ((6 * 20) - (7 - 1))
2020.08.15-22.03.01,v1.05-3-g6ec3b27,99 , 114 , (11 20 7 1 6) , 1517 , ((20 * 6) - (7 - 1))
2020.08.15-22.03.01,v1.05-3-g6ec3b27,0 , 87 , (8 3 9 10 7) , 355 , ((9 * 10) - 3)
2020.08.15-22.03.01,v1.05-3-g6ec3b27,1 , 87 , (8 3 9 10 7) , 443 , ((9 * 10) - 3)
2020.08.15-22.03.01,v1.05-3-g6ec3b27,2 , 87 , (8 3 9 10 7) , 352 , ((9 * 10) - 3)
2020.08.15-22.03.01,v1.05-3-g6ec3b27,3 , 87 , (8 3 9 10 7) , 50 , ((8 * 10) + 7)
2020.08.15-22.03.01,v1.05-3-g6ec3b27,4 , 87 , (8 3 9 10 7) , 1115 , ((9 * 10) - 3)
2020.08.15-22.03.01,v1.05-3-g6ec3b27,5 , 87 , (8 3 9 10 7) , 946 , ((8 * 10) + 7)
2020.08.15-22.03.01,v1.05-3-g6ec3b27,6 , 87 , (8 3 9 10 7) , 455 , ((9 * 10) - 3)
2020.08.15-22.03.01,v1.05-3-g6ec3b27,7 , 87 , (8 3 9 10 7) , 78 , ((7 * 9) + (3 * 8))
2020.08.15-22.03.01,v1.05-3-g6ec3b27,8 , 87 , (8 3 9 10 7) , 323 , ((8 * 10) + 7)
2020.08.15-22.03.01,v1.05-3-g6ec3b27,9 , 87 , (8 3 9 10 7) , 1008 , ((9 * 10) - 3)
2020.08.15-22.03.01,v1.05-3-g6ec3b27,10 , 87 , (8 3 9 10 7) , 287 , ((10 * 8) + 7)
2020.08.15-22.03.01,v1.05-3-g6ec3b27,11 , 87 , (8 3 9 10 7) , 1106 , ((9 * 10) - 3)
2020.08.15-22.03.01,v1.05-3-g6ec3b27,12 , 87 , (8 3 9 10 7) , 2302 , ((9 * 10) - 3)
2020.08.15-22.03.01,v1.05-3-g6ec3b27,13 , 87 , (8 3 9 10 7) , 587 , ((9 * 10) - 3)
2020.08.15-22.03.01,v1.05-3-g6ec3b27,14 , 87 , (8 3 9 10 7) , 239 , ((8 * 10) + 7)
2020.08.15-22.03.01,v1.05-3-g6ec3b27,15 , 87 , (8 3 9 10 7) , 2567 , ((9 * 10) - 3)
2020.08.15-22.03.01,v1.05-3-g6ec3b27,16 , 87 , (8 3 9 10 7) , 528 , ((9 * 10) - 3)
2020.08.15-22.03.01,v1.05-3-g6ec3b27,17 , 87 , (8 3 9 10 7) , 129 , ((9 * 10) - 3)
2020.08.15-22.03.01,v1.05-3-g6ec3b27,18 , 87 , (8 3 9 10 7) , 513 , ((9 * 10) - 3)
2020.08.15-22.03.01,v1.05-3-g6ec3b27,19 , 87 , (8 3 9 10 7) , 307 , ((9 * 10) - 3)
2020.08.15-22.03.01,v1.05-3-g6ec3b27,20 , 87 , (8 3 9 10 7) , 69 , ((8 * 10) + 7)
2020.08.15-22.03.01,v1.05-3-g6ec3b27,21 , 87 , (8 3 9 10 7) , 293 , ((10 * 8) + 7)
2020.08.15-22.03.01,v1.05-3-g6ec3b27,22 , 87 , (8 3 9 10 7) , 935 , ((10 * 9) - 3)
2020.08.15-22.03.01,v1.05-3-g6ec3b27,23 , 87 , (8 3 9 10 7) , 923 , ((9 * 10) - 3)
2020.08.15-22.03.01,v1.05-3-g6ec3b27,24 , 87 , (8 3 9 10 7) , 323 , ((9 * 10) - 3)
2020.08.15-22.03.01,v1.05-3-g6ec3b27,25 , 87 , (8 3 9 10 7) , 1179 , ((10 * 8) + 7)
2020.08.15-22.03.01,v1.05-3-g6ec3b27,26 , 87 , (8 3 9 10 7) , 48 , ((9 * 10) - 3)
2020.08.15-22.03.01,v1.05-3-g6ec3b27,27 , 87 , (8 3 9 10 7) , 2165 , ((9 * 10) - 3)
2020.08.15-22.03.01,v1.05-3-g6ec3b27,28 , 87 , (8 3 9 10 7) , 48 , ((9 * 10) - 3)
2020.08.15-22.03.01,v1.05-3-g6ec3b27,29 , 87 , (8 3 9 10 7) , 1516 , ((9 * 10) - 3)
2020.08.15-22.03.01,v1.05-3-g6ec3b27,30 , 87 , (8 3 9 10 7) , 59 , ((10 * 9) - 3)
2020.08.15-22.03.01,v1.05-3-g6ec3b27,31 , 87 , (8 3 9 10 7) , 2842 , ((9 * 10) - 3)
2020.08.15-22.03.01,v1.05-3-g6ec3b27,32 , 87 , (8 3 9 10 7) , 225 , ((9 * 10) - 3)
2020.08.15-22.03.01,v1.05-3-g6ec3b27,33 , 87 , (8 3 9 10 7) , 51 , ((8 * 10) + 7)
2020.08.15-22.03.01,v1.05-3-g6ec3b27,34 , 87 , (8 3 9 10 7) , 618 , ((9 * 10) - 3)
2020.08.15-22.03.01,v1.05-3-g6ec3b27,35 , 87 , (8 3 9 10 7) , 426 , ((9 * 10) - 3)
2020.08.15-22.03.01,v1.05-3-g6ec3b27,36 , 87 , (8 3 9 10 7) , 140 , ((8 * 10) + 7)
2020.08.15-22.03.01,v1.05-3-g6ec3b27,37 , 87 , (8 3 9 10 7) , 229 , ((9 * 10) - 3)
2020.08.15-22.03.01,v1.05-3-g6ec3b27,38 , 87 , (8 3 9 10 7) , 1767 , ((9 * 10) - 3)
2020.08.15-22.03.01,v1.05-3-g6ec3b27,39 , 87 , (8 3 9 10 7) , 147 , ((8 * 10) + 7)
2020.08.15-22.03.01,v1.05-3-g6ec3b27,40 , 87 , (8 3 9 10 7) , 2452 , ((9 * 10) - 3)
2020.08.15-22.03.01,v1.05-3-g6ec3b27,41 , 87 , (8 3 9 10 7) , 1615 , ((9 * 10) - 3)
2020.08.15-22.03.01,v1.05-3-g6ec3b27,42 , 87 , (8 3 9 10 7) , 1458 , ((9 * 10) - 3)
2020.08.15-22.03.01,v1.05-3-g6ec3b27,43 , 87 , (8 3 9 10 7) , 126 , ((10 * 8) + 7)
2020.08.15-22.03.01,v1.05-3-g6ec3b27,44 , 87 , (8 3 9 10 7) , 1693 , ((9 * 10) - 3)
2020.08.15-22.03.01,v1.05-3-g6ec3b27,45 , 87 , (8 3 9 10 7) , 2171 , ((9 * 10) - 3)
2020.08.15-22.03.01,v1.05-3-g6ec3b27,46 , 87 , (8 3 9 10 7) , 133 , ((9 * 10) - 3)
2020.08.15-22.03.01,v1.05-3-g6ec3b27,47 , 87 , (8 3 9 10 7) , 64 , ((9 * 10) - 3)
2020.08.15-22.03.01,v1.05-3-g6ec3b27,48 , 87 , (8 3 9 10 7) , 871 , ((9 * 10) - 3)
2020.08.15-22.03.01,v1.05-3-g6ec3b27,49 , 87 , (8 3 9 10 7) , 1817 , ((9 * 10) - 3)
2020.08.15-22.03.01,v1.05-3-g6ec3b27,50 , 87 , (8 3 9 10 7) , 82 , ((9 * 10) - 3)
2020.08.15-22.03.01,v1.05-3-g6ec3b27,51 , 87 , (8 3 9 10 7) , 699 , ((10 * 8) + 7)
2020.08.15-22.03.01,v1.05-3-g6ec3b27,52 , 87 , (8 3 9 10 7) , 171 , ((9 * 10) - 3)
2020.08.15-22.03.01,v1.05-3-g6ec3b27,53 , 87 , (8 3 9 10 7) , 1409 , ((10 * 7) + (8 + 9))
2020.08.15-22.03.01,v1.05-3-g6ec3b27,54 , 87 , (8 3 9 10 7) , 2184 , ((9 * 10) - 3)
2020.08.15-22.03.01,v1.05-3-g6ec3b27,55 , 87 , (8 3 9 10 7) , 86 , ((8 * 10) + 7)
2020.08.15-22.03.01,v1.05-3-g6ec3b27,56 , 87 , (8 3 9 10 7) , 1006 , ((9 * 10) - 3)
2020.08.15-22.03.01,v1.05-3-g6ec3b27,57 , 87 , (8 3 9 10 7) , 63 , ((9 * 10) - 3)
2020.08.15-22.03.01,v1.05-3-g6ec3b27,58 , 87 , (8 3 9 10 7) , 334 , ((10 * 9) - 3)
2020.08.15-22.03.01,v1.05-3-g6ec3b27,59 , 87 , (8 3 9 10 7) , 1612 , ((9 * 10) - 3)
2020.08.15-22.03.01,v1.05-3-g6ec3b27,60 , 87 , (8 3 9 10 7) , 1875 , ((9 * 10) - 3)
2020.08.15-22.03.01,v1.05-3-g6ec3b27,61 , 87 , (8 3 9 10 7) , 518 , ((9 * 10) - 3)
2020.08.15-22.03.01,v1.05-3-g6ec3b27,62 , 87 , (8 3 9 10 7) , 50 , ((9 * 10) - 3)
2020.08.15-22.03.01,v1.05-3-g6ec3b27,63 , 87 , (8 3 9 10 7) , 1577 , ((9 * 10) - 3)
2020.08.15-22.03.01,v1.05-3-g6ec3b27,64 , 87 , (8 3 9 10 7) , 502 , ((9 * 10) - 3)
2020.08.15-22.03.01,v1.05-3-g6ec3b27,65 , 87 , (8 3 9 10 7) , 387 , ((9 * 10) - 3)
2020.08.15-22.03.01,v1.05-3-g6ec3b27,66 , 87 , (8 3 9 10 7) , 213 , ((9 * 10) - 3)
2020.08.15-22.03.01,v1.05-3-g6ec3b27,67 , 87 , (8 3 9 10 7) , 457 , ((9 * 10) - 3)
2020.08.15-22.03.01,v1.05-3-g6ec3b27,68 , 87 , (8 3 9 10 7) , 2409 , ((9 * 10) - 3)
2020.08.15-22.03.01,v1.05-3-g6ec3b27,69 , 87 , (8 3 9 10 7) , 203 , ((9 * 10) - 3)
2020.08.15-22.03.01,v1.05-3-g6ec3b27,70 , 87 , (8 3 9 10 7) , 3801 , ((9 * 10) - 3)
2020.08.15-22.03.01,v1.05-3-g6ec3b27,71 , 87 , (8 3 9 10 7) , 897 , ((8 * 10) + 7)
2020.08.15-22.03.01,v1.05-3-g6ec3b27,72 , 87 , (8 3 9 10 7) , 1490 , ((10 * 9) - 3)
2020.08.15-22.03.01,v1.05-3-g6ec3b27,73 , 87 , (8 3 9 10 7) , 984 , ((9 * 10) - 3)
2020.08.15-22.03.01,v1.05-3-g6ec3b27,74 , 87 , (8 3 9 10 7) , 2689 , ((9 * 10) - 3)
2020.08.15-22.03.01,v1.05-3-g6ec3b27,75 , 87 , (8 3 9 10 7) , 982 , ((9 * 10) - 3)
2020.08.15-22.03.01,v1.05-3-g6ec3b27,76 , 87 , (8 3 9 10 7) , 245 , ((9 * 10) - 3)
2020.08.15-22.03.01,v1.05-3-g6ec3b27,77 , 87 , (8 3 9 10 7) , 65 , ((9 * 10) - 3)
2020.08.15-22.03.01,v1.05-3-g6ec3b27,78 , 87 , (8 3 9 10 7) , 1545 , ((10 * 9) - 3)
2020.08.15-22.03.01,v1.05-3-g6ec3b27,79 , 87 , (8 3 9 10 7) , 2819 , ((9 * 10) - 3)
2020.08.15-22.03.01,v1.05-3-g6ec3b27,80 , 87 , (8 3 9 10 7) , 2466 , ((10 * 8) + 7)
2020.08.15-22.03.01,v1.05-3-g6ec3b27,81 , 87 , (8 3 9 10 7) , 817 , ((9 * 10) - 3)
2020.08.15-22.03.01,v1.05-3-g6ec3b27,82 , 87 , (8 3 9 10 7) , 1776 , ((7 * 9) + (3 * 8))
2020.08.15-22.03.01,v1.05-3-g6ec3b27,83 , 87 , (8 3 9 10 7) , 462 , ((9 * 10) - 3)
2020.08.15-22.03.01,v1.05-3-g6ec3b27,84 , 87 , (8 3 9 10 7) , 149 , ((9 * 10) - 3)
2020.08.15-22.03.01,v1.05-3-g6ec3b27,85 , 87 , (8 3 9 10 7) , 44 , ((9 * 10) - 3)
2020.08.15-22.03.01,v1.05-3-g6ec3b27,86 , 87 , (8 3 9 10 7) , 2076 , ((8 * 10) + 7)
2020.08.15-22.03.01,v1.05-3-g6ec3b27,87 , 87 , (8 3 9 10 7) , 2662 , ((9 * 10) - 3)
2020.08.15-22.03.01,v1.05-3-g6ec3b27,88 , 87 , (8 3 9 10 7) , 1263 , ((10 * 9) - 3)
2020.08.15-22.03.01,v1.05-3-g6ec3b27,89 , 87 , (8 3 9 10 7) , 147 , ((10 * 9) - 3)
2020.08.15-22.03.01,v1.05-3-g6ec3b27,90 , 87 , (8 3 9 10 7) , 1689 , ((9 * 10) - 3)
2020.08.15-22.03.01,v1.05-3-g6ec3b27,91 , 87 , (8 3 9 10 7) , 39 , ((10 * 9) - 3)
2020.08.15-22.03.01,v1.05-3-g6ec3b27,92 , 87 , (8 3 9 10 7) , 239 , ((8 * 10) + 7)
2020.08.15-22.03.01,v1.05-3-g6ec3b27,93 , 87 , (8 3 9 10 7) , 2169 , ((10 * 8) + 7)
2020.08.15-22.03.01,v1.05-3-g6ec3b27,94 , 87 , (8 3 9 10 7) , 267 , ((8 * 10) + 7)
2020.08.15-22.03.01,v1.05-3-g6ec3b27,95 , 87 , (8 3 9 10 7) , 825 , ((9 * 10) - 3)
2020.08.15-22.03.01,v1.05-3-g6ec3b27,96 , 87 , (8 3 9 10 7) , 1005 , ((9 * 10) - 3)
2020.08.15-22.03.01,v1.05-3-g6ec3b27,97 , 87 , (8 3 9 10 7) , 540 , ((7 * 9) + (3 * 8))
2020.08.15-22.03.01,v1.05-3-g6ec3b27,98 , 87 , (8 3 9 10 7) , 1331 , ((9 * 10) - 3)
2020.08.15-22.03.01,v1.05-3-g6ec3b27,99 , 87 , (8 3 9 10 7) , 36 , ((9 * 10) - 3)
2020.08.15-22.03.01,v1.05-3-g6ec3b27,0 , 31 , (3 5 24 3 14) , 5000 , none
2020.08.15-22.03.01,v1.05-3-g6ec3b27,1 , 31 , (3 5 24 3 14) , 5000 , none
2020.08.15-22.03.01,v1.05-3-g6ec3b27,2 , 31 , (3 5 24 3 14) , 5000 , none
2020.08.15-22.03.01,v1.05-3-g6ec3b27,3 , 31 , (3 5 24 3 14) , 5000 , none
2020.08.15-22.03.01,v1.05-3-g6ec3b27,4 , 31 , (3 5 24 3 14) , 5000 , none
2020.08.15-22.03.01,v1.05-3-g6ec3b27,5 , 31 , (3 5 24 3 14) , 5000 , none
2020.08.15-22.03.01,v1.05-3-g6ec3b27,6 , 31 , (3 5 24 3 14) , 5000 , none
2020.08.15-22.03.01,v1.05-3-g6ec3b27,7 , 31 , (3 5 24 3 14) , 5000 , none
2020.08.15-22.03.01,v1.05-3-g6ec3b27,8 , 31 , (3 5 24 3 14) , 5000 , none
2020.08.15-22.03.01,v1.05-3-g6ec3b27,9 , 31 , (3 5 24 3 14) , 5000 , none
2020.08.15-22.03.01,v1.05-3-g6ec3b27,10 , 31 , (3 5 24 3 14) , 5000 , none
2020.08.15-22.03.01,v1.05-3-g6ec3b27,11 , 31 , (3 5 24 3 14) , 5000 , none
2020.08.15-22.03.01,v1.05-3-g6ec3b27,12 , 31 , (3 5 24 3 14) , 5000 , none
2020.08.15-22.03.01,v1.05-3-g6ec3b27,13 , 31 , (3 5 24 3 14) , 5000 , none
2020.08.15-22.03.01,v1.05-3-g6ec3b27,14 , 31 , (3 5 24 3 14) , 5000 , none
2020.08.15-22.03.01,v1.05-3-g6ec3b27,15 , 31 , (3 5 24 3 14) , 5000 , none
2020.08.15-22.03.01,v1.05-3-g6ec3b27,16 , 31 , (3 5 24 3 14) , 5000 , none
2020.08.15-22.03.01,v1.05-3-g6ec3b27,17 , 31 , (3 5 24 3 14) , 5000 , none
2020.08.15-22.03.01,v1.05-3-g6ec3b27,18 , 31 , (3 5 24 3 14) , 5000 , none
2020.08.15-22.03.01,v1.05-3-g6ec3b27,19 , 31 , (3 5 24 3 14) , 5000 , none
2020.08.15-22.03.01,v1.05-3-g6ec3b27,20 , 31 , (3 5 24 3 14) , 5000 , none
2020.08.15-22.03.01,v1.05-3-g6ec3b27,21 , 31 , (3 5 24 3 14) , 5000 , none
2020.08.15-22.03.01,v1.05-3-g6ec3b27,22 , 31 , (3 5 24 3 14) , 5000 , none
2020.08.15-22.03.01,v1.05-3-g6ec3b27,23 , 31 , (3 5 24 3 14) , 5000 , none
2020.08.15-22.03.01,v1.05-3-g6ec3b27,24 , 31 , (3 5 24 3 14) , 5000 , none
2020.08.15-22.03.01,v1.05-3-g6ec3b27,25 , 31 , (3 5 24 3 14) , 5000 , none
2020.08.15-22.03.01,v1.05-3-g6ec3b27,26 , 31 , (3 5 24 3 14) , 5000 , none
2020.08.15-22.03.01,v1.05-3-g6ec3b27,27 , 31 , (3 5 24 3 14) , 5000 , none
2020.08.15-22.03.01,v1.05-3-g6ec3b27,28 , 31 , (3 5 24 3 14) , 5000 , none
2020.08.15-22.03.01,v1.05-3-g6ec3b27,29 , 31 , (3 5 24 3 14) , 5000 , none
2020.08.15-22.03.01,v1.05-3-g6ec3b27,30 , 31 , (3 5 24 3 14) , 5000 , none
2020.08.15-22.03.01,v1.05-3-g6ec3b27,31 , 31 , (3 5 24 3 14) , 5000 , none
2020.08.15-22.03.01,v1.05-3-g6ec3b27,32 , 31 , (3 5 24 3 14) , 5000 , none
2020.08.15-22.03.01,v1.05-3-g6ec3b27,33 , 31 , (3 5 24 3 14) , 5000 , none
2020.08.15-22.03.01,v1.05-3-g6ec3b27,34 , 31 , (3 5 24 3 14) , 5000 , none
2020.08.15-22.03.01,v1.05-3-g6ec3b27,35 , 31 , (3 5 24 3 14) , 5000 , none
2020.08.15-22.03.01,v1.05-3-g6ec3b27,36 , 31 , (3 5 24 3 14) , 5000 , none
2020.08.15-22.03.01,v1.05-3-g6ec3b27,37 , 31 , (3 5 24 3 14) , 5000 , none
2020.08.15-22.03.01,v1.05-3-g6ec3b27,38 , 31 , (3 5 24 3 14) , 5000 , none
2020.08.15-22.03.01,v1.05-3-g6ec3b27,39 , 31 , (3 5 24 3 14) , 5000 , none
2020.08.15-22.03.01,v1.05-3-g6ec3b27,40 , 31 , (3 5 24 3 14) , 5000 , none
2020.08.15-22.03.01,v1.05-3-g6ec3b27,41 , 31 , (3 5 24 3 14) , 5000 , none
2020.08.15-22.03.01,v1.05-3-g6ec3b27,42 , 31 , (3 5 24 3 14) , 5000 , none
2020.08.15-22.03.01,v1.05-3-g6ec3b27,43 , 31 , (3 5 24 3 14) , 5000 , none
2020.08.15-22.03.01,v1.05-3-g6ec3b27,44 , 31 , (3 5 24 3 14) , 5000 , none
2020.08.15-22.03.01,v1.05-3-g6ec3b27,45 , 31 , (3 5 24 3 14) , 5000 , none
2020.08.15-22.03.01,v1.05-3-g6ec3b27,46 , 31 , (3 5 24 3 14) , 5000 , none
2020.08.15-22.03.01,v1.05-3-g6ec3b27,47 , 31 , (3 5 24 3 14) , 5000 , none
2020.08.15-22.03.01,v1.05-3-g6ec3b27,48 , 31 , (3 5 24 3 14) , 5000 , none
2020.08.15-22.03.01,v1.05-3-g6ec3b27,49 , 31 , (3 5 24 3 14) , 5000 , none
2020.08.15-22.03.01,v1.05-3-g6ec3b27,50 , 31 , (3 5 24 3 14) , 5000 , none
2020.08.15-22.03.01,v1.05-3-g6ec3b27,51 , 31 , (3 5 24 3 14) , 5000 , none
2020.08.15-22.03.01,v1.05-3-g6ec3b27,52 , 31 , (3 5 24 3 14) , 5000 , none
2020.08.15-22.03.01,v1.05-3-g6ec3b27,53 , 31 , (3 5 24 3 14) , 5000 , none
2020.08.15-22.03.01,v1.05-3-g6ec3b27,54 , 31 , (3 5 24 3 14) , 5000 , none
2020.08.15-22.03.01,v1.05-3-g6ec3b27,55 , 31 , (3 5 24 3 14) , 5000 , none
2020.08.15-22.03.01,v1.05-3-g6ec3b27,56 , 31 , (3 5 24 3 14) , 5000 , none
2020.08.15-22.03.01,v1.05-3-g6ec3b27,57 , 31 , (3 5 24 3 14) , 5000 , none
2020.08.15-22.03.01,v1.05-3-g6ec3b27,58 , 31 , (3 5 24 3 14) , 5000 , none
2020.08.15-22.03.01,v1.05-3-g6ec3b27,59 , 31 , (3 5 24 3 14) , 5000 , none
2020.08.15-22.03.01,v1.05-3-g6ec3b27,60 , 31 , (3 5 24 3 14) , 5000 , none
2020.08.15-22.03.01,v1.05-3-g6ec3b27,61 , 31 , (3 5 24 3 14) , 5000 , none
2020.08.15-22.03.01,v1.05-3-g6ec3b27,62 , 31 , (3 5 24 3 14) , 5000 , none
2020.08.15-22.03.01,v1.05-3-g6ec3b27,63 , 31 , (3 5 24 3 14) , 5000 , none
2020.08.15-22.03.01,v1.05-3-g6ec3b27,64 , 31 , (3 5 24 3 14) , 5000 , none
2020.08.15-22.03.01,v1.05-3-g6ec3b27,65 , 31 , (3 5 24 3 14) , 5000 , none
2020.08.15-22.03.01,v1.05-3-g6ec3b27,66 , 31 , (3 5 24 3 14) , 5000 , none
2020.08.15-22.03.01,v1.05-3-g6ec3b27,67 , 31 , (3 5 24 3 14) , 5000 , none
2020.08.15-22.03.01,v1.05-3-g6ec3b27,68 , 31 , (3 5 24 3 14) , 5000 , none
2020.08.15-22.03.01,v1.05-3-g6ec3b27,69 , 31 , (3 5 24 3 14) , 5000 , none
2020.08.15-22.03.01,v1.05-3-g6ec3b27,70 , 31 , (3 5 24 3 14) , 5000 , none
2020.08.15-22.03.01,v1.05-3-g6ec3b27,71 , 31 , (3 5 24 3 14) , 5000 , none
2020.08.15-22.03.01,v1.05-3-g6ec3b27,72 , 31 , (3 5 24 3 14) , 5000 , none
2020.08.15-22.03.01,v1.05-3-g6ec3b27,73 , 31 , (3 5 24 3 14) , 5000 , none
2020.08.15-22.03.01,v1.05-3-g6ec3b27,74 , 31 , (3 5 24 3 14) , 5000 , none
2020.08.15-22.03.01,v1.05-3-g6ec3b27,75 , 31 , (3 5 24 3 14) , 5000 , none
2020.08.15-22.03.01,v1.05-3-g6ec3b27,76 , 31 , (3 5 24 3 14) , 5000 , none
2020.08.15-22.03.01,v1.05-3-g6ec3b27,77 , 31 , (3 5 24 3 14) , 5000 , none
2020.08.15-22.03.01,v1.05-3-g6ec3b27,78 , 31 , (3 5 24 3 14) , 5000 , none
2020.08.15-22.03.01,v1.05-3-g6ec3b27,79 , 31 , (3 5 24 3 14) , 5000 , none
2020.08.15-22.03.01,v1.05-3-g6ec3b27,80 , 31 , (3 5 24 3 14) , 5000 , none
2020.08.15-22.03.01,v1.05-3-g6ec3b27,81 , 31 , (3 5 24 3 14) , 5000 , none
2020.08.15-22.03.01,v1.05-3-g6ec3b27,82 , 31 , (3 5 24 3 14) , 5000 , none
2020.08.15-22.03.01,v1.05-3-g6ec3b27,83 , 31 , (3 5 24 3 14) , 5000 , none
2020.08.15-22.03.01,v1.05-3-g6ec3b27,84 , 31 , (3 5 24 3 14) , 5000 , none
2020.08.15-22.03.01,v1.05-3-g6ec3b27,85 , 31 , (3 5 24 3 14) , 5000 , none
2020.08.15-22.03.01,v1.05-3-g6ec3b27,86 , 31 , (3 5 24 3 14) , 5000 , none
2020.08.15-22.03.01,v1.05-3-g6ec3b27,87 , 31 , (3 5 24 3 14) , 5000 , none
2020.08.15-22.03.01,v1.05-3-g6ec3b27,88 , 31 , (3 5 24 3 14) , 5000 , none
2020.08.15-22.03.01,v1.05-3-g6ec3b27,89 , 31 , (3 5 24 3 14) , 5000 , none
2020.08.15-22.03.01,v1.05-3-g6ec3b27,90 , 31 , (3 5 24 3 14) , 5000 , none
2020.08.15-22.03.01,v1.05-3-g6ec3b27,91 , 31 , (3 5 24 3 14) , 5000 , none
2020.08.15-22.03.01,v1.05-3-g6ec3b27,92 , 31 , (3 5 24 3 14) , 5000 , none
2020.08.15-22.03.01,v1.05-3-g6ec3b27,93 , 31 , (3 5 24 3 14) , 5000 , none
2020.08.15-22.03.01,v1.05-3-g6ec3b27,94 , 31 , (3 5 24 3 14) , 5000 , none
2020.08.15-22.03.01,v1.05-3-g6ec3b27,95 , 31 , (3 5 24 3 14) , 5000 , none
2020.08.15-22.03.01,v1.05-3-g6ec3b27,96 , 31 , (3 5 24 3 14) , 5000 , none
2020.08.15-22.03.01,v1.05-3-g6ec3b27,97 , 31 , (3 5 24 3 14) , 5000 , none
2020.08.15-22.03.01,v1.05-3-g6ec3b27,98 , 31 , (3 5 24 3 14) , 5000 , none
2020.08.15-22.03.01,v1.05-3-g6ec3b27,99 , 31 , (3 5 24 3 14) , 5000 , none
2020.08.15-22.03.01,v1.05-3-g6ec3b27,0 , 25 , (8 5 5 11 2) , 1287 , (5 * 5)
2020.08.15-22.03.01,v1.05-3-g6ec3b27,1 , 25 , (8 5 5 11 2) , 64 , (5 * 5)
2020.08.15-22.03.01,v1.05-3-g6ec3b27,2 , 25 , (8 5 5 11 2) , 309 , (5 * 5)
2020.08.15-22.03.01,v1.05-3-g6ec3b27,3 , 25 , (8 5 5 11 2) , 53 , (5 * 5)
2020.08.15-22.03.01,v1.05-3-g6ec3b27,4 , 25 , (8 5 5 11 2) , 23 , (5 * 5)
2020.08.15-22.03.01,v1.05-3-g6ec3b27,5 , 25 , (8 5 5 11 2) , 272 , (5 * 5)
2020.08.15-22.03.01,v1.05-3-g6ec3b27,6 , 25 , (8 5 5 11 2) , 177 , (5 * 5)
2020.08.15-22.03.01,v1.05-3-g6ec3b27,7 , 25 , (8 5 5 11 2) , 142 , (5 * 5)
2020.08.15-22.03.01,v1.05-3-g6ec3b27,8 , 25 , (8 5 5 11 2) , 81 , (5 * 5)
2020.08.15-22.03.01,v1.05-3-g6ec3b27,9 , 25 , (8 5 5 11 2) , 562 , (5 * 5)
2020.08.15-22.03.01,v1.05-3-g6ec3b27,10 , 25 , (8 5 5 11 2) , 45 , (5 * 5)
2020.08.15-22.03.01,v1.05-3-g6ec3b27,11 , 25 , (8 5 5 11 2) , 293 , (5 * 5)
2020.08.15-22.03.01,v1.05-3-g6ec3b27,12 , 25 , (8 5 5 11 2) , 327 , (5 * 5)
2020.08.15-22.03.01,v1.05-3-g6ec3b27,13 , 25 , (8 5 5 11 2) , 579 , (5 * 5)
2020.08.15-22.03.01,v1.05-3-g6ec3b27,14 , 25 , (8 5 5 11 2) , 52 , (5 * 5)
2020.08.15-22.03.01,v1.05-3-g6ec3b27,15 , 25 , (8 5 5 11 2) , 315 , (5 * 5)
2020.08.15-22.03.01,v1.05-3-g6ec3b27,16 , 25 , (8 5 5 11 2) , 729 , (5 * 5)
2020.08.15-22.03.01,v1.05-3-g6ec3b27,17 , 25 , (8 5 5 11 2) , 105 , (5 * 5)
2020.08.15-22.03.01,v1.05-3-g6ec3b27,18 , 25 , (8 5 5 11 2) , 27 , (5 * 5)
2020.08.15-22.03.01,v1.05-3-g6ec3b27,19 , 25 , (8 5 5 11 2) , 24 , (5 * 5)
2020.08.15-22.03.01,v1.05-3-g6ec3b27,20 , 25 , (8 5 5 11 2) , 87 , (5 * 5)
2020.08.15-22.03.01,v1.05-3-g6ec3b27,21 , 25 , (8 5 5 11 2) , 52 , (5 * 5)
2020.08.15-22.03.01,v1.05-3-g6ec3b27,22 , 25 , (8 5 5 11 2) , 549 , (5 * 5)
2020.08.15-22.03.01,v1.05-3-g6ec3b27,23 , 25 , (8 5 5 11 2) , 114 , (5 * 5)
2020.08.15-22.03.01,v1.05-3-g6ec3b27,24 , 25 , (8 5 5 11 2) , 255 , (5 * 5)
2020.08.15-22.03.01,v1.05-3-g6ec3b27,25 , 25 , (8 5 5 11 2) , 159 , (5 * 5)
2020.08.15-22.03.01,v1.05-3-g6ec3b27,26 , 25 , (8 5 5 11 2) , 45 , (5 * 5)
2020.08.15-22.03.01,v1.05-3-g6ec3b27,27 , 25 , (8 5 5 11 2) , 69 , (5 * 5)
2020.08.15-22.03.01,v1.05-3-g6ec3b27,28 , 25 , (8 5 5 11 2) , 441 , (5 * 5)
2020.08.15-22.03.01,v1.05-3-g6ec3b27,29 , 25 , (8 5 5 11 2) , 65 , (5 * 5)
2020.08.15-22.03.01,v1.05-3-g6ec3b27,30 , 25 , (8 5 5 11 2) , 25 , (5 * 5)
2020.08.15-22.03.01,v1.05-3-g6ec3b27,31 , 25 , (8 5 5 11 2) , 88 , (5 * 5)
2020.08.15-22.03.01,v1.05-3-g6ec3b27,32 , 25 , (8 5 5 11 2) , 267 , (5 * 5)
2020.08.15-22.03.01,v1.05-3-g6ec3b27,33 , 25 , (8 5 5 11 2) , 194 , (5 * 5)
2020.08.15-22.03.01,v1.05-3-g6ec3b27,34 , 25 , (8 5 5 11 2) , 507 , (5 * 5)
2020.08.15-22.03.01,v1.05-3-g6ec3b27,35 , 25 , (8 5 5 11 2) , 45 , (5 * 5)
2020.08.15-22.03.01,v1.05-3-g6ec3b27,36 , 25 , (8 5 5 11 2) , 456 , (5 * 5)
2020.08.15-22.03.01,v1.05-3-g6ec3b27,37 , 25 , (8 5 5 11 2) , 119 , ((2 * 11) + (8 - 5))
2020.08.15-22.03.01,v1.05-3-g6ec3b27,38 , 25 , (8 5 5 11 2) , 95 , (5 * 5)
2020.08.15-22.03.01,v1.05-3-g6ec3b27,39 , 25 , (8 5 5 11 2) , 420 , (5 * 5)
2020.08.15-22.03.01,v1.05-3-g6ec3b27,40 , 25 , (8 5 5 11 2) , 807 , (5 * 5)
2020.08.15-22.03.01,v1.05-3-g6ec3b27,41 , 25 , (8 5 5 11 2) , 256 , (5 * 5)
2020.08.15-22.03.01,v1.05-3-g6ec3b27,42 , 25 , (8 5 5 11 2) , 75 , (5 * 5)
2020.08.15-22.03.01,v1.05-3-g6ec3b27,43 , 25 , (8 5 5 11 2) , 65 , (5 * 5)
2020.08.15-22.03.01,v1.05-3-g6ec3b27,44 , 25 , (8 5 5 11 2) , 263 , (5 * 5)
2020.08.15-22.03.01,v1.05-3-g6ec3b27,45 , 25 , (8 5 5 11 2) , 70 , (5 * 5)
2020.08.15-22.03.01,v1.05-3-g6ec3b27,46 , 25 , (8 5 5 11 2) , 627 , (5 * 5)
2020.08.15-22.03.01,v1.05-3-g6ec3b27,47 , 25 , (8 5 5 11 2) , 21 , (5 * 5)
2020.08.15-22.03.01,v1.05-3-g6ec3b27,48 , 25 , (8 5 5 11 2) , 117 , (5 * 5)
2020.08.15-22.03.01,v1.05-3-g6ec3b27,49 , 25 , (8 5 5 11 2) , 57 , (5 * 5)
2020.08.15-22.03.01,v1.05-3-g6ec3b27,50 , 25 , (8 5 5 11 2) , 99 , (5 * 5)
2020.08.15-22.03.01,v1.05-3-g6ec3b27,51 , 25 , (8 5 5 11 2) , 218 , (5 * 5)
2020.08.15-22.03.01,v1.05-3-g6ec3b27,52 , 25 , (8 5 5 11 2) , 279 , (5 * 5)
2020.08.15-22.03.01,v1.05-3-g6ec3b27,53 , 25 , (8 5 5 11 2) , 45 , (5 * 5)
2020.08.15-22.03.01,v1.05-3-g6ec3b27,54 , 25 , (8 5 5 11 2) , 25 , (5 * 5)
2020.08.15-22.03.01,v1.05-3-g6ec3b27,55 , 25 , (8 5 5 11 2) , 321 , (5 * 5)
2020.08.15-22.03.01,v1.05-3-g6ec3b27,56 , 25 , (8 5 5 11 2) , 117 , (5 * 5)
2020.08.15-22.03.01,v1.05-3-g6ec3b27,57 , 25 , (8 5 5 11 2) , 316 , (5 * 5)
2020.08.15-22.03.01,v1.05-3-g6ec3b27,58 , 25 , (8 5 5 11 2) , 111 , (5 * 5)
2020.08.15-22.03.01,v1.05-3-g6ec3b27,59 , 25 , (8 5 5 11 2) , 202 , (5 * 5)
2020.08.15-22.03.01,v1.05-3-g6ec3b27,60 , 25 , (8 5 5 11 2) , 75 , (5 * 5)
2020.08.15-22.03.01,v1.05-3-g6ec3b27,61 , 25 , (8 5 5 11 2) , 214 , (5 * 5)
2020.08.15-22.03.01,v1.05-3-g6ec3b27,62 , 25 , (8 5 5 11 2) , 99 , (5 * 5)
2020.08.15-22.03.01,v1.05-3-g6ec3b27,63 , 25 , (8 5 5 11 2) , 125 , (5 * 5)
2020.08.15-22.03.01,v1.05-3-g6ec3b27,64 , 25 , (8 5 5 11 2) , 157 , (5 * 5)
2020.08.15-22.03.01,v1.05-3-g6ec3b27,65 , 25 , (8 5 5 11 2) , 50 , (5 * 5)
2020.08.15-22.03.01,v1.05-3-g6ec3b27,66 , 25 , (8 5 5 11 2) , 741 , (5 * 5)
2020.08.15-22.03.01,v1.05-3-g6ec3b27,67 , 25 , (8 5 5 11 2) , 935 , (5 * 5)
2020.08.15-22.03.01,v1.05-3-g6ec3b27,68 , 25 , (8 5 5 11 2) , 405 , (5 * 5)
2020.08.15-22.03.01,v1.05-3-g6ec3b27,69 , 25 , (8 5 5 11 2) , 52 , (5 * 5)
2020.08.15-22.03.01,v1.05-3-g6ec3b27,70 , 25 , (8 5 5 11 2) , 128 , (5 * 5)
2020.08.15-22.03.01,v1.05-3-g6ec3b27,71 , 25 , (8 5 5 11 2) , 159 , (5 * 5)
2020.08.15-22.03.01,v1.05-3-g6ec3b27,72 , 25 , (8 5 5 11 2) , 34 , (5 * 5)
2020.08.15-22.03.01,v1.05-3-g6ec3b27,73 , 25 , (8 5 5 11 2) , 111 , (5 * 5)
2020.08.15-22.03.01,v1.05-3-g6ec3b27,74 , 25 , (8 5 5 11 2) , 605 , (5 * 5)
2020.08.15-22.03.01,v1.05-3-g6ec3b27,75 , 25 , (8 5 5 11 2) , 23 , (5 * 5)
2020.08.15-22.03.01,v1.05-3-g6ec3b27,76 , 25 , (8 5 5 11 2) , 351 , (5 * 5)
2020.08.15-22.03.01,v1.05-3-g6ec3b27,77 , 25 , (8 5 5 11 2) , 82 , (5 * 5)
2020.08.15-22.03.01,v1.05-3-g6ec3b27,78 , 25 , (8 5 5 11 2) , 48 , ((2 * 11) + (8 - 5))
2020.08.15-22.03.01,v1.05-3-g6ec3b27,79 , 25 , (8 5 5 11 2) , 128 , (5 * 5)
2020.08.15-22.03.01,v1.05-3-g6ec3b27,80 , 25 , (8 5 5 11 2) , 171 , (5 * 5)
2020.08.15-22.03.01,v1.05-3-g6ec3b27,81 , 25 , (8 5 5 11 2) , 495 , (5 * 5)
2020.08.15-22.03.01,v1.05-3-g6ec3b27,82 , 25 , (8 5 5 11 2) , 267 , (5 * 5)
2020.08.15-22.03.01,v1.05-3-g6ec3b27,83 , 25 , (8 5 5 11 2) , 351 , (5 * 5)
2020.08.15-22.03.01,v1.05-3-g6ec3b27,84 , 25 , (8 5 5 11 2) , 70 , (5 * 5)
2020.08.15-22.03.01,v1.05-3-g6ec3b27,85 , 25 , (8 5 5 11 2) , 185 , (5 * 5)
2020.08.15-22.03.01,v1.05-3-g6ec3b27,86 , 25 , (8 5 5 11 2) , 219 , (5 * 5)
2020.08.15-22.03.01,v1.05-3-g6ec3b27,87 , 25 , (8 5 5 11 2) , 441 , (5 * 5)
2020.08.15-22.03.01,v1.05-3-g6ec3b27,88 , 25 , (8 5 5 11 2) , 215 , (5 * 5)
2020.08.15-22.03.01,v1.05-3-g6ec3b27,89 , 25 , (8 5 5 11 2) , 16 , (5 * 5)
2020.08.15-22.03.01,v1.05-3-g6ec3b27,90 , 25 , (8 5 5 11 2) , 22 , (5 * 5)
2020.08.15-22.03.01,v1.05-3-g6ec3b27,91 , 25 , (8 5 5 11 2) , 117 , (5 * 5)
2020.08.15-22.03.01,v1.05-3-g6ec3b27,92 , 25 , (8 5 5 11 2) , 126 , (5 * 5)
2020.08.15-22.03.01,v1.05-3-g6ec3b27,93 , 25 , (8 5 5 11 2) , 65 , (5 * 5)
2020.08.15-22.03.01,v1.05-3-g6ec3b27,94 , 25 , (8 5 5 11 2) , 375 , (5 * 5)
2020.08.15-22.03.01,v1.05-3-g6ec3b27,95 , 25 , (8 5 5 11 2) , 88 , (5 * 5)
2020.08.15-22.03.01,v1.05-3-g6ec3b27,96 , 25 , (8 5 5 11 2) , 81 , (5 * 5)
2020.08.15-22.03.01,v1.05-3-g6ec3b27,97 , 25 , (8 5 5 11 2) , 622 , (5 * 5)
2020.08.15-22.03.01,v1.05-3-g6ec3b27,98 , 25 , (8 5 5 11 2) , 57 , (5 * 5)
2020.08.15-22.03.01,v1.05-3-g6ec3b27,99 , 25 , (8 5 5 11 2) , 39 , (5 * 5)
2020.08.15-22.03.01,v1.05-3-g6ec3b27,0 , 81 , (9 7 2 25 18) , 540 , ((9 * 7) + 18)
2020.08.15-22.03.01,v1.05-3-g6ec3b27,1 , 81 , (9 7 2 25 18) , 5000 , none
2020.08.15-22.03.01,v1.05-3-g6ec3b27,2 , 81 , (9 7 2 25 18) , 3892 , ((7 * 9) + 18)
2020.08.15-22.03.01,v1.05-3-g6ec3b27,3 , 81 , (9 7 2 25 18) , 5000 , none
2020.08.15-22.03.01,v1.05-3-g6ec3b27,4 , 81 , (9 7 2 25 18) , 2319 , ((7 * 9) + 18)
2020.08.15-22.03.01,v1.05-3-g6ec3b27,5 , 81 , (9 7 2 25 18) , 5000 , none
2020.08.15-22.03.01,v1.05-3-g6ec3b27,6 , 81 , (9 7 2 25 18) , 3687 , ((7 * 9) + 18)
2020.08.15-22.03.01,v1.05-3-g6ec3b27,7 , 81 , (9 7 2 25 18) , 5000 , none
2020.08.15-22.03.01,v1.05-3-g6ec3b27,8 , 81 , (9 7 2 25 18) , 375 , ((7 * 9) + 18)
2020.08.15-22.03.01,v1.05-3-g6ec3b27,9 , 81 , (9 7 2 25 18) , 1613 , ((9 * 7) + 18)
2020.08.15-22.03.01,v1.05-3-g6ec3b27,10 , 81 , (9 7 2 25 18) , 636 , ((7 * 9) + 18)
2020.08.15-22.03.01,v1.05-3-g6ec3b27,11 , 81 , (9 7 2 25 18) , 4180 , ((9 * 7) + 18)
2020.08.15-22.03.01,v1.05-3-g6ec3b27,12 , 81 , (9 7 2 25 18) , 5000 , none
2020.08.15-22.03.01,v1.05-3-g6ec3b27,13 , 81 , (9 7 2 25 18) , 1479 , ((7 * 9) + 18)
2020.08.15-22.03.01,v1.05-3-g6ec3b27,14 , 81 , (9 7 2 25 18) , 1148 , ((7 * 9) + 18)
2020.08.15-22.03.01,v1.05-3-g6ec3b27,15 , 81 , (9 7 2 25 18) , 5000 , none
2020.08.15-22.03.01,v1.05-3-g6ec3b27,16 , 81 , (9 7 2 25 18) , 5000 , none
2020.08.15-22.03.01,v1.05-3-g6ec3b27,17 , 81 , (9 7 2 25 18) , 5000 , none
2020.08.15-22.03.01,v1.05-3-g6ec3b27,18 , 81 , (9 7 2 25 18) , 430 , ((7 * 9) + 18)
2020.08.15-22.03.01,v1.05-3-g6ec3b27,19 , 81 , (9 7 2 25 18) , 359 , ((9 * 7) + 18)
2020.08.15-22.03.01,v1.05-3-g6ec3b27,20 , 81 , (9 7 2 25 18) , 860 , ((9 * 7) + 18)
2020.08.15-22.03.01,v1.05-3-g6ec3b27,21 , 81 , (9 7 2 25 18) , 5000 , none
2020.08.15-22.03.01,v1.05-3-g6ec3b27,22 , 81 , (9 7 2 25 18) , 1602 , ((7 * 9) + 18)
2020.08.15-22.03.01,v1.05-3-g6ec3b27,23 , 81 , (9 7 2 25 18) , 760 , ((9 * 7) + 18)
2020.08.15-22.03.01,v1.05-3-g6ec3b27,24 , 81 , (9 7 2 25 18) , 3628 , ((7 * 9) + 18)
2020.08.15-22.03.01,v1.05-3-g6ec3b27,25 , 81 , (9 7 2 25 18) , 405 , ((9 * 7) + 18)
2020.08.15-22.03.01,v1.05-3-g6ec3b27,26 , 81 , (9 7 2 25 18) , 334 , ((9 * 7) + 18)
2020.08.15-22.03.01,v1.05-3-g6ec3b27,27 , 81 , (9 7 2 25 18) , 550 , ((9 * 7) + 18)
2020.08.15-22.03.01,v1.05-3-g6ec3b27,28 , 81 , (9 7 2 25 18) , 5000 , none
2020.08.15-22.03.01,v1.05-3-g6ec3b27,29 , 81 , (9 7 2 25 18) , 417 , ((9 * 7) + 18)
2020.08.15-22.03.01,v1.05-3-g6ec3b27,30 , 81 , (9 7 2 25 18) , 233 , ((7 * 9) + 18)
2020.08.15-22.03.01,v1.05-3-g6ec3b27,31 , 81 , (9 7 2 25 18) , 4798 , ((7 * 9) + 18)
2020.08.15-22.03.01,v1.05-3-g6ec3b27,32 , 81 , (9 7 2 25 18) , 796 , ((9 * 7) + 18)
2020.08.15-22.03.01,v1.05-3-g6ec3b27,33 , 81 , (9 7 2 25 18) , 3033 , ((9 * 7) + 18)
2020.08.15-22.03.01,v1.05-3-g6ec3b27,34 , 81 , (9 7 2 25 18) , 5000 , none
2020.08.15-22.03.01,v1.05-3-g6ec3b27,35 , 81 , (9 7 2 25 18) , 5000 , none
2020.08.15-22.03.01,v1.05-3-g6ec3b27,36 , 81 , (9 7 2 25 18) , 1109 , ((7 * 9) + 18)
2020.08.15-22.03.01,v1.05-3-g6ec3b27,37 , 81 , (9 7 2 25 18) , 4299 , ((7 * 9) + 18)
2020.08.15-22.03.01,v1.05-3-g6ec3b27,38 , 81 , (9 7 2 25 18) , 4047 , ((7 * 9) + 18)
2020.08.15-22.03.01,v1.05-3-g6ec3b27,39 , 81 , (9 7 2 25 18) , 1446 , ((9 * 7) + 18)
2020.08.15-22.03.01,v1.05-3-g6ec3b27,40 , 81 , (9 7 2 25 18) , 4261 , ((9 * 7) + 18)
2020.08.15-22.03.01,v1.05-3-g6ec3b27,41 , 81 , (9 7 2 25 18) , 4587 , ((7 * 9) + 18)
2020.08.15-22.03.01,v1.05-3-g6ec3b27,42 , 81 , (9 7 2 25 18) , 54 , ((9 * 7) + 18)
2020.08.15-22.03.01,v1.05-3-g6ec3b27,43 , 81 , (9 7 2 25 18) , 3440 , ((9 * 7) + 18)
2020.08.15-22.03.01,v1.05-3-g6ec3b27,44 , 81 , (9 7 2 25 18) , 3546 , ((9 * 7) + 18)
2020.08.15-22.03.01,v1.05-3-g6ec3b27,45 , 81 , (9 7 2 25 18) , 150 , ((7 * 9) + 18)
2020.08.15-22.03.01,v1.05-3-g6ec3b27,46 , 81 , (9 7 2 25 18) , 3124 , ((7 * 9) + 18)
2020.08.15-22.03.01,v1.05-3-g6ec3b27,47 , 81 , (9 7 2 25 18) , 5000 , none
2020.08.15-22.03.01,v1.05-3-g6ec3b27,48 , 81 , (9 7 2 25 18) , 1997 , ((7 * 9) + 18)
2020.08.15-22.03.01,v1.05-3-g6ec3b27,49 , 81 , (9 7 2 25 18) , 5000 , none
2020.08.15-22.03.01,v1.05-3-g6ec3b27,50 , 81 , (9 7 2 25 18) , 5000 , none
2020.08.15-22.03.01,v1.05-3-g6ec3b27,51 , 81 , (9 7 2 25 18) , 1506 , ((7 * 9) + 18)
2020.08.15-22.03.01,v1.05-3-g6ec3b27,52 , 81 , (9 7 2 25 18) , 184 , ((7 * 9) + 18)
2020.08.15-22.03.01,v1.05-3-g6ec3b27,53 , 81 , (9 7 2 25 18) , 688 , ((7 * 9) + 18)
2020.08.15-22.03.01,v1.05-3-g6ec3b27,54 , 81 , (9 7 2 25 18) , 5000 , none
2020.08.15-22.03.01,v1.05-3-g6ec3b27,55 , 81 , (9 7 2 25 18) , 77 , ((7 * 9) + 18)
2020.08.15-22.03.01,v1.05-3-g6ec3b27,56 , 81 , (9 7 2 25 18) , 4480 , ((7 * 9) + 18)
2020.08.15-22.03.01,v1.05-3-g6ec3b27,57 , 81 , (9 7 2 25 18) , 5000 , none
2020.08.15-22.03.01,v1.05-3-g6ec3b27,58 , 81 , (9 7 2 25 18) , 1653 , ((9 * 7) + 18)
2020.08.15-22.03.01,v1.05-3-g6ec3b27,59 , 81 , (9 7 2 25 18) , 596 , ((7 * 9) + 18)
2020.08.15-22.03.01,v1.05-3-g6ec3b27,60 , 81 , (9 7 2 25 18) , 35 , ((9 * 7) + 18)
2020.08.15-22.03.01,v1.05-3-g6ec3b27,61 , 81 , (9 7 2 25 18) , 5000 , none
2020.08.15-22.03.01,v1.05-3-g6ec3b27,62 , 81 , (9 7 2 25 18) , 2167 , ((9 * 7) + 18)
2020.08.15-22.03.01,v1.05-3-g6ec3b27,63 , 81 , (9 7 2 25 18) , 5000 , none
2020.08.15-22.03.01,v1.05-3-g6ec3b27,64 , 81 , (9 7 2 25 18) , 5000 , none
2020.08.15-22.03.01,v1.05-3-g6ec3b27,65 , 81 , (9 7 2 25 18) , 435 , ((9 * 7) + 18)
2020.08.15-22.03.01,v1.05-3-g6ec3b27,66 , 81 , (9 7 2 25 18) , 612 , ((7 * 9) + 18)
2020.08.15-22.03.01,v1.05-3-g6ec3b27,67 , 81 , (9 7 2 25 18) , 438 , ((7 * 9) + 18)
2020.08.15-22.03.01,v1.05-3-g6ec3b27,68 , 81 , (9 7 2 25 18) , 5000 , none
2020.08.15-22.03.01,v1.05-3-g6ec3b27,69 , 81 , (9 7 2 25 18) , 4647 , ((7 * 9) + 18)
2020.08.15-22.03.01,v1.05-3-g6ec3b27,70 , 81 , (9 7 2 25 18) , 1537 , ((9 * 7) + 18)
2020.08.15-22.03.01,v1.05-3-g6ec3b27,71 , 81 , (9 7 2 25 18) , 5000 , none
2020.08.15-22.03.01,v1.05-3-g6ec3b27,72 , 81 , (9 7 2 25 18) , 827 , ((7 * 9) + 18)
2020.08.15-22.03.01,v1.05-3-g6ec3b27,73 , 81 , (9 7 2 25 18) , 3501 , ((9 * 7) + 18)
2020.08.15-22.03.01,v1.05-3-g6ec3b27,74 , 81 , (9 7 2 25 18) , 3208 , ((7 * 9) + 18)
2020.08.15-22.03.01,v1.05-3-g6ec3b27,75 , 81 , (9 7 2 25 18) , 2150 , ((7 * 9) + 18)
2020.08.15-22.03.01,v1.05-3-g6ec3b27,76 , 81 , (9 7 2 25 18) , 1474 , ((7 * 9) + 18)
2020.08.15-22.03.01,v1.05-3-g6ec3b27,77 , 81 , (9 7 2 25 18) , 112 , ((9 * 7) + 18)
2020.08.15-22.03.01,v1.05-3-g6ec3b27,78 , 81 , (9 7 2 25 18) , 3950 , ((7 * 9) + 18)
2020.08.15-22.03.01,v1.05-3-g6ec3b27,79 , 81 , (9 7 2 25 18) , 5000 , none
2020.08.15-22.03.01,v1.05-3-g6ec3b27,80 , 81 , (9 7 2 25 18) , 5000 , none
2020.08.15-22.03.01,v1.05-3-g6ec3b27,81 , 81 , (9 7 2 25 18) , 4567 , ((9 * 7) + 18)
2020.08.15-22.03.01,v1.05-3-g6ec3b27,82 , 81 , (9 7 2 25 18) , 5000 , none
2020.08.15-22.03.01,v1.05-3-g6ec3b27,83 , 81 , (9 7 2 25 18) , 951 , ((7 * 9) + 18)
2020.08.15-22.03.01,v1.05-3-g6ec3b27,84 , 81 , (9 7 2 25 18) , 5000 , none
2020.08.15-22.03.01,v1.05-3-g6ec3b27,85 , 81 , (9 7 2 25 18) , 3447 , ((7 * 9) + 18)
2020.08.15-22.03.01,v1.05-3-g6ec3b27,86 , 81 , (9 7 2 25 18) , 600 , ((7 * 9) + 18)
2020.08.15-22.03.01,v1.05-3-g6ec3b27,87 , 81 , (9 7 2 25 18) , 5000 , none
2020.08.15-22.03.01,v1.05-3-g6ec3b27,88 , 81 , (9 7 2 25 18) , 2595 , ((9 * 7) + 18)
2020.08.15-22.03.01,v1.05-3-g6ec3b27,89 , 81 , (9 7 2 25 18) , 3927 , ((9 * 7) + 18)
2020.08.15-22.03.01,v1.05-3-g6ec3b27,90 , 81 , (9 7 2 25 18) , 5000 , none
2020.08.15-22.03.01,v1.05-3-g6ec3b27,91 , 81 , (9 7 2 25 18) , 2395 , ((7 * 9) + 18)
2020.08.15-22.03.01,v1.05-3-g6ec3b27,92 , 81 , (9 7 2 25 18) , 5000 , none
2020.08.15-22.03.01,v1.05-3-g6ec3b27,93 , 81 , (9 7 2 25 18) , 4256 , ((7 * 9) + 18)
2020.08.15-22.03.01,v1.05-3-g6ec3b27,94 , 81 , (9 7 2 25 18) , 4706 , ((9 * 7) + 18)
2020.08.15-22.03.01,v1.05-3-g6ec3b27,95 , 81 , (9 7 2 25 18) , 2587 , ((7 * 9) + 18)
2020.08.15-22.03.01,v1.05-3-g6ec3b27,96 , 81 , (9 7 2 25 18) , 3341 , ((7 * 9) + 18)
2020.08.15-22.03.01,v1.05-3-g6ec3b27,97 , 81 , (9 7 2 25 18) , 3232 , ((7 * 9) + 18)
2020.08.15-22.03.01,v1.05-3-g6ec3b27,98 , 81 , (9 7 2 25 18) , 1197 , ((9 * 7) + 18)
2020.08.15-22.03.01,v1.05-3-g6ec3b27,99 , 81 , (9 7 2 25 18) , 3462 , ((7 * 9) + 18)
2020.08.15-22.03.01,v1.05-3-g6ec3b27,0 , 6 , (3 3 17 11 22) , 35 , (3 + 3)
2020.08.15-22.03.01,v1.05-3-g6ec3b27,1 , 6 , (3 3 17 11 22) , 81 , (3 + 3)
2020.08.15-22.03.01,v1.05-3-g6ec3b27,2 , 6 , (3 3 17 11 22) , 105 , (3 + 3)
2020.08.15-22.03.01,v1.05-3-g6ec3b27,3 , 6 , (3 3 17 11 22) , 141 , (3 + 3)
2020.08.15-22.03.01,v1.05-3-g6ec3b27,4 , 6 , (3 3 17 11 22) , 22 , (3 + 3)
2020.08.15-22.03.01,v1.05-3-g6ec3b27,5 , 6 , (3 3 17 11 22) , 225 , (3 + 3)
2020.08.15-22.03.01,v1.05-3-g6ec3b27,6 , 6 , (3 3 17 11 22) , 233 , (3 + 3)
2020.08.15-22.03.01,v1.05-3-g6ec3b27,7 , 6 , (3 3 17 11 22) , 64 , (3 + 3)
2020.08.15-22.03.01,v1.05-3-g6ec3b27,8 , 6 , (3 3 17 11 22) , 69 , (3 + 3)
2020.08.15-22.03.01,v1.05-3-g6ec3b27,9 , 6 , (3 3 17 11 22) , 65 , (3 + 3)
2020.08.15-22.03.01,v1.05-3-g6ec3b27,10 , 6 , (3 3 17 11 22) , 1234 , (3 + 3)
2020.08.15-22.03.01,v1.05-3-g6ec3b27,11 , 6 , (3 3 17 11 22) , 177 , (3 + 3)
2020.08.15-22.03.01,v1.05-3-g6ec3b27,12 , 6 , (3 3 17 11 22) , 52 , (3 + 3)
2020.08.15-22.03.01,v1.05-3-g6ec3b27,13 , 6 , (3 3 17 11 22) , 27 , (3 + 3)
2020.08.15-22.03.01,v1.05-3-g6ec3b27,14 , 6 , (3 3 17 11 22) , 159 , (3 + 3)
2020.08.15-22.03.01,v1.05-3-g6ec3b27,15 , 6 , (3 3 17 11 22) , 21 , (3 + 3)
2020.08.15-22.03.01,v1.05-3-g6ec3b27,16 , 6 , (3 3 17 11 22) , 52 , (3 + 3)
2020.08.15-22.03.01,v1.05-3-g6ec3b27,17 , 6 , (3 3 17 11 22) , 22 , (3 + 3)
2020.08.15-22.03.01,v1.05-3-g6ec3b27,18 , 6 , (3 3 17 11 22) , 39 , (3 + 3)
2020.08.15-22.03.01,v1.05-3-g6ec3b27,19 , 6 , (3 3 17 11 22) , 51 , (3 + 3)
2020.08.15-22.03.01,v1.05-3-g6ec3b27,20 , 6 , (3 3 17 11 22) , 82 , (3 + 3)
2020.08.15-22.03.01,v1.05-3-g6ec3b27,21 , 6 , (3 3 17 11 22) , 549 , (3 + 3)
2020.08.15-22.03.01,v1.05-3-g6ec3b27,22 , 6 , (3 3 17 11 22) , 81 , (3 + 3)
2020.08.15-22.03.01,v1.05-3-g6ec3b27,23 , 6 , (3 3 17 11 22) , 537 , (17 - 11)
2020.08.15-22.03.01,v1.05-3-g6ec3b27,24 , 6 , (3 3 17 11 22) , 255 , (3 + 3)
2020.08.15-22.03.01,v1.05-3-g6ec3b27,25 , 6 , (3 3 17 11 22) , 207 , (3 + 3)
2020.08.15-22.03.01,v1.05-3-g6ec3b27,26 , 6 , (3 3 17 11 22) , 22 , (3 + 3)
2020.08.15-22.03.01,v1.05-3-g6ec3b27,27 , 6 , (3 3 17 11 22) , 27 , (3 + 3)
2020.08.15-22.03.01,v1.05-3-g6ec3b27,28 , 6 , (3 3 17 11 22) , 113 , (3 + 3)
2020.08.15-22.03.01,v1.05-3-g6ec3b27,29 , 6 , (3 3 17 11 22) , 24 , (3 + 3)
2020.08.15-22.03.01,v1.05-3-g6ec3b27,30 , 6 , (3 3 17 11 22) , 244 , (3 + 3)
2020.08.15-22.03.01,v1.05-3-g6ec3b27,31 , 6 , (3 3 17 11 22) , 129 , (3 + 3)
2020.08.15-22.03.01,v1.05-3-g6ec3b27,32 , 6 , (3 3 17 11 22) , 87 , (3 + 3)
2020.08.15-22.03.01,v1.05-3-g6ec3b27,33 , 6 , (3 3 17 11 22) , 34 , (3 + 3)
2020.08.15-22.03.01,v1.05-3-g6ec3b27,34 , 6 , (3 3 17 11 22) , 291 , (3 + 3)
2020.08.15-22.03.01,v1.05-3-g6ec3b27,35 , 6 , (3 3 17 11 22) , 322 , (3 + 3)
2020.08.15-22.03.01,v1.05-3-g6ec3b27,36 , 6 , (3 3 17 11 22) , 219 , (3 + 3)
2020.08.15-22.03.01,v1.05-3-g6ec3b27,37 , 6 , (3 3 17 11 22) , 321 , (3 + 3)
2020.08.15-22.03.01,v1.05-3-g6ec3b27,38 , 6 , (3 3 17 11 22) , 64 , (3 + 3)
2020.08.15-22.03.01,v1.05-3-g6ec3b27,39 , 6 , (3 3 17 11 22) , 28 , (3 + 3)
2020.08.15-22.03.01,v1.05-3-g6ec3b27,40 , 6 , (3 3 17 11 22) , 735 , (3 + 3)
2020.08.15-22.03.01,v1.05-3-g6ec3b27,41 , 6 , (3 3 17 11 22) , 21 , (17 - 11)
2020.08.15-22.03.01,v1.05-3-g6ec3b27,42 , 6 , (3 3 17 11 22) , 52 , (3 + 3)
2020.08.15-22.03.01,v1.05-3-g6ec3b27,43 , 6 , (3 3 17 11 22) , 22 , (3 + 3)
2020.08.15-22.03.01,v1.05-3-g6ec3b27,44 , 6 , (3 3 17 11 22) , 75 , (3 + 3)
2020.08.15-22.03.01,v1.05-3-g6ec3b27,45 , 6 , (3 3 17 11 22) , 339 , (3 + 3)
2020.08.15-22.03.01,v1.05-3-g6ec3b27,46 , 6 , (3 3 17 11 22) , 272 , (17 - 11)
2020.08.15-22.03.01,v1.05-3-g6ec3b27,47 , 6 , (3 3 17 11 22) , 87 , (3 + 3)
2020.08.15-22.03.01,v1.05-3-g6ec3b27,48 , 6 , (3 3 17 11 22) , 165 , (3 + 3)
2020.08.15-22.03.01,v1.05-3-g6ec3b27,49 , 6 , (3 3 17 11 22) , 261 , (3 + 3)
2020.08.15-22.03.01,v1.05-3-g6ec3b27,50 , 6 , (3 3 17 11 22) , 1269 , (3 + 3)
2020.08.15-22.03.01,v1.05-3-g6ec3b27,51 , 6 , (3 3 17 11 22) , 16 , (3 + 3)
2020.08.15-22.03.01,v1.05-3-g6ec3b27,52 , 6 , (3 3 17 11 22) , 69 , (3 + 3)
2020.08.15-22.03.01,v1.05-3-g6ec3b27,53 , 6 , (3 3 17 11 22) , 369 , (3 + 3)
2020.08.15-22.03.01,v1.05-3-g6ec3b27,54 , 6 , (3 3 17 11 22) , 135 , (3 + 3)
2020.08.15-22.03.01,v1.05-3-g6ec3b27,55 , 6 , (3 3 17 11 22) , 207 , (3 + 3)
2020.08.15-22.03.01,v1.05-3-g6ec3b27,56 , 6 , (3 3 17 11 22) , 285 , (3 + 3)
2020.08.15-22.03.01,v1.05-3-g6ec3b27,57 , 6 , (3 3 17 11 22) , 39 , (3 + 3)
2020.08.15-22.03.01,v1.05-3-g6ec3b27,58 , 6 , (3 3 17 11 22) , 29 , (3 + 3)
2020.08.15-22.03.01,v1.05-3-g6ec3b27,59 , 6 , (3 3 17 11 22) , 609 , (3 + 3)
2020.08.15-22.03.01,v1.05-3-g6ec3b27,60 , 6 , (3 3 17 11 22) , 105 , (17 - 11)
2020.08.15-22.03.01,v1.05-3-g6ec3b27,61 , 6 , (3 3 17 11 22) , 27 , (3 + 3)
2020.08.15-22.03.01,v1.05-3-g6ec3b27,62 , 6 , (3 3 17 11 22) , 45 , (3 + 3)
2020.08.15-22.03.01,v1.05-3-g6ec3b27,63 , 6 , (3 3 17 11 22) , 25 , (3 + 3)
2020.08.15-22.03.01,v1.05-3-g6ec3b27,64 , 6 , (3 3 17 11 22) , 135 , (3 + 3)
2020.08.15-22.03.01,v1.05-3-g6ec3b27,65 , 6 , (3 3 17 11 22) , 148 , (3 + 3)
2020.08.15-22.03.01,v1.05-3-g6ec3b27,66 , 6 , (3 3 17 11 22) , 304 , (3 + 3)
2020.08.15-22.03.01,v1.05-3-g6ec3b27,67 , 6 , (3 3 17 11 22) , 39 , (3 + 3)
2020.08.15-22.03.01,v1.05-3-g6ec3b27,68 , 6 , (3 3 17 11 22) , 184 , (3 + 3)
2020.08.15-22.03.01,v1.05-3-g6ec3b27,69 , 6 , (3 3 17 11 22) , 105 , (3 + 3)
2020.08.15-22.03.01,v1.05-3-g6ec3b27,70 , 6 , (3 3 17 11 22) , 123 , (3 + 3)
2020.08.15-22.03.01,v1.05-3-g6ec3b27,71 , 6 , (3 3 17 11 22) , 579 , (3 + 3)
2020.08.15-22.03.01,v1.05-3-g6ec3b27,72 , 6 , (3 3 17 11 22) , 24 , (3 + 3)
2020.08.15-22.03.01,v1.05-3-g6ec3b27,73 , 6 , (3 3 17 11 22) , 83 , (3 + 3)
2020.08.15-22.03.01,v1.05-3-g6ec3b27,74 , 6 , (3 3 17 11 22) , 24 , (3 + 3)
2020.08.15-22.03.01,v1.05-3-g6ec3b27,75 , 6 , (3 3 17 11 22) , 51 , (3 + 3)
2020.08.15-22.03.01,v1.05-3-g6ec3b27,76 , 6 , (3 3 17 11 22) , 87 , (3 + 3)
2020.08.15-22.03.01,v1.05-3-g6ec3b27,77 , 6 , (3 3 17 11 22) , 203 , (3 + 3)
2020.08.15-22.03.01,v1.05-3-g6ec3b27,78 , 6 , (3 3 17 11 22) , 315 , (3 + 3)
2020.08.15-22.03.01,v1.05-3-g6ec3b27,79 , 6 , (3 3 17 11 22) , 57 , (3 + 3)
2020.08.15-22.03.01,v1.05-3-g6ec3b27,80 , 6 , (3 3 17 11 22) , 201 , (3 + 3)
2020.08.15-22.03.01,v1.05-3-g6ec3b27,81 , 6 , (3 3 17 11 22) , 25 , (3 + 3)
2020.08.15-22.03.01,v1.05-3-g6ec3b27,82 , 6 , (3 3 17 11 22) , 477 , (3 + 3)
2020.08.15-22.03.01,v1.05-3-g6ec3b27,83 , 6 , (3 3 17 11 22) , 27 , (3 + 3)
2020.08.15-22.03.01,v1.05-3-g6ec3b27,84 , 6 , (3 3 17 11 22) , 207 , (3 + 3)
2020.08.15-22.03.01,v1.05-3-g6ec3b27,85 , 6 , (3 3 17 11 22) , 309 , (3 + 3)
2020.08.15-22.03.01,v1.05-3-g6ec3b27,86 , 6 , (3 3 17 11 22) , 39 , (3 + 3)
2020.08.15-22.03.01,v1.05-3-g6ec3b27,87 , 6 , (3 3 17 11 22) , 75 , (3 + 3)
2020.08.15-22.03.01,v1.05-3-g6ec3b27,88 , 6 , (3 3 17 11 22) , 94 , (3 + 3)
2020.08.15-22.03.01,v1.05-3-g6ec3b27,89 , 6 , (3 3 17 11 22) , 64 , (3 + 3)
2020.08.15-22.03.01,v1.05-3-g6ec3b27,90 , 6 , (3 3 17 11 22) , 135 , (3 + 3)
2020.08.15-22.03.01,v1.05-3-g6ec3b27,91 , 6 , (3 3 17 11 22) , 195 , (3 + 3)
2020.08.15-22.03.01,v1.05-3-g6ec3b27,92 , 6 , (3 3 17 11 22) , 69 , (3 + 3)
2020.08.15-22.03.01,v1.05-3-g6ec3b27,93 , 6 , (3 3 17 11 22) , 387 , (3 + 3)
2020.08.15-22.03.01,v1.05-3-g6ec3b27,94 , 6 , (3 3 17 11 22) , 165 , (3 + 3)
2020.08.15-22.03.01,v1.05-3-g6ec3b27,95 , 6 , (3 3 17 11 22) , 45 , (3 + 3)
2020.08.15-22.03.01,v1.05-3-g6ec3b27,96 , 6 , (3 3 17 11 22) , 297 , (3 + 3)
2020.08.15-22.03.01,v1.05-3-g6ec3b27,97 , 6 , (3 3 17 11 22) , 87 , (3 + 3)
2020.08.15-22.03.01,v1.05-3-g6ec3b27,98 , 6 , (3 3 17 11 22) , 651 , (3 + 3)
2020.08.15-22.03.01,v1.05-3-g6ec3b27,99 , 6 , (3 3 17 11 22) , 27 , (3 + 3)
2020.08.15-22.03.01,v1.05-3-g6ec3b27,0 , 11 , (2 5 1 25 23) , 2446 , ((5 * 2) + 1)
2020.08.15-22.03.01,v1.05-3-g6ec3b27,1 , 11 , (2 5 1 25 23) , 1658 , ((2 * 5) + 1)
2020.08.15-22.03.01,v1.05-3-g6ec3b27,2 , 11 , (2 5 1 25 23) , 174 , ((5 * 2) + 1)
2020.08.15-22.03.01,v1.05-3-g6ec3b27,3 , 11 , (2 5 1 25 23) , 467 , ((2 * 5) + 1)
2020.08.15-22.03.01,v1.05-3-g6ec3b27,4 , 11 , (2 5 1 25 23) , 276 , ((2 * 5) + 1)
2020.08.15-22.03.01,v1.05-3-g6ec3b27,5 , 11 , (2 5 1 25 23) , 177 , ((2 * 5) + 1)
2020.08.15-22.03.01,v1.05-3-g6ec3b27,6 , 11 , (2 5 1 25 23) , 727 , ((2 * 5) + 1)
2020.08.15-22.03.01,v1.05-3-g6ec3b27,7 , 11 , (2 5 1 25 23) , 289 , ((2 * 5) + 1)
2020.08.15-22.03.01,v1.05-3-g6ec3b27,8 , 11 , (2 5 1 25 23) , 308 , ((2 * 5) + 1)
2020.08.15-22.03.01,v1.05-3-g6ec3b27,9 , 11 , (2 5 1 25 23) , 41 , ((2 * 5) + 1)
2020.08.15-22.03.01,v1.05-3-g6ec3b27,10 , 11 , (2 5 1 25 23) , 456 , ((2 * 5) + 1)
2020.08.15-22.03.01,v1.05-3-g6ec3b27,11 , 11 , (2 5 1 25 23) , 353 , ((5 * 2) + 1)
2020.08.15-22.03.01,v1.05-3-g6ec3b27,12 , 11 , (2 5 1 25 23) , 2127 , ((2 * 5) + 1)
2020.08.15-22.03.01,v1.05-3-g6ec3b27,13 , 11 , (2 5 1 25 23) , 167 , ((2 * 5) + 1)
2020.08.15-22.03.01,v1.05-3-g6ec3b27,14 , 11 , (2 5 1 25 23) , 294 , ((2 * 5) + 1)
2020.08.15-22.03.01,v1.05-3-g6ec3b27,15 , 11 , (2 5 1 25 23) , 68 , ((2 * 5) + 1)
2020.08.15-22.03.01,v1.05-3-g6ec3b27,16 , 11 , (2 5 1 25 23) , 1218 , ((5 * 2) + 1)
2020.08.15-22.03.01,v1.05-3-g6ec3b27,17 , 11 , (2 5 1 25 23) , 919 , ((2 * 5) + 1)
2020.08.15-22.03.01,v1.05-3-g6ec3b27,18 , 11 , (2 5 1 25 23) , 105 , ((2 * 5) + 1)
2020.08.15-22.03.01,v1.05-3-g6ec3b27,19 , 11 , (2 5 1 25 23) , 569 , ((2 * 5) + 1)
2020.08.15-22.03.01,v1.05-3-g6ec3b27,20 , 11 , (2 5 1 25 23) , 1049 , ((2 * 5) + 1)
2020.08.15-22.03.01,v1.05-3-g6ec3b27,21 , 11 , (2 5 1 25 23) , 178 , ((2 * 5) + 1)
2020.08.15-22.03.01,v1.05-3-g6ec3b27,22 , 11 , (2 5 1 25 23) , 648 , ((2 * 5) + 1)
2020.08.15-22.03.01,v1.05-3-g6ec3b27,23 , 11 , (2 5 1 25 23) , 618 , ((2 * 5) + 1)
2020.08.15-22.03.01,v1.05-3-g6ec3b27,24 , 11 , (2 5 1 25 23) , 455 , ((2 * 5) + 1)
2020.08.15-22.03.01,v1.05-3-g6ec3b27,25 , 11 , (2 5 1 25 23) , 60 , ((2 * 5) + 1)
2020.08.15-22.03.01,v1.05-3-g6ec3b27,26 , 11 , (2 5 1 25 23) , 107 , ((2 * 5) + 1)
2020.08.15-22.03.01,v1.05-3-g6ec3b27,27 , 11 , (2 5 1 25 23) , 886 , ((2 * 5) + 1)
2020.08.15-22.03.01,v1.05-3-g6ec3b27,28 , 11 , (2 5 1 25 23) , 255 , ((5 * 2) + 1)
2020.08.15-22.03.01,v1.05-3-g6ec3b27,29 , 11 , (2 5 1 25 23) , 1467 , ((2 * 5) + 1)
2020.08.15-22.03.01,v1.05-3-g6ec3b27,30 , 11 , (2 5 1 25 23) , 454 , ((2 * 5) + 1)
2020.08.15-22.03.01,v1.05-3-g6ec3b27,31 , 11 , (2 5 1 25 23) , 2102 , ((2 * 5) + 1)
2020.08.15-22.03.01,v1.05-3-g6ec3b27,32 , 11 , (2 5 1 25 23) , 439 , ((2 * 5) + 1)
2020.08.15-22.03.01,v1.05-3-g6ec3b27,33 , 11 , (2 5 1 25 23) , 915 , ((2 * 5) + 1)
2020.08.15-22.03.01,v1.05-3-g6ec3b27,34 , 11 , (2 5 1 25 23) , 1640 , ((5 * 2) + 1)
2020.08.15-22.03.01,v1.05-3-g6ec3b27,35 , 11 , (2 5 1 25 23) , 99 , ((5 * 2) + 1)
2020.08.15-22.03.01,v1.05-3-g6ec3b27,36 , 11 , (2 5 1 25 23) , 1355 , ((2 * 5) + 1)
2020.08.15-22.03.01,v1.05-3-g6ec3b27,37 , 11 , (2 5 1 25 23) , 33 , ((5 * 2) + 1)
2020.08.15-22.03.01,v1.05-3-g6ec3b27,38 , 11 , (2 5 1 25 23) , 147 , ((2 * 5) + 1)
2020.08.15-22.03.01,v1.05-3-g6ec3b27,39 , 11 , (2 5 1 25 23) , 549 , ((2 * 5) + 1)
2020.08.15-22.03.01,v1.05-3-g6ec3b27,40 , 11 , (2 5 1 25 23) , 708 , ((2 * 5) + 1)
2020.08.15-22.03.01,v1.05-3-g6ec3b27,41 , 11 , (2 5 1 25 23) , 737 , ((5 * 2) + 1)
2020.08.15-22.03.01,v1.05-3-g6ec3b27,42 , 11 , (2 5 1 25 23) , 57 , ((2 * 5) + 1)
2020.08.15-22.03.01,v1.05-3-g6ec3b27,43 , 11 , (2 5 1 25 23) , 1431 , ((2 * 5) + 1)
2020.08.15-22.03.01,v1.05-3-g6ec3b27,44 , 11 , (2 5 1 25 23) , 2392 , ((5 * 2) + 1)
2020.08.15-22.03.01,v1.05-3-g6ec3b27,45 , 11 , (2 5 1 25 23) , 1040 , ((2 * 5) + 1)
2020.08.15-22.03.01,v1.05-3-g6ec3b27,46 , 11 , (2 5 1 25 23) , 378 , ((5 * 2) + 1)
2020.08.15-22.03.01,v1.05-3-g6ec3b27,47 , 11 , (2 5 1 25 23) , 138 , ((5 * 2) + 1)
2020.08.15-22.03.01,v1.05-3-g6ec3b27,48 , 11 , (2 5 1 25 23) , 707 , ((2 * 5) + 1)
2020.08.15-22.03.01,v1.05-3-g6ec3b27,49 , 11 , (2 5 1 25 23) , 183 , ((2 * 5) + 1)
2020.08.15-22.03.01,v1.05-3-g6ec3b27,50 , 11 , (2 5 1 25 23) , 317 , ((2 * 5) + 1)
2020.08.15-22.03.01,v1.05-3-g6ec3b27,51 , 11 , (2 5 1 25 23) , 1039 , ((2 * 5) + 1)
2020.08.15-22.03.01,v1.05-3-g6ec3b27,52 , 11 , (2 5 1 25 23) , 1435 , ((2 * 5) + 1)
2020.08.15-22.03.01,v1.05-3-g6ec3b27,53 , 11 , (2 5 1 25 23) , 688 , ((2 * 5) + 1)
2020.08.15-22.03.01,v1.05-3-g6ec3b27,54 , 11 , (2 5 1 25 23) , 44 , ((2 * 5) + 1)
2020.08.15-22.03.01,v1.05-3-g6ec3b27,55 , 11 , (2 5 1 25 23) , 492 , ((2 * 5) + 1)
2020.08.15-22.03.01,v1.05-3-g6ec3b27,56 , 11 , (2 5 1 25 23) , 185 , ((2 * 5) + 1)
2020.08.15-22.03.01,v1.05-3-g6ec3b27,57 , 11 , (2 5 1 25 23) , 316 , ((2 * 5) + 1)
2020.08.15-22.03.01,v1.05-3-g6ec3b27,58 , 11 , (2 5 1 25 23) , 2955 , ((2 * 5) + 1)
2020.08.15-22.03.01,v1.05-3-g6ec3b27,59 , 11 , (2 5 1 25 23) , 609 , ((2 * 5) + 1)
2020.08.15-22.03.01,v1.05-3-g6ec3b27,60 , 11 , (2 5 1 25 23) , 148 , ((2 * 5) + 1)
2020.08.15-22.03.01,v1.05-3-g6ec3b27,61 , 11 , (2 5 1 25 23) , 256 , ((2 * 5) + 1)
2020.08.15-22.03.01,v1.05-3-g6ec3b27,62 , 11 , (2 5 1 25 23) , 138 , ((2 * 5) + 1)
2020.08.15-22.03.01,v1.05-3-g6ec3b27,63 , 11 , (2 5 1 25 23) , 620 , ((2 * 5) + 1)
2020.08.15-22.03.01,v1.05-3-g6ec3b27,64 , 11 , (2 5 1 25 23) , 2085 , ((2 * 5) + 1)
2020.08.15-22.03.01,v1.05-3-g6ec3b27,65 , 11 , (2 5 1 25 23) , 95 , ((2 * 5) + 1)
2020.08.15-22.03.01,v1.05-3-g6ec3b27,66 , 11 , (2 5 1 25 23) , 2115 , ((2 * 5) + 1)
2020.08.15-22.03.01,v1.05-3-g6ec3b27,67 , 11 , (2 5 1 25 23) , 189 , ((2 * 5) + 1)
2020.08.15-22.03.01,v1.05-3-g6ec3b27,68 , 11 , (2 5 1 25 23) , 150 , ((2 * 5) + 1)
2020.08.15-22.03.01,v1.05-3-g6ec3b27,69 , 11 , (2 5 1 25 23) , 27 , ((2 * 5) + 1)
2020.08.15-22.03.01,v1.05-3-g6ec3b27,70 , 11 , (2 5 1 25 23) , 802 , ((5 * 2) + 1)
2020.08.15-22.03.01,v1.05-3-g6ec3b27,71 , 11 , (2 5 1 25 23) , 118 , ((2 * 5) + 1)
2020.08.15-22.03.01,v1.05-3-g6ec3b27,72 , 11 , (2 5 1 25 23) , 70 , ((5 * 2) + 1)
2020.08.15-22.03.01,v1.05-3-g6ec3b27,73 , 11 , (2 5 1 25 23) , 532 , ((2 * 5) + 1)
2020.08.15-22.03.01,v1.05-3-g6ec3b27,74 , 11 , (2 5 1 25 23) , 158 , ((2 * 5) + 1)
2020.08.15-22.03.01,v1.05-3-g6ec3b27,75 , 11 , (2 5 1 25 23) , 139 , ((2 * 5) + 1)
2020.08.15-22.03.01,v1.05-3-g6ec3b27,76 , 11 , (2 5 1 25 23) , 864 , ((2 * 5) + 1)
2020.08.15-22.03.01,v1.05-3-g6ec3b27,77 , 11 , (2 5 1 25 23) , 1209 , ((2 * 5) + 1)
2020.08.15-22.03.01,v1.05-3-g6ec3b27,78 , 11 , (2 5 1 25 23) , 939 , ((2 * 5) + 1)
2020.08.15-22.03.01,v1.05-3-g6ec3b27,79 , 11 , (2 5 1 25 23) , 536 , ((5 * 2) + 1)
2020.08.15-22.03.01,v1.05-3-g6ec3b27,80 , 11 , (2 5 1 25 23) , 698 , ((2 * 5) + 1)
2020.08.15-22.03.01,v1.05-3-g6ec3b27,81 , 11 , (2 5 1 25 23) , 890 , ((2 * 5) + 1)
2020.08.15-22.03.01,v1.05-3-g6ec3b27,82 , 11 , (2 5 1 25 23) , 2845 , ((5 * 2) + 1)
2020.08.15-22.03.01,v1.05-3-g6ec3b27,83 , 11 , (2 5 1 25 23) , 191 , ((2 * 5) + 1)
2020.08.15-22.03.01,v1.05-3-g6ec3b27,84 , 11 , (2 5 1 25 23) , 1841 , ((2 * 5) + 1)
2020.08.15-22.03.01,v1.05-3-g6ec3b27,85 , 11 , (2 5 1 25 23) , 1957 , ((2 * 5) + 1)
2020.08.15-22.03.01,v1.05-3-g6ec3b27,86 , 11 , (2 5 1 25 23) , 105 , ((2 * 5) + 1)
2020.08.15-22.03.01,v1.05-3-g6ec3b27,87 , 11 , (2 5 1 25 23) , 484 , ((2 * 5) + 1)
2020.08.15-22.03.01,v1.05-3-g6ec3b27,88 , 11 , (2 5 1 25 23) , 808 , ((2 * 5) + 1)
2020.08.15-22.03.01,v1.05-3-g6ec3b27,89 , 11 , (2 5 1 25 23) , 260 , ((2 * 5) + 1)
2020.08.15-22.03.01,v1.05-3-g6ec3b27,90 , 11 , (2 5 1 25 23) , 2538 , ((2 * 5) + 1)
2020.08.15-22.03.01,v1.05-3-g6ec3b27,91 , 11 , (2 5 1 25 23) , 1084 , ((2 * 5) + 1)
2020.08.15-22.03.01,v1.05-3-g6ec3b27,92 , 11 , (2 5 1 25 23) , 1394 , ((2 * 5) + 1)
2020.08.15-22.03.01,v1.05-3-g6ec3b27,93 , 11 , (2 5 1 25 23) , 114 , ((2 * 5) + 1)
2020.08.15-22.03.01,v1.05-3-g6ec3b27,94 , 11 , (2 5 1 25 23) , 62 , ((2 * 5) + 1)
2020.08.15-22.03.01,v1.05-3-g6ec3b27,95 , 11 , (2 5 1 25 23) , 327 , ((2 * 5) + 1)
2020.08.15-22.03.01,v1.05-3-g6ec3b27,96 , 11 , (2 5 1 25 23) , 88 , ((2 * 5) + 1)
2020.08.15-22.03.01,v1.05-3-g6ec3b27,97 , 11 , (2 5 1 25 23) , 66 , ((5 * 2) + 1)
2020.08.15-22.03.01,v1.05-3-g6ec3b27,98 , 11 , (2 5 1 25 23) , 370 , ((5 * 2) + 1)
2020.08.15-22.03.01,v1.05-3-g6ec3b27,99 , 11 , (2 5 1 25 23) , 3024 , ((2 * 5) + 1)
2020.08.15-22.03.01,v1.05-3-g6ec3b27,0 , 116 , (20 2 16 14 6) , 1914 , ((6 * 16) + 20)
2020.08.15-22.03.01,v1.05-3-g6ec3b27,1 , 116 , (20 2 16 14 6) , 943 , ((14 * 6) + (2 * 16))
2020.08.15-22.03.01,v1.05-3-g6ec3b27,2 , 116 , (20 2 16 14 6) , 1481 , ((14 * 6) + (2 * 16))
2020.08.15-22.03.01,v1.05-3-g6ec3b27,3 , 116 , (20 2 16 14 6) , 954 , ((6 * 14) + (2 * 16))
2020.08.15-22.03.01,v1.05-3-g6ec3b27,4 , 116 , (20 2 16 14 6) , 5000 , none
2020.08.15-22.03.01,v1.05-3-g6ec3b27,5 , 116 , (20 2 16 14 6) , 71 , ((6 * 14) + (2 * 16))
2020.08.15-22.03.01,v1.05-3-g6ec3b27,6 , 116 , (20 2 16 14 6) , 507 , ((6 * 14) + (2 * 16))
2020.08.15-22.03.01,v1.05-3-g6ec3b27,7 , 116 , (20 2 16 14 6) , 5000 , none
2020.08.15-22.03.01,v1.05-3-g6ec3b27,8 , 116 , (20 2 16 14 6) , 806 , ((6 * 16) + 20)
2020.08.15-22.03.01,v1.05-3-g6ec3b27,9 , 116 , (20 2 16 14 6) , 1720 , ((16 * 6) + 20)
2020.08.15-22.03.01,v1.05-3-g6ec3b27,10 , 116 , (20 2 16 14 6) , 4069 , ((16 * 6) + 20)
2020.08.15-22.03.01,v1.05-3-g6ec3b27,11 , 116 , (20 2 16 14 6) , 534 , ((14 * 6) + (2 * 16))
2020.08.15-22.03.01,v1.05-3-g6ec3b27,12 , 116 , (20 2 16 14 6) , 1909 , ((6 * 16) + 20)
2020.08.15-22.03.01,v1.05-3-g6ec3b27,13 , 116 , (20 2 16 14 6) , 5000 , none
2020.08.15-22.03.01,v1.05-3-g6ec3b27,14 , 116 , (20 2 16 14 6) , 1224 , ((16 * 6) + 20)
2020.08.15-22.03.01,v1.05-3-g6ec3b27,15 , 116 , (20 2 16 14 6) , 3317 , ((6 * 14) + (2 * 16))
2020.08.15-22.03.01,v1.05-3-g6ec3b27,16 , 116 , (20 2 16 14 6) , 5000 , none
2020.08.15-22.03.01,v1.05-3-g6ec3b27,17 , 116 , (20 2 16 14 6) , 242 , ((6 * 16) + 20)
2020.08.15-22.03.01,v1.05-3-g6ec3b27,18 , 116 , (20 2 16 14 6) , 5000 , none
2020.08.15-22.03.01,v1.05-3-g6ec3b27,19 , 116 , (20 2 16 14 6) , 75 , ((6 * 16) + 20)
2020.08.15-22.03.01,v1.05-3-g6ec3b27,20 , 116 , (20 2 16 14 6) , 1556 , ((6 * 14) + (2 * 16))
2020.08.15-22.03.01,v1.05-3-g6ec3b27,21 , 116 , (20 2 16 14 6) , 3282 , ((14 * 6) + (2 * 16))
2020.08.15-22.03.01,v1.05-3-g6ec3b27,22 , 116 , (20 2 16 14 6) , 1998 , ((6 * 16) + 20)
2020.08.15-22.03.01,v1.05-3-g6ec3b27,23 , 116 , (20 2 16 14 6) , 937 , ((16 * 6) + 20)
2020.08.15-22.03.01,v1.05-3-g6ec3b27,24 , 116 , (20 2 16 14 6) , 265 , ((6 * 14) + (16 * 2))
2020.08.15-22.03.01,v1.05-3-g6ec3b27,25 , 116 , (20 2 16 14 6) , 5000 , none
2020.08.15-22.03.01,v1.05-3-g6ec3b27,26 , 116 , (20 2 16 14 6) , 3888 , ((16 * 6) + 20)
2020.08.15-22.03.01,v1.05-3-g6ec3b27,27 , 116 , (20 2 16 14 6) , 3463 , ((6 * 14) + (2 * 16))
2020.08.15-22.03.01,v1.05-3-g6ec3b27,28 , 116 , (20 2 16 14 6) , 5000 , none
2020.08.15-22.03.01,v1.05-3-g6ec3b27,29 , 116 , (20 2 16 14 6) , 1560 , ((6 * 14) + (2 * 16))
2020.08.15-22.03.01,v1.05-3-g6ec3b27,30 , 116 , (20 2 16 14 6) , 375 , ((16 * 6) + 20)
2020.08.15-22.03.01,v1.05-3-g6ec3b27,31 , 116 , (20 2 16 14 6) , 2417 , ((6 * 14) + (2 * 16))
2020.08.15-22.03.01,v1.05-3-g6ec3b27,32 , 116 , (20 2 16 14 6) , 4462 , ((6 * 16) + 20)
2020.08.15-22.03.01,v1.05-3-g6ec3b27,33 , 116 , (20 2 16 14 6) , 1149 , ((6 * 16) + 20)
2020.08.15-22.03.01,v1.05-3-g6ec3b27,34 , 116 , (20 2 16 14 6) , 408 , ((16 * 6) + 20)
2020.08.15-22.03.01,v1.05-3-g6ec3b27,35 , 116 , (20 2 16 14 6) , 5000 , none
2020.08.15-22.03.01,v1.05-3-g6ec3b27,36 , 116 , (20 2 16 14 6) , 3767 , ((6 * 14) + (2 * 16))
2020.08.15-22.03.01,v1.05-3-g6ec3b27,37 , 116 , (20 2 16 14 6) , 48 , ((6 * 16) + 20)
2020.08.15-22.03.01,v1.05-3-g6ec3b27,38 , 116 , (20 2 16 14 6) , 1866 , ((14 * 6) + (2 * 16))
2020.08.15-22.03.01,v1.05-3-g6ec3b27,39 , 116 , (20 2 16 14 6) , 2876 , ((6 * 14) + (2 * 16))
2020.08.15-22.03.01,v1.05-3-g6ec3b27,40 , 116 , (20 2 16 14 6) , 3785 , ((6 * 16) + 20)
2020.08.15-22.03.01,v1.05-3-g6ec3b27,41 , 116 , (20 2 16 14 6) , 1961 , ((14 * 6) + (2 * 16))
2020.08.15-22.03.01,v1.05-3-g6ec3b27,42 , 116 , (20 2 16 14 6) , 5000 , none
2020.08.15-22.03.01,v1.05-3-g6ec3b27,43 , 116 , (20 2 16 14 6) , 1337 , ((6 * 14) + (2 * 16))
2020.08.15-22.03.01,v1.05-3-g6ec3b27,44 , 116 , (20 2 16 14 6) , 1864 , ((16 * 6) + 20)
2020.08.15-22.03.01,v1.05-3-g6ec3b27,45 , 116 , (20 2 16 14 6) , 2184 , ((14 * 6) + (2 * 16))
2020.08.15-22.03.01,v1.05-3-g6ec3b27,46 , 116 , (20 2 16 14 6) , 5000 , none
2020.08.15-22.03.01,v1.05-3-g6ec3b27,47 , 116 , (20 2 16 14 6) , 5000 , none
2020.08.15-22.03.01,v1.05-3-g6ec3b27,48 , 116 , (20 2 16 14 6) , 1430 , ((6 * 16) + 20)
2020.08.15-22.03.01,v1.05-3-g6ec3b27,49 , 116 , (20 2 16 14 6) , 2483 , ((6 * 14) + (2 * 16))
2020.08.15-22.03.01,v1.05-3-g6ec3b27,50 , 116 , (20 2 16 14 6) , 341 , ((14 * 6) + (2 * 16))
2020.08.15-22.03.01,v1.05-3-g6ec3b27,51 , 116 , (20 2 16 14 6) , 5000 , none
2020.08.15-22.03.01,v1.05-3-g6ec3b27,52 , 116 , (20 2 16 14 6) , 3665 , ((16 * 6) + 20)
2020.08.15-22.03.01,v1.05-3-g6ec3b27,53 , 116 , (20 2 16 14 6) , 813 , ((16 * 6) + 20)
2020.08.15-22.03.01,v1.05-3-g6ec3b27,54 , 116 , (20 2 16 14 6) , 3292 , ((6 * 16) + 20)
2020.08.15-22.03.01,v1.05-3-g6ec3b27,55 , 116 , (20 2 16 14 6) , 2835 , ((6 * 16) + 20)
2020.08.15-22.03.01,v1.05-3-g6ec3b27,56 , 116 , (20 2 16 14 6) , 1078 , ((6 * 16) + 20)
2020.08.15-22.03.01,v1.05-3-g6ec3b27,57 , 116 , (20 2 16 14 6) , 48 , ((6 * 16) + 20)
2020.08.15-22.03.01,v1.05-3-g6ec3b27,58 , 116 , (20 2 16 14 6) , 1109 , ((14 * 6) + (2 * 16))
2020.08.15-22.03.01,v1.05-3-g6ec3b27,59 , 116 , (20 2 16 14 6) , 2019 , ((6 * 16) + 20)
2020.08.15-22.03.01,v1.05-3-g6ec3b27,60 , 116 , (20 2 16 14 6) , 1288 , ((6 * 16) + 20)
2020.08.15-22.03.01,v1.05-3-g6ec3b27,61 , 116 , (20 2 16 14 6) , 4477 , ((16 * 6) + 20)
2020.08.15-22.03.01,v1.05-3-g6ec3b27,62 , 116 , (20 2 16 14 6) , 3306 , ((6 * 14) + (2 * 16))
2020.08.15-22.03.01,v1.05-3-g6ec3b27,63 , 116 , (20 2 16 14 6) , 5000 , none
2020.08.15-22.03.01,v1.05-3-g6ec3b27,64 , 116 , (20 2 16 14 6) , 1560 , ((6 * 16) + 20)
2020.08.15-22.03.01,v1.05-3-g6ec3b27,65 , 116 , (20 2 16 14 6) , 268 , ((6 * 16) + 20)
2020.08.15-22.03.01,v1.05-3-g6ec3b27,66 , 116 , (20 2 16 14 6) , 2411 , ((6 * 16) + 20)
2020.08.15-22.03.01,v1.05-3-g6ec3b27,67 , 116 , (20 2 16 14 6) , 3924 , ((6 * 14) + (2 * 16))
2020.08.15-22.03.01,v1.05-3-g6ec3b27,68 , 116 , (20 2 16 14 6) , 167 , ((6 * 14) + (16 * 2))
2020.08.15-22.03.01,v1.05-3-g6ec3b27,69 , 116 , (20 2 16 14 6) , 5000 , none
2020.08.15-22.03.01,v1.05-3-g6ec3b27,70 , 116 , (20 2 16 14 6) , 2567 , ((6 * 14) + (2 * 16))
2020.08.15-22.03.01,v1.05-3-g6ec3b27,71 , 116 , (20 2 16 14 6) , 2517 , ((6 * 16) + 20)
2020.08.15-22.03.01,v1.05-3-g6ec3b27,72 , 116 , (20 2 16 14 6) , 2219 , ((6 * 14) + (2 * 16))
2020.08.15-22.03.01,v1.05-3-g6ec3b27,73 , 116 , (20 2 16 14 6) , 4104 , ((6 * 16) + 20)
2020.08.15-22.03.01,v1.05-3-g6ec3b27,74 , 116 , (20 2 16 14 6) , 2349 , ((6 * 16) + 20)
2020.08.15-22.03.01,v1.05-3-g6ec3b27,75 , 116 , (20 2 16 14 6) , 745 , ((14 * 6) + (2 * 16))
2020.08.15-22.03.01,v1.05-3-g6ec3b27,76 , 116 , (20 2 16 14 6) , 5000 , none
2020.08.15-22.03.01,v1.05-3-g6ec3b27,77 , 116 , (20 2 16 14 6) , 325 , ((6 * 16) + 20)
2020.08.15-22.03.01,v1.05-3-g6ec3b27,78 , 116 , (20 2 16 14 6) , 2459 , ((6 * 16) + 20)
2020.08.15-22.03.01,v1.05-3-g6ec3b27,79 , 116 , (20 2 16 14 6) , 5000 , none
2020.08.15-22.03.01,v1.05-3-g6ec3b27,80 , 116 , (20 2 16 14 6) , 5000 , none
2020.08.15-22.03.01,v1.05-3-g6ec3b27,81 , 116 , (20 2 16 14 6) , 4056 , ((14 * 6) + (2 * 16))
2020.08.15-22.03.01,v1.05-3-g6ec3b27,82 , 116 , (20 2 16 14 6) , 5000 , none
2020.08.15-22.03.01,v1.05-3-g6ec3b27,83 , 116 , (20 2 16 14 6) , 4318 , ((6 * 16) + 20)
2020.08.15-22.03.01,v1.05-3-g6ec3b27,84 , 116 , (20 2 16 14 6) , 3474 , ((14 * 6) + (2 * 16))
2020.08.15-22.03.01,v1.05-3-g6ec3b27,85 , 116 , (20 2 16 14 6) , 5000 , none
2020.08.15-22.03.01,v1.05-3-g6ec3b27,86 , 116 , (20 2 16 14 6) , 290 , ((6 * 16) + 20)
2020.08.15-22.03.01,v1.05-3-g6ec3b27,87 , 116 , (20 2 16 14 6) , 5000 , none
2020.08.15-22.03.01,v1.05-3-g6ec3b27,88 , 116 , (20 2 16 14 6) , 743 , ((14 * 6) + (2 * 16))
2020.08.15-22.03.01,v1.05-3-g6ec3b27,89 , 116 , (20 2 16 14 6) , 1644 , ((6 * 16) + 20)
2020.08.15-22.03.01,v1.05-3-g6ec3b27,90 , 116 , (20 2 16 14 6) , 1704 , ((6 * 14) + (2 * 16))
2020.08.15-22.03.01,v1.05-3-g6ec3b27,91 , 116 , (20 2 16 14 6) , 323 , ((6 * 16) + 20)
2020.08.15-22.03.01,v1.05-3-g6ec3b27,92 , 116 , (20 2 16 14 6) , 4536 , ((6 * 14) + (2 * 16))
2020.08.15-22.03.01,v1.05-3-g6ec3b27,93 , 116 , (20 2 16 14 6) , 5000 , none
2020.08.15-22.03.01,v1.05-3-g6ec3b27,94 , 116 , (20 2 16 14 6) , 5000 , none
2020.08.15-22.03.01,v1.05-3-g6ec3b27,95 , 116 , (20 2 16 14 6) , 2200 , ((6 * 16) + 20)
2020.08.15-22.03.01,v1.05-3-g6ec3b27,96 , 116 , (20 2 16 14 6) , 357 , ((16 * 6) + 20)
2020.08.15-22.03.01,v1.05-3-g6ec3b27,97 , 116 , (20 2 16 14 6) , 5000 , none
2020.08.15-22.03.01,v1.05-3-g6ec3b27,98 , 116 , (20 2 16 14 6) , 2597 , ((14 * 6) + (16 * 2))
2020.08.15-22.03.01,v1.05-3-g6ec3b27,99 , 116 , (20 2 16 14 6) , 2468 , ((14 * 6) + (2 * 16))
2020.08.15-22.03.01,v1.05-3-g6ec3b27,0 , 127 , (7 6 4 22 25) , 5000 , none
2020.08.15-22.03.01,v1.05-3-g6ec3b27,1 , 127 , (7 6 4 22 25) , 5000 , none
2020.08.15-22.03.01,v1.05-3-g6ec3b27,2 , 127 , (7 6 4 22 25) , 5000 , none
2020.08.15-22.03.01,v1.05-3-g6ec3b27,3 , 127 , (7 6 4 22 25) , 5000 , none
2020.08.15-22.03.01,v1.05-3-g6ec3b27,4 , 127 , (7 6 4 22 25) , 5000 , none
2020.08.15-22.03.01,v1.05-3-g6ec3b27,5 , 127 , (7 6 4 22 25) , 5000 , none
2020.08.15-22.03.01,v1.05-3-g6ec3b27,6 , 127 , (7 6 4 22 25) , 5000 , none
2020.08.15-22.03.01,v1.05-3-g6ec3b27,7 , 127 , (7 6 4 22 25) , 5000 , none
2020.08.15-22.03.01,v1.05-3-g6ec3b27,8 , 127 , (7 6 4 22 25) , 5000 , none
2020.08.15-22.03.01,v1.05-3-g6ec3b27,9 , 127 , (7 6 4 22 25) , 5000 , none
2020.08.15-22.03.01,v1.05-3-g6ec3b27,10 , 127 , (7 6 4 22 25) , 5000 , none
2020.08.15-22.03.01,v1.05-3-g6ec3b27,11 , 127 , (7 6 4 22 25) , 5000 , none
2020.08.15-22.03.01,v1.05-3-g6ec3b27,12 , 127 , (7 6 4 22 25) , 5000 , none
2020.08.15-22.03.01,v1.05-3-g6ec3b27,13 , 127 , (7 6 4 22 25) , 5000 , none
2020.08.15-22.03.01,v1.05-3-g6ec3b27,14 , 127 , (7 6 4 22 25) , 5000 , none
2020.08.15-22.03.01,v1.05-3-g6ec3b27,15 , 127 , (7 6 4 22 25) , 5000 , none
2020.08.15-22.03.01,v1.05-3-g6ec3b27,16 , 127 , (7 6 4 22 25) , 5000 , none
2020.08.15-22.03.01,v1.05-3-g6ec3b27,17 , 127 , (7 6 4 22 25) , 5000 , none
2020.08.15-22.03.01,v1.05-3-g6ec3b27,18 , 127 , (7 6 4 22 25) , 5000 , none
2020.08.15-22.03.01,v1.05-3-g6ec3b27,19 , 127 , (7 6 4 22 25) , 5000 , none
2020.08.15-22.03.01,v1.05-3-g6ec3b27,20 , 127 , (7 6 4 22 25) , 5000 , none
2020.08.15-22.03.01,v1.05-3-g6ec3b27,21 , 127 , (7 6 4 22 25) , 5000 , none
2020.08.15-22.03.01,v1.05-3-g6ec3b27,22 , 127 , (7 6 4 22 25) , 5000 , none
2020.08.15-22.03.01,v1.05-3-g6ec3b27,23 , 127 , (7 6 4 22 25) , 5000 , none
2020.08.15-22.03.01,v1.05-3-g6ec3b27,24 , 127 , (7 6 4 22 25) , 5000 , none
2020.08.15-22.03.01,v1.05-3-g6ec3b27,25 , 127 , (7 6 4 22 25) , 5000 , none
2020.08.15-22.03.01,v1.05-3-g6ec3b27,26 , 127 , (7 6 4 22 25) , 5000 , none
2020.08.15-22.03.01,v1.05-3-g6ec3b27,27 , 127 , (7 6 4 22 25) , 5000 , none
2020.08.15-22.03.01,v1.05-3-g6ec3b27,28 , 127 , (7 6 4 22 25) , 5000 , none
2020.08.15-22.03.01,v1.05-3-g6ec3b27,29 , 127 , (7 6 4 22 25) , 5000 , none
2020.08.15-22.03.01,v1.05-3-g6ec3b27,30 , 127 , (7 6 4 22 25) , 5000 , none
2020.08.15-22.03.01,v1.05-3-g6ec3b27,31 , 127 , (7 6 4 22 25) , 5000 , none
2020.08.15-22.03.01,v1.05-3-g6ec3b27,32 , 127 , (7 6 4 22 25) , 5000 , none
2020.08.15-22.03.01,v1.05-3-g6ec3b27,33 , 127 , (7 6 4 22 25) , 5000 , none
2020.08.15-22.03.01,v1.05-3-g6ec3b27,34 , 127 , (7 6 4 22 25) , 5000 , none
2020.08.15-22.03.01,v1.05-3-g6ec3b27,35 , 127 , (7 6 4 22 25) , 5000 , none
2020.08.15-22.03.01,v1.05-3-g6ec3b27,36 , 127 , (7 6 4 22 25) , 5000 , none
2020.08.15-22.03.01,v1.05-3-g6ec3b27,37 , 127 , (7 6 4 22 25) , 5000 , none
2020.08.15-22.03.01,v1.05-3-g6ec3b27,38 , 127 , (7 6 4 22 25) , 5000 , none
2020.08.15-22.03.01,v1.05-3-g6ec3b27,39 , 127 , (7 6 4 22 25) , 5000 , none
2020.08.15-22.03.01,v1.05-3-g6ec3b27,40 , 127 , (7 6 4 22 25) , 5000 , none
2020.08.15-22.03.01,v1.05-3-g6ec3b27,41 , 127 , (7 6 4 22 25) , 5000 , none
2020.08.15-22.03.01,v1.05-3-g6ec3b27,42 , 127 , (7 6 4 22 25) , 5000 , none
2020.08.15-22.03.01,v1.05-3-g6ec3b27,43 , 127 , (7 6 4 22 25) , 5000 , none
2020.08.15-22.03.01,v1.05-3-g6ec3b27,44 , 127 , (7 6 4 22 25) , 5000 , none
2020.08.15-22.03.01,v1.05-3-g6ec3b27,45 , 127 , (7 6 4 22 25) , 5000 , none
2020.08.15-22.03.01,v1.05-3-g6ec3b27,46 , 127 , (7 6 4 22 25) , 5000 , none
2020.08.15-22.03.01,v1.05-3-g6ec3b27,47 , 127 , (7 6 4 22 25) , 5000 , none
2020.08.15-22.03.01,v1.05-3-g6ec3b27,48 , 127 , (7 6 4 22 25) , 5000 , none
2020.08.15-22.03.01,v1.05-3-g6ec3b27,49 , 127 , (7 6 4 22 25) , 5000 , none
2020.08.15-22.03.01,v1.05-3-g6ec3b27,50 , 127 , (7 6 4 22 25) , 5000 , none
2020.08.15-22.03.01,v1.05-3-g6ec3b27,51 , 127 , (7 6 4 22 25) , 5000 , none
2020.08.15-22.03.01,v1.05-3-g6ec3b27,52 , 127 , (7 6 4 22 25) , 5000 , none
2020.08.15-22.03.01,v1.05-3-g6ec3b27,53 , 127 , (7 6 4 22 25) , 5000 , none
2020.08.15-22.03.01,v1.05-3-g6ec3b27,54 , 127 , (7 6 4 22 25) , 5000 , none
2020.08.15-22.03.01,v1.05-3-g6ec3b27,55 , 127 , (7 6 4 22 25) , 5000 , none
2020.08.15-22.03.01,v1.05-3-g6ec3b27,56 , 127 , (7 6 4 22 25) , 5000 , none
2020.08.15-22.03.01,v1.05-3-g6ec3b27,57 , 127 , (7 6 4 22 25) , 5000 , none
2020.08.15-22.03.01,v1.05-3-g6ec3b27,58 , 127 , (7 6 4 22 25) , 5000 , none
2020.08.15-22.03.01,v1.05-3-g6ec3b27,59 , 127 , (7 6 4 22 25) , 5000 , none
2020.08.15-22.03.01,v1.05-3-g6ec3b27,60 , 127 , (7 6 4 22 25) , 5000 , none
2020.08.15-22.03.01,v1.05-3-g6ec3b27,61 , 127 , (7 6 4 22 25) , 5000 , none
2020.08.15-22.03.01,v1.05-3-g6ec3b27,62 , 127 , (7 6 4 22 25) , 5000 , none
2020.08.15-22.03.01,v1.05-3-g6ec3b27,63 , 127 , (7 6 4 22 25) , 5000 , none
2020.08.15-22.03.01,v1.05-3-g6ec3b27,64 , 127 , (7 6 4 22 25) , 5000 , none
2020.08.15-22.03.01,v1.05-3-g6ec3b27,65 , 127 , (7 6 4 22 25) , 5000 , none
2020.08.15-22.03.01,v1.05-3-g6ec3b27,66 , 127 , (7 6 4 22 25) , 5000 , none
2020.08.15-22.03.01,v1.05-3-g6ec3b27,67 , 127 , (7 6 4 22 25) , 5000 , none
2020.08.15-22.03.01,v1.05-3-g6ec3b27,68 , 127 , (7 6 4 22 25) , 5000 , none
2020.08.15-22.03.01,v1.05-3-g6ec3b27,69 , 127 , (7 6 4 22 25) , 5000 , none
2020.08.15-22.03.01,v1.05-3-g6ec3b27,70 , 127 , (7 6 4 22 25) , 5000 , none
2020.08.15-22.03.01,v1.05-3-g6ec3b27,71 , 127 , (7 6 4 22 25) , 5000 , none
2020.08.15-22.03.01,v1.05-3-g6ec3b27,72 , 127 , (7 6 4 22 25) , 5000 , none
2020.08.15-22.03.01,v1.05-3-g6ec3b27,73 , 127 , (7 6 4 22 25) , 5000 , none
2020.08.15-22.03.01,v1.05-3-g6ec3b27,74 , 127 , (7 6 4 22 25) , 5000 , none
2020.08.15-22.03.01,v1.05-3-g6ec3b27,75 , 127 , (7 6 4 22 25) , 5000 , none
2020.08.15-22.03.01,v1.05-3-g6ec3b27,76 , 127 , (7 6 4 22 25) , 5000 , none
2020.08.15-22.03.01,v1.05-3-g6ec3b27,77 , 127 , (7 6 4 22 25) , 5000 , none
2020.08.15-22.03.01,v1.05-3-g6ec3b27,78 , 127 , (7 6 4 22 25) , 5000 , none
2020.08.15-22.03.01,v1.05-3-g6ec3b27,79 , 127 , (7 6 4 22 25) , 5000 , none
2020.08.15-22.03.01,v1.05-3-g6ec3b27,80 , 127 , (7 6 4 22 25) , 5000 , none
2020.08.15-22.03.01,v1.05-3-g6ec3b27,81 , 127 , (7 6 4 22 25) , 5000 , none
2020.08.15-22.03.01,v1.05-3-g6ec3b27,82 , 127 , (7 6 4 22 25) , 5000 , none
2020.08.15-22.03.01,v1.05-3-g6ec3b27,83 , 127 , (7 6 4 22 25) , 5000 , none
2020.08.15-22.03.01,v1.05-3-g6ec3b27,84 , 127 , (7 6 4 22 25) , 5000 , none
2020.08.15-22.03.01,v1.05-3-g6ec3b27,85 , 127 , (7 6 4 22 25) , 5000 , none
2020.08.15-22.03.01,v1.05-3-g6ec3b27,86 , 127 , (7 6 4 22 25) , 5000 , none
2020.08.15-22.03.01,v1.05-3-g6ec3b27,87 , 127 , (7 6 4 22 25) , 5000 , none
2020.08.15-22.03.01,v1.05-3-g6ec3b27,88 , 127 , (7 6 4 22 25) , 5000 , none
2020.08.15-22.03.01,v1.05-3-g6ec3b27,89 , 127 , (7 6 4 22 25) , 5000 , none
2020.08.15-22.03.01,v1.05-3-g6ec3b27,90 , 127 , (7 6 4 22 25) , 5000 , none
2020.08.15-22.03.01,v1.05-3-g6ec3b27,91 , 127 , (7 6 4 22 25) , 5000 , none
2020.08.15-22.03.01,v1.05-3-g6ec3b27,92 , 127 , (7 6 4 22 25) , 5000 , none
2020.08.15-22.03.01,v1.05-3-g6ec3b27,93 , 127 , (7 6 4 22 25) , 5000 , none
2020.08.15-22.03.01,v1.05-3-g6ec3b27,94 , 127 , (7 6 4 22 25) , 5000 , none
2020.08.15-22.03.01,v1.05-3-g6ec3b27,95 , 127 , (7 6 4 22 25) , 5000 , none
2020.08.15-22.03.01,v1.05-3-g6ec3b27,96 , 127 , (7 6 4 22 25) , 5000 , none
2020.08.15-22.03.01,v1.05-3-g6ec3b27,97 , 127 , (7 6 4 22 25) , 5000 , none
2020.08.15-22.03.01,v1.05-3-g6ec3b27,98 , 127 , (7 6 4 22 25) , 5000 , none
2020.08.15-22.03.01,v1.05-3-g6ec3b27,99 , 127 , (7 6 4 22 25) , 5000 , none
2020.08.15-22.03.01,v1.05-3-g6ec3b27,0 , 41 , (5 16 22 25 1) , 5000 , none
2020.08.15-22.03.01,v1.05-3-g6ec3b27,1 , 41 , (5 16 22 25 1) , 5000 , none
2020.08.15-22.03.01,v1.05-3-g6ec3b27,2 , 41 , (5 16 22 25 1) , 5000 , none
2020.08.15-22.03.01,v1.05-3-g6ec3b27,3 , 41 , (5 16 22 25 1) , 5000 , none
2020.08.15-22.03.01,v1.05-3-g6ec3b27,4 , 41 , (5 16 22 25 1) , 5000 , none
2020.08.15-22.03.01,v1.05-3-g6ec3b27,5 , 41 , (5 16 22 25 1) , 5000 , none
2020.08.15-22.03.01,v1.05-3-g6ec3b27,6 , 41 , (5 16 22 25 1) , 5000 , none
2020.08.15-22.03.01,v1.05-3-g6ec3b27,7 , 41 , (5 16 22 25 1) , 5000 , none
2020.08.15-22.03.01,v1.05-3-g6ec3b27,8 , 41 , (5 16 22 25 1) , 5000 , none
2020.08.15-22.03.01,v1.05-3-g6ec3b27,9 , 41 , (5 16 22 25 1) , 5000 , none
2020.08.15-22.03.01,v1.05-3-g6ec3b27,10 , 41 , (5 16 22 25 1) , 5000 , none
2020.08.15-22.03.01,v1.05-3-g6ec3b27,11 , 41 , (5 16 22 25 1) , 5000 , none
2020.08.15-22.03.01,v1.05-3-g6ec3b27,12 , 41 , (5 16 22 25 1) , 5000 , none
2020.08.15-22.03.01,v1.05-3-g6ec3b27,13 , 41 , (5 16 22 25 1) , 5000 , none
2020.08.15-22.03.01,v1.05-3-g6ec3b27,14 , 41 , (5 16 22 25 1) , 5000 , none
2020.08.15-22.03.01,v1.05-3-g6ec3b27,15 , 41 , (5 16 22 25 1) , 5000 , none
2020.08.15-22.03.01,v1.05-3-g6ec3b27,16 , 41 , (5 16 22 25 1) , 5000 , none
2020.08.15-22.03.01,v1.05-3-g6ec3b27,17 , 41 , (5 16 22 25 1) , 29 , (16 + 25)
2020.08.15-22.03.01,v1.05-3-g6ec3b27,18 , 41 , (5 16 22 25 1) , 5000 , none
2020.08.15-22.03.01,v1.05-3-g6ec3b27,19 , 41 , (5 16 22 25 1) , 5000 , none
2020.08.15-22.03.01,v1.05-3-g6ec3b27,20 , 41 , (5 16 22 25 1) , 5000 , none
2020.08.15-22.03.01,v1.05-3-g6ec3b27,21 , 41 , (5 16 22 25 1) , 5000 , none
2020.08.15-22.03.01,v1.05-3-g6ec3b27,22 , 41 , (5 16 22 25 1) , 5000 , none
2020.08.15-22.03.01,v1.05-3-g6ec3b27,23 , 41 , (5 16 22 25 1) , 5000 , none
2020.08.15-22.03.01,v1.05-3-g6ec3b27,24 , 41 , (5 16 22 25 1) , 5000 , none
2020.08.15-22.03.01,v1.05-3-g6ec3b27,25 , 41 , (5 16 22 25 1) , 5000 , none
2020.08.15-22.03.01,v1.05-3-g6ec3b27,26 , 41 , (5 16 22 25 1) , 5000 , none
2020.08.15-22.03.01,v1.05-3-g6ec3b27,27 , 41 , (5 16 22 25 1) , 5000 , none
2020.08.15-22.03.01,v1.05-3-g6ec3b27,28 , 41 , (5 16 22 25 1) , 5000 , none
2020.08.15-22.03.01,v1.05-3-g6ec3b27,29 , 41 , (5 16 22 25 1) , 5000 , none
2020.08.15-22.03.01,v1.05-3-g6ec3b27,30 , 41 , (5 16 22 25 1) , 5000 , none
2020.08.15-22.03.01,v1.05-3-g6ec3b27,31 , 41 , (5 16 22 25 1) , 5000 , none
2020.08.15-22.03.01,v1.05-3-g6ec3b27,32 , 41 , (5 16 22 25 1) , 5000 , none
2020.08.15-22.03.01,v1.05-3-g6ec3b27,33 , 41 , (5 16 22 25 1) , 5000 , none
2020.08.15-22.03.01,v1.05-3-g6ec3b27,34 , 41 , (5 16 22 25 1) , 5000 , none
2020.08.15-22.03.01,v1.05-3-g6ec3b27,35 , 41 , (5 16 22 25 1) , 5000 , none
2020.08.15-22.03.01,v1.05-3-g6ec3b27,36 , 41 , (5 16 22 25 1) , 101 , ((25 + 22) - (1 + 5))
2020.08.15-22.03.01,v1.05-3-g6ec3b27,37 , 41 , (5 16 22 25 1) , 5000 , none
2020.08.15-22.03.01,v1.05-3-g6ec3b27,38 , 41 , (5 16 22 25 1) , 5000 , none
2020.08.15-22.03.01,v1.05-3-g6ec3b27,39 , 41 , (5 16 22 25 1) , 5000 , none
2020.08.15-22.03.01,v1.05-3-g6ec3b27,40 , 41 , (5 16 22 25 1) , 5000 , none
2020.08.15-22.03.01,v1.05-3-g6ec3b27,41 , 41 , (5 16 22 25 1) , 5000 , none
2020.08.15-22.03.01,v1.05-3-g6ec3b27,42 , 41 , (5 16 22 25 1) , 5000 , none
2020.08.15-22.03.01,v1.05-3-g6ec3b27,43 , 41 , (5 16 22 25 1) , 5000 , none
2020.08.15-22.03.01,v1.05-3-g6ec3b27,44 , 41 , (5 16 22 25 1) , 5000 , none
2020.08.15-22.03.01,v1.05-3-g6ec3b27,45 , 41 , (5 16 22 25 1) , 5000 , none
2020.08.15-22.03.01,v1.05-3-g6ec3b27,46 , 41 , (5 16 22 25 1) , 5000 , none
2020.08.15-22.03.01,v1.05-3-g6ec3b27,47 , 41 , (5 16 22 25 1) , 5000 , none
2020.08.15-22.03.01,v1.05-3-g6ec3b27,48 , 41 , (5 16 22 25 1) , 5000 , none
2020.08.15-22.03.01,v1.05-3-g6ec3b27,49 , 41 , (5 16 22 25 1) , 5000 , none
2020.08.15-22.03.01,v1.05-3-g6ec3b27,50 , 41 , (5 16 22 25 1) , 5000 , none
2020.08.15-22.03.01,v1.05-3-g6ec3b27,51 , 41 , (5 16 22 25 1) , 5000 , none
2020.08.15-22.03.01,v1.05-3-g6ec3b27,52 , 41 , (5 16 22 25 1) , 5000 , none
2020.08.15-22.03.01,v1.05-3-g6ec3b27,53 , 41 , (5 16 22 25 1) , 5000 , none
2020.08.15-22.03.01,v1.05-3-g6ec3b27,54 , 41 , (5 16 22 25 1) , 5000 , none
2020.08.15-22.03.01,v1.05-3-g6ec3b27,55 , 41 , (5 16 22 25 1) , 5000 , none
2020.08.15-22.03.01,v1.05-3-g6ec3b27,56 , 41 , (5 16 22 25 1) , 5000 , none
2020.08.15-22.03.01,v1.05-3-g6ec3b27,57 , 41 , (5 16 22 25 1) , 5000 , none
2020.08.15-22.03.01,v1.05-3-g6ec3b27,58 , 41 , (5 16 22 25 1) , 198 , ((25 + 22) - (1 + 5))
2020.08.15-22.03.01,v1.05-3-g6ec3b27,59 , 41 , (5 16 22 25 1) , 5000 , none
2020.08.15-22.03.01,v1.05-3-g6ec3b27,60 , 41 , (5 16 22 25 1) , 35 , (16 + 25)
2020.08.15-22.03.01,v1.05-3-g6ec3b27,61 , 41 , (5 16 22 25 1) , 5000 , none
2020.08.15-22.03.01,v1.05-3-g6ec3b27,62 , 41 , (5 16 22 25 1) , 5000 , none
2020.08.15-22.03.01,v1.05-3-g6ec3b27,63 , 41 , (5 16 22 25 1) , 5000 , none
2020.08.15-22.03.01,v1.05-3-g6ec3b27,64 , 41 , (5 16 22 25 1) , 5000 , none
2020.08.15-22.03.01,v1.05-3-g6ec3b27,65 , 41 , (5 16 22 25 1) , 5000 , none
2020.08.15-22.03.01,v1.05-3-g6ec3b27,66 , 41 , (5 16 22 25 1) , 5000 , none
2020.08.15-22.03.01,v1.05-3-g6ec3b27,67 , 41 , (5 16 22 25 1) , 5000 , none
2020.08.15-22.03.01,v1.05-3-g6ec3b27,68 , 41 , (5 16 22 25 1) , 5000 , none
2020.08.15-22.03.01,v1.05-3-g6ec3b27,69 , 41 , (5 16 22 25 1) , 40 , ((25 + 22) - (1 + 5))
2020.08.15-22.03.01,v1.05-3-g6ec3b27,70 , 41 , (5 16 22 25 1) , 5000 , none
2020.08.15-22.03.01,v1.05-3-g6ec3b27,71 , 41 , (5 16 22 25 1) , 5000 , none
2020.08.15-22.03.01,v1.05-3-g6ec3b27,72 , 41 , (5 16 22 25 1) , 5000 , none
2020.08.15-22.03.01,v1.05-3-g6ec3b27,73 , 41 , (5 16 22 25 1) , 5000 , none
2020.08.15-22.03.01,v1.05-3-g6ec3b27,74 , 41 , (5 16 22 25 1) , 5000 , none
2020.08.15-22.03.01,v1.05-3-g6ec3b27,75 , 41 , (5 16 22 25 1) , 5000 , none
2020.08.15-22.03.01,v1.05-3-g6ec3b27,76 , 41 , (5 16 22 25 1) , 5000 , none
2020.08.15-22.03.01,v1.05-3-g6ec3b27,77 , 41 , (5 16 22 25 1) , 5000 , none
2020.08.15-22.03.01,v1.05-3-g6ec3b27,78 , 41 , (5 16 22 25 1) , 5000 , none
2020.08.15-22.03.01,v1.05-3-g6ec3b27,79 , 41 , (5 16 22 25 1) , 5000 , none
2020.08.15-22.03.01,v1.05-3-g6ec3b27,80 , 41 , (5 16 22 25 1) , 24 , (25 + 16)
2020.08.15-22.03.01,v1.05-3-g6ec3b27,81 , 41 , (5 16 22 25 1) , 5000 , none
2020.08.15-22.03.01,v1.05-3-g6ec3b27,82 , 41 , (5 16 22 25 1) , 5000 , none
2020.08.15-22.03.01,v1.05-3-g6ec3b27,83 , 41 , (5 16 22 25 1) , 5000 , none
2020.08.15-22.03.01,v1.05-3-g6ec3b27,84 , 41 , (5 16 22 25 1) , 5000 , none
2020.08.15-22.03.01,v1.05-3-g6ec3b27,85 , 41 , (5 16 22 25 1) , 5000 , none
2020.08.15-22.03.01,v1.05-3-g6ec3b27,86 , 41 , (5 16 22 25 1) , 5000 , none
2020.08.15-22.03.01,v1.05-3-g6ec3b27,87 , 41 , (5 16 22 25 1) , 5000 , none
2020.08.15-22.03.01,v1.05-3-g6ec3b27,88 , 41 , (5 16 22 25 1) , 5000 , none
2020.08.15-22.03.01,v1.05-3-g6ec3b27,89 , 41 , (5 16 22 25 1) , 5000 , none
2020.08.15-22.03.01,v1.05-3-g6ec3b27,90 , 41 , (5 16 22 25 1) , 5000 , none
2020.08.15-22.03.01,v1.05-3-g6ec3b27,91 , 41 , (5 16 22 25 1) , 5000 , none
2020.08.15-22.03.01,v1.05-3-g6ec3b27,92 , 41 , (5 16 22 25 1) , 5000 , none
2020.08.15-22.03.01,v1.05-3-g6ec3b27,93 , 41 , (5 16 22 25 1) , 5000 , none
2020.08.15-22.03.01,v1.05-3-g6ec3b27,94 , 41 , (5 16 22 25 1) , 5000 , none
2020.08.15-22.03.01,v1.05-3-g6ec3b27,95 , 41 , (5 16 22 25 1) , 5000 , none
2020.08.15-22.03.01,v1.05-3-g6ec3b27,96 , 41 , (5 16 22 25 1) , 5000 , none
2020.08.15-22.03.01,v1.05-3-g6ec3b27,97 , 41 , (5 16 22 25 1) , 5000 , none
2020.08.15-22.03.01,v1.05-3-g6ec3b27,98 , 41 , (5 16 22 25 1) , 5000 , none
2020.08.15-22.03.01,v1.05-3-g6ec3b27,99 , 41 , (5 16 22 25 1) , 5000 , none
