2020.09.08-13.07.57,v1.05-11-gdf88c32,0 , 114 , (11 20 7 1 6) , 460 , ((6 * 20) - (7 - 1)) , 13
2020.09.08-13.07.57,v1.05-11-gdf88c32,1 , 114 , (11 20 7 1 6) , 227 , ((6 * 20) - (7 - 1)) , 23
2020.09.08-13.07.57,v1.05-11-gdf88c32,2 , 114 , (11 20 7 1 6) , 230 , ((6 * 20) - (7 - 1)) , 37
2020.09.08-13.07.57,v1.05-11-gdf88c32,3 , 114 , (11 20 7 1 6) , 328 , ((6 * 20) - (7 - 1)) , 33
2020.09.08-13.07.57,v1.05-11-gdf88c32,4 , 114 , (11 20 7 1 6) , 121 , ((6 * 20) - (7 - 1)) , 6
2020.09.08-13.07.57,v1.05-11-gdf88c32,5 , 114 , (11 20 7 1 6) , 249 , ((6 * 20) - (7 - 1)) , 52
2020.09.08-13.07.57,v1.05-11-gdf88c32,6 , 114 , (11 20 7 1 6) , 107 , ((6 * 20) - (7 - 1)) , 8
2020.09.08-13.07.57,v1.05-11-gdf88c32,7 , 114 , (11 20 7 1 6) , 516 , ((6 * 20) - (7 - 1)) , 0
2020.09.08-13.07.57,v1.05-11-gdf88c32,8 , 114 , (11 20 7 1 6) , 192 , ((6 * 20) - (7 - 1)) , 0
2020.09.08-13.07.57,v1.05-11-gdf88c32,9 , 114 , (11 20 7 1 6) , 429 , ((6 * 20) - (7 - 1)) , 88
2020.09.08-13.07.57,v1.05-11-gdf88c32,10 , 114 , (11 20 7 1 6) , 741 , ((6 * 20) - (7 - 1)) , 108
2020.09.08-13.07.57,v1.05-11-gdf88c32,11 , 114 , (11 20 7 1 6) , 334 , ((6 * 20) - (7 - 1)) , 0
2020.09.08-13.07.57,v1.05-11-gdf88c32,12 , 114 , (11 20 7 1 6) , 226 , ((6 * 20) - (7 - 1)) , 14
2020.09.08-13.07.57,v1.05-11-gdf88c32,13 , 114 , (11 20 7 1 6) , 370 , ((20 * 6) - (7 - 1)) , 12
2020.09.08-13.07.57,v1.05-11-gdf88c32,14 , 114 , (11 20 7 1 6) , 98 , ((6 * 20) - (7 - 1)) , 5
2020.09.08-13.07.57,v1.05-11-gdf88c32,15 , 114 , (11 20 7 1 6) , 139 , ((6 * 20) - (7 - 1)) , 3
2020.09.08-13.07.57,v1.05-11-gdf88c32,16 , 114 , (11 20 7 1 6) , 249 , ((6 * 20) - (7 - 1)) , 30
2020.09.08-13.07.57,v1.05-11-gdf88c32,17 , 114 , (11 20 7 1 6) , 326 , ((6 * 20) - (7 - 1)) , 0
2020.09.08-13.07.57,v1.05-11-gdf88c32,18 , 114 , (11 20 7 1 6) , 309 , ((6 * 20) - (7 - 1)) , 5
2020.09.08-13.07.57,v1.05-11-gdf88c32,19 , 114 , (11 20 7 1 6) , 591 , ((6 * 20) - (7 - 1)) , 22
2020.09.08-13.07.57,v1.05-11-gdf88c32,20 , 114 , (11 20 7 1 6) , 591 , ((20 * 6) - (7 - 1)) , 59
2020.09.08-13.07.57,v1.05-11-gdf88c32,21 , 114 , (11 20 7 1 6) , 487 , ((6 * 20) - (7 - 1)) , 18
2020.09.08-13.07.57,v1.05-11-gdf88c32,22 , 114 , (11 20 7 1 6) , 90 , ((6 * 20) - (7 - 1)) , 2
2020.09.08-13.07.57,v1.05-11-gdf88c32,23 , 114 , (11 20 7 1 6) , 297 , ((6 * 20) - (7 - 1)) , 25
2020.09.08-13.07.57,v1.05-11-gdf88c32,24 , 114 , (11 20 7 1 6) , 198 , ((6 * 20) - (7 - 1)) , 10
2020.09.08-13.07.57,v1.05-11-gdf88c32,25 , 114 , (11 20 7 1 6) , 319 , ((6 * 20) - (7 - 1)) , 9
2020.09.08-13.07.57,v1.05-11-gdf88c32,26 , 114 , (11 20 7 1 6) , 33 , ((6 * 20) - (7 - 1)) , 0
2020.09.08-13.07.57,v1.05-11-gdf88c32,27 , 114 , (11 20 7 1 6) , 95 , ((6 * 20) - (7 - 1)) , 0
2020.09.08-13.07.57,v1.05-11-gdf88c32,28 , 114 , (11 20 7 1 6) , 51 , ((6 * 20) - (7 - 1)) , 0
2020.09.08-13.07.57,v1.05-11-gdf88c32,29 , 114 , (11 20 7 1 6) , 1503 , ((6 * 20) - (7 - 1)) , 121
2020.09.08-13.07.57,v1.05-11-gdf88c32,30 , 114 , (11 20 7 1 6) , 88 , ((6 * 20) - (7 - 1)) , 0
2020.09.08-13.07.57,v1.05-11-gdf88c32,31 , 114 , (11 20 7 1 6) , 263 , ((6 * 20) - (7 - 1)) , 0
2020.09.08-13.07.57,v1.05-11-gdf88c32,32 , 114 , (11 20 7 1 6) , 361 , ((6 * 20) - (7 - 1)) , 27
2020.09.08-13.07.57,v1.05-11-gdf88c32,33 , 114 , (11 20 7 1 6) , 149 , ((6 * 20) - (7 - 1)) , 6
2020.09.08-13.07.57,v1.05-11-gdf88c32,34 , 114 , (11 20 7 1 6) , 706 , ((6 * 20) - 6) , 50
2020.09.08-13.07.57,v1.05-11-gdf88c32,35 , 114 , (11 20 7 1 6) , 464 , ((6 * 20) - (7 - 1)) , 20
2020.09.08-13.07.57,v1.05-11-gdf88c32,36 , 114 , (11 20 7 1 6) , 569 , ((6 * 20) - (7 - 1)) , 34
2020.09.08-13.07.57,v1.05-11-gdf88c32,37 , 114 , (11 20 7 1 6) , 617 , ((6 * 20) - (7 - 1)) , 19
2020.09.08-13.07.57,v1.05-11-gdf88c32,38 , 114 , (11 20 7 1 6) , 425 , ((6 * 20) - (7 - 1)) , 74
2020.09.08-13.07.57,v1.05-11-gdf88c32,39 , 114 , (11 20 7 1 6) , 90 , ((6 * 20) - (7 - 1)) , 0
2020.09.08-13.07.57,v1.05-11-gdf88c32,40 , 114 , (11 20 7 1 6) , 665 , ((6 * 20) - (7 - 1)) , 43
2020.09.08-13.07.57,v1.05-11-gdf88c32,41 , 114 , (11 20 7 1 6) , 1207 , ((6 * 20) - (7 - 1)) , 68
2020.09.08-13.07.57,v1.05-11-gdf88c32,42 , 114 , (11 20 7 1 6) , 580 , ((6 * 20) - (7 - 1)) , 54
2020.09.08-13.07.57,v1.05-11-gdf88c32,43 , 114 , (11 20 7 1 6) , 937 , ((6 * 20) - (7 - 1)) , 35
2020.09.08-13.07.57,v1.05-11-gdf88c32,44 , 114 , (11 20 7 1 6) , 155 , ((6 * 20) - (7 - 1)) , 6
2020.09.08-13.07.57,v1.05-11-gdf88c32,45 , 114 , (11 20 7 1 6) , 885 , ((6 * 20) - (7 - 1)) , 34
2020.09.08-13.07.57,v1.05-11-gdf88c32,46 , 114 , (11 20 7 1 6) , 108 , ((20 * 6) - (7 - 1)) , 0
2020.09.08-13.07.57,v1.05-11-gdf88c32,47 , 114 , (11 20 7 1 6) , 71 , ((6 * 20) - (7 - 1)) , 2
2020.09.08-13.07.57,v1.05-11-gdf88c32,48 , 114 , (11 20 7 1 6) , 529 , ((6 * 20) - (7 - 1)) , 26
2020.09.08-13.07.57,v1.05-11-gdf88c32,49 , 114 , (11 20 7 1 6) , 349 , ((6 * 20) - (7 - 1)) , 50
2020.09.08-13.07.57,v1.05-11-gdf88c32,50 , 114 , (11 20 7 1 6) , 97 , ((6 * 20) - (7 - 1)) , 2
2020.09.08-13.07.57,v1.05-11-gdf88c32,51 , 114 , (11 20 7 1 6) , 680 , ((6 * 20) - (7 - 1)) , 81
2020.09.08-13.07.57,v1.05-11-gdf88c32,52 , 114 , (11 20 7 1 6) , 989 , ((6 * 20) - (7 - 1)) , 24
2020.09.08-13.07.57,v1.05-11-gdf88c32,53 , 114 , (11 20 7 1 6) , 113 , ((6 * 20) - (7 - 1)) , 0
2020.09.08-13.07.57,v1.05-11-gdf88c32,54 , 114 , (11 20 7 1 6) , 140 , ((6 * 20) - (7 - 1)) , 10
2020.09.08-13.07.57,v1.05-11-gdf88c32,55 , 114 , (11 20 7 1 6) , 169 , ((6 * 20) - (7 - 1)) , 17
2020.09.08-13.07.57,v1.05-11-gdf88c32,56 , 114 , (11 20 7 1 6) , 282 , ((6 * 20) - (7 - 1)) , 40
2020.09.08-13.07.57,v1.05-11-gdf88c32,57 , 114 , (11 20 7 1 6) , 1423 , ((6 * 20) - 6) , 154
2020.09.08-13.07.57,v1.05-11-gdf88c32,58 , 114 , (11 20 7 1 6) , 202 , ((6 * 20) - (7 - 1)) , 7
2020.09.08-13.07.57,v1.05-11-gdf88c32,59 , 114 , (11 20 7 1 6) , 945 , ((6 * 20) - (7 - 1)) , 58
2020.09.08-13.07.57,v1.05-11-gdf88c32,60 , 114 , (11 20 7 1 6) , 208 , ((6 * 20) - (7 - 1)) , 10
2020.09.08-13.07.57,v1.05-11-gdf88c32,61 , 114 , (11 20 7 1 6) , 219 , ((6 * 20) - (7 - 1)) , 16
2020.09.08-13.07.57,v1.05-11-gdf88c32,62 , 114 , (11 20 7 1 6) , 160 , ((6 * 20) - (7 - 1)) , 7
2020.09.08-13.07.57,v1.05-11-gdf88c32,63 , 114 , (11 20 7 1 6) , 91 , ((6 * 20) - (7 - 1)) , 7
2020.09.08-13.07.57,v1.05-11-gdf88c32,64 , 114 , (11 20 7 1 6) , 134 , ((6 * 20) - 6) , 23
2020.09.08-13.07.57,v1.05-11-gdf88c32,65 , 114 , (11 20 7 1 6) , 415 , ((6 * 20) - (7 - 1)) , 29
2020.09.08-13.07.57,v1.05-11-gdf88c32,66 , 114 , (11 20 7 1 6) , 167 , ((6 * 20) - (7 - 1)) , 0
2020.09.08-13.07.57,v1.05-11-gdf88c32,67 , 114 , (11 20 7 1 6) , 1758 , ((6 * 20) - 6) , 250
2020.09.08-13.07.57,v1.05-11-gdf88c32,68 , 114 , (11 20 7 1 6) , 597 , ((6 * 20) - (7 - 1)) , 98
2020.09.08-13.07.57,v1.05-11-gdf88c32,69 , 114 , (11 20 7 1 6) , 310 , ((6 * 20) - (7 - 1)) , 21
2020.09.08-13.07.57,v1.05-11-gdf88c32,70 , 114 , (11 20 7 1 6) , 403 , ((6 * 20) - (7 - 1)) , 23
2020.09.08-13.07.57,v1.05-11-gdf88c32,71 , 114 , (11 20 7 1 6) , 743 , ((6 * 20) - (7 - 1)) , 25
2020.09.08-13.07.57,v1.05-11-gdf88c32,72 , 114 , (11 20 7 1 6) , 119 , ((6 * 20) - (7 - 1)) , 16
2020.09.08-13.07.57,v1.05-11-gdf88c32,73 , 114 , (11 20 7 1 6) , 246 , ((6 * 20) - (7 - 1)) , 14
2020.09.08-13.07.57,v1.05-11-gdf88c32,74 , 114 , (11 20 7 1 6) , 471 , ((20 * 6) - (7 - 1)) , 39
2020.09.08-13.07.57,v1.05-11-gdf88c32,75 , 114 , (11 20 7 1 6) , 559 , ((6 * 20) - (7 - 1)) , 56
2020.09.08-13.07.57,v1.05-11-gdf88c32,76 , 114 , (11 20 7 1 6) , 489 , ((6 * 20) - (7 - 1)) , 15
2020.09.08-13.07.57,v1.05-11-gdf88c32,77 , 114 , (11 20 7 1 6) , 140 , ((6 * 20) - (7 - 1)) , 11
2020.09.08-13.07.57,v1.05-11-gdf88c32,78 , 114 , (11 20 7 1 6) , 1008 , ((20 * 6) - (7 - 1)) , 72
2020.09.08-13.07.57,v1.05-11-gdf88c32,79 , 114 , (11 20 7 1 6) , 930 , ((6 * 20) - (7 - 1)) , 41
2020.09.08-13.07.57,v1.05-11-gdf88c32,80 , 114 , (11 20 7 1 6) , 859 , ((6 * 20) - (7 - 1)) , 56
2020.09.08-13.07.57,v1.05-11-gdf88c32,81 , 114 , (11 20 7 1 6) , 410 , ((6 * 20) - (7 - 1)) , 49
2020.09.08-13.07.57,v1.05-11-gdf88c32,82 , 114 , (11 20 7 1 6) , 192 , ((6 * 20) - (7 - 1)) , 12
2020.09.08-13.07.57,v1.05-11-gdf88c32,83 , 114 , (11 20 7 1 6) , 65 , ((6 * 20) - (7 - 1)) , 0
2020.09.08-13.07.57,v1.05-11-gdf88c32,84 , 114 , (11 20 7 1 6) , 879 , ((6 * 20) - (7 - 1)) , 112
2020.09.08-13.07.57,v1.05-11-gdf88c32,85 , 114 , (11 20 7 1 6) , 513 , ((6 * 20) - (7 - 1)) , 45
2020.09.08-13.07.57,v1.05-11-gdf88c32,86 , 114 , (11 20 7 1 6) , 397 , ((6 * 20) - (7 - 1)) , 33
2020.09.08-13.07.57,v1.05-11-gdf88c32,87 , 114 , (11 20 7 1 6) , 322 , ((6 * 20) - (7 - 1)) , 25
2020.09.08-13.07.57,v1.05-11-gdf88c32,88 , 114 , (11 20 7 1 6) , 254 , ((6 * 20) - (7 - 1)) , 6
2020.09.08-13.07.57,v1.05-11-gdf88c32,89 , 114 , (11 20 7 1 6) , 106 , ((6 * 20) - (7 - 1)) , 20
2020.09.08-13.07.57,v1.05-11-gdf88c32,90 , 114 , (11 20 7 1 6) , 383 , ((6 * 20) - 6) , 71
2020.09.08-13.07.57,v1.05-11-gdf88c32,91 , 114 , (11 20 7 1 6) , 139 , ((6 * 20) - (7 - 1)) , 11
2020.09.08-13.07.57,v1.05-11-gdf88c32,92 , 114 , (11 20 7 1 6) , 146 , ((6 * 20) - (7 - 1)) , 0
2020.09.08-13.07.57,v1.05-11-gdf88c32,93 , 114 , (11 20 7 1 6) , 389 , ((6 * 20) - (7 - 1)) , 25
2020.09.08-13.07.57,v1.05-11-gdf88c32,94 , 114 , (11 20 7 1 6) , 48 , ((6 * 20) - (7 - 1)) , 0
2020.09.08-13.07.57,v1.05-11-gdf88c32,95 , 114 , (11 20 7 1 6) , 449 , ((6 * 20) - (7 - 1)) , 23
2020.09.08-13.07.57,v1.05-11-gdf88c32,96 , 114 , (11 20 7 1 6) , 346 , ((6 * 20) - (7 - 1)) , 17
2020.09.08-13.07.57,v1.05-11-gdf88c32,97 , 114 , (11 20 7 1 6) , 65 , ((6 * 20) - (7 - 1)) , 0
2020.09.08-13.07.57,v1.05-11-gdf88c32,98 , 114 , (11 20 7 1 6) , 2000 , none,  177
2020.09.08-13.07.57,v1.05-11-gdf88c32,99 , 114 , (11 20 7 1 6) , 494 , ((6 * 20) - (7 - 1)) , 58
2020.09.08-13.07.57,v1.05-11-gdf88c32,0 , 87 , (8 3 9 10 7) , 1883 , ((10 * 9) - 3) , 449
2020.09.08-13.07.57,v1.05-11-gdf88c32,1 , 87 , (8 3 9 10 7) , 677 , ((9 * 10) - 3) , 124
2020.09.08-13.07.57,v1.05-11-gdf88c32,2 , 87 , (8 3 9 10 7) , 627 , ((9 * 10) - 3) , 159
2020.09.08-13.07.57,v1.05-11-gdf88c32,3 , 87 , (8 3 9 10 7) , 1595 , ((9 * 10) - 3) , 377
2020.09.08-13.07.57,v1.05-11-gdf88c32,4 , 87 , (8 3 9 10 7) , 822 , ((9 * 10) - 3) , 206
2020.09.08-13.07.57,v1.05-11-gdf88c32,5 , 87 , (8 3 9 10 7) , 846 , ((9 * 10) - 3) , 153
2020.09.08-13.07.57,v1.05-11-gdf88c32,6 , 87 , (8 3 9 10 7) , 419 , ((9 * 10) - 3) , 83
2020.09.08-13.07.57,v1.05-11-gdf88c32,7 , 87 , (8 3 9 10 7) , 400 , ((9 * 10) - 3) , 54
2020.09.08-13.07.57,v1.05-11-gdf88c32,8 , 87 , (8 3 9 10 7) , 828 , ((9 * 10) - 3) , 136
2020.09.08-13.07.57,v1.05-11-gdf88c32,9 , 87 , (8 3 9 10 7) , 1009 , ((8 * 10) + 7) , 36
2020.09.08-13.07.57,v1.05-11-gdf88c32,10 , 87 , (8 3 9 10 7) , 632 , ((9 * 10) - 3) , 95
2020.09.08-13.07.57,v1.05-11-gdf88c32,11 , 87 , (8 3 9 10 7) , 1600 , ((9 * 10) - 3) , 337
2020.09.08-13.07.57,v1.05-11-gdf88c32,12 , 87 , (8 3 9 10 7) , 463 , ((9 * 10) - 3) , 74
2020.09.08-13.07.57,v1.05-11-gdf88c32,13 , 87 , (8 3 9 10 7) , 1430 , ((9 * 10) - 3) , 345
2020.09.08-13.07.57,v1.05-11-gdf88c32,14 , 87 , (8 3 9 10 7) , 1472 , ((9 * 10) - 3) , 412
2020.09.08-13.07.57,v1.05-11-gdf88c32,15 , 87 , (8 3 9 10 7) , 1568 , ((8 * 10) + 7) , 424
2020.09.08-13.07.57,v1.05-11-gdf88c32,16 , 87 , (8 3 9 10 7) , 66 , ((8 * 10) + 7) , 0
2020.09.08-13.07.57,v1.05-11-gdf88c32,17 , 87 , (8 3 9 10 7) , 40 , ((9 * 10) - 3) , 2
2020.09.08-13.07.57,v1.05-11-gdf88c32,18 , 87 , (8 3 9 10 7) , 508 , ((9 * 10) - 3) , 30
2020.09.08-13.07.57,v1.05-11-gdf88c32,19 , 87 , (8 3 9 10 7) , 79 , ((9 * 10) - 3) , 6
2020.09.08-13.07.57,v1.05-11-gdf88c32,20 , 87 , (8 3 9 10 7) , 77 , ((8 * 10) + 7) , 0
2020.09.08-13.07.57,v1.05-11-gdf88c32,21 , 87 , (8 3 9 10 7) , 459 , ((9 * 10) - 3) , 95
2020.09.08-13.07.57,v1.05-11-gdf88c32,22 , 87 , (8 3 9 10 7) , 1338 , ((9 * 10) - 3) , 334
2020.09.08-13.07.57,v1.05-11-gdf88c32,23 , 87 , (8 3 9 10 7) , 2000 , none,  482
2020.09.08-13.07.57,v1.05-11-gdf88c32,24 , 87 , (8 3 9 10 7) , 553 , ((9 * 10) - 3) , 37
2020.09.08-13.07.57,v1.05-11-gdf88c32,25 , 87 , (8 3 9 10 7) , 276 , ((9 * 10) - 3) , 27
2020.09.08-13.07.57,v1.05-11-gdf88c32,26 , 87 , (8 3 9 10 7) , 55 , ((9 * 10) - 3) , 2
2020.09.08-13.07.57,v1.05-11-gdf88c32,27 , 87 , (8 3 9 10 7) , 930 , ((9 * 10) - 3) , 187
2020.09.08-13.07.57,v1.05-11-gdf88c32,28 , 87 , (8 3 9 10 7) , 43 , ((9 * 10) - 3) , 0
2020.09.08-13.07.57,v1.05-11-gdf88c32,29 , 87 , (8 3 9 10 7) , 307 , ((9 * 10) - 3) , 42
2020.09.08-13.07.57,v1.05-11-gdf88c32,30 , 87 , (8 3 9 10 7) , 231 , ((9 * 10) - 3) , 52
2020.09.08-13.07.57,v1.05-11-gdf88c32,31 , 87 , (8 3 9 10 7) , 660 , ((9 * 10) - 3) , 118
2020.09.08-13.07.57,v1.05-11-gdf88c32,32 , 87 , (8 3 9 10 7) , 1141 , ((9 * 10) - 3) , 207
2020.09.08-13.07.57,v1.05-11-gdf88c32,33 , 87 , (8 3 9 10 7) , 100 , ((9 * 10) - 3) , 14
2020.09.08-13.07.57,v1.05-11-gdf88c32,34 , 87 , (8 3 9 10 7) , 591 , ((9 * 10) - 3) , 113
2020.09.08-13.07.57,v1.05-11-gdf88c32,35 , 87 , (8 3 9 10 7) , 376 , ((9 * 10) - 3) , 37
2020.09.08-13.07.57,v1.05-11-gdf88c32,36 , 87 , (8 3 9 10 7) , 750 , ((9 * 10) - 3) , 87
2020.09.08-13.07.57,v1.05-11-gdf88c32,37 , 87 , (8 3 9 10 7) , 200 , ((9 * 10) - 3) , 34
2020.09.08-13.07.57,v1.05-11-gdf88c32,38 , 87 , (8 3 9 10 7) , 723 , ((9 * 10) - 3) , 97
2020.09.08-13.07.57,v1.05-11-gdf88c32,39 , 87 , (8 3 9 10 7) , 440 , ((9 * 10) - 3) , 90
2020.09.08-13.07.57,v1.05-11-gdf88c32,40 , 87 , (8 3 9 10 7) , 515 , ((9 * 10) - 3) , 71
2020.09.08-13.07.57,v1.05-11-gdf88c32,41 , 87 , (8 3 9 10 7) , 66 , ((10 * 8) + 7) , 0
2020.09.08-13.07.57,v1.05-11-gdf88c32,42 , 87 , (8 3 9 10 7) , 1836 , ((9 * 10) - 3) , 405
2020.09.08-13.07.57,v1.05-11-gdf88c32,43 , 87 , (8 3 9 10 7) , 1431 , ((9 * 10) - 3) , 373
2020.09.08-13.07.57,v1.05-11-gdf88c32,44 , 87 , (8 3 9 10 7) , 717 , ((9 * 10) - 3) , 129
2020.09.08-13.07.57,v1.05-11-gdf88c32,45 , 87 , (8 3 9 10 7) , 811 , ((9 * 10) - 3) , 58
2020.09.08-13.07.57,v1.05-11-gdf88c32,46 , 87 , (8 3 9 10 7) , 579 , ((9 * 10) - 3) , 101
2020.09.08-13.07.57,v1.05-11-gdf88c32,47 , 87 , (8 3 9 10 7) , 1130 , ((9 * 10) - 3) , 282
2020.09.08-13.07.57,v1.05-11-gdf88c32,48 , 87 , (8 3 9 10 7) , 302 , ((9 * 10) - 3) , 2
2020.09.08-13.07.57,v1.05-11-gdf88c32,49 , 87 , (8 3 9 10 7) , 58 , ((9 * 10) - 3) , 0
2020.09.08-13.07.57,v1.05-11-gdf88c32,50 , 87 , (8 3 9 10 7) , 227 , ((9 * 10) - 3) , 35
2020.09.08-13.07.57,v1.05-11-gdf88c32,51 , 87 , (8 3 9 10 7) , 1116 , ((9 * 10) - 3) , 255
2020.09.08-13.07.57,v1.05-11-gdf88c32,52 , 87 , (8 3 9 10 7) , 215 , ((9 * 10) - 3) , 42
2020.09.08-13.07.57,v1.05-11-gdf88c32,53 , 87 , (8 3 9 10 7) , 54 , ((8 * 10) + 7) , 1
2020.09.08-13.07.57,v1.05-11-gdf88c32,54 , 87 , (8 3 9 10 7) , 476 , ((7 * 10) + (8 + 9)) , 18
2020.09.08-13.07.57,v1.05-11-gdf88c32,55 , 87 , (8 3 9 10 7) , 567 , ((9 * 10) - 3) , 92
2020.09.08-13.07.57,v1.05-11-gdf88c32,56 , 87 , (8 3 9 10 7) , 1106 , ((9 * 10) - 3) , 268
2020.09.08-13.07.57,v1.05-11-gdf88c32,57 , 87 , (8 3 9 10 7) , 369 , ((9 * 10) - 3) , 62
2020.09.08-13.07.57,v1.05-11-gdf88c32,58 , 87 , (8 3 9 10 7) , 1799 , ((9 * 10) - 3) , 378
2020.09.08-13.07.57,v1.05-11-gdf88c32,59 , 87 , (8 3 9 10 7) , 505 , ((9 * 10) - 3) , 96
2020.09.08-13.07.57,v1.05-11-gdf88c32,60 , 87 , (8 3 9 10 7) , 266 , ((9 * 10) - 3) , 67
2020.09.08-13.07.57,v1.05-11-gdf88c32,61 , 87 , (8 3 9 10 7) , 173 , ((9 * 10) - 3) , 34
2020.09.08-13.07.57,v1.05-11-gdf88c32,62 , 87 , (8 3 9 10 7) , 1300 , ((9 * 10) - 3) , 292
2020.09.08-13.07.57,v1.05-11-gdf88c32,63 , 87 , (8 3 9 10 7) , 2000 , none,  359
2020.09.08-13.07.57,v1.05-11-gdf88c32,64 , 87 , (8 3 9 10 7) , 67 , ((9 * 10) - 3) , 0
2020.09.08-13.07.57,v1.05-11-gdf88c32,65 , 87 , (8 3 9 10 7) , 643 , ((9 * 10) - 3) , 84
2020.09.08-13.07.57,v1.05-11-gdf88c32,66 , 87 , (8 3 9 10 7) , 765 , ((9 * 10) - 3) , 116
2020.09.08-13.07.57,v1.05-11-gdf88c32,67 , 87 , (8 3 9 10 7) , 66 , ((9 * 10) - 3) , 0
2020.09.08-13.07.57,v1.05-11-gdf88c32,68 , 87 , (8 3 9 10 7) , 228 , ((9 * 10) - 3) , 41
2020.09.08-13.07.57,v1.05-11-gdf88c32,69 , 87 , (8 3 9 10 7) , 413 , ((9 * 10) - 3) , 13
2020.09.08-13.07.57,v1.05-11-gdf88c32,70 , 87 , (8 3 9 10 7) , 63 , ((9 * 10) - 3) , 5
2020.09.08-13.07.57,v1.05-11-gdf88c32,71 , 87 , (8 3 9 10 7) , 346 , ((9 * 10) - 3) , 75
2020.09.08-13.07.57,v1.05-11-gdf88c32,72 , 87 , (8 3 9 10 7) , 249 , ((9 * 10) - 3) , 28
2020.09.08-13.07.57,v1.05-11-gdf88c32,73 , 87 , (8 3 9 10 7) , 217 , ((9 * 10) - 3) , 39
2020.09.08-13.07.57,v1.05-11-gdf88c32,74 , 87 , (8 3 9 10 7) , 319 , ((9 * 10) - 3) , 19
2020.09.08-13.07.57,v1.05-11-gdf88c32,75 , 87 , (8 3 9 10 7) , 826 , ((9 * 10) - 3) , 4
2020.09.08-13.07.57,v1.05-11-gdf88c32,76 , 87 , (8 3 9 10 7) , 902 , ((9 * 10) - 3) , 212
2020.09.08-13.07.57,v1.05-11-gdf88c32,77 , 87 , (8 3 9 10 7) , 196 , ((9 * 10) - 3) , 12
2020.09.08-13.07.57,v1.05-11-gdf88c32,78 , 87 , (8 3 9 10 7) , 601 , ((9 * 10) - 3) , 103
2020.09.08-13.07.57,v1.05-11-gdf88c32,79 , 87 , (8 3 9 10 7) , 1848 , ((9 * 10) - 3) , 363
2020.09.08-13.07.57,v1.05-11-gdf88c32,80 , 87 , (8 3 9 10 7) , 61 , ((9 * 10) - 3) , 0
2020.09.08-13.07.57,v1.05-11-gdf88c32,81 , 87 , (8 3 9 10 7) , 335 , ((7 * 10) + (8 + 9)) , 18
2020.09.08-13.07.57,v1.05-11-gdf88c32,82 , 87 , (8 3 9 10 7) , 59 , ((9 * 10) - 3) , 12
2020.09.08-13.07.57,v1.05-11-gdf88c32,83 , 87 , (8 3 9 10 7) , 983 , ((9 * 10) - 3) , 171
2020.09.08-13.07.57,v1.05-11-gdf88c32,84 , 87 , (8 3 9 10 7) , 1088 , ((9 * 10) - 3) , 302
2020.09.08-13.07.57,v1.05-11-gdf88c32,85 , 87 , (8 3 9 10 7) , 198 , ((7 * 9) + (3 * 8)) , 29
2020.09.08-13.07.57,v1.05-11-gdf88c32,86 , 87 , (8 3 9 10 7) , 670 , ((9 * 10) - 3) , 198
2020.09.08-13.07.57,v1.05-11-gdf88c32,87 , 87 , (8 3 9 10 7) , 527 , ((9 * 10) - 3) , 76
2020.09.08-13.07.57,v1.05-11-gdf88c32,88 , 87 , (8 3 9 10 7) , 308 , ((9 * 10) - 3) , 91
2020.09.08-13.07.57,v1.05-11-gdf88c32,89 , 87 , (8 3 9 10 7) , 228 , ((8 * 10) + 7) , 43
2020.09.08-13.07.57,v1.05-11-gdf88c32,90 , 87 , (8 3 9 10 7) , 1565 , ((9 * 10) - 3) , 349
2020.09.08-13.07.57,v1.05-11-gdf88c32,91 , 87 , (8 3 9 10 7) , 1549 , ((9 * 10) - 3) , 433
2020.09.08-13.07.57,v1.05-11-gdf88c32,92 , 87 , (8 3 9 10 7) , 229 , ((9 * 10) - 3) , 0
2020.09.08-13.07.57,v1.05-11-gdf88c32,93 , 87 , (8 3 9 10 7) , 1212 , ((9 * 10) - 3) , 282
2020.09.08-13.07.57,v1.05-11-gdf88c32,94 , 87 , (8 3 9 10 7) , 61 , ((9 * 10) - 3) , 0
2020.09.08-13.07.57,v1.05-11-gdf88c32,95 , 87 , (8 3 9 10 7) , 88 , ((9 * 10) - 3) , 17
2020.09.08-13.07.57,v1.05-11-gdf88c32,96 , 87 , (8 3 9 10 7) , 675 , ((9 * 10) - 3) , 153
2020.09.08-13.07.57,v1.05-11-gdf88c32,97 , 87 , (8 3 9 10 7) , 1081 , ((9 * 10) - 3) , 216
2020.09.08-13.07.57,v1.05-11-gdf88c32,98 , 87 , (8 3 9 10 7) , 182 , ((9 * 10) - 3) , 12
2020.09.08-13.07.57,v1.05-11-gdf88c32,99 , 87 , (8 3 9 10 7) , 87 , ((9 * 10) - 3) , 10
2020.09.08-13.07.57,v1.05-11-gdf88c32,0 , 31 , (3 5 24 3 14) , 2000 , none,  151
2020.09.08-13.07.57,v1.05-11-gdf88c32,1 , 31 , (3 5 24 3 14) , 2000 , none,  168
2020.09.08-13.07.57,v1.05-11-gdf88c32,2 , 31 , (3 5 24 3 14) , 2000 , none,  121
2020.09.08-13.07.57,v1.05-11-gdf88c32,3 , 31 , (3 5 24 3 14) , 2000 , none,  167
2020.09.08-13.07.57,v1.05-11-gdf88c32,4 , 31 , (3 5 24 3 14) , 2000 , none,  137
2020.09.08-13.07.57,v1.05-11-gdf88c32,5 , 31 , (3 5 24 3 14) , 2000 , none,  108
2020.09.08-13.07.57,v1.05-11-gdf88c32,6 , 31 , (3 5 24 3 14) , 2000 , none,  150
2020.09.08-13.07.57,v1.05-11-gdf88c32,7 , 31 , (3 5 24 3 14) , 2000 , none,  114
2020.09.08-13.07.57,v1.05-11-gdf88c32,8 , 31 , (3 5 24 3 14) , 2000 , none,  92
2020.09.08-13.07.57,v1.05-11-gdf88c32,9 , 31 , (3 5 24 3 14) , 2000 , none,  191
2020.09.08-13.07.57,v1.05-11-gdf88c32,10 , 31 , (3 5 24 3 14) , 2000 , none,  173
2020.09.08-13.07.57,v1.05-11-gdf88c32,11 , 31 , (3 5 24 3 14) , 2000 , none,  290
2020.09.08-13.07.57,v1.05-11-gdf88c32,12 , 31 , (3 5 24 3 14) , 2000 , none,  220
2020.09.08-13.07.57,v1.05-11-gdf88c32,13 , 31 , (3 5 24 3 14) , 2000 , none,  170
2020.09.08-13.07.57,v1.05-11-gdf88c32,14 , 31 , (3 5 24 3 14) , 2000 , none,  204
2020.09.08-13.07.57,v1.05-11-gdf88c32,15 , 31 , (3 5 24 3 14) , 2000 , none,  108
2020.09.08-13.07.57,v1.05-11-gdf88c32,16 , 31 , (3 5 24 3 14) , 2000 , none,  134
2020.09.08-13.07.57,v1.05-11-gdf88c32,17 , 31 , (3 5 24 3 14) , 2000 , none,  185
2020.09.08-13.07.57,v1.05-11-gdf88c32,18 , 31 , (3 5 24 3 14) , 2000 , none,  204
2020.09.08-13.07.57,v1.05-11-gdf88c32,19 , 31 , (3 5 24 3 14) , 2000 , none,  182
2020.09.08-13.07.57,v1.05-11-gdf88c32,20 , 31 , (3 5 24 3 14) , 2000 , none,  230
2020.09.08-13.07.57,v1.05-11-gdf88c32,21 , 31 , (3 5 24 3 14) , 2000 , none,  201
2020.09.08-13.07.57,v1.05-11-gdf88c32,22 , 31 , (3 5 24 3 14) , 2000 , none,  329
2020.09.08-13.07.57,v1.05-11-gdf88c32,23 , 31 , (3 5 24 3 14) , 2000 , none,  159
2020.09.08-13.07.57,v1.05-11-gdf88c32,24 , 31 , (3 5 24 3 14) , 2000 , none,  96
2020.09.08-13.07.57,v1.05-11-gdf88c32,25 , 31 , (3 5 24 3 14) , 2000 , none,  153
2020.09.08-13.07.57,v1.05-11-gdf88c32,26 , 31 , (3 5 24 3 14) , 2000 , none,  61
2020.09.08-13.07.57,v1.05-11-gdf88c32,27 , 31 , (3 5 24 3 14) , 2000 , none,  224
2020.09.08-13.07.57,v1.05-11-gdf88c32,28 , 31 , (3 5 24 3 14) , 2000 , none,  148
2020.09.08-13.07.57,v1.05-11-gdf88c32,29 , 31 , (3 5 24 3 14) , 2000 , none,  136
2020.09.08-13.07.57,v1.05-11-gdf88c32,30 , 31 , (3 5 24 3 14) , 2000 , none,  200
2020.09.08-13.07.57,v1.05-11-gdf88c32,31 , 31 , (3 5 24 3 14) , 2000 , none,  151
2020.09.08-13.07.57,v1.05-11-gdf88c32,32 , 31 , (3 5 24 3 14) , 2000 , none,  145
2020.09.08-13.07.57,v1.05-11-gdf88c32,33 , 31 , (3 5 24 3 14) , 2000 , none,  183
2020.09.08-13.07.57,v1.05-11-gdf88c32,34 , 31 , (3 5 24 3 14) , 2000 , none,  103
2020.09.08-13.07.57,v1.05-11-gdf88c32,35 , 31 , (3 5 24 3 14) , 2000 , none,  311
2020.09.08-13.07.57,v1.05-11-gdf88c32,36 , 31 , (3 5 24 3 14) , 2000 , none,  231
2020.09.08-13.07.57,v1.05-11-gdf88c32,37 , 31 , (3 5 24 3 14) , 2000 , none,  153
2020.09.08-13.07.57,v1.05-11-gdf88c32,38 , 31 , (3 5 24 3 14) , 2000 , none,  157
2020.09.08-13.07.57,v1.05-11-gdf88c32,39 , 31 , (3 5 24 3 14) , 2000 , none,  243
2020.09.08-13.07.57,v1.05-11-gdf88c32,40 , 31 , (3 5 24 3 14) , 2000 , none,  105
2020.09.08-13.07.57,v1.05-11-gdf88c32,41 , 31 , (3 5 24 3 14) , 2000 , none,  179
2020.09.08-13.07.57,v1.05-11-gdf88c32,42 , 31 , (3 5 24 3 14) , 2000 , none,  198
2020.09.08-13.07.57,v1.05-11-gdf88c32,43 , 31 , (3 5 24 3 14) , 2000 , none,  158
2020.09.08-13.07.57,v1.05-11-gdf88c32,44 , 31 , (3 5 24 3 14) , 2000 , none,  160
2020.09.08-13.07.57,v1.05-11-gdf88c32,45 , 31 , (3 5 24 3 14) , 2000 , none,  100
2020.09.08-13.07.57,v1.05-11-gdf88c32,46 , 31 , (3 5 24 3 14) , 2000 , none,  148
2020.09.08-13.07.57,v1.05-11-gdf88c32,47 , 31 , (3 5 24 3 14) , 2000 , none,  165
2020.09.08-13.07.57,v1.05-11-gdf88c32,48 , 31 , (3 5 24 3 14) , 2000 , none,  125
2020.09.08-13.07.57,v1.05-11-gdf88c32,49 , 31 , (3 5 24 3 14) , 2000 , none,  162
2020.09.08-13.07.57,v1.05-11-gdf88c32,50 , 31 , (3 5 24 3 14) , 2000 , none,  247
2020.09.08-13.07.57,v1.05-11-gdf88c32,51 , 31 , (3 5 24 3 14) , 2000 , none,  149
2020.09.08-13.07.57,v1.05-11-gdf88c32,52 , 31 , (3 5 24 3 14) , 2000 , none,  306
2020.09.08-13.07.57,v1.05-11-gdf88c32,53 , 31 , (3 5 24 3 14) , 2000 , none,  150
2020.09.08-13.07.57,v1.05-11-gdf88c32,54 , 31 , (3 5 24 3 14) , 2000 , none,  138
2020.09.08-13.07.57,v1.05-11-gdf88c32,55 , 31 , (3 5 24 3 14) , 2000 , none,  123
2020.09.08-13.07.57,v1.05-11-gdf88c32,56 , 31 , (3 5 24 3 14) , 2000 , none,  207
2020.09.08-13.07.57,v1.05-11-gdf88c32,57 , 31 , (3 5 24 3 14) , 2000 , none,  123
2020.09.08-13.07.57,v1.05-11-gdf88c32,58 , 31 , (3 5 24 3 14) , 2000 , none,  173
2020.09.08-13.07.57,v1.05-11-gdf88c32,59 , 31 , (3 5 24 3 14) , 2000 , none,  133
2020.09.08-13.07.57,v1.05-11-gdf88c32,60 , 31 , (3 5 24 3 14) , 2000 , none,  121
2020.09.08-13.07.57,v1.05-11-gdf88c32,61 , 31 , (3 5 24 3 14) , 2000 , none,  214
2020.09.08-13.07.57,v1.05-11-gdf88c32,62 , 31 , (3 5 24 3 14) , 2000 , none,  93
2020.09.08-13.07.57,v1.05-11-gdf88c32,63 , 31 , (3 5 24 3 14) , 2000 , none,  233
2020.09.08-13.07.57,v1.05-11-gdf88c32,64 , 31 , (3 5 24 3 14) , 2000 , none,  133
2020.09.08-13.07.57,v1.05-11-gdf88c32,65 , 31 , (3 5 24 3 14) , 2000 , none,  185
2020.09.08-13.07.57,v1.05-11-gdf88c32,66 , 31 , (3 5 24 3 14) , 2000 , none,  154
2020.09.08-13.07.57,v1.05-11-gdf88c32,67 , 31 , (3 5 24 3 14) , 2000 , none,  194
2020.09.08-13.07.57,v1.05-11-gdf88c32,68 , 31 , (3 5 24 3 14) , 2000 , none,  201
2020.09.08-13.07.57,v1.05-11-gdf88c32,69 , 31 , (3 5 24 3 14) , 2000 , none,  186
2020.09.08-13.07.57,v1.05-11-gdf88c32,70 , 31 , (3 5 24 3 14) , 2000 , none,  190
2020.09.08-13.07.57,v1.05-11-gdf88c32,71 , 31 , (3 5 24 3 14) , 2000 , none,  181
2020.09.08-13.07.57,v1.05-11-gdf88c32,72 , 31 , (3 5 24 3 14) , 2000 , none,  156
2020.09.08-13.07.57,v1.05-11-gdf88c32,73 , 31 , (3 5 24 3 14) , 2000 , none,  136
2020.09.08-13.07.57,v1.05-11-gdf88c32,74 , 31 , (3 5 24 3 14) , 2000 , none,  211
2020.09.08-13.07.57,v1.05-11-gdf88c32,75 , 31 , (3 5 24 3 14) , 2000 , none,  137
2020.09.08-13.07.57,v1.05-11-gdf88c32,76 , 31 , (3 5 24 3 14) , 2000 , none,  179
2020.09.08-13.07.57,v1.05-11-gdf88c32,77 , 31 , (3 5 24 3 14) , 2000 , none,  127
2020.09.08-13.07.57,v1.05-11-gdf88c32,78 , 31 , (3 5 24 3 14) , 2000 , none,  98
2020.09.08-13.07.57,v1.05-11-gdf88c32,79 , 31 , (3 5 24 3 14) , 2000 , none,  143
2020.09.08-13.07.57,v1.05-11-gdf88c32,80 , 31 , (3 5 24 3 14) , 2000 , none,  196
2020.09.08-13.07.57,v1.05-11-gdf88c32,81 , 31 , (3 5 24 3 14) , 2000 , none,  193
2020.09.08-13.07.57,v1.05-11-gdf88c32,82 , 31 , (3 5 24 3 14) , 2000 , none,  255
2020.09.08-13.07.57,v1.05-11-gdf88c32,83 , 31 , (3 5 24 3 14) , 2000 , none,  194
2020.09.08-13.07.57,v1.05-11-gdf88c32,84 , 31 , (3 5 24 3 14) , 2000 , none,  144
2020.09.08-13.07.57,v1.05-11-gdf88c32,85 , 31 , (3 5 24 3 14) , 2000 , none,  212
2020.09.08-13.07.57,v1.05-11-gdf88c32,86 , 31 , (3 5 24 3 14) , 2000 , none,  163
2020.09.08-13.07.57,v1.05-11-gdf88c32,87 , 31 , (3 5 24 3 14) , 2000 , none,  169
2020.09.08-13.07.57,v1.05-11-gdf88c32,88 , 31 , (3 5 24 3 14) , 2000 , none,  191
2020.09.08-13.07.57,v1.05-11-gdf88c32,89 , 31 , (3 5 24 3 14) , 2000 , none,  137
2020.09.08-13.07.57,v1.05-11-gdf88c32,90 , 31 , (3 5 24 3 14) , 2000 , none,  216
2020.09.08-13.07.57,v1.05-11-gdf88c32,91 , 31 , (3 5 24 3 14) , 2000 , none,  164
2020.09.08-13.07.57,v1.05-11-gdf88c32,92 , 31 , (3 5 24 3 14) , 2000 , none,  153
2020.09.08-13.07.57,v1.05-11-gdf88c32,93 , 31 , (3 5 24 3 14) , 2000 , none,  201
2020.09.08-13.07.57,v1.05-11-gdf88c32,94 , 31 , (3 5 24 3 14) , 2000 , none,  154
2020.09.08-13.07.57,v1.05-11-gdf88c32,95 , 31 , (3 5 24 3 14) , 2000 , none,  199
2020.09.08-13.07.57,v1.05-11-gdf88c32,96 , 31 , (3 5 24 3 14) , 2000 , none,  106
2020.09.08-13.07.57,v1.05-11-gdf88c32,97 , 31 , (3 5 24 3 14) , 2000 , none,  186
2020.09.08-13.07.57,v1.05-11-gdf88c32,98 , 31 , (3 5 24 3 14) , 2000 , none,  186
2020.09.08-13.07.57,v1.05-11-gdf88c32,99 , 31 , (3 5 24 3 14) , 2000 , none,  97
2020.09.08-13.07.57,v1.05-11-gdf88c32,0 , 25 , (8 5 5 11 2) , 192 , (5 * 5) , 0
2020.09.08-13.07.57,v1.05-11-gdf88c32,1 , 25 , (8 5 5 11 2) , 212 , ((2 * 11) + (8 - 5)) , 1
2020.09.08-13.07.57,v1.05-11-gdf88c32,2 , 25 , (8 5 5 11 2) , 75 , (5 * 5) , 3
2020.09.08-13.07.57,v1.05-11-gdf88c32,3 , 25 , (8 5 5 11 2) , 435 , (5 * 5) , 16
2020.09.08-13.07.57,v1.05-11-gdf88c32,4 , 25 , (8 5 5 11 2) , 225 , (5 * 5) , 15
2020.09.08-13.07.57,v1.05-11-gdf88c32,5 , 25 , (8 5 5 11 2) , 149 , (5 * 5) , 0
2020.09.08-13.07.57,v1.05-11-gdf88c32,6 , 25 , (8 5 5 11 2) , 169 , (5 * 5) , 25
2020.09.08-13.07.57,v1.05-11-gdf88c32,7 , 25 , (8 5 5 11 2) , 87 , (5 * 5) , 0
2020.09.08-13.07.57,v1.05-11-gdf88c32,8 , 25 , (8 5 5 11 2) , 58 , (5 * 5) , 0
2020.09.08-13.07.57,v1.05-11-gdf88c32,9 , 25 , (8 5 5 11 2) , 169 , (5 * 5) , 3
2020.09.08-13.07.57,v1.05-11-gdf88c32,10 , 25 , (8 5 5 11 2) , 27 , (5 * 5) , 0
2020.09.08-13.07.57,v1.05-11-gdf88c32,11 , 25 , (8 5 5 11 2) , 168 , (5 * 5) , 11
2020.09.08-13.07.57,v1.05-11-gdf88c32,12 , 25 , (8 5 5 11 2) , 559 , (5 * 5) , 7
2020.09.08-13.07.57,v1.05-11-gdf88c32,13 , 25 , (8 5 5 11 2) , 27 , (5 * 5) , 0
2020.09.08-13.07.57,v1.05-11-gdf88c32,14 , 25 , (8 5 5 11 2) , 149 , ((2 * 11) + (8 - 5)) , 8
2020.09.08-13.07.57,v1.05-11-gdf88c32,15 , 25 , (8 5 5 11 2) , 29 , (5 * 5) , 0
2020.09.08-13.07.57,v1.05-11-gdf88c32,16 , 25 , (8 5 5 11 2) , 37 , (5 * 5) , 0
2020.09.08-13.07.57,v1.05-11-gdf88c32,17 , 25 , (8 5 5 11 2) , 45 , (5 * 5) , 0
2020.09.08-13.07.57,v1.05-11-gdf88c32,18 , 25 , (8 5 5 11 2) , 95 , (5 * 5) , 1
2020.09.08-13.07.57,v1.05-11-gdf88c32,19 , 25 , (8 5 5 11 2) , 144 , ((2 * 11) + (8 - 5)) , 0
2020.09.08-13.07.57,v1.05-11-gdf88c32,20 , 25 , (8 5 5 11 2) , 310 , (5 * 5) , 15
2020.09.08-13.07.57,v1.05-11-gdf88c32,21 , 25 , (8 5 5 11 2) , 77 , (5 * 5) , 7
2020.09.08-13.07.57,v1.05-11-gdf88c32,22 , 25 , (8 5 5 11 2) , 387 , (5 * 5) , 22
2020.09.08-13.07.57,v1.05-11-gdf88c32,23 , 25 , (8 5 5 11 2) , 50 , (5 * 5) , 0
2020.09.08-13.07.57,v1.05-11-gdf88c32,24 , 25 , (8 5 5 11 2) , 299 , (5 * 5) , 5
2020.09.08-13.07.57,v1.05-11-gdf88c32,25 , 25 , (8 5 5 11 2) , 26 , (5 * 5) , 0
2020.09.08-13.07.57,v1.05-11-gdf88c32,26 , 25 , (8 5 5 11 2) , 65 , (5 * 5) , 2
2020.09.08-13.07.57,v1.05-11-gdf88c32,27 , 25 , (8 5 5 11 2) , 85 , (5 * 5) , 0
2020.09.08-13.07.57,v1.05-11-gdf88c32,28 , 25 , (8 5 5 11 2) , 414 , (5 * 5) , 9
2020.09.08-13.07.57,v1.05-11-gdf88c32,29 , 25 , (8 5 5 11 2) , 172 , (5 * 5) , 16
2020.09.08-13.07.57,v1.05-11-gdf88c32,30 , 25 , (8 5 5 11 2) , 113 , (5 * 5) , 14
2020.09.08-13.07.57,v1.05-11-gdf88c32,31 , 25 , (8 5 5 11 2) , 51 , (5 * 5) , 0
2020.09.08-13.07.57,v1.05-11-gdf88c32,32 , 25 , (8 5 5 11 2) , 728 , (5 * 5) , 89
2020.09.08-13.07.57,v1.05-11-gdf88c32,33 , 25 , (8 5 5 11 2) , 60 , (5 * 5) , 0
2020.09.08-13.07.57,v1.05-11-gdf88c32,34 , 25 , (8 5 5 11 2) , 646 , (5 * 5) , 10
2020.09.08-13.07.57,v1.05-11-gdf88c32,35 , 25 , (8 5 5 11 2) , 81 , (5 * 5) , 0
2020.09.08-13.07.57,v1.05-11-gdf88c32,36 , 25 , (8 5 5 11 2) , 33 , (5 * 5) , 4
2020.09.08-13.07.57,v1.05-11-gdf88c32,37 , 25 , (8 5 5 11 2) , 168 , (5 * 5) , 3
2020.09.08-13.07.57,v1.05-11-gdf88c32,38 , 25 , (8 5 5 11 2) , 117 , (5 * 5) , 17
2020.09.08-13.07.57,v1.05-11-gdf88c32,39 , 25 , (8 5 5 11 2) , 594 , (5 * 5) , 0
2020.09.08-13.07.57,v1.05-11-gdf88c32,40 , 25 , (8 5 5 11 2) , 91 , (5 * 5) , 0
2020.09.08-13.07.57,v1.05-11-gdf88c32,41 , 25 , (8 5 5 11 2) , 495 , (5 * 5) , 9
2020.09.08-13.07.57,v1.05-11-gdf88c32,42 , 25 , (8 5 5 11 2) , 99 , (5 * 5) , 5
2020.09.08-13.07.57,v1.05-11-gdf88c32,43 , 25 , (8 5 5 11 2) , 89 , (5 * 5) , 0
2020.09.08-13.07.57,v1.05-11-gdf88c32,44 , 25 , (8 5 5 11 2) , 223 , (5 * 5) , 6
2020.09.08-13.07.57,v1.05-11-gdf88c32,45 , 25 , (8 5 5 11 2) , 59 , (5 * 5) , 0
2020.09.08-13.07.57,v1.05-11-gdf88c32,46 , 25 , (8 5 5 11 2) , 540 , (5 * 5) , 7
2020.09.08-13.07.57,v1.05-11-gdf88c32,47 , 25 , (8 5 5 11 2) , 136 , (5 * 5) , 0
2020.09.08-13.07.57,v1.05-11-gdf88c32,48 , 25 , (8 5 5 11 2) , 489 , (5 * 5) , 67
2020.09.08-13.07.57,v1.05-11-gdf88c32,49 , 25 , (8 5 5 11 2) , 707 , (5 * 5) , 2
2020.09.08-13.07.57,v1.05-11-gdf88c32,50 , 25 , (8 5 5 11 2) , 70 , (5 * 5) , 0
2020.09.08-13.07.57,v1.05-11-gdf88c32,51 , 25 , (8 5 5 11 2) , 177 , (5 * 5) , 5
2020.09.08-13.07.57,v1.05-11-gdf88c32,52 , 25 , (8 5 5 11 2) , 63 , (5 * 5) , 0
2020.09.08-13.07.57,v1.05-11-gdf88c32,53 , 25 , (8 5 5 11 2) , 434 , (5 * 5) , 23
2020.09.08-13.07.57,v1.05-11-gdf88c32,54 , 25 , (8 5 5 11 2) , 345 , (5 * 5) , 11
2020.09.08-13.07.57,v1.05-11-gdf88c32,55 , 25 , (8 5 5 11 2) , 330 , (5 * 5) , 9
2020.09.08-13.07.57,v1.05-11-gdf88c32,56 , 25 , (8 5 5 11 2) , 519 , (5 * 5) , 16
2020.09.08-13.07.57,v1.05-11-gdf88c32,57 , 25 , (8 5 5 11 2) , 298 , (5 * 5) , 7
2020.09.08-13.07.57,v1.05-11-gdf88c32,58 , 25 , (8 5 5 11 2) , 569 , (5 * 5) , 18
2020.09.08-13.07.57,v1.05-11-gdf88c32,59 , 25 , (8 5 5 11 2) , 18 , (5 * 5) , 0
2020.09.08-13.07.57,v1.05-11-gdf88c32,60 , 25 , (8 5 5 11 2) , 31 , (5 * 5) , 0
2020.09.08-13.07.57,v1.05-11-gdf88c32,61 , 25 , (8 5 5 11 2) , 98 , (5 * 5) , 6
2020.09.08-13.07.57,v1.05-11-gdf88c32,62 , 25 , (8 5 5 11 2) , 27 , (5 * 5) , 0
2020.09.08-13.07.57,v1.05-11-gdf88c32,63 , 25 , (8 5 5 11 2) , 293 , (5 * 5) , 9
2020.09.08-13.07.57,v1.05-11-gdf88c32,64 , 25 , (8 5 5 11 2) , 32 , (5 * 5) , 0
2020.09.08-13.07.57,v1.05-11-gdf88c32,65 , 25 , (8 5 5 11 2) , 147 , (5 * 5) , 4
2020.09.08-13.07.57,v1.05-11-gdf88c32,66 , 25 , (8 5 5 11 2) , 316 , (5 * 5) , 0
2020.09.08-13.07.57,v1.05-11-gdf88c32,67 , 25 , (8 5 5 11 2) , 186 , (5 * 5) , 0
2020.09.08-13.07.57,v1.05-11-gdf88c32,68 , 25 , (8 5 5 11 2) , 279 , (5 * 5) , 14
2020.09.08-13.07.57,v1.05-11-gdf88c32,69 , 25 , (8 5 5 11 2) , 818 , (5 * 5) , 23
2020.09.08-13.07.57,v1.05-11-gdf88c32,70 , 25 , (8 5 5 11 2) , 747 , (5 * 5) , 38
2020.09.08-13.07.57,v1.05-11-gdf88c32,71 , 25 , (8 5 5 11 2) , 28 , (5 * 5) , 0
2020.09.08-13.07.57,v1.05-11-gdf88c32,72 , 25 , (8 5 5 11 2) , 297 , (5 * 5) , 0
2020.09.08-13.07.57,v1.05-11-gdf88c32,73 , 25 , (8 5 5 11 2) , 79 , (5 * 5) , 0
2020.09.08-13.07.57,v1.05-11-gdf88c32,74 , 25 , (8 5 5 11 2) , 24 , (5 * 5) , 0
2020.09.08-13.07.57,v1.05-11-gdf88c32,75 , 25 , (8 5 5 11 2) , 90 , (5 * 5) , 11
2020.09.08-13.07.57,v1.05-11-gdf88c32,76 , 25 , (8 5 5 11 2) , 555 , (5 * 5) , 14
2020.09.08-13.07.57,v1.05-11-gdf88c32,77 , 25 , (8 5 5 11 2) , 26 , (5 * 5) , 0
2020.09.08-13.07.57,v1.05-11-gdf88c32,78 , 25 , (8 5 5 11 2) , 90 , (5 * 5) , 5
2020.09.08-13.07.57,v1.05-11-gdf88c32,79 , 25 , (8 5 5 11 2) , 322 , (5 * 5) , 0
2020.09.08-13.07.57,v1.05-11-gdf88c32,80 , 25 , (8 5 5 11 2) , 412 , (5 * 5) , 0
2020.09.08-13.07.57,v1.05-11-gdf88c32,81 , 25 , (8 5 5 11 2) , 123 , (5 * 5) , 1
2020.09.08-13.07.57,v1.05-11-gdf88c32,82 , 25 , (8 5 5 11 2) , 155 , (5 * 5) , 13
2020.09.08-13.07.57,v1.05-11-gdf88c32,83 , 25 , (8 5 5 11 2) , 115 , (5 * 5) , 0
2020.09.08-13.07.57,v1.05-11-gdf88c32,84 , 25 , (8 5 5 11 2) , 66 , (5 * 5) , 5
2020.09.08-13.07.57,v1.05-11-gdf88c32,85 , 25 , (8 5 5 11 2) , 84 , (5 * 5) , 0
2020.09.08-13.07.57,v1.05-11-gdf88c32,86 , 25 , (8 5 5 11 2) , 57 , (5 * 5) , 4
2020.09.08-13.07.57,v1.05-11-gdf88c32,87 , 25 , (8 5 5 11 2) , 485 , (5 * 5) , 47
2020.09.08-13.07.57,v1.05-11-gdf88c32,88 , 25 , (8 5 5 11 2) , 375 , (5 * 5) , 37
2020.09.08-13.07.57,v1.05-11-gdf88c32,89 , 25 , (8 5 5 11 2) , 173 , (5 * 5) , 0
2020.09.08-13.07.57,v1.05-11-gdf88c32,90 , 25 , (8 5 5 11 2) , 49 , (5 * 5) , 0
2020.09.08-13.07.57,v1.05-11-gdf88c32,91 , 25 , (8 5 5 11 2) , 1016 , (5 * 5) , 64
2020.09.08-13.07.57,v1.05-11-gdf88c32,92 , 25 , (8 5 5 11 2) , 244 , (5 * 5) , 29
2020.09.08-13.07.57,v1.05-11-gdf88c32,93 , 25 , (8 5 5 11 2) , 445 , (5 * 5) , 18
2020.09.08-13.07.57,v1.05-11-gdf88c32,94 , 25 , (8 5 5 11 2) , 95 , (5 * 5) , 4
2020.09.08-13.07.57,v1.05-11-gdf88c32,95 , 25 , (8 5 5 11 2) , 234 , (5 * 5) , 13
2020.09.08-13.07.57,v1.05-11-gdf88c32,96 , 25 , (8 5 5 11 2) , 28 , (5 * 5) , 0
2020.09.08-13.07.57,v1.05-11-gdf88c32,97 , 25 , (8 5 5 11 2) , 224 , (5 * 5) , 0
2020.09.08-13.07.57,v1.05-11-gdf88c32,98 , 25 , (8 5 5 11 2) , 118 , (5 * 5) , 9
2020.09.08-13.07.57,v1.05-11-gdf88c32,99 , 25 , (8 5 5 11 2) , 585 , (5 * 5) , 26
2020.09.08-13.07.57,v1.05-11-gdf88c32,0 , 81 , (9 7 2 25 18) , 2000 , none,  1046
2020.09.08-13.07.57,v1.05-11-gdf88c32,1 , 81 , (9 7 2 25 18) , 2000 , none,  1023
2020.09.08-13.07.57,v1.05-11-gdf88c32,2 , 81 , (9 7 2 25 18) , 516 , (9 * 9) , 220
2020.09.08-13.07.57,v1.05-11-gdf88c32,3 , 81 , (9 7 2 25 18) , 886 , (9 * 9) , 402
2020.09.08-13.07.57,v1.05-11-gdf88c32,4 , 81 , (9 7 2 25 18) , 138 , (9 * 9) , 26
2020.09.08-13.07.57,v1.05-11-gdf88c32,5 , 81 , (9 7 2 25 18) , 1066 , (9 * 9) , 540
2020.09.08-13.07.57,v1.05-11-gdf88c32,6 , 81 , (9 7 2 25 18) , 395 , (9 * 9) , 185
2020.09.08-13.07.57,v1.05-11-gdf88c32,7 , 81 , (9 7 2 25 18) , 905 , (9 * 9) , 459
2020.09.08-13.07.57,v1.05-11-gdf88c32,8 , 81 , (9 7 2 25 18) , 1286 , (9 * 9) , 662
2020.09.08-13.07.57,v1.05-11-gdf88c32,9 , 81 , (9 7 2 25 18) , 215 , ((7 * 9) + 18) , 59
2020.09.08-13.07.57,v1.05-11-gdf88c32,10 , 81 , (9 7 2 25 18) , 1556 , (9 * 9) , 806
2020.09.08-13.07.57,v1.05-11-gdf88c32,11 , 81 , (9 7 2 25 18) , 935 , (9 * 9) , 356
2020.09.08-13.07.57,v1.05-11-gdf88c32,12 , 81 , (9 7 2 25 18) , 2000 , none,  1054
2020.09.08-13.07.57,v1.05-11-gdf88c32,13 , 81 , (9 7 2 25 18) , 204 , (9 * 9) , 103
2020.09.08-13.07.57,v1.05-11-gdf88c32,14 , 81 , (9 7 2 25 18) , 359 , ((7 * 9) + 18) , 60
2020.09.08-13.07.57,v1.05-11-gdf88c32,15 , 81 , (9 7 2 25 18) , 315 , (9 * 9) , 107
2020.09.08-13.07.57,v1.05-11-gdf88c32,16 , 81 , (9 7 2 25 18) , 2000 , none,  1033
2020.09.08-13.07.57,v1.05-11-gdf88c32,17 , 81 , (9 7 2 25 18) , 399 , ((7 * 9) + 18) , 84
2020.09.08-13.07.57,v1.05-11-gdf88c32,18 , 81 , (9 7 2 25 18) , 29 , (9 * 9) , 0
2020.09.08-13.07.57,v1.05-11-gdf88c32,19 , 81 , (9 7 2 25 18) , 2000 , none,  867
2020.09.08-13.07.57,v1.05-11-gdf88c32,20 , 81 , (9 7 2 25 18) , 426 , (9 * 9) , 193
2020.09.08-13.07.57,v1.05-11-gdf88c32,21 , 81 , (9 7 2 25 18) , 2000 , none,  1035
2020.09.08-13.07.57,v1.05-11-gdf88c32,22 , 81 , (9 7 2 25 18) , 42 , (9 * 9) , 0
2020.09.08-13.07.57,v1.05-11-gdf88c32,23 , 81 , (9 7 2 25 18) , 964 , ((7 * 9) + 18) , 443
2020.09.08-13.07.57,v1.05-11-gdf88c32,24 , 81 , (9 7 2 25 18) , 1222 , ((9 * 7) + 18) , 603
2020.09.08-13.07.57,v1.05-11-gdf88c32,25 , 81 , (9 7 2 25 18) , 1865 , (9 * 9) , 941
2020.09.08-13.07.57,v1.05-11-gdf88c32,26 , 81 , (9 7 2 25 18) , 815 , (9 * 9) , 347
2020.09.08-13.07.57,v1.05-11-gdf88c32,27 , 81 , (9 7 2 25 18) , 485 , (9 * 9) , 197
2020.09.08-13.07.57,v1.05-11-gdf88c32,28 , 81 , (9 7 2 25 18) , 1045 , (9 * 9) , 529
2020.09.08-13.07.57,v1.05-11-gdf88c32,29 , 81 , (9 7 2 25 18) , 64 , (9 * 9) , 2
2020.09.08-13.07.57,v1.05-11-gdf88c32,30 , 81 , (9 7 2 25 18) , 1915 , ((9 * 7) + 18) , 927
2020.09.08-13.07.57,v1.05-11-gdf88c32,31 , 81 , (9 7 2 25 18) , 75 , (9 * 9) , 17
2020.09.08-13.07.57,v1.05-11-gdf88c32,32 , 81 , (9 7 2 25 18) , 33 , (9 * 9) , 0
2020.09.08-13.07.57,v1.05-11-gdf88c32,33 , 81 , (9 7 2 25 18) , 2000 , none,  1069
2020.09.08-13.07.57,v1.05-11-gdf88c32,34 , 81 , (9 7 2 25 18) , 2000 , none,  1054
2020.09.08-13.07.57,v1.05-11-gdf88c32,35 , 81 , (9 7 2 25 18) , 969 , ((7 * 9) + 18) , 437
2020.09.08-13.07.57,v1.05-11-gdf88c32,36 , 81 , (9 7 2 25 18) , 1029 , ((9 * 7) + 18) , 288
2020.09.08-13.07.57,v1.05-11-gdf88c32,37 , 81 , (9 7 2 25 18) , 1306 , (9 * 9) , 664
2020.09.08-13.07.57,v1.05-11-gdf88c32,38 , 81 , (9 7 2 25 18) , 1724 , ((7 * 9) + 18) , 825
2020.09.08-13.07.57,v1.05-11-gdf88c32,39 , 81 , (9 7 2 25 18) , 1958 , ((9 * 7) + 18) , 1019
2020.09.08-13.07.57,v1.05-11-gdf88c32,40 , 81 , (9 7 2 25 18) , 2000 , none,  1053
2020.09.08-13.07.57,v1.05-11-gdf88c32,41 , 81 , (9 7 2 25 18) , 1880 , ((9 * 7) + 18) , 920
2020.09.08-13.07.57,v1.05-11-gdf88c32,42 , 81 , (9 7 2 25 18) , 1145 , (9 * 9) , 596
2020.09.08-13.07.57,v1.05-11-gdf88c32,43 , 81 , (9 7 2 25 18) , 2000 , none,  1035
2020.09.08-13.07.57,v1.05-11-gdf88c32,44 , 81 , (9 7 2 25 18) , 885 , (9 * 9) , 401
2020.09.08-13.07.57,v1.05-11-gdf88c32,45 , 81 , (9 7 2 25 18) , 2000 , none,  837
2020.09.08-13.07.57,v1.05-11-gdf88c32,46 , 81 , (9 7 2 25 18) , 39 , (9 * 9) , 3
2020.09.08-13.07.57,v1.05-11-gdf88c32,47 , 81 , (9 7 2 25 18) , 2000 , none,  1040
2020.09.08-13.07.57,v1.05-11-gdf88c32,48 , 81 , (9 7 2 25 18) , 2000 , none,  1010
2020.09.08-13.07.57,v1.05-11-gdf88c32,49 , 81 , (9 7 2 25 18) , 1747 , ((7 * 9) + 18) , 827
2020.09.08-13.07.57,v1.05-11-gdf88c32,50 , 81 , (9 7 2 25 18) , 1027 , ((9 * 7) + 18) , 535
2020.09.08-13.07.57,v1.05-11-gdf88c32,51 , 81 , (9 7 2 25 18) , 2000 , none,  1024
2020.09.08-13.07.57,v1.05-11-gdf88c32,52 , 81 , (9 7 2 25 18) , 106 , ((9 * 7) + 18) , 15
2020.09.08-13.07.57,v1.05-11-gdf88c32,53 , 81 , (9 7 2 25 18) , 2000 , none,  964
2020.09.08-13.07.57,v1.05-11-gdf88c32,54 , 81 , (9 7 2 25 18) , 1329 , ((9 * 7) + 18) , 637
2020.09.08-13.07.57,v1.05-11-gdf88c32,55 , 81 , (9 7 2 25 18) , 2000 , none,  1072
2020.09.08-13.07.57,v1.05-11-gdf88c32,56 , 81 , (9 7 2 25 18) , 487 , ((9 * 7) + 18) , 126
2020.09.08-13.07.57,v1.05-11-gdf88c32,57 , 81 , (9 7 2 25 18) , 70 , ((9 * 7) + 18) , 0
2020.09.08-13.07.57,v1.05-11-gdf88c32,58 , 81 , (9 7 2 25 18) , 889 , ((9 * 7) + 18) , 425
2020.09.08-13.07.57,v1.05-11-gdf88c32,59 , 81 , (9 7 2 25 18) , 2000 , none,  1034
2020.09.08-13.07.57,v1.05-11-gdf88c32,60 , 81 , (9 7 2 25 18) , 2000 , none,  1069
2020.09.08-13.07.57,v1.05-11-gdf88c32,61 , 81 , (9 7 2 25 18) , 1467 , (9 * 9) , 720
2020.09.08-13.07.57,v1.05-11-gdf88c32,62 , 81 , (9 7 2 25 18) , 200 , ((7 * 9) + 18) , 61
2020.09.08-13.07.57,v1.05-11-gdf88c32,63 , 81 , (9 7 2 25 18) , 1116 , (9 * 9) , 462
2020.09.08-13.07.57,v1.05-11-gdf88c32,64 , 81 , (9 7 2 25 18) , 345 , (9 * 9) , 153
2020.09.08-13.07.57,v1.05-11-gdf88c32,65 , 81 , (9 7 2 25 18) , 1694 , (9 * 9) , 880
2020.09.08-13.07.57,v1.05-11-gdf88c32,66 , 81 , (9 7 2 25 18) , 684 , (9 * 9) , 308
2020.09.08-13.07.57,v1.05-11-gdf88c32,67 , 81 , (9 7 2 25 18) , 50 , (9 * 9) , 2
2020.09.08-13.07.57,v1.05-11-gdf88c32,68 , 81 , (9 7 2 25 18) , 1556 , (9 * 9) , 748
2020.09.08-13.07.57,v1.05-11-gdf88c32,69 , 81 , (9 7 2 25 18) , 34 , (9 * 9) , 0
2020.09.08-13.07.57,v1.05-11-gdf88c32,70 , 81 , (9 7 2 25 18) , 456 , ((7 * 9) + 18) , 167
2020.09.08-13.07.57,v1.05-11-gdf88c32,71 , 81 , (9 7 2 25 18) , 2000 , none,  1095
2020.09.08-13.07.57,v1.05-11-gdf88c32,72 , 81 , (9 7 2 25 18) , 1497 , ((9 * 7) + 18) , 712
2020.09.08-13.07.57,v1.05-11-gdf88c32,73 , 81 , (9 7 2 25 18) , 1080 , ((9 * 7) + 18) , 511
2020.09.08-13.07.57,v1.05-11-gdf88c32,74 , 81 , (9 7 2 25 18) , 2000 , none,  996
2020.09.08-13.07.57,v1.05-11-gdf88c32,75 , 81 , (9 7 2 25 18) , 29 , (9 * 9) , 0
2020.09.08-13.07.57,v1.05-11-gdf88c32,76 , 81 , (9 7 2 25 18) , 714 , (9 * 9) , 344
2020.09.08-13.07.57,v1.05-11-gdf88c32,77 , 81 , (9 7 2 25 18) , 53 , (9 * 9) , 0
2020.09.08-13.07.57,v1.05-11-gdf88c32,78 , 81 , (9 7 2 25 18) , 915 , (9 * 9) , 422
2020.09.08-13.07.57,v1.05-11-gdf88c32,79 , 81 , (9 7 2 25 18) , 204 , ((7 * 9) + 18) , 35
2020.09.08-13.07.57,v1.05-11-gdf88c32,80 , 81 , (9 7 2 25 18) , 1865 , (9 * 9) , 930
2020.09.08-13.07.57,v1.05-11-gdf88c32,81 , 81 , (9 7 2 25 18) , 47 , (9 * 9) , 0
2020.09.08-13.07.57,v1.05-11-gdf88c32,82 , 81 , (9 7 2 25 18) , 129 , ((7 * 9) + 18) , 19
2020.09.08-13.07.57,v1.05-11-gdf88c32,83 , 81 , (9 7 2 25 18) , 2000 , none,  1034
2020.09.08-13.07.57,v1.05-11-gdf88c32,84 , 81 , (9 7 2 25 18) , 46 , (9 * 9) , 0
2020.09.08-13.07.57,v1.05-11-gdf88c32,85 , 81 , (9 7 2 25 18) , 2000 , none,  1058
2020.09.08-13.07.57,v1.05-11-gdf88c32,86 , 81 , (9 7 2 25 18) , 1815 , (9 * 9) , 936
2020.09.08-13.07.57,v1.05-11-gdf88c32,87 , 81 , (9 7 2 25 18) , 475 , (9 * 9) , 219
2020.09.08-13.07.57,v1.05-11-gdf88c32,88 , 81 , (9 7 2 25 18) , 736 , (9 * 9) , 278
2020.09.08-13.07.57,v1.05-11-gdf88c32,89 , 81 , (9 7 2 25 18) , 2000 , none,  993
2020.09.08-13.07.57,v1.05-11-gdf88c32,90 , 81 , (9 7 2 25 18) , 1657 , (9 * 9) , 849
2020.09.08-13.07.57,v1.05-11-gdf88c32,91 , 81 , (9 7 2 25 18) , 214 , ((7 * 9) + 18) , 70
2020.09.08-13.07.57,v1.05-11-gdf88c32,92 , 81 , (9 7 2 25 18) , 140 , ((9 * 7) + 18) , 28
2020.09.08-13.07.57,v1.05-11-gdf88c32,93 , 81 , (9 7 2 25 18) , 927 , (9 * 9) , 390
2020.09.08-13.07.57,v1.05-11-gdf88c32,94 , 81 , (9 7 2 25 18) , 2000 , none,  1072
2020.09.08-13.07.57,v1.05-11-gdf88c32,95 , 81 , (9 7 2 25 18) , 580 , (9 * 9) , 285
2020.09.08-13.07.57,v1.05-11-gdf88c32,96 , 81 , (9 7 2 25 18) , 45 , (9 * 9) , 0
2020.09.08-13.07.57,v1.05-11-gdf88c32,97 , 81 , (9 7 2 25 18) , 1407 , (9 * 9) , 723
2020.09.08-13.07.57,v1.05-11-gdf88c32,98 , 81 , (9 7 2 25 18) , 2000 , none,  952
2020.09.08-13.07.57,v1.05-11-gdf88c32,99 , 81 , (9 7 2 25 18) , 785 , (9 * 9) , 376
2020.09.08-13.07.57,v1.05-11-gdf88c32,0 , 6 , (3 3 17 11 22) , 76 , (3 + 3) , 0
2020.09.08-13.07.57,v1.05-11-gdf88c32,1 , 6 , (3 3 17 11 22) , 39 , (3 + 3) , 0
2020.09.08-13.07.57,v1.05-11-gdf88c32,2 , 6 , (3 3 17 11 22) , 1005 , (3 + 3) , 253
2020.09.08-13.07.57,v1.05-11-gdf88c32,3 , 6 , (3 3 17 11 22) , 60 , (3 + 3) , 0
2020.09.08-13.07.57,v1.05-11-gdf88c32,4 , 6 , (3 3 17 11 22) , 54 , (3 + 3) , 10
2020.09.08-13.07.57,v1.05-11-gdf88c32,5 , 6 , (3 3 17 11 22) , 195 , (3 + 3) , 43
2020.09.08-13.07.57,v1.05-11-gdf88c32,6 , 6 , (3 3 17 11 22) , 354 , (3 + 3) , 108
2020.09.08-13.07.57,v1.05-11-gdf88c32,7 , 6 , (3 3 17 11 22) , 50 , (3 + 3) , 0
2020.09.08-13.07.57,v1.05-11-gdf88c32,8 , 6 , (3 3 17 11 22) , 19 , (3 + 3) , 0
2020.09.08-13.07.57,v1.05-11-gdf88c32,9 , 6 , (3 3 17 11 22) , 113 , (3 + 3) , 5
2020.09.08-13.07.57,v1.05-11-gdf88c32,10 , 6 , (3 3 17 11 22) , 45 , (3 + 3) , 0
2020.09.08-13.07.57,v1.05-11-gdf88c32,11 , 6 , (3 3 17 11 22) , 234 , (3 + 3) , 14
2020.09.08-13.07.57,v1.05-11-gdf88c32,12 , 6 , (3 3 17 11 22) , 25 , (3 + 3) , 0
2020.09.08-13.07.57,v1.05-11-gdf88c32,13 , 6 , (3 3 17 11 22) , 28 , (3 + 3) , 0
2020.09.08-13.07.57,v1.05-11-gdf88c32,14 , 6 , (3 3 17 11 22) , 25 , (3 + 3) , 0
2020.09.08-13.07.57,v1.05-11-gdf88c32,15 , 6 , (3 3 17 11 22) , 40 , (3 + 3) , 0
2020.09.08-13.07.57,v1.05-11-gdf88c32,16 , 6 , (3 3 17 11 22) , 79 , (3 + 3) , 0
2020.09.08-13.07.57,v1.05-11-gdf88c32,17 , 6 , (3 3 17 11 22) , 24 , (3 + 3) , 0
2020.09.08-13.07.57,v1.05-11-gdf88c32,18 , 6 , (3 3 17 11 22) , 166 , (3 + 3) , 26
2020.09.08-13.07.57,v1.05-11-gdf88c32,19 , 6 , (3 3 17 11 22) , 239 , (3 + 3) , 54
2020.09.08-13.07.57,v1.05-11-gdf88c32,20 , 6 , (3 3 17 11 22) , 27 , (3 + 3) , 0
2020.09.08-13.07.57,v1.05-11-gdf88c32,21 , 6 , (3 3 17 11 22) , 21 , (3 + 3) , 0
2020.09.08-13.07.57,v1.05-11-gdf88c32,22 , 6 , (3 3 17 11 22) , 46 , (3 + 3) , 1
2020.09.08-13.07.57,v1.05-11-gdf88c32,23 , 6 , (3 3 17 11 22) , 385 , (3 + 3) , 100
2020.09.08-13.07.57,v1.05-11-gdf88c32,24 , 6 , (3 3 17 11 22) , 18 , (3 + 3) , 0
2020.09.08-13.07.57,v1.05-11-gdf88c32,25 , 6 , (3 3 17 11 22) , 195 , (3 + 3) , 21
2020.09.08-13.07.57,v1.05-11-gdf88c32,26 , 6 , (3 3 17 11 22) , 24 , (3 + 3) , 0
2020.09.08-13.07.57,v1.05-11-gdf88c32,27 , 6 , (3 3 17 11 22) , 32 , (17 - 11) , 0
2020.09.08-13.07.57,v1.05-11-gdf88c32,28 , 6 , (3 3 17 11 22) , 26 , (3 + 3) , 0
2020.09.08-13.07.57,v1.05-11-gdf88c32,29 , 6 , (3 3 17 11 22) , 113 , (3 + 3) , 16
2020.09.08-13.07.57,v1.05-11-gdf88c32,30 , 6 , (3 3 17 11 22) , 33 , (3 + 3) , 0
2020.09.08-13.07.57,v1.05-11-gdf88c32,31 , 6 , (3 3 17 11 22) , 345 , (3 + 3) , 74
2020.09.08-13.07.57,v1.05-11-gdf88c32,32 , 6 , (3 3 17 11 22) , 206 , (3 + 3) , 41
2020.09.08-13.07.57,v1.05-11-gdf88c32,33 , 6 , (3 3 17 11 22) , 22 , (3 + 3) , 0
2020.09.08-13.07.57,v1.05-11-gdf88c32,34 , 6 , (3 3 17 11 22) , 22 , (3 + 3) , 0
2020.09.08-13.07.57,v1.05-11-gdf88c32,35 , 6 , (3 3 17 11 22) , 12 , (3 + 3) , 0
2020.09.08-13.07.57,v1.05-11-gdf88c32,36 , 6 , (3 3 17 11 22) , 39 , (3 + 3) , 0
2020.09.08-13.07.57,v1.05-11-gdf88c32,37 , 6 , (3 3 17 11 22) , 184 , (3 + 3) , 16
2020.09.08-13.07.57,v1.05-11-gdf88c32,38 , 6 , (3 3 17 11 22) , 166 , (3 + 3) , 8
2020.09.08-13.07.57,v1.05-11-gdf88c32,39 , 6 , (3 3 17 11 22) , 195 , (3 + 3) , 9
2020.09.08-13.07.57,v1.05-11-gdf88c32,40 , 6 , (3 3 17 11 22) , 38 , (3 + 3) , 0
2020.09.08-13.07.57,v1.05-11-gdf88c32,41 , 6 , (3 3 17 11 22) , 297 , (3 + 3) , 67
2020.09.08-13.07.57,v1.05-11-gdf88c32,42 , 6 , (3 3 17 11 22) , 27 , (3 + 3) , 0
2020.09.08-13.07.57,v1.05-11-gdf88c32,43 , 6 , (3 3 17 11 22) , 16 , (3 + 3) , 0
2020.09.08-13.07.57,v1.05-11-gdf88c32,44 , 6 , (3 3 17 11 22) , 27 , (3 + 3) , 0
2020.09.08-13.07.57,v1.05-11-gdf88c32,45 , 6 , (3 3 17 11 22) , 49 , (3 + 3) , 0
2020.09.08-13.07.57,v1.05-11-gdf88c32,46 , 6 , (3 3 17 11 22) , 26 , (3 + 3) , 0
2020.09.08-13.07.57,v1.05-11-gdf88c32,47 , 6 , (3 3 17 11 22) , 174 , (3 + 3) , 30
2020.09.08-13.07.57,v1.05-11-gdf88c32,48 , 6 , (3 3 17 11 22) , 1375 , (3 + 3) , 402
2020.09.08-13.07.57,v1.05-11-gdf88c32,49 , 6 , (3 3 17 11 22) , 314 , (3 + 3) , 80
2020.09.08-13.07.57,v1.05-11-gdf88c32,50 , 6 , (3 3 17 11 22) , 167 , (3 + 3) , 33
2020.09.08-13.07.57,v1.05-11-gdf88c32,51 , 6 , (3 3 17 11 22) , 255 , (3 + 3) , 64
2020.09.08-13.07.57,v1.05-11-gdf88c32,52 , 6 , (3 3 17 11 22) , 26 , (3 + 3) , 0
2020.09.08-13.07.57,v1.05-11-gdf88c32,53 , 6 , (3 3 17 11 22) , 23 , (3 + 3) , 0
2020.09.08-13.07.57,v1.05-11-gdf88c32,54 , 6 , (3 3 17 11 22) , 175 , (3 + 3) , 0
2020.09.08-13.07.57,v1.05-11-gdf88c32,55 , 6 , (3 3 17 11 22) , 26 , (3 + 3) , 0
2020.09.08-13.07.57,v1.05-11-gdf88c32,56 , 6 , (3 3 17 11 22) , 23 , (3 + 3) , 0
2020.09.08-13.07.57,v1.05-11-gdf88c32,57 , 6 , (3 3 17 11 22) , 235 , (3 + 3) , 12
2020.09.08-13.07.57,v1.05-11-gdf88c32,58 , 6 , (3 3 17 11 22) , 27 , (3 + 3) , 0
2020.09.08-13.07.57,v1.05-11-gdf88c32,59 , 6 , (3 3 17 11 22) , 28 , (3 + 3) , 0
2020.09.08-13.07.57,v1.05-11-gdf88c32,60 , 6 , (3 3 17 11 22) , 135 , (3 + 3) , 30
2020.09.08-13.07.57,v1.05-11-gdf88c32,61 , 6 , (3 3 17 11 22) , 76 , (3 + 3) , 5
2020.09.08-13.07.57,v1.05-11-gdf88c32,62 , 6 , (3 3 17 11 22) , 295 , (3 + 3) , 75
2020.09.08-13.07.57,v1.05-11-gdf88c32,63 , 6 , (3 3 17 11 22) , 65 , (3 + 3) , 3
2020.09.08-13.07.57,v1.05-11-gdf88c32,64 , 6 , (3 3 17 11 22) , 105 , (3 + 3) , 12
2020.09.08-13.07.57,v1.05-11-gdf88c32,65 , 6 , (3 3 17 11 22) , 24 , (3 + 3) , 0
2020.09.08-13.07.57,v1.05-11-gdf88c32,66 , 6 , (3 3 17 11 22) , 114 , (3 + 3) , 21
2020.09.08-13.07.57,v1.05-11-gdf88c32,67 , 6 , (3 3 17 11 22) , 32 , (3 + 3) , 0
2020.09.08-13.07.57,v1.05-11-gdf88c32,68 , 6 , (3 3 17 11 22) , 70 , (3 + 3) , 0
2020.09.08-13.07.57,v1.05-11-gdf88c32,69 , 6 , (3 3 17 11 22) , 66 , (3 + 3) , 0
2020.09.08-13.07.57,v1.05-11-gdf88c32,70 , 6 , (3 3 17 11 22) , 50 , (3 + 3) , 0
2020.09.08-13.07.57,v1.05-11-gdf88c32,71 , 6 , (3 3 17 11 22) , 87 , (3 + 3) , 3
2020.09.08-13.07.57,v1.05-11-gdf88c32,72 , 6 , (3 3 17 11 22) , 28 , (3 + 3) , 0
2020.09.08-13.07.57,v1.05-11-gdf88c32,73 , 6 , (3 3 17 11 22) , 23 , (3 + 3) , 0
2020.09.08-13.07.57,v1.05-11-gdf88c32,74 , 6 , (3 3 17 11 22) , 28 , (3 + 3) , 0
2020.09.08-13.07.57,v1.05-11-gdf88c32,75 , 6 , (3 3 17 11 22) , 875 , (3 + 3) , 256
2020.09.08-13.07.57,v1.05-11-gdf88c32,76 , 6 , (3 3 17 11 22) , 43 , (3 + 3) , 0
2020.09.08-13.07.57,v1.05-11-gdf88c32,77 , 6 , (3 3 17 11 22) , 74 , (17 - 11) , 0
2020.09.08-13.07.57,v1.05-11-gdf88c32,78 , 6 , (3 3 17 11 22) , 35 , (3 + 3) , 0
2020.09.08-13.07.57,v1.05-11-gdf88c32,79 , 6 , (3 3 17 11 22) , 30 , (3 + 3) , 0
2020.09.08-13.07.57,v1.05-11-gdf88c32,80 , 6 , (3 3 17 11 22) , 22 , (3 + 3) , 0
2020.09.08-13.07.57,v1.05-11-gdf88c32,81 , 6 , (3 3 17 11 22) , 45 , (3 + 3) , 0
2020.09.08-13.07.57,v1.05-11-gdf88c32,82 , 6 , (3 3 17 11 22) , 185 , (3 + 3) , 40
2020.09.08-13.07.57,v1.05-11-gdf88c32,83 , 6 , (3 3 17 11 22) , 22 , (3 + 3) , 0
2020.09.08-13.07.57,v1.05-11-gdf88c32,84 , 6 , (3 3 17 11 22) , 28 , (3 + 3) , 0
2020.09.08-13.07.57,v1.05-11-gdf88c32,85 , 6 , (3 3 17 11 22) , 39 , (17 - 11) , 0
2020.09.08-13.07.57,v1.05-11-gdf88c32,86 , 6 , (3 3 17 11 22) , 53 , (3 + 3) , 7
2020.09.08-13.07.57,v1.05-11-gdf88c32,87 , 6 , (3 3 17 11 22) , 50 , (3 + 3) , 0
2020.09.08-13.07.57,v1.05-11-gdf88c32,88 , 6 , (3 3 17 11 22) , 22 , (3 + 3) , 0
2020.09.08-13.07.57,v1.05-11-gdf88c32,89 , 6 , (3 3 17 11 22) , 86 , (3 + 3) , 12
2020.09.08-13.07.57,v1.05-11-gdf88c32,90 , 6 , (3 3 17 11 22) , 26 , (3 + 3) , 2
2020.09.08-13.07.57,v1.05-11-gdf88c32,91 , 6 , (3 3 17 11 22) , 105 , (3 + 3) , 4
2020.09.08-13.07.57,v1.05-11-gdf88c32,92 , 6 , (3 3 17 11 22) , 27 , (3 + 3) , 0
2020.09.08-13.07.57,v1.05-11-gdf88c32,93 , 6 , (3 3 17 11 22) , 175 , (3 + 3) , 9
2020.09.08-13.07.57,v1.05-11-gdf88c32,94 , 6 , (3 3 17 11 22) , 154 , (3 + 3) , 10
2020.09.08-13.07.57,v1.05-11-gdf88c32,95 , 6 , (3 3 17 11 22) , 328 , (3 + 3) , 71
2020.09.08-13.07.57,v1.05-11-gdf88c32,96 , 6 , (3 3 17 11 22) , 22 , (3 + 3) , 0
2020.09.08-13.07.57,v1.05-11-gdf88c32,97 , 6 , (3 3 17 11 22) , 27 , (3 + 3) , 0
2020.09.08-13.07.57,v1.05-11-gdf88c32,98 , 6 , (3 3 17 11 22) , 20 , (3 + 3) , 0
2020.09.08-13.07.57,v1.05-11-gdf88c32,99 , 6 , (3 3 17 11 22) , 120 , (3 + 3) , 0
2020.09.08-13.07.57,v1.05-11-gdf88c32,0 , 11 , (2 5 1 25 23) , 770 , ((2 * 5) + 1) , 212
2020.09.08-13.07.57,v1.05-11-gdf88c32,1 , 11 , (2 5 1 25 23) , 206 , ((5 * 2) + 1) , 62
2020.09.08-13.07.57,v1.05-11-gdf88c32,2 , 11 , (2 5 1 25 23) , 1120 , ((2 * 5) + 1) , 334
2020.09.08-13.07.57,v1.05-11-gdf88c32,3 , 11 , (2 5 1 25 23) , 231 , ((2 * 5) + 1) , 40
2020.09.08-13.07.57,v1.05-11-gdf88c32,4 , 11 , (2 5 1 25 23) , 86 , ((5 * 2) + 1) , 1
2020.09.08-13.07.57,v1.05-11-gdf88c32,5 , 11 , (2 5 1 25 23) , 416 , ((5 * 2) + 1) , 99
2020.09.08-13.07.57,v1.05-11-gdf88c32,6 , 11 , (2 5 1 25 23) , 78 , ((2 * 5) + 1) , 6
2020.09.08-13.07.57,v1.05-11-gdf88c32,7 , 11 , (2 5 1 25 23) , 41 , ((2 * 5) + 1) , 0
2020.09.08-13.07.57,v1.05-11-gdf88c32,8 , 11 , (2 5 1 25 23) , 2000 , none,  595
2020.09.08-13.07.57,v1.05-11-gdf88c32,9 , 11 , (2 5 1 25 23) , 79 , ((2 * 5) + 1) , 0
2020.09.08-13.07.57,v1.05-11-gdf88c32,10 , 11 , (2 5 1 25 23) , 115 , ((2 * 5) + 1) , 12
2020.09.08-13.07.57,v1.05-11-gdf88c32,11 , 11 , (2 5 1 25 23) , 579 , ((2 * 5) + 1) , 166
2020.09.08-13.07.57,v1.05-11-gdf88c32,12 , 11 , (2 5 1 25 23) , 66 , ((2 * 5) + 1) , 15
2020.09.08-13.07.57,v1.05-11-gdf88c32,13 , 11 , (2 5 1 25 23) , 154 , ((2 * 5) + 1) , 19
2020.09.08-13.07.57,v1.05-11-gdf88c32,14 , 11 , (2 5 1 25 23) , 450 , ((5 * 2) + 1) , 107
2020.09.08-13.07.57,v1.05-11-gdf88c32,15 , 11 , (2 5 1 25 23) , 93 , ((2 * 5) + 1) , 4
2020.09.08-13.07.57,v1.05-11-gdf88c32,16 , 11 , (2 5 1 25 23) , 837 , ((5 * 2) + 1) , 189
2020.09.08-13.07.57,v1.05-11-gdf88c32,17 , 11 , (2 5 1 25 23) , 65 , ((2 * 5) + 1) , 0
2020.09.08-13.07.57,v1.05-11-gdf88c32,18 , 11 , (2 5 1 25 23) , 67 , ((2 * 5) + 1) , 2
2020.09.08-13.07.57,v1.05-11-gdf88c32,19 , 11 , (2 5 1 25 23) , 209 , ((2 * 5) + 1) , 32
2020.09.08-13.07.57,v1.05-11-gdf88c32,20 , 11 , (2 5 1 25 23) , 105 , ((2 * 5) + 1) , 18
2020.09.08-13.07.57,v1.05-11-gdf88c32,21 , 11 , (2 5 1 25 23) , 65 , ((2 * 5) + 1) , 0
2020.09.08-13.07.57,v1.05-11-gdf88c32,22 , 11 , (2 5 1 25 23) , 48 , ((2 * 5) + 1) , 0
2020.09.08-13.07.57,v1.05-11-gdf88c32,23 , 11 , (2 5 1 25 23) , 46 , ((2 * 5) + 1) , 0
2020.09.08-13.07.57,v1.05-11-gdf88c32,24 , 11 , (2 5 1 25 23) , 261 , ((2 * 5) + 1) , 49
2020.09.08-13.07.57,v1.05-11-gdf88c32,25 , 11 , (2 5 1 25 23) , 414 , ((2 * 5) + 1) , 125
2020.09.08-13.07.57,v1.05-11-gdf88c32,26 , 11 , (2 5 1 25 23) , 2000 , none,  609
2020.09.08-13.07.57,v1.05-11-gdf88c32,27 , 11 , (2 5 1 25 23) , 90 , ((2 * 5) + 1) , 8
2020.09.08-13.07.57,v1.05-11-gdf88c32,28 , 11 , (2 5 1 25 23) , 368 , ((2 * 5) + 1) , 95
2020.09.08-13.07.57,v1.05-11-gdf88c32,29 , 11 , (2 5 1 25 23) , 920 , ((2 * 5) + 1) , 301
2020.09.08-13.07.57,v1.05-11-gdf88c32,30 , 11 , (2 5 1 25 23) , 167 , ((5 * 2) + 1) , 38
2020.09.08-13.07.57,v1.05-11-gdf88c32,31 , 11 , (2 5 1 25 23) , 547 , ((5 * 2) + 1) , 139
2020.09.08-13.07.57,v1.05-11-gdf88c32,32 , 11 , (2 5 1 25 23) , 69 , ((2 * 5) + 1) , 0
2020.09.08-13.07.57,v1.05-11-gdf88c32,33 , 11 , (2 5 1 25 23) , 75 , ((2 * 5) + 1) , 0
2020.09.08-13.07.57,v1.05-11-gdf88c32,34 , 11 , (2 5 1 25 23) , 630 , ((2 * 5) + 1) , 181
2020.09.08-13.07.57,v1.05-11-gdf88c32,35 , 11 , (2 5 1 25 23) , 168 , ((2 * 5) + 1) , 17
2020.09.08-13.07.57,v1.05-11-gdf88c32,36 , 11 , (2 5 1 25 23) , 107 , ((2 * 5) + 1) , 20
2020.09.08-13.07.57,v1.05-11-gdf88c32,37 , 11 , (2 5 1 25 23) , 808 , ((2 * 5) + 1) , 233
2020.09.08-13.07.57,v1.05-11-gdf88c32,38 , 11 , (2 5 1 25 23) , 74 , ((2 * 5) + 1) , 0
2020.09.08-13.07.57,v1.05-11-gdf88c32,39 , 11 , (2 5 1 25 23) , 1096 , ((5 * 2) + 1) , 318
2020.09.08-13.07.57,v1.05-11-gdf88c32,40 , 11 , (2 5 1 25 23) , 718 , ((2 * 5) + 1) , 176
2020.09.08-13.07.57,v1.05-11-gdf88c32,41 , 11 , (2 5 1 25 23) , 74 , ((2 * 5) + 1) , 7
2020.09.08-13.07.57,v1.05-11-gdf88c32,42 , 11 , (2 5 1 25 23) , 116 , ((2 * 5) + 1) , 6
2020.09.08-13.07.57,v1.05-11-gdf88c32,43 , 11 , (2 5 1 25 23) , 408 , ((2 * 5) + 1) , 91
2020.09.08-13.07.57,v1.05-11-gdf88c32,44 , 11 , (2 5 1 25 23) , 221 , ((2 * 5) + 1) , 70
2020.09.08-13.07.57,v1.05-11-gdf88c32,45 , 11 , (2 5 1 25 23) , 1037 , ((2 * 5) + 1) , 317
2020.09.08-13.07.57,v1.05-11-gdf88c32,46 , 11 , (2 5 1 25 23) , 200 , ((5 * 2) + 1) , 43
2020.09.08-13.07.57,v1.05-11-gdf88c32,47 , 11 , (2 5 1 25 23) , 352 , ((2 * 5) + 1) , 83
2020.09.08-13.07.57,v1.05-11-gdf88c32,48 , 11 , (2 5 1 25 23) , 59 , ((2 * 5) + 1) , 0
2020.09.08-13.07.57,v1.05-11-gdf88c32,49 , 11 , (2 5 1 25 23) , 422 , ((2 * 5) + 1) , 88
2020.09.08-13.07.57,v1.05-11-gdf88c32,50 , 11 , (2 5 1 25 23) , 634 , ((2 * 5) + 1) , 138
2020.09.08-13.07.57,v1.05-11-gdf88c32,51 , 11 , (2 5 1 25 23) , 846 , ((2 * 5) + 1) , 227
2020.09.08-13.07.57,v1.05-11-gdf88c32,52 , 11 , (2 5 1 25 23) , 67 , ((2 * 5) + 1) , 0
2020.09.08-13.07.57,v1.05-11-gdf88c32,53 , 11 , (2 5 1 25 23) , 118 , ((2 * 5) + 1) , 6
2020.09.08-13.07.57,v1.05-11-gdf88c32,54 , 11 , (2 5 1 25 23) , 257 , ((2 * 5) + 1) , 72
2020.09.08-13.07.57,v1.05-11-gdf88c32,55 , 11 , (2 5 1 25 23) , 146 , ((2 * 5) + 1) , 29
2020.09.08-13.07.57,v1.05-11-gdf88c32,56 , 11 , (2 5 1 25 23) , 135 , ((2 * 5) + 1) , 28
2020.09.08-13.07.57,v1.05-11-gdf88c32,57 , 11 , (2 5 1 25 23) , 95 , ((2 * 5) + 1) , 11
2020.09.08-13.07.57,v1.05-11-gdf88c32,58 , 11 , (2 5 1 25 23) , 135 , ((2 * 5) + 1) , 26
2020.09.08-13.07.57,v1.05-11-gdf88c32,59 , 11 , (2 5 1 25 23) , 348 , ((2 * 5) + 1) , 68
2020.09.08-13.07.57,v1.05-11-gdf88c32,60 , 11 , (2 5 1 25 23) , 316 , ((5 * 2) + 1) , 56
2020.09.08-13.07.57,v1.05-11-gdf88c32,61 , 11 , (2 5 1 25 23) , 365 , ((2 * 5) + 1) , 95
2020.09.08-13.07.57,v1.05-11-gdf88c32,62 , 11 , (2 5 1 25 23) , 536 , ((5 * 2) + 1) , 121
2020.09.08-13.07.57,v1.05-11-gdf88c32,63 , 11 , (2 5 1 25 23) , 416 , ((2 * 5) + 1) , 111
2020.09.08-13.07.57,v1.05-11-gdf88c32,64 , 11 , (2 5 1 25 23) , 224 , ((2 * 5) + 1) , 32
2020.09.08-13.07.57,v1.05-11-gdf88c32,65 , 11 , (2 5 1 25 23) , 1026 , ((5 * 2) + 1) , 295
2020.09.08-13.07.57,v1.05-11-gdf88c32,66 , 11 , (2 5 1 25 23) , 353 , ((5 * 2) + 1) , 87
2020.09.08-13.07.57,v1.05-11-gdf88c32,67 , 11 , (2 5 1 25 23) , 115 , ((2 * 5) + 1) , 0
2020.09.08-13.07.57,v1.05-11-gdf88c32,68 , 11 , (2 5 1 25 23) , 294 , ((2 * 5) + 1) , 63
2020.09.08-13.07.57,v1.05-11-gdf88c32,69 , 11 , (2 5 1 25 23) , 107 , ((2 * 5) + 1) , 11
2020.09.08-13.07.57,v1.05-11-gdf88c32,70 , 11 , (2 5 1 25 23) , 549 , ((2 * 5) + 1) , 182
2020.09.08-13.07.57,v1.05-11-gdf88c32,71 , 11 , (2 5 1 25 23) , 200 , ((2 * 5) + 1) , 38
2020.09.08-13.07.57,v1.05-11-gdf88c32,72 , 11 , (2 5 1 25 23) , 285 , ((5 * 2) + 1) , 57
2020.09.08-13.07.57,v1.05-11-gdf88c32,73 , 11 , (2 5 1 25 23) , 1477 , ((2 * 5) + 1) , 434
2020.09.08-13.07.57,v1.05-11-gdf88c32,74 , 11 , (2 5 1 25 23) , 83 , ((2 * 5) + 1) , 0
2020.09.08-13.07.57,v1.05-11-gdf88c32,75 , 11 , (2 5 1 25 23) , 117 , ((2 * 5) + 1) , 9
2020.09.08-13.07.57,v1.05-11-gdf88c32,76 , 11 , (2 5 1 25 23) , 391 , ((2 * 5) + 1) , 70
2020.09.08-13.07.57,v1.05-11-gdf88c32,77 , 11 , (2 5 1 25 23) , 569 , ((5 * 2) + 1) , 132
2020.09.08-13.07.57,v1.05-11-gdf88c32,78 , 11 , (2 5 1 25 23) , 58 , ((2 * 5) + 1) , 5
2020.09.08-13.07.57,v1.05-11-gdf88c32,79 , 11 , (2 5 1 25 23) , 316 , ((2 * 5) + 1) , 53
2020.09.08-13.07.57,v1.05-11-gdf88c32,80 , 11 , (2 5 1 25 23) , 1246 , ((2 * 5) + 1) , 348
2020.09.08-13.07.57,v1.05-11-gdf88c32,81 , 11 , (2 5 1 25 23) , 137 , ((2 * 5) + 1) , 10
2020.09.08-13.07.57,v1.05-11-gdf88c32,82 , 11 , (2 5 1 25 23) , 50 , ((2 * 5) + 1) , 0
2020.09.08-13.07.57,v1.05-11-gdf88c32,83 , 11 , (2 5 1 25 23) , 158 , ((2 * 5) + 1) , 20
2020.09.08-13.07.57,v1.05-11-gdf88c32,84 , 11 , (2 5 1 25 23) , 506 , ((2 * 5) + 1) , 105
2020.09.08-13.07.57,v1.05-11-gdf88c32,85 , 11 , (2 5 1 25 23) , 37 , ((2 * 5) + 1) , 0
2020.09.08-13.07.57,v1.05-11-gdf88c32,86 , 11 , (2 5 1 25 23) , 115 , ((2 * 5) + 1) , 20
2020.09.08-13.07.57,v1.05-11-gdf88c32,87 , 11 , (2 5 1 25 23) , 68 , ((2 * 5) + 1) , 3
2020.09.08-13.07.57,v1.05-11-gdf88c32,88 , 11 , (2 5 1 25 23) , 1310 , ((2 * 5) + 1) , 367
2020.09.08-13.07.57,v1.05-11-gdf88c32,89 , 11 , (2 5 1 25 23) , 163 , ((2 * 5) + 1) , 19
2020.09.08-13.07.57,v1.05-11-gdf88c32,90 , 11 , (2 5 1 25 23) , 187 , ((2 * 5) + 1) , 55
2020.09.08-13.07.57,v1.05-11-gdf88c32,91 , 11 , (2 5 1 25 23) , 564 , ((2 * 5) + 1) , 135
2020.09.08-13.07.57,v1.05-11-gdf88c32,92 , 11 , (2 5 1 25 23) , 332 , ((2 * 5) + 1) , 67
2020.09.08-13.07.57,v1.05-11-gdf88c32,93 , 11 , (2 5 1 25 23) , 146 , ((2 * 5) + 1) , 14
2020.09.08-13.07.57,v1.05-11-gdf88c32,94 , 11 , (2 5 1 25 23) , 1315 , ((2 * 5) + 1) , 344
2020.09.08-13.07.57,v1.05-11-gdf88c32,95 , 11 , (2 5 1 25 23) , 1216 , ((2 * 5) + 1) , 343
2020.09.08-13.07.57,v1.05-11-gdf88c32,96 , 11 , (2 5 1 25 23) , 594 , ((2 * 5) + 1) , 145
2020.09.08-13.07.57,v1.05-11-gdf88c32,97 , 11 , (2 5 1 25 23) , 590 , ((2 * 5) + 1) , 146
2020.09.08-13.07.57,v1.05-11-gdf88c32,98 , 11 , (2 5 1 25 23) , 214 , ((2 * 5) + 1) , 38
2020.09.08-13.07.57,v1.05-11-gdf88c32,99 , 11 , (2 5 1 25 23) , 678 , ((2 * 5) + 1) , 178
2020.09.08-13.07.57,v1.05-11-gdf88c32,0 , 116 , (20 2 16 14 6) , 2000 , none,  433
2020.09.08-13.07.57,v1.05-11-gdf88c32,1 , 116 , (20 2 16 14 6) , 1135 , ((6 * 14) + (2 * 16)) , 103
2020.09.08-13.07.57,v1.05-11-gdf88c32,2 , 116 , (20 2 16 14 6) , 330 , ((6 * 14) + (2 * 16)) , 41
2020.09.08-13.07.57,v1.05-11-gdf88c32,3 , 116 , (20 2 16 14 6) , 2000 , none,  184
2020.09.08-13.07.57,v1.05-11-gdf88c32,4 , 116 , (20 2 16 14 6) , 108 , ((6 * 14) + (2 * 16)) , 0
2020.09.08-13.07.57,v1.05-11-gdf88c32,5 , 116 , (20 2 16 14 6) , 690 , ((6 * 16) + 20) , 107
2020.09.08-13.07.57,v1.05-11-gdf88c32,6 , 116 , (20 2 16 14 6) , 2000 , none,  408
2020.09.08-13.07.57,v1.05-11-gdf88c32,7 , 116 , (20 2 16 14 6) , 2000 , none,  368
2020.09.08-13.07.57,v1.05-11-gdf88c32,8 , 116 , (20 2 16 14 6) , 110 , ((6 * 14) + (2 * 16)) , 0
2020.09.08-13.07.57,v1.05-11-gdf88c32,9 , 116 , (20 2 16 14 6) , 2000 , none,  398
2020.09.08-13.07.57,v1.05-11-gdf88c32,10 , 116 , (20 2 16 14 6) , 2000 , none,  280
2020.09.08-13.07.57,v1.05-11-gdf88c32,11 , 116 , (20 2 16 14 6) , 2000 , none,  448
2020.09.08-13.07.57,v1.05-11-gdf88c32,12 , 116 , (20 2 16 14 6) , 861 , ((6 * 14) + (2 * 16)) , 95
2020.09.08-13.07.57,v1.05-11-gdf88c32,13 , 116 , (20 2 16 14 6) , 2000 , none,  364
2020.09.08-13.07.57,v1.05-11-gdf88c32,14 , 116 , (20 2 16 14 6) , 2000 , none,  304
2020.09.08-13.07.57,v1.05-11-gdf88c32,15 , 116 , (20 2 16 14 6) , 2000 , none,  358
2020.09.08-13.07.57,v1.05-11-gdf88c32,16 , 116 , (20 2 16 14 6) , 2000 , none,  292
2020.09.08-13.07.57,v1.05-11-gdf88c32,17 , 116 , (20 2 16 14 6) , 107 , ((6 * 14) + (2 * 16)) , 0
2020.09.08-13.07.57,v1.05-11-gdf88c32,18 , 116 , (20 2 16 14 6) , 2000 , none,  293
2020.09.08-13.07.57,v1.05-11-gdf88c32,19 , 116 , (20 2 16 14 6) , 661 , ((6 * 14) + (2 * 16)) , 91
2020.09.08-13.07.57,v1.05-11-gdf88c32,20 , 116 , (20 2 16 14 6) , 1800 , ((6 * 14) + (2 * 16)) , 393
2020.09.08-13.07.57,v1.05-11-gdf88c32,21 , 116 , (20 2 16 14 6) , 2000 , none,  442
2020.09.08-13.07.57,v1.05-11-gdf88c32,22 , 116 , (20 2 16 14 6) , 2000 , none,  359
2020.09.08-13.07.57,v1.05-11-gdf88c32,23 , 116 , (20 2 16 14 6) , 2000 , none,  322
2020.09.08-13.07.57,v1.05-11-gdf88c32,24 , 116 , (20 2 16 14 6) , 646 , ((16 * 6) + 20) , 76
2020.09.08-13.07.57,v1.05-11-gdf88c32,25 , 116 , (20 2 16 14 6) , 2000 , none,  466
2020.09.08-13.07.57,v1.05-11-gdf88c32,26 , 116 , (20 2 16 14 6) , 2000 , none,  478
2020.09.08-13.07.57,v1.05-11-gdf88c32,27 , 116 , (20 2 16 14 6) , 2000 , none,  194
2020.09.08-13.07.57,v1.05-11-gdf88c32,28 , 116 , (20 2 16 14 6) , 2000 , none,  394
2020.09.08-13.07.57,v1.05-11-gdf88c32,29 , 116 , (20 2 16 14 6) , 678 , ((6 * 20) - (2 + 2)) , 76
2020.09.08-13.07.57,v1.05-11-gdf88c32,30 , 116 , (20 2 16 14 6) , 227 , ((6 * 16) + 20) , 37
2020.09.08-13.07.57,v1.05-11-gdf88c32,31 , 116 , (20 2 16 14 6) , 1849 , ((20 * 6) - (2 + 2)) , 250
2020.09.08-13.07.57,v1.05-11-gdf88c32,32 , 116 , (20 2 16 14 6) , 416 , ((6 * 14) + (2 * 16)) , 73
2020.09.08-13.07.57,v1.05-11-gdf88c32,33 , 116 , (20 2 16 14 6) , 2000 , none,  338
2020.09.08-13.07.57,v1.05-11-gdf88c32,34 , 116 , (20 2 16 14 6) , 2000 , none,  336
2020.09.08-13.07.57,v1.05-11-gdf88c32,35 , 116 , (20 2 16 14 6) , 2000 , none,  177
2020.09.08-13.07.57,v1.05-11-gdf88c32,36 , 116 , (20 2 16 14 6) , 2000 , none,  314
2020.09.08-13.07.57,v1.05-11-gdf88c32,37 , 116 , (20 2 16 14 6) , 66 , ((6 * 14) + (2 * 16)) , 5
2020.09.08-13.07.57,v1.05-11-gdf88c32,38 , 116 , (20 2 16 14 6) , 2000 , none,  276
2020.09.08-13.07.57,v1.05-11-gdf88c32,39 , 116 , (20 2 16 14 6) , 656 , ((16 * 6) + 20) , 128
2020.09.08-13.07.57,v1.05-11-gdf88c32,40 , 116 , (20 2 16 14 6) , 111 , ((6 * 14) + (2 * 16)) , 0
2020.09.08-13.07.57,v1.05-11-gdf88c32,41 , 116 , (20 2 16 14 6) , 447 , ((20 * 6) - (6 - 2)) , 60
2020.09.08-13.07.57,v1.05-11-gdf88c32,42 , 116 , (20 2 16 14 6) , 2000 , none,  236
2020.09.08-13.07.57,v1.05-11-gdf88c32,43 , 116 , (20 2 16 14 6) , 2000 , none,  372
2020.09.08-13.07.57,v1.05-11-gdf88c32,44 , 116 , (20 2 16 14 6) , 75 , ((6 * 14) + (2 * 16)) , 0
2020.09.08-13.07.57,v1.05-11-gdf88c32,45 , 116 , (20 2 16 14 6) , 2000 , none,  340
2020.09.08-13.07.57,v1.05-11-gdf88c32,46 , 116 , (20 2 16 14 6) , 1939 , ((6 * 14) + (2 * 16)) , 335
2020.09.08-13.07.57,v1.05-11-gdf88c32,47 , 116 , (20 2 16 14 6) , 2000 , none,  311
2020.09.08-13.07.57,v1.05-11-gdf88c32,48 , 116 , (20 2 16 14 6) , 1716 , ((6 * 16) + 20) , 211
2020.09.08-13.07.57,v1.05-11-gdf88c32,49 , 116 , (20 2 16 14 6) , 995 , ((6 * 16) + 20) , 71
2020.09.08-13.07.57,v1.05-11-gdf88c32,50 , 116 , (20 2 16 14 6) , 1888 , ((16 * 6) + 20) , 280
2020.09.08-13.07.57,v1.05-11-gdf88c32,51 , 116 , (20 2 16 14 6) , 2000 , none,  291
2020.09.08-13.07.57,v1.05-11-gdf88c32,52 , 116 , (20 2 16 14 6) , 2000 , none,  370
2020.09.08-13.07.57,v1.05-11-gdf88c32,53 , 116 , (20 2 16 14 6) , 215 , ((6 * 16) + 20) , 19
2020.09.08-13.07.57,v1.05-11-gdf88c32,54 , 116 , (20 2 16 14 6) , 1213 , ((6 * 16) + 20) , 77
2020.09.08-13.07.57,v1.05-11-gdf88c32,55 , 116 , (20 2 16 14 6) , 606 , ((6 * 16) + 20) , 88
2020.09.08-13.07.57,v1.05-11-gdf88c32,56 , 116 , (20 2 16 14 6) , 119 , ((6 * 14) + (2 * 16)) , 17
2020.09.08-13.07.57,v1.05-11-gdf88c32,57 , 116 , (20 2 16 14 6) , 2000 , none,  270
2020.09.08-13.07.57,v1.05-11-gdf88c32,58 , 116 , (20 2 16 14 6) , 2000 , none,  285
2020.09.08-13.07.57,v1.05-11-gdf88c32,59 , 116 , (20 2 16 14 6) , 2000 , none,  419
2020.09.08-13.07.57,v1.05-11-gdf88c32,60 , 116 , (20 2 16 14 6) , 2000 , none,  328
2020.09.08-13.07.57,v1.05-11-gdf88c32,61 , 116 , (20 2 16 14 6) , 84 , ((6 * 16) + 20) , 6
2020.09.08-13.07.57,v1.05-11-gdf88c32,62 , 116 , (20 2 16 14 6) , 875 , ((6 * 14) + (2 * 16)) , 93
2020.09.08-13.07.57,v1.05-11-gdf88c32,63 , 116 , (20 2 16 14 6) , 2000 , none,  230
2020.09.08-13.07.57,v1.05-11-gdf88c32,64 , 116 , (20 2 16 14 6) , 2000 , none,  486
2020.09.08-13.07.57,v1.05-11-gdf88c32,65 , 116 , (20 2 16 14 6) , 2000 , none,  482
2020.09.08-13.07.57,v1.05-11-gdf88c32,66 , 116 , (20 2 16 14 6) , 968 , ((6 * 16) + 20) , 86
2020.09.08-13.07.57,v1.05-11-gdf88c32,67 , 116 , (20 2 16 14 6) , 2000 , none,  232
2020.09.08-13.07.57,v1.05-11-gdf88c32,68 , 116 , (20 2 16 14 6) , 1068 , ((6 * 14) + (2 * 16)) , 196
2020.09.08-13.07.57,v1.05-11-gdf88c32,69 , 116 , (20 2 16 14 6) , 1108 , ((6 * 14) + (2 * 16)) , 137
2020.09.08-13.07.57,v1.05-11-gdf88c32,70 , 116 , (20 2 16 14 6) , 707 , ((6 * 14) + (2 * 16)) , 109
2020.09.08-13.07.57,v1.05-11-gdf88c32,71 , 116 , (20 2 16 14 6) , 2000 , none,  249
2020.09.08-13.07.57,v1.05-11-gdf88c32,72 , 116 , (20 2 16 14 6) , 797 , ((6 * 14) + (2 * 16)) , 82
2020.09.08-13.07.57,v1.05-11-gdf88c32,73 , 116 , (20 2 16 14 6) , 47 , ((6 * 16) + 20) , 0
2020.09.08-13.07.57,v1.05-11-gdf88c32,74 , 116 , (20 2 16 14 6) , 2000 , none,  479
2020.09.08-13.07.57,v1.05-11-gdf88c32,75 , 116 , (20 2 16 14 6) , 2000 , none,  344
2020.09.08-13.07.57,v1.05-11-gdf88c32,76 , 116 , (20 2 16 14 6) , 1445 , ((6 * 16) + 20) , 309
2020.09.08-13.07.57,v1.05-11-gdf88c32,77 , 116 , (20 2 16 14 6) , 618 , ((6 * 16) + 20) , 39
2020.09.08-13.07.57,v1.05-11-gdf88c32,78 , 116 , (20 2 16 14 6) , 139 , ((6 * 14) + (2 * 16)) , 0
2020.09.08-13.07.57,v1.05-11-gdf88c32,79 , 116 , (20 2 16 14 6) , 64 , ((6 * 14) + (2 * 16)) , 1
2020.09.08-13.07.57,v1.05-11-gdf88c32,80 , 116 , (20 2 16 14 6) , 2000 , none,  237
2020.09.08-13.07.57,v1.05-11-gdf88c32,81 , 116 , (20 2 16 14 6) , 2000 , none,  336
2020.09.08-13.07.57,v1.05-11-gdf88c32,82 , 116 , (20 2 16 14 6) , 2000 , none,  216
2020.09.08-13.07.57,v1.05-11-gdf88c32,83 , 116 , (20 2 16 14 6) , 2000 , none,  406
2020.09.08-13.07.57,v1.05-11-gdf88c32,84 , 116 , (20 2 16 14 6) , 2000 , none,  415
2020.09.08-13.07.57,v1.05-11-gdf88c32,85 , 116 , (20 2 16 14 6) , 439 , ((6 * 14) + (2 * 16)) , 31
2020.09.08-13.07.57,v1.05-11-gdf88c32,86 , 116 , (20 2 16 14 6) , 1287 , ((16 * 6) + 20) , 156
2020.09.08-13.07.57,v1.05-11-gdf88c32,87 , 116 , (20 2 16 14 6) , 1817 , ((20 * 6) - (2 * 2)) , 470
2020.09.08-13.07.57,v1.05-11-gdf88c32,88 , 116 , (20 2 16 14 6) , 968 , ((14 * 6) + (2 * 16)) , 116
2020.09.08-13.07.57,v1.05-11-gdf88c32,89 , 116 , (20 2 16 14 6) , 1088 , ((6 * 16) + 20) , 180
2020.09.08-13.07.57,v1.05-11-gdf88c32,90 , 116 , (20 2 16 14 6) , 2000 , none,  240
2020.09.08-13.07.57,v1.05-11-gdf88c32,91 , 116 , (20 2 16 14 6) , 2000 , none,  406
2020.09.08-13.07.57,v1.05-11-gdf88c32,92 , 116 , (20 2 16 14 6) , 1568 , ((14 * 6) + (16 * 2)) , 202
2020.09.08-13.07.57,v1.05-11-gdf88c32,93 , 116 , (20 2 16 14 6) , 1062 , ((16 * 6) + 20) , 122
2020.09.08-13.07.57,v1.05-11-gdf88c32,94 , 116 , (20 2 16 14 6) , 1766 , ((6 * 16) + 20) , 339
2020.09.08-13.07.57,v1.05-11-gdf88c32,95 , 116 , (20 2 16 14 6) , 2000 , none,  314
2020.09.08-13.07.57,v1.05-11-gdf88c32,96 , 116 , (20 2 16 14 6) , 48 , ((6 * 16) + 20) , 0
2020.09.08-13.07.57,v1.05-11-gdf88c32,97 , 116 , (20 2 16 14 6) , 2000 , none,  263
2020.09.08-13.07.57,v1.05-11-gdf88c32,98 , 116 , (20 2 16 14 6) , 2000 , none,  488
2020.09.08-13.07.57,v1.05-11-gdf88c32,99 , 116 , (20 2 16 14 6) , 989 , ((14 * 6) + (2 * 16)) , 180
2020.09.08-13.07.57,v1.05-11-gdf88c32,0 , 127 , (7 6 4 22 25) , 2000 , none,  206
2020.09.08-13.07.57,v1.05-11-gdf88c32,1 , 127 , (7 6 4 22 25) , 2000 , none,  169
2020.09.08-13.07.57,v1.05-11-gdf88c32,2 , 127 , (7 6 4 22 25) , 2000 , none,  249
2020.09.08-13.07.57,v1.05-11-gdf88c32,3 , 127 , (7 6 4 22 25) , 2000 , none,  242
2020.09.08-13.07.57,v1.05-11-gdf88c32,4 , 127 , (7 6 4 22 25) , 2000 , none,  266
2020.09.08-13.07.57,v1.05-11-gdf88c32,5 , 127 , (7 6 4 22 25) , 2000 , none,  225
2020.09.08-13.07.57,v1.05-11-gdf88c32,6 , 127 , (7 6 4 22 25) , 2000 , none,  181
2020.09.08-13.07.57,v1.05-11-gdf88c32,7 , 127 , (7 6 4 22 25) , 2000 , none,  255
2020.09.08-13.07.57,v1.05-11-gdf88c32,8 , 127 , (7 6 4 22 25) , 2000 , none,  225
2020.09.08-13.07.57,v1.05-11-gdf88c32,9 , 127 , (7 6 4 22 25) , 2000 , none,  232
2020.09.08-13.07.57,v1.05-11-gdf88c32,10 , 127 , (7 6 4 22 25) , 2000 , none,  238
2020.09.08-13.07.57,v1.05-11-gdf88c32,11 , 127 , (7 6 4 22 25) , 2000 , none,  179
2020.09.08-13.07.57,v1.05-11-gdf88c32,12 , 127 , (7 6 4 22 25) , 2000 , none,  234
2020.09.08-13.07.57,v1.05-11-gdf88c32,13 , 127 , (7 6 4 22 25) , 2000 , none,  220
2020.09.08-13.07.57,v1.05-11-gdf88c32,14 , 127 , (7 6 4 22 25) , 2000 , none,  382
2020.09.08-13.07.57,v1.05-11-gdf88c32,15 , 127 , (7 6 4 22 25) , 2000 , none,  159
2020.09.08-13.07.57,v1.05-11-gdf88c32,16 , 127 , (7 6 4 22 25) , 2000 , none,  237
2020.09.08-13.07.57,v1.05-11-gdf88c32,17 , 127 , (7 6 4 22 25) , 2000 , none,  396
2020.09.08-13.07.57,v1.05-11-gdf88c32,18 , 127 , (7 6 4 22 25) , 2000 , none,  222
2020.09.08-13.07.57,v1.05-11-gdf88c32,19 , 127 , (7 6 4 22 25) , 2000 , none,  151
2020.09.08-13.07.57,v1.05-11-gdf88c32,20 , 127 , (7 6 4 22 25) , 2000 , none,  193
2020.09.08-13.07.57,v1.05-11-gdf88c32,21 , 127 , (7 6 4 22 25) , 2000 , none,  264
2020.09.08-13.07.57,v1.05-11-gdf88c32,22 , 127 , (7 6 4 22 25) , 2000 , none,  160
2020.09.08-13.07.57,v1.05-11-gdf88c32,23 , 127 , (7 6 4 22 25) , 2000 , none,  170
2020.09.08-13.07.57,v1.05-11-gdf88c32,24 , 127 , (7 6 4 22 25) , 2000 , none,  169
2020.09.08-13.07.57,v1.05-11-gdf88c32,25 , 127 , (7 6 4 22 25) , 2000 , none,  256
2020.09.08-13.07.57,v1.05-11-gdf88c32,26 , 127 , (7 6 4 22 25) , 2000 , none,  283
2020.09.08-13.07.57,v1.05-11-gdf88c32,27 , 127 , (7 6 4 22 25) , 2000 , none,  89
2020.09.08-13.07.57,v1.05-11-gdf88c32,28 , 127 , (7 6 4 22 25) , 2000 , none,  195
2020.09.08-13.07.57,v1.05-11-gdf88c32,29 , 127 , (7 6 4 22 25) , 2000 , none,  295
2020.09.08-13.07.57,v1.05-11-gdf88c32,30 , 127 , (7 6 4 22 25) , 2000 , none,  184
2020.09.08-13.07.57,v1.05-11-gdf88c32,31 , 127 , (7 6 4 22 25) , 2000 , none,  228
2020.09.08-13.07.57,v1.05-11-gdf88c32,32 , 127 , (7 6 4 22 25) , 2000 , none,  281
2020.09.08-13.07.57,v1.05-11-gdf88c32,33 , 127 , (7 6 4 22 25) , 2000 , none,  187
2020.09.08-13.07.57,v1.05-11-gdf88c32,34 , 127 , (7 6 4 22 25) , 2000 , none,  244
2020.09.08-13.07.57,v1.05-11-gdf88c32,35 , 127 , (7 6 4 22 25) , 2000 , none,  276
2020.09.08-13.07.57,v1.05-11-gdf88c32,36 , 127 , (7 6 4 22 25) , 2000 , none,  240
2020.09.08-13.07.57,v1.05-11-gdf88c32,37 , 127 , (7 6 4 22 25) , 2000 , none,  181
2020.09.08-13.07.57,v1.05-11-gdf88c32,38 , 127 , (7 6 4 22 25) , 2000 , none,  98
2020.09.08-13.07.57,v1.05-11-gdf88c32,39 , 127 , (7 6 4 22 25) , 2000 , none,  193
2020.09.08-13.07.57,v1.05-11-gdf88c32,40 , 127 , (7 6 4 22 25) , 2000 , none,  155
2020.09.08-13.07.57,v1.05-11-gdf88c32,41 , 127 , (7 6 4 22 25) , 2000 , none,  261
2020.09.08-13.07.57,v1.05-11-gdf88c32,42 , 127 , (7 6 4 22 25) , 2000 , none,  208
2020.09.08-13.07.57,v1.05-11-gdf88c32,43 , 127 , (7 6 4 22 25) , 2000 , none,  243
2020.09.08-13.07.57,v1.05-11-gdf88c32,44 , 127 , (7 6 4 22 25) , 2000 , none,  113
2020.09.08-13.07.57,v1.05-11-gdf88c32,45 , 127 , (7 6 4 22 25) , 2000 , none,  179
2020.09.08-13.07.57,v1.05-11-gdf88c32,46 , 127 , (7 6 4 22 25) , 2000 , none,  203
2020.09.08-13.07.57,v1.05-11-gdf88c32,47 , 127 , (7 6 4 22 25) , 2000 , none,  257
2020.09.08-13.07.57,v1.05-11-gdf88c32,48 , 127 , (7 6 4 22 25) , 2000 , none,  379
2020.09.08-13.07.57,v1.05-11-gdf88c32,49 , 127 , (7 6 4 22 25) , 2000 , none,  204
2020.09.08-13.07.57,v1.05-11-gdf88c32,50 , 127 , (7 6 4 22 25) , 2000 , none,  168
2020.09.08-13.07.57,v1.05-11-gdf88c32,51 , 127 , (7 6 4 22 25) , 2000 , none,  120
2020.09.08-13.07.57,v1.05-11-gdf88c32,52 , 127 , (7 6 4 22 25) , 2000 , none,  185
2020.09.08-13.07.57,v1.05-11-gdf88c32,53 , 127 , (7 6 4 22 25) , 2000 , none,  249
2020.09.08-13.07.57,v1.05-11-gdf88c32,54 , 127 , (7 6 4 22 25) , 2000 , none,  256
2020.09.08-13.07.57,v1.05-11-gdf88c32,55 , 127 , (7 6 4 22 25) , 2000 , none,  255
2020.09.08-13.07.57,v1.05-11-gdf88c32,56 , 127 , (7 6 4 22 25) , 2000 , none,  306
2020.09.08-13.07.57,v1.05-11-gdf88c32,57 , 127 , (7 6 4 22 25) , 2000 , none,  309
2020.09.08-13.07.57,v1.05-11-gdf88c32,58 , 127 , (7 6 4 22 25) , 2000 , none,  241
2020.09.08-13.07.57,v1.05-11-gdf88c32,59 , 127 , (7 6 4 22 25) , 2000 , none,  123
2020.09.08-13.07.57,v1.05-11-gdf88c32,60 , 127 , (7 6 4 22 25) , 2000 , none,  144
2020.09.08-13.07.57,v1.05-11-gdf88c32,61 , 127 , (7 6 4 22 25) , 2000 , none,  206
2020.09.08-13.07.57,v1.05-11-gdf88c32,62 , 127 , (7 6 4 22 25) , 2000 , none,  268
2020.09.08-13.07.57,v1.05-11-gdf88c32,63 , 127 , (7 6 4 22 25) , 2000 , none,  361
2020.09.08-13.07.57,v1.05-11-gdf88c32,64 , 127 , (7 6 4 22 25) , 2000 , none,  216
2020.09.08-13.07.57,v1.05-11-gdf88c32,65 , 127 , (7 6 4 22 25) , 2000 , none,  258
2020.09.08-13.07.57,v1.05-11-gdf88c32,66 , 127 , (7 6 4 22 25) , 2000 , none,  235
2020.09.08-13.07.57,v1.05-11-gdf88c32,67 , 127 , (7 6 4 22 25) , 2000 , none,  109
2020.09.08-13.07.57,v1.05-11-gdf88c32,68 , 127 , (7 6 4 22 25) , 2000 , none,  157
2020.09.08-13.07.57,v1.05-11-gdf88c32,69 , 127 , (7 6 4 22 25) , 2000 , none,  208
2020.09.08-13.07.57,v1.05-11-gdf88c32,70 , 127 , (7 6 4 22 25) , 2000 , none,  111
2020.09.08-13.07.57,v1.05-11-gdf88c32,71 , 127 , (7 6 4 22 25) , 2000 , none,  379
2020.09.08-13.07.57,v1.05-11-gdf88c32,72 , 127 , (7 6 4 22 25) , 2000 , none,  179
2020.09.08-13.07.57,v1.05-11-gdf88c32,73 , 127 , (7 6 4 22 25) , 2000 , none,  212
2020.09.08-13.07.57,v1.05-11-gdf88c32,74 , 127 , (7 6 4 22 25) , 2000 , none,  138
2020.09.08-13.07.57,v1.05-11-gdf88c32,75 , 127 , (7 6 4 22 25) , 2000 , none,  269
2020.09.08-13.07.57,v1.05-11-gdf88c32,76 , 127 , (7 6 4 22 25) , 2000 , none,  234
2020.09.08-13.07.57,v1.05-11-gdf88c32,77 , 127 , (7 6 4 22 25) , 2000 , none,  170
2020.09.08-13.07.57,v1.05-11-gdf88c32,78 , 127 , (7 6 4 22 25) , 2000 , none,  267
2020.09.08-13.07.57,v1.05-11-gdf88c32,79 , 127 , (7 6 4 22 25) , 2000 , none,  324
2020.09.08-13.07.57,v1.05-11-gdf88c32,80 , 127 , (7 6 4 22 25) , 2000 , none,  109
2020.09.08-13.07.57,v1.05-11-gdf88c32,81 , 127 , (7 6 4 22 25) , 2000 , none,  128
2020.09.08-13.07.57,v1.05-11-gdf88c32,82 , 127 , (7 6 4 22 25) , 2000 , none,  211
2020.09.08-13.07.57,v1.05-11-gdf88c32,83 , 127 , (7 6 4 22 25) , 2000 , none,  304
2020.09.08-13.07.57,v1.05-11-gdf88c32,84 , 127 , (7 6 4 22 25) , 2000 , none,  238
2020.09.08-13.07.57,v1.05-11-gdf88c32,85 , 127 , (7 6 4 22 25) , 2000 , none,  139
2020.09.08-13.07.57,v1.05-11-gdf88c32,86 , 127 , (7 6 4 22 25) , 2000 , none,  285
2020.09.08-13.07.57,v1.05-11-gdf88c32,87 , 127 , (7 6 4 22 25) , 2000 , none,  144
2020.09.08-13.07.57,v1.05-11-gdf88c32,88 , 127 , (7 6 4 22 25) , 2000 , none,  133
2020.09.08-13.07.57,v1.05-11-gdf88c32,89 , 127 , (7 6 4 22 25) , 2000 , none,  160
2020.09.08-13.07.57,v1.05-11-gdf88c32,90 , 127 , (7 6 4 22 25) , 2000 , none,  212
2020.09.08-13.07.57,v1.05-11-gdf88c32,91 , 127 , (7 6 4 22 25) , 2000 , none,  184
2020.09.08-13.07.57,v1.05-11-gdf88c32,92 , 127 , (7 6 4 22 25) , 2000 , none,  285
2020.09.08-13.07.57,v1.05-11-gdf88c32,93 , 127 , (7 6 4 22 25) , 2000 , none,  136
2020.09.08-13.07.57,v1.05-11-gdf88c32,94 , 127 , (7 6 4 22 25) , 2000 , none,  182
2020.09.08-13.07.57,v1.05-11-gdf88c32,95 , 127 , (7 6 4 22 25) , 2000 , none,  177
2020.09.08-13.07.57,v1.05-11-gdf88c32,96 , 127 , (7 6 4 22 25) , 2000 , none,  159
2020.09.08-13.07.57,v1.05-11-gdf88c32,97 , 127 , (7 6 4 22 25) , 2000 , none,  94
2020.09.08-13.07.57,v1.05-11-gdf88c32,98 , 127 , (7 6 4 22 25) , 2000 , none,  228
2020.09.08-13.07.57,v1.05-11-gdf88c32,99 , 127 , (7 6 4 22 25) , 2000 , none,  158
2020.09.08-13.07.57,v1.05-11-gdf88c32,0 , 41 , (5 16 22 25 1) , 129 , ((25 + 22) - (1 + 5)) , 4
2020.09.08-13.07.57,v1.05-11-gdf88c32,1 , 41 , (5 16 22 25 1) , 33 , (25 + 16) , 0
2020.09.08-13.07.57,v1.05-11-gdf88c32,2 , 41 , (5 16 22 25 1) , 2000 , none,  748
2020.09.08-13.07.57,v1.05-11-gdf88c32,3 , 41 , (5 16 22 25 1) , 2000 , none,  751
2020.09.08-13.07.57,v1.05-11-gdf88c32,4 , 41 , (5 16 22 25 1) , 101 , (25 + 16) , 16
2020.09.08-13.07.57,v1.05-11-gdf88c32,5 , 41 , (5 16 22 25 1) , 42 , (25 + 16) , 0
2020.09.08-13.07.57,v1.05-11-gdf88c32,6 , 41 , (5 16 22 25 1) , 2000 , none,  709
2020.09.08-13.07.57,v1.05-11-gdf88c32,7 , 41 , (5 16 22 25 1) , 2000 , none,  670
2020.09.08-13.07.57,v1.05-11-gdf88c32,8 , 41 , (5 16 22 25 1) , 2000 , none,  612
2020.09.08-13.07.57,v1.05-11-gdf88c32,9 , 41 , (5 16 22 25 1) , 2000 , none,  713
2020.09.08-13.07.57,v1.05-11-gdf88c32,10 , 41 , (5 16 22 25 1) , 195 , ((22 + 25) - (1 + 5)) , 5
2020.09.08-13.07.57,v1.05-11-gdf88c32,11 , 41 , (5 16 22 25 1) , 2000 , none,  724
2020.09.08-13.07.57,v1.05-11-gdf88c32,12 , 41 , (5 16 22 25 1) , 2000 , none,  762
2020.09.08-13.07.57,v1.05-11-gdf88c32,13 , 41 , (5 16 22 25 1) , 2000 , none,  708
2020.09.08-13.07.57,v1.05-11-gdf88c32,14 , 41 , (5 16 22 25 1) , 2000 , none,  739
2020.09.08-13.07.57,v1.05-11-gdf88c32,15 , 41 , (5 16 22 25 1) , 2000 , none,  683
2020.09.08-13.07.57,v1.05-11-gdf88c32,16 , 41 , (5 16 22 25 1) , 2000 , none,  531
2020.09.08-13.07.57,v1.05-11-gdf88c32,17 , 41 , (5 16 22 25 1) , 2000 , none,  668
2020.09.08-13.07.57,v1.05-11-gdf88c32,18 , 41 , (5 16 22 25 1) , 2000 , none,  746
2020.09.08-13.07.57,v1.05-11-gdf88c32,19 , 41 , (5 16 22 25 1) , 1399 , (25 + 16) , 521
2020.09.08-13.07.57,v1.05-11-gdf88c32,20 , 41 , (5 16 22 25 1) , 2000 , none,  705
2020.09.08-13.07.57,v1.05-11-gdf88c32,21 , 41 , (5 16 22 25 1) , 29 , (25 + 16) , 0
2020.09.08-13.07.57,v1.05-11-gdf88c32,22 , 41 , (5 16 22 25 1) , 147 , ((25 + 22) - (1 + 5)) , 8
2020.09.08-13.07.57,v1.05-11-gdf88c32,23 , 41 , (5 16 22 25 1) , 2000 , none,  711
2020.09.08-13.07.57,v1.05-11-gdf88c32,24 , 41 , (5 16 22 25 1) , 2000 , none,  722
2020.09.08-13.07.57,v1.05-11-gdf88c32,25 , 41 , (5 16 22 25 1) , 2000 , none,  763
2020.09.08-13.07.57,v1.05-11-gdf88c32,26 , 41 , (5 16 22 25 1) , 2000 , none,  720
2020.09.08-13.07.57,v1.05-11-gdf88c32,27 , 41 , (5 16 22 25 1) , 2000 , none,  719
2020.09.08-13.07.57,v1.05-11-gdf88c32,28 , 41 , (5 16 22 25 1) , 2000 , none,  762
2020.09.08-13.07.57,v1.05-11-gdf88c32,29 , 41 , (5 16 22 25 1) , 2000 , none,  750
2020.09.08-13.07.57,v1.05-11-gdf88c32,30 , 41 , (5 16 22 25 1) , 2000 , none,  737
2020.09.08-13.07.57,v1.05-11-gdf88c32,31 , 41 , (5 16 22 25 1) , 2000 , none,  713
2020.09.08-13.07.57,v1.05-11-gdf88c32,32 , 41 , (5 16 22 25 1) , 2000 , none,  782
2020.09.08-13.07.57,v1.05-11-gdf88c32,33 , 41 , (5 16 22 25 1) , 2000 , none,  703
2020.09.08-13.07.57,v1.05-11-gdf88c32,34 , 41 , (5 16 22 25 1) , 2000 , none,  759
2020.09.08-13.07.57,v1.05-11-gdf88c32,35 , 41 , (5 16 22 25 1) , 2000 , none,  777
2020.09.08-13.07.57,v1.05-11-gdf88c32,36 , 41 , (5 16 22 25 1) , 2000 , none,  722
2020.09.08-13.07.57,v1.05-11-gdf88c32,37 , 41 , (5 16 22 25 1) , 2000 , none,  713
2020.09.08-13.07.57,v1.05-11-gdf88c32,38 , 41 , (5 16 22 25 1) , 2000 , none,  680
2020.09.08-13.07.57,v1.05-11-gdf88c32,39 , 41 , (5 16 22 25 1) , 2000 , none,  755
2020.09.08-13.07.57,v1.05-11-gdf88c32,40 , 41 , (5 16 22 25 1) , 2000 , none,  743
2020.09.08-13.07.57,v1.05-11-gdf88c32,41 , 41 , (5 16 22 25 1) , 2000 , none,  753
2020.09.08-13.07.57,v1.05-11-gdf88c32,42 , 41 , (5 16 22 25 1) , 2000 , none,  729
2020.09.08-13.07.57,v1.05-11-gdf88c32,43 , 41 , (5 16 22 25 1) , 40 , (16 + 25) , 0
2020.09.08-13.07.57,v1.05-11-gdf88c32,44 , 41 , (5 16 22 25 1) , 97 , (16 + 25) , 13
2020.09.08-13.07.57,v1.05-11-gdf88c32,45 , 41 , (5 16 22 25 1) , 2000 , none,  735
2020.09.08-13.07.57,v1.05-11-gdf88c32,46 , 41 , (5 16 22 25 1) , 2000 , none,  724
2020.09.08-13.07.57,v1.05-11-gdf88c32,47 , 41 , (5 16 22 25 1) , 2000 , none,  671
2020.09.08-13.07.57,v1.05-11-gdf88c32,48 , 41 , (5 16 22 25 1) , 2000 , none,  751
2020.09.08-13.07.57,v1.05-11-gdf88c32,49 , 41 , (5 16 22 25 1) , 789 , (16 + 25) , 108
2020.09.08-13.07.57,v1.05-11-gdf88c32,50 , 41 , (5 16 22 25 1) , 800 , ((22 + 25) - (1 + 5)) , 24
2020.09.08-13.07.57,v1.05-11-gdf88c32,51 , 41 , (5 16 22 25 1) , 2000 , none,  623
2020.09.08-13.07.57,v1.05-11-gdf88c32,52 , 41 , (5 16 22 25 1) , 2000 , none,  784
2020.09.08-13.07.57,v1.05-11-gdf88c32,53 , 41 , (5 16 22 25 1) , 2000 , none,  689
2020.09.08-13.07.57,v1.05-11-gdf88c32,54 , 41 , (5 16 22 25 1) , 2000 , none,  782
2020.09.08-13.07.57,v1.05-11-gdf88c32,55 , 41 , (5 16 22 25 1) , 2000 , none,  717
2020.09.08-13.07.57,v1.05-11-gdf88c32,56 , 41 , (5 16 22 25 1) , 2000 , none,  177
2020.09.08-13.07.57,v1.05-11-gdf88c32,57 , 41 , (5 16 22 25 1) , 2000 , none,  767
2020.09.08-13.07.57,v1.05-11-gdf88c32,58 , 41 , (5 16 22 25 1) , 2000 , none,  746
2020.09.08-13.07.57,v1.05-11-gdf88c32,59 , 41 , (5 16 22 25 1) , 2000 , none,  765
2020.09.08-13.07.57,v1.05-11-gdf88c32,60 , 41 , (5 16 22 25 1) , 2000 , none,  776
2020.09.08-13.07.57,v1.05-11-gdf88c32,61 , 41 , (5 16 22 25 1) , 2000 , none,  684
2020.09.08-13.07.57,v1.05-11-gdf88c32,62 , 41 , (5 16 22 25 1) , 70 , (16 + 25) , 0
2020.09.08-13.07.57,v1.05-11-gdf88c32,63 , 41 , (5 16 22 25 1) , 2000 , none,  724
2020.09.08-13.07.57,v1.05-11-gdf88c32,64 , 41 , (5 16 22 25 1) , 2000 , none,  744
2020.09.08-13.07.57,v1.05-11-gdf88c32,65 , 41 , (5 16 22 25 1) , 2000 , none,  596
2020.09.08-13.07.57,v1.05-11-gdf88c32,66 , 41 , (5 16 22 25 1) , 2000 , none,  716
2020.09.08-13.07.57,v1.05-11-gdf88c32,67 , 41 , (5 16 22 25 1) , 79 , (16 + 25) , 8
2020.09.08-13.07.57,v1.05-11-gdf88c32,68 , 41 , (5 16 22 25 1) , 2000 , none,  675
2020.09.08-13.07.57,v1.05-11-gdf88c32,69 , 41 , (5 16 22 25 1) , 2000 , none,  761
2020.09.08-13.07.57,v1.05-11-gdf88c32,70 , 41 , (5 16 22 25 1) , 2000 , none,  759
2020.09.08-13.07.57,v1.05-11-gdf88c32,71 , 41 , (5 16 22 25 1) , 2000 , none,  761
2020.09.08-13.07.57,v1.05-11-gdf88c32,72 , 41 , (5 16 22 25 1) , 2000 , none,  754
2020.09.08-13.07.57,v1.05-11-gdf88c32,73 , 41 , (5 16 22 25 1) , 22 , (16 + 25) , 0
2020.09.08-13.07.57,v1.05-11-gdf88c32,74 , 41 , (5 16 22 25 1) , 80 , ((22 + 25) - (1 + 5)) , 0
2020.09.08-13.07.57,v1.05-11-gdf88c32,75 , 41 , (5 16 22 25 1) , 2000 , none,  705
2020.09.08-13.07.57,v1.05-11-gdf88c32,76 , 41 , (5 16 22 25 1) , 2000 , none,  715
2020.09.08-13.07.57,v1.05-11-gdf88c32,77 , 41 , (5 16 22 25 1) , 2000 , none,  742
2020.09.08-13.07.57,v1.05-11-gdf88c32,78 , 41 , (5 16 22 25 1) , 160 , ((22 + 25) - (1 + 5)) , 0
2020.09.08-13.07.57,v1.05-11-gdf88c32,79 , 41 , (5 16 22 25 1) , 56 , (25 + 16) , 0
2020.09.08-13.07.57,v1.05-11-gdf88c32,80 , 41 , (5 16 22 25 1) , 2000 , none,  712
2020.09.08-13.07.57,v1.05-11-gdf88c32,81 , 41 , (5 16 22 25 1) , 31 , (25 + 16) , 0
2020.09.08-13.07.57,v1.05-11-gdf88c32,82 , 41 , (5 16 22 25 1) , 2000 , none,  736
2020.09.08-13.07.57,v1.05-11-gdf88c32,83 , 41 , (5 16 22 25 1) , 2000 , none,  789
2020.09.08-13.07.57,v1.05-11-gdf88c32,84 , 41 , (5 16 22 25 1) , 2000 , none,  766
2020.09.08-13.07.57,v1.05-11-gdf88c32,85 , 41 , (5 16 22 25 1) , 52 , (16 + 25) , 0
2020.09.08-13.07.57,v1.05-11-gdf88c32,86 , 41 , (5 16 22 25 1) , 21 , (25 + 16) , 0
2020.09.08-13.07.57,v1.05-11-gdf88c32,87 , 41 , (5 16 22 25 1) , 2000 , none,  655
2020.09.08-13.07.57,v1.05-11-gdf88c32,88 , 41 , (5 16 22 25 1) , 2000 , none,  723
2020.09.08-13.07.57,v1.05-11-gdf88c32,89 , 41 , (5 16 22 25 1) , 2000 , none,  750
2020.09.08-13.07.57,v1.05-11-gdf88c32,90 , 41 , (5 16 22 25 1) , 2000 , none,  809
2020.09.08-13.07.57,v1.05-11-gdf88c32,91 , 41 , (5 16 22 25 1) , 78 , (16 + 25) , 15
2020.09.08-13.07.57,v1.05-11-gdf88c32,92 , 41 , (5 16 22 25 1) , 2000 , none,  618
2020.09.08-13.07.57,v1.05-11-gdf88c32,93 , 41 , (5 16 22 25 1) , 2000 , none,  746
2020.09.08-13.07.57,v1.05-11-gdf88c32,94 , 41 , (5 16 22 25 1) , 2000 , none,  716
2020.09.08-13.07.57,v1.05-11-gdf88c32,95 , 41 , (5 16 22 25 1) , 2000 , none,  721
2020.09.08-13.07.57,v1.05-11-gdf88c32,96 , 41 , (5 16 22 25 1) , 2000 , none,  705
2020.09.08-13.07.57,v1.05-11-gdf88c32,97 , 41 , (5 16 22 25 1) , 2000 , none,  781
2020.09.08-13.07.57,v1.05-11-gdf88c32,98 , 41 , (5 16 22 25 1) , 2000 , none,  667
2020.09.08-13.07.57,v1.05-11-gdf88c32,99 , 41 , (5 16 22 25 1) , 2000 , none,  734
