2020.08.09-11.42.53,v1.04-5-g727ef31,0 , 114 , (11 20 7 1 6) , 1015 , ((6 * 20) - (7 - 1))
2020.08.09-11.42.53,v1.04-5-g727ef31,1 , 114 , (11 20 7 1 6) , 1086 , ((6 * 20) - (7 - 1))
2020.08.09-11.42.53,v1.04-5-g727ef31,2 , 114 , (11 20 7 1 6) , 380 , ((6 * 20) - (7 - 1))
2020.08.09-11.42.53,v1.04-5-g727ef31,3 , 114 , (11 20 7 1 6) , 213 , ((6 * 20) - (7 - 1))
2020.08.09-11.42.53,v1.04-5-g727ef31,4 , 114 , (11 20 7 1 6) , 525 , ((6 * 20) - (7 - 1))
2020.08.09-11.42.53,v1.04-5-g727ef31,5 , 114 , (11 20 7 1 6) , 119 , ((6 * 20) - (7 - 1))
2020.08.09-11.42.53,v1.04-5-g727ef31,6 , 114 , (11 20 7 1 6) , 819 , ((6 * 20) - (7 - 1))
2020.08.09-11.42.53,v1.04-5-g727ef31,7 , 114 , (11 20 7 1 6) , 1208 , ((6 * 20) - (7 - 1))
2020.08.09-11.42.53,v1.04-5-g727ef31,8 , 114 , (11 20 7 1 6) , 2785 , ((6 * 20) - (7 - 1))
2020.08.09-11.42.53,v1.04-5-g727ef31,9 , 114 , (11 20 7 1 6) , 419 , ((6 * 20) - (7 - 1))
2020.08.09-11.42.53,v1.04-5-g727ef31,10 , 114 , (11 20 7 1 6) , 444 , ((6 * 20) - (7 - 1))
2020.08.09-11.42.53,v1.04-5-g727ef31,11 , 114 , (11 20 7 1 6) , 1310 , ((6 * 20) - (7 - 1))
2020.08.09-11.42.53,v1.04-5-g727ef31,12 , 114 , (11 20 7 1 6) , 569 , ((6 * 20) - (7 - 1))
2020.08.09-11.42.53,v1.04-5-g727ef31,13 , 114 , (11 20 7 1 6) , 538 , ((6 * 20) - (7 - 1))
2020.08.09-11.42.53,v1.04-5-g727ef31,14 , 114 , (11 20 7 1 6) , 3407 , ((6 * 20) - (7 - 1))
2020.08.09-11.42.53,v1.04-5-g727ef31,15 , 114 , (11 20 7 1 6) , 1204 , ((6 * 20) - (7 - 1))
2020.08.09-11.42.53,v1.04-5-g727ef31,16 , 114 , (11 20 7 1 6) , 362 , ((6 * 20) - (7 - 1))
2020.08.09-11.42.53,v1.04-5-g727ef31,17 , 114 , (11 20 7 1 6) , 2621 , ((6 * 20) - (7 - 1))
2020.08.09-11.42.53,v1.04-5-g727ef31,18 , 114 , (11 20 7 1 6) , 693 , ((6 * 20) - (7 - 1))
2020.08.09-11.42.53,v1.04-5-g727ef31,19 , 114 , (11 20 7 1 6) , 1875 , ((20 * 6) - (7 - 1))
2020.08.09-11.42.53,v1.04-5-g727ef31,20 , 114 , (11 20 7 1 6) , 1679 , ((6 * 20) - (7 - 1))
2020.08.09-11.42.53,v1.04-5-g727ef31,21 , 114 , (11 20 7 1 6) , 1914 , ((6 * 20) - (7 - 1))
2020.08.09-11.42.53,v1.04-5-g727ef31,22 , 114 , (11 20 7 1 6) , 2365 , ((6 * 20) - (7 - 1))
2020.08.09-11.42.53,v1.04-5-g727ef31,23 , 114 , (11 20 7 1 6) , 495 , ((6 * 20) - (7 - 1))
2020.08.09-11.42.53,v1.04-5-g727ef31,24 , 114 , (11 20 7 1 6) , 588 , ((20 * 6) - (7 - 1))
2020.08.09-11.42.53,v1.04-5-g727ef31,25 , 114 , (11 20 7 1 6) , 218 , ((6 * 20) - (7 - 1))
2020.08.09-11.42.53,v1.04-5-g727ef31,26 , 114 , (11 20 7 1 6) , 270 , ((6 * 20) - (7 - 1))
2020.08.09-11.42.53,v1.04-5-g727ef31,27 , 114 , (11 20 7 1 6) , 3912 , ((6 * 20) - (7 - 1))
2020.08.09-11.42.53,v1.04-5-g727ef31,28 , 114 , (11 20 7 1 6) , 1793 , ((6 * 20) - (7 - 1))
2020.08.09-11.42.53,v1.04-5-g727ef31,29 , 114 , (11 20 7 1 6) , 633 , ((20 * 6) - (7 - 1))
2020.08.09-11.42.53,v1.04-5-g727ef31,30 , 114 , (11 20 7 1 6) , 198 , ((6 * 20) - (7 - 1))
2020.08.09-11.42.53,v1.04-5-g727ef31,31 , 114 , (11 20 7 1 6) , 342 , ((6 * 20) - (7 - 1))
2020.08.09-11.42.53,v1.04-5-g727ef31,32 , 114 , (11 20 7 1 6) , 1323 , ((6 * 20) - (7 - 1))
2020.08.09-11.42.53,v1.04-5-g727ef31,33 , 114 , (11 20 7 1 6) , 342 , ((6 * 20) - (7 - 1))
2020.08.09-11.42.53,v1.04-5-g727ef31,34 , 114 , (11 20 7 1 6) , 170 , ((6 * 20) - (7 - 1))
2020.08.09-11.42.53,v1.04-5-g727ef31,35 , 114 , (11 20 7 1 6) , 2093 , ((6 * 20) - (7 - 1))
2020.08.09-11.42.53,v1.04-5-g727ef31,36 , 114 , (11 20 7 1 6) , 67 , ((6 * 20) - (7 - 1))
2020.08.09-11.42.53,v1.04-5-g727ef31,37 , 114 , (11 20 7 1 6) , 309 , ((20 * 6) - (7 - 1))
2020.08.09-11.42.53,v1.04-5-g727ef31,38 , 114 , (11 20 7 1 6) , 696 , ((6 * 20) - (7 - 1))
2020.08.09-11.42.53,v1.04-5-g727ef31,39 , 114 , (11 20 7 1 6) , 304 , ((6 * 20) - (7 - 1))
2020.08.09-11.42.53,v1.04-5-g727ef31,40 , 114 , (11 20 7 1 6) , 287 , ((6 * 20) - (7 - 1))
2020.08.09-11.42.53,v1.04-5-g727ef31,41 , 114 , (11 20 7 1 6) , 135 , ((6 * 20) - (7 - 1))
2020.08.09-11.42.53,v1.04-5-g727ef31,42 , 114 , (11 20 7 1 6) , 938 , ((20 * 6) - (7 - 1))
2020.08.09-11.42.53,v1.04-5-g727ef31,43 , 114 , (11 20 7 1 6) , 467 , ((6 * 20) - (7 - 1))
2020.08.09-11.42.53,v1.04-5-g727ef31,44 , 114 , (11 20 7 1 6) , 239 , ((6 * 20) - (7 - 1))
2020.08.09-11.42.53,v1.04-5-g727ef31,45 , 114 , (11 20 7 1 6) , 3191 , ((6 * 20) - (7 - 1))
2020.08.09-11.42.53,v1.04-5-g727ef31,46 , 114 , (11 20 7 1 6) , 322 , ((6 * 20) - (7 - 1))
2020.08.09-11.42.53,v1.04-5-g727ef31,47 , 114 , (11 20 7 1 6) , 94 , ((6 * 20) - (7 - 1))
2020.08.09-11.42.53,v1.04-5-g727ef31,48 , 114 , (11 20 7 1 6) , 332 , ((6 * 20) - (7 - 1))
2020.08.09-11.42.53,v1.04-5-g727ef31,49 , 114 , (11 20 7 1 6) , 3701 , ((6 * 20) - (7 - 1))
2020.08.09-11.42.53,v1.04-5-g727ef31,50 , 114 , (11 20 7 1 6) , 887 , ((6 * 20) - (7 - 1))
2020.08.09-11.42.53,v1.04-5-g727ef31,51 , 114 , (11 20 7 1 6) , 2086 , ((20 * 6) - (7 - 1))
2020.08.09-11.42.53,v1.04-5-g727ef31,52 , 114 , (11 20 7 1 6) , 1407 , ((6 * 20) - (7 - 1))
2020.08.09-11.42.53,v1.04-5-g727ef31,53 , 114 , (11 20 7 1 6) , 989 , ((6 * 20) - (7 - 1))
2020.08.09-11.42.53,v1.04-5-g727ef31,54 , 114 , (11 20 7 1 6) , 81 , ((6 * 20) - (7 - 1))
2020.08.09-11.42.53,v1.04-5-g727ef31,55 , 114 , (11 20 7 1 6) , 1070 , ((6 * 20) - (7 - 1))
2020.08.09-11.42.53,v1.04-5-g727ef31,56 , 114 , (11 20 7 1 6) , 1888 , ((6 * 20) - (7 - 1))
2020.08.09-11.42.53,v1.04-5-g727ef31,57 , 114 , (11 20 7 1 6) , 1048 , ((6 * 20) - (7 - 1))
2020.08.09-11.42.53,v1.04-5-g727ef31,58 , 114 , (11 20 7 1 6) , 537 , ((6 * 20) - (7 - 1))
2020.08.09-11.42.53,v1.04-5-g727ef31,59 , 114 , (11 20 7 1 6) , 1456 , ((6 * 20) - (7 - 1))
2020.08.09-11.42.53,v1.04-5-g727ef31,60 , 114 , (11 20 7 1 6) , 3669 , ((20 * 6) - (7 - 1))
2020.08.09-11.42.53,v1.04-5-g727ef31,61 , 114 , (11 20 7 1 6) , 1738 , ((6 * 20) - (7 - 1))
2020.08.09-11.42.53,v1.04-5-g727ef31,62 , 114 , (11 20 7 1 6) , 588 , ((20 * 6) - (7 - 1))
2020.08.09-11.42.53,v1.04-5-g727ef31,63 , 114 , (11 20 7 1 6) , 567 , ((6 * 20) - (7 - 1))
2020.08.09-11.42.53,v1.04-5-g727ef31,64 , 114 , (11 20 7 1 6) , 1493 , ((20 * 6) - (7 - 1))
2020.08.09-11.42.53,v1.04-5-g727ef31,65 , 114 , (11 20 7 1 6) , 1398 , ((6 * 20) - (7 - 1))
2020.08.09-11.42.53,v1.04-5-g727ef31,66 , 114 , (11 20 7 1 6) , 68 , ((6 * 20) - (7 - 1))
2020.08.09-11.42.53,v1.04-5-g727ef31,67 , 114 , (11 20 7 1 6) , 2067 , ((20 * 6) - (7 - 1))
2020.08.09-11.42.53,v1.04-5-g727ef31,68 , 114 , (11 20 7 1 6) , 3378 , ((6 * 20) - (7 - 1))
2020.08.09-11.42.53,v1.04-5-g727ef31,69 , 114 , (11 20 7 1 6) , 1121 , ((6 * 20) - (7 - 1))
2020.08.09-11.42.53,v1.04-5-g727ef31,70 , 114 , (11 20 7 1 6) , 1845 , ((6 * 20) - (7 - 1))
2020.08.09-11.42.53,v1.04-5-g727ef31,71 , 114 , (11 20 7 1 6) , 1630 , ((6 * 20) - (7 - 1))
2020.08.09-11.42.53,v1.04-5-g727ef31,72 , 114 , (11 20 7 1 6) , 663 , ((6 * 20) - (7 - 1))
2020.08.09-11.42.53,v1.04-5-g727ef31,73 , 114 , (11 20 7 1 6) , 2434 , ((6 * 20) - (7 - 1))
2020.08.09-11.42.53,v1.04-5-g727ef31,74 , 114 , (11 20 7 1 6) , 740 , ((6 * 20) - (7 - 1))
2020.08.09-11.42.53,v1.04-5-g727ef31,75 , 114 , (11 20 7 1 6) , 2127 , ((20 * 6) - (7 - 1))
2020.08.09-11.42.53,v1.04-5-g727ef31,76 , 114 , (11 20 7 1 6) , 836 , ((6 * 20) - (7 - 1))
2020.08.09-11.42.53,v1.04-5-g727ef31,77 , 114 , (11 20 7 1 6) , 327 , ((6 * 20) - (7 - 1))
2020.08.09-11.42.53,v1.04-5-g727ef31,78 , 114 , (11 20 7 1 6) , 3299 , ((6 * 20) - (7 - 1))
2020.08.09-11.42.53,v1.04-5-g727ef31,79 , 114 , (11 20 7 1 6) , 2002 , ((6 * 20) - (7 - 1))
2020.08.09-11.42.53,v1.04-5-g727ef31,80 , 114 , (11 20 7 1 6) , 3267 , ((6 * 20) - (7 - 1))
2020.08.09-11.42.53,v1.04-5-g727ef31,81 , 114 , (11 20 7 1 6) , 110 , ((20 * 6) - (7 - 1))
2020.08.09-11.42.53,v1.04-5-g727ef31,82 , 114 , (11 20 7 1 6) , 797 , ((20 * 6) - (7 - 1))
2020.08.09-11.42.53,v1.04-5-g727ef31,83 , 114 , (11 20 7 1 6) , 347 , ((6 * 20) - (7 - 1))
2020.08.09-11.42.53,v1.04-5-g727ef31,84 , 114 , (11 20 7 1 6) , 887 , ((20 * 6) - (7 - 1))
2020.08.09-11.42.53,v1.04-5-g727ef31,85 , 114 , (11 20 7 1 6) , 400 , ((6 * 20) - (7 - 1))
2020.08.09-11.42.53,v1.04-5-g727ef31,86 , 114 , (11 20 7 1 6) , 89 , ((6 * 20) - (7 - 1))
2020.08.09-11.42.53,v1.04-5-g727ef31,87 , 114 , (11 20 7 1 6) , 468 , ((6 * 20) - (7 - 1))
2020.08.09-11.42.53,v1.04-5-g727ef31,88 , 114 , (11 20 7 1 6) , 177 , ((6 * 20) - (7 - 1))
2020.08.09-11.42.53,v1.04-5-g727ef31,89 , 114 , (11 20 7 1 6) , 527 , ((6 * 20) - (7 - 1))
2020.08.09-11.42.53,v1.04-5-g727ef31,90 , 114 , (11 20 7 1 6) , 2218 , ((6 * 20) - (7 - 1))
2020.08.09-11.42.53,v1.04-5-g727ef31,91 , 114 , (11 20 7 1 6) , 557 , ((6 * 20) - (7 - 1))
2020.08.09-11.42.53,v1.04-5-g727ef31,92 , 114 , (11 20 7 1 6) , 338 , ((6 * 20) - (7 - 1))
2020.08.09-11.42.53,v1.04-5-g727ef31,93 , 114 , (11 20 7 1 6) , 1189 , ((6 * 20) - (7 - 1))
2020.08.09-11.42.53,v1.04-5-g727ef31,94 , 114 , (11 20 7 1 6) , 1826 , ((6 * 20) - (7 - 1))
2020.08.09-11.42.53,v1.04-5-g727ef31,95 , 114 , (11 20 7 1 6) , 3823 , ((6 * 20) - (7 - 1))
2020.08.09-11.42.53,v1.04-5-g727ef31,96 , 114 , (11 20 7 1 6) , 1927 , ((6 * 20) - (7 - 1))
2020.08.09-11.42.53,v1.04-5-g727ef31,97 , 114 , (11 20 7 1 6) , 636 , ((6 * 20) - (7 - 1))
2020.08.09-11.42.53,v1.04-5-g727ef31,98 , 114 , (11 20 7 1 6) , 885 , ((6 * 20) - (7 - 1))
2020.08.09-11.42.53,v1.04-5-g727ef31,99 , 114 , (11 20 7 1 6) , 1680 , ((6 * 20) - (7 - 1))
2020.08.09-11.42.53,v1.04-5-g727ef31,0 , 87 , (8 3 9 10 7) , 561 , ((9 * 10) - 3)
2020.08.09-11.42.53,v1.04-5-g727ef31,1 , 87 , (8 3 9 10 7) , 47 , ((9 * 10) - 3)
2020.08.09-11.42.53,v1.04-5-g727ef31,2 , 87 , (8 3 9 10 7) , 5000 , none
2020.08.09-11.42.53,v1.04-5-g727ef31,3 , 87 , (8 3 9 10 7) , 5000 , none
2020.08.09-11.42.53,v1.04-5-g727ef31,4 , 87 , (8 3 9 10 7) , 5000 , none
2020.08.09-11.42.53,v1.04-5-g727ef31,5 , 87 , (8 3 9 10 7) , 4664 , ((9 * 10) - 3)
2020.08.09-11.42.53,v1.04-5-g727ef31,6 , 87 , (8 3 9 10 7) , 368 , ((9 * 7) + (8 * 3))
2020.08.09-11.42.53,v1.04-5-g727ef31,7 , 87 , (8 3 9 10 7) , 2029 , ((9 * 10) - 3)
2020.08.09-11.42.53,v1.04-5-g727ef31,8 , 87 , (8 3 9 10 7) , 4195 , ((9 * 10) - 3)
2020.08.09-11.42.53,v1.04-5-g727ef31,9 , 87 , (8 3 9 10 7) , 191 , ((10 * 8) + 7)
2020.08.09-11.42.53,v1.04-5-g727ef31,10 , 87 , (8 3 9 10 7) , 126 , ((9 * 10) - 3)
2020.08.09-11.42.53,v1.04-5-g727ef31,11 , 87 , (8 3 9 10 7) , 5000 , none
2020.08.09-11.42.53,v1.04-5-g727ef31,12 , 87 , (8 3 9 10 7) , 5000 , none
2020.08.09-11.42.53,v1.04-5-g727ef31,13 , 87 , (8 3 9 10 7) , 1923 , ((9 * 10) - 3)
2020.08.09-11.42.53,v1.04-5-g727ef31,14 , 87 , (8 3 9 10 7) , 289 , ((8 * 10) + 7)
2020.08.09-11.42.53,v1.04-5-g727ef31,15 , 87 , (8 3 9 10 7) , 740 , ((9 * 10) - 3)
2020.08.09-11.42.53,v1.04-5-g727ef31,16 , 87 , (8 3 9 10 7) , 377 , ((9 * 7) + (8 * 3))
2020.08.09-11.42.53,v1.04-5-g727ef31,17 , 87 , (8 3 9 10 7) , 287 , ((9 * 10) - 3)
2020.08.09-11.42.53,v1.04-5-g727ef31,18 , 87 , (8 3 9 10 7) , 5000 , none
2020.08.09-11.42.53,v1.04-5-g727ef31,19 , 87 , (8 3 9 10 7) , 1670 , ((10 * 8) + 7)
2020.08.09-11.42.53,v1.04-5-g727ef31,20 , 87 , (8 3 9 10 7) , 604 , ((8 * 10) + 7)
2020.08.09-11.42.53,v1.04-5-g727ef31,21 , 87 , (8 3 9 10 7) , 5000 , none
2020.08.09-11.42.53,v1.04-5-g727ef31,22 , 87 , (8 3 9 10 7) , 720 , ((9 * 10) - 3)
2020.08.09-11.42.53,v1.04-5-g727ef31,23 , 87 , (8 3 9 10 7) , 3521 , ((10 * 7) + (8 + 9))
2020.08.09-11.42.53,v1.04-5-g727ef31,24 , 87 , (8 3 9 10 7) , 5000 , none
2020.08.09-11.42.53,v1.04-5-g727ef31,25 , 87 , (8 3 9 10 7) , 52 , ((9 * 10) - 3)
2020.08.09-11.42.53,v1.04-5-g727ef31,26 , 87 , (8 3 9 10 7) , 536 , ((7 * 10) + (8 + 9))
2020.08.09-11.42.53,v1.04-5-g727ef31,27 , 87 , (8 3 9 10 7) , 5000 , none
2020.08.09-11.42.53,v1.04-5-g727ef31,28 , 87 , (8 3 9 10 7) , 2502 , ((9 * 10) - 3)
2020.08.09-11.42.53,v1.04-5-g727ef31,29 , 87 , (8 3 9 10 7) , 282 , ((8 * 10) + 7)
2020.08.09-11.42.53,v1.04-5-g727ef31,30 , 87 , (8 3 9 10 7) , 47 , ((9 * 10) - 3)
2020.08.09-11.42.53,v1.04-5-g727ef31,31 , 87 , (8 3 9 10 7) , 4002 , ((8 * 10) + 7)
2020.08.09-11.42.53,v1.04-5-g727ef31,32 , 87 , (8 3 9 10 7) , 648 , ((9 * 10) - 3)
2020.08.09-11.42.53,v1.04-5-g727ef31,33 , 87 , (8 3 9 10 7) , 5000 , none
2020.08.09-11.42.53,v1.04-5-g727ef31,34 , 87 , (8 3 9 10 7) , 5000 , none
2020.08.09-11.42.53,v1.04-5-g727ef31,35 , 87 , (8 3 9 10 7) , 5000 , none
2020.08.09-11.42.53,v1.04-5-g727ef31,36 , 87 , (8 3 9 10 7) , 4029 , ((9 * 10) - 3)
2020.08.09-11.42.53,v1.04-5-g727ef31,37 , 87 , (8 3 9 10 7) , 371 , ((10 * 7) + (8 + 9))
2020.08.09-11.42.53,v1.04-5-g727ef31,38 , 87 , (8 3 9 10 7) , 98 , ((9 * 10) - 3)
2020.08.09-11.42.53,v1.04-5-g727ef31,39 , 87 , (8 3 9 10 7) , 337 , ((9 * 10) - 3)
2020.08.09-11.42.53,v1.04-5-g727ef31,40 , 87 , (8 3 9 10 7) , 484 , ((9 * 10) - 3)
2020.08.09-11.42.53,v1.04-5-g727ef31,41 , 87 , (8 3 9 10 7) , 2197 , ((9 * 10) - 3)
2020.08.09-11.42.53,v1.04-5-g727ef31,42 , 87 , (8 3 9 10 7) , 5000 , none
2020.08.09-11.42.53,v1.04-5-g727ef31,43 , 87 , (8 3 9 10 7) , 1429 , ((8 * 10) + 7)
2020.08.09-11.42.53,v1.04-5-g727ef31,44 , 87 , (8 3 9 10 7) , 3010 , ((9 * 10) - 3)
2020.08.09-11.42.53,v1.04-5-g727ef31,45 , 87 , (8 3 9 10 7) , 120 , ((10 * 8) + 7)
2020.08.09-11.42.53,v1.04-5-g727ef31,46 , 87 , (8 3 9 10 7) , 50 , ((9 * 10) - 3)
2020.08.09-11.42.53,v1.04-5-g727ef31,47 , 87 , (8 3 9 10 7) , 631 , ((9 * 10) - 3)
2020.08.09-11.42.53,v1.04-5-g727ef31,48 , 87 , (8 3 9 10 7) , 477 , ((9 * 10) - 3)
2020.08.09-11.42.53,v1.04-5-g727ef31,49 , 87 , (8 3 9 10 7) , 46 , ((10 * 8) + 7)
2020.08.09-11.42.53,v1.04-5-g727ef31,50 , 87 , (8 3 9 10 7) , 2908 , ((9 * 10) - 3)
2020.08.09-11.42.53,v1.04-5-g727ef31,51 , 87 , (8 3 9 10 7) , 187 , ((9 * 10) - 3)
2020.08.09-11.42.53,v1.04-5-g727ef31,52 , 87 , (8 3 9 10 7) , 3387 , ((9 * 10) - 3)
2020.08.09-11.42.53,v1.04-5-g727ef31,53 , 87 , (8 3 9 10 7) , 4291 , ((9 * 10) - 3)
2020.08.09-11.42.53,v1.04-5-g727ef31,54 , 87 , (8 3 9 10 7) , 5000 , none
2020.08.09-11.42.53,v1.04-5-g727ef31,55 , 87 , (8 3 9 10 7) , 4486 , ((9 * 10) - 3)
2020.08.09-11.42.53,v1.04-5-g727ef31,56 , 87 , (8 3 9 10 7) , 143 , ((8 * 10) + 7)
2020.08.09-11.42.53,v1.04-5-g727ef31,57 , 87 , (8 3 9 10 7) , 2157 , ((7 * 9) + (8 * 3))
2020.08.09-11.42.53,v1.04-5-g727ef31,58 , 87 , (8 3 9 10 7) , 1772 , ((9 * 10) - 3)
2020.08.09-11.42.53,v1.04-5-g727ef31,59 , 87 , (8 3 9 10 7) , 165 , ((9 * 10) - 3)
2020.08.09-11.42.53,v1.04-5-g727ef31,60 , 87 , (8 3 9 10 7) , 91 , ((9 * 10) - 3)
2020.08.09-11.42.53,v1.04-5-g727ef31,61 , 87 , (8 3 9 10 7) , 5000 , none
2020.08.09-11.42.53,v1.04-5-g727ef31,62 , 87 , (8 3 9 10 7) , 5000 , none
2020.08.09-11.42.53,v1.04-5-g727ef31,63 , 87 , (8 3 9 10 7) , 5000 , none
2020.08.09-11.42.53,v1.04-5-g727ef31,64 , 87 , (8 3 9 10 7) , 354 , ((10 * 9) - 3)
2020.08.09-11.42.53,v1.04-5-g727ef31,65 , 87 , (8 3 9 10 7) , 677 , ((9 * 10) - 3)
2020.08.09-11.42.53,v1.04-5-g727ef31,66 , 87 , (8 3 9 10 7) , 2456 , ((9 * 10) - 3)
2020.08.09-11.42.53,v1.04-5-g727ef31,67 , 87 , (8 3 9 10 7) , 2023 , ((9 * 7) + (8 * 3))
2020.08.09-11.42.53,v1.04-5-g727ef31,68 , 87 , (8 3 9 10 7) , 2794 , ((9 * 10) - 3)
2020.08.09-11.42.53,v1.04-5-g727ef31,69 , 87 , (8 3 9 10 7) , 1890 , ((9 * 10) - 3)
2020.08.09-11.42.53,v1.04-5-g727ef31,70 , 87 , (8 3 9 10 7) , 837 , ((8 * 10) + 7)
2020.08.09-11.42.53,v1.04-5-g727ef31,71 , 87 , (8 3 9 10 7) , 48 , ((9 * 10) - 3)
2020.08.09-11.42.53,v1.04-5-g727ef31,72 , 87 , (8 3 9 10 7) , 3423 , ((9 * 10) - 3)
2020.08.09-11.42.53,v1.04-5-g727ef31,73 , 87 , (8 3 9 10 7) , 311 , ((8 * 10) + 7)
2020.08.09-11.42.53,v1.04-5-g727ef31,74 , 87 , (8 3 9 10 7) , 3722 , ((7 * 9) + (3 * 8))
2020.08.09-11.42.53,v1.04-5-g727ef31,75 , 87 , (8 3 9 10 7) , 495 , ((8 * 10) + 7)
2020.08.09-11.42.53,v1.04-5-g727ef31,76 , 87 , (8 3 9 10 7) , 5000 , none
2020.08.09-11.42.53,v1.04-5-g727ef31,77 , 87 , (8 3 9 10 7) , 5000 , none
2020.08.09-11.42.53,v1.04-5-g727ef31,78 , 87 , (8 3 9 10 7) , 49 , ((9 * 10) - 3)
2020.08.09-11.42.53,v1.04-5-g727ef31,79 , 87 , (8 3 9 10 7) , 2959 , ((9 * 10) - 3)
2020.08.09-11.42.53,v1.04-5-g727ef31,80 , 87 , (8 3 9 10 7) , 281 , ((10 * 7) + (9 + 8))
2020.08.09-11.42.53,v1.04-5-g727ef31,81 , 87 , (8 3 9 10 7) , 5000 , none
2020.08.09-11.42.53,v1.04-5-g727ef31,82 , 87 , (8 3 9 10 7) , 45 , ((9 * 10) - 3)
2020.08.09-11.42.53,v1.04-5-g727ef31,83 , 87 , (8 3 9 10 7) , 1744 , ((8 * 10) + 7)
2020.08.09-11.42.53,v1.04-5-g727ef31,84 , 87 , (8 3 9 10 7) , 1173 , ((10 * 9) - 3)
2020.08.09-11.42.53,v1.04-5-g727ef31,85 , 87 , (8 3 9 10 7) , 484 , ((9 * 10) - 3)
2020.08.09-11.42.53,v1.04-5-g727ef31,86 , 87 , (8 3 9 10 7) , 3048 , ((9 * 10) - 3)
2020.08.09-11.42.53,v1.04-5-g727ef31,87 , 87 , (8 3 9 10 7) , 3119 , ((9 * 10) - 3)
2020.08.09-11.42.53,v1.04-5-g727ef31,88 , 87 , (8 3 9 10 7) , 974 , ((9 * 10) - 3)
2020.08.09-11.42.53,v1.04-5-g727ef31,89 , 87 , (8 3 9 10 7) , 90 , ((9 * 10) - 3)
2020.08.09-11.42.53,v1.04-5-g727ef31,90 , 87 , (8 3 9 10 7) , 156 , ((8 * 10) + 7)
2020.08.09-11.42.53,v1.04-5-g727ef31,91 , 87 , (8 3 9 10 7) , 2724 , ((9 * 10) - 3)
2020.08.09-11.42.53,v1.04-5-g727ef31,92 , 87 , (8 3 9 10 7) , 44 , ((9 * 10) - 3)
2020.08.09-11.42.53,v1.04-5-g727ef31,93 , 87 , (8 3 9 10 7) , 3276 , ((9 * 10) - 3)
2020.08.09-11.42.53,v1.04-5-g727ef31,94 , 87 , (8 3 9 10 7) , 170 , ((9 * 10) - 3)
2020.08.09-11.42.53,v1.04-5-g727ef31,95 , 87 , (8 3 9 10 7) , 344 , ((9 * 7) + (8 * 3))
2020.08.09-11.42.53,v1.04-5-g727ef31,96 , 87 , (8 3 9 10 7) , 5000 , none
2020.08.09-11.42.53,v1.04-5-g727ef31,97 , 87 , (8 3 9 10 7) , 2220 , ((9 * 10) - 3)
2020.08.09-11.42.53,v1.04-5-g727ef31,98 , 87 , (8 3 9 10 7) , 2859 , ((9 * 10) - 3)
2020.08.09-11.42.53,v1.04-5-g727ef31,99 , 87 , (8 3 9 10 7) , 4313 , ((10 * 8) + 7)
2020.08.09-11.42.53,v1.04-5-g727ef31,0 , 31 , (3 5 24 3 14) , 5000 , none
2020.08.09-11.42.53,v1.04-5-g727ef31,1 , 31 , (3 5 24 3 14) , 5000 , none
2020.08.09-11.42.53,v1.04-5-g727ef31,2 , 31 , (3 5 24 3 14) , 5000 , none
2020.08.09-11.42.53,v1.04-5-g727ef31,3 , 31 , (3 5 24 3 14) , 5000 , none
2020.08.09-11.42.53,v1.04-5-g727ef31,4 , 31 , (3 5 24 3 14) , 5000 , none
2020.08.09-11.42.53,v1.04-5-g727ef31,5 , 31 , (3 5 24 3 14) , 5000 , none
2020.08.09-11.42.53,v1.04-5-g727ef31,6 , 31 , (3 5 24 3 14) , 5000 , none
2020.08.09-11.42.53,v1.04-5-g727ef31,7 , 31 , (3 5 24 3 14) , 5000 , none
2020.08.09-11.42.53,v1.04-5-g727ef31,8 , 31 , (3 5 24 3 14) , 5000 , none
2020.08.09-11.42.53,v1.04-5-g727ef31,9 , 31 , (3 5 24 3 14) , 5000 , none
2020.08.09-11.42.53,v1.04-5-g727ef31,10 , 31 , (3 5 24 3 14) , 5000 , none
2020.08.09-11.42.53,v1.04-5-g727ef31,11 , 31 , (3 5 24 3 14) , 5000 , none
2020.08.09-11.42.53,v1.04-5-g727ef31,12 , 31 , (3 5 24 3 14) , 5000 , none
2020.08.09-11.42.53,v1.04-5-g727ef31,13 , 31 , (3 5 24 3 14) , 5000 , none
2020.08.09-11.42.53,v1.04-5-g727ef31,14 , 31 , (3 5 24 3 14) , 5000 , none
2020.08.09-11.42.53,v1.04-5-g727ef31,15 , 31 , (3 5 24 3 14) , 5000 , none
2020.08.09-11.42.53,v1.04-5-g727ef31,16 , 31 , (3 5 24 3 14) , 5000 , none
2020.08.09-11.42.53,v1.04-5-g727ef31,17 , 31 , (3 5 24 3 14) , 5000 , none
2020.08.09-11.42.53,v1.04-5-g727ef31,18 , 31 , (3 5 24 3 14) , 5000 , none
2020.08.09-11.42.53,v1.04-5-g727ef31,19 , 31 , (3 5 24 3 14) , 5000 , none
2020.08.09-11.42.53,v1.04-5-g727ef31,20 , 31 , (3 5 24 3 14) , 5000 , none
2020.08.09-11.42.53,v1.04-5-g727ef31,21 , 31 , (3 5 24 3 14) , 5000 , none
2020.08.09-11.42.53,v1.04-5-g727ef31,22 , 31 , (3 5 24 3 14) , 5000 , none
2020.08.09-11.42.53,v1.04-5-g727ef31,23 , 31 , (3 5 24 3 14) , 5000 , none
2020.08.09-11.42.53,v1.04-5-g727ef31,24 , 31 , (3 5 24 3 14) , 5000 , none
2020.08.09-11.42.53,v1.04-5-g727ef31,25 , 31 , (3 5 24 3 14) , 5000 , none
2020.08.09-11.42.53,v1.04-5-g727ef31,26 , 31 , (3 5 24 3 14) , 5000 , none
2020.08.09-11.42.53,v1.04-5-g727ef31,27 , 31 , (3 5 24 3 14) , 5000 , none
2020.08.09-11.42.53,v1.04-5-g727ef31,28 , 31 , (3 5 24 3 14) , 5000 , none
2020.08.09-11.42.53,v1.04-5-g727ef31,29 , 31 , (3 5 24 3 14) , 5000 , none
2020.08.09-11.42.53,v1.04-5-g727ef31,30 , 31 , (3 5 24 3 14) , 5000 , none
2020.08.09-11.42.53,v1.04-5-g727ef31,31 , 31 , (3 5 24 3 14) , 5000 , none
2020.08.09-11.42.53,v1.04-5-g727ef31,32 , 31 , (3 5 24 3 14) , 5000 , none
2020.08.09-11.42.53,v1.04-5-g727ef31,33 , 31 , (3 5 24 3 14) , 5000 , none
2020.08.09-11.42.53,v1.04-5-g727ef31,34 , 31 , (3 5 24 3 14) , 5000 , none
2020.08.09-11.42.53,v1.04-5-g727ef31,35 , 31 , (3 5 24 3 14) , 5000 , none
2020.08.09-11.42.53,v1.04-5-g727ef31,36 , 31 , (3 5 24 3 14) , 5000 , none
2020.08.09-11.42.53,v1.04-5-g727ef31,37 , 31 , (3 5 24 3 14) , 5000 , none
2020.08.09-11.42.53,v1.04-5-g727ef31,38 , 31 , (3 5 24 3 14) , 5000 , none
2020.08.09-11.42.53,v1.04-5-g727ef31,39 , 31 , (3 5 24 3 14) , 5000 , none
2020.08.09-11.42.53,v1.04-5-g727ef31,40 , 31 , (3 5 24 3 14) , 5000 , none
2020.08.09-11.42.53,v1.04-5-g727ef31,41 , 31 , (3 5 24 3 14) , 5000 , none
2020.08.09-11.42.53,v1.04-5-g727ef31,42 , 31 , (3 5 24 3 14) , 5000 , none
2020.08.09-11.42.53,v1.04-5-g727ef31,43 , 31 , (3 5 24 3 14) , 5000 , none
2020.08.09-11.42.53,v1.04-5-g727ef31,44 , 31 , (3 5 24 3 14) , 5000 , none
2020.08.09-11.42.53,v1.04-5-g727ef31,45 , 31 , (3 5 24 3 14) , 5000 , none
2020.08.09-11.42.53,v1.04-5-g727ef31,46 , 31 , (3 5 24 3 14) , 5000 , none
2020.08.09-11.42.53,v1.04-5-g727ef31,47 , 31 , (3 5 24 3 14) , 5000 , none
2020.08.09-11.42.53,v1.04-5-g727ef31,48 , 31 , (3 5 24 3 14) , 5000 , none
2020.08.09-11.42.53,v1.04-5-g727ef31,49 , 31 , (3 5 24 3 14) , 5000 , none
2020.08.09-11.42.53,v1.04-5-g727ef31,50 , 31 , (3 5 24 3 14) , 5000 , none
2020.08.09-11.42.53,v1.04-5-g727ef31,51 , 31 , (3 5 24 3 14) , 5000 , none
2020.08.09-11.42.53,v1.04-5-g727ef31,52 , 31 , (3 5 24 3 14) , 5000 , none
2020.08.09-11.42.53,v1.04-5-g727ef31,53 , 31 , (3 5 24 3 14) , 5000 , none
2020.08.09-11.42.53,v1.04-5-g727ef31,54 , 31 , (3 5 24 3 14) , 5000 , none
2020.08.09-11.42.53,v1.04-5-g727ef31,55 , 31 , (3 5 24 3 14) , 5000 , none
2020.08.09-11.42.53,v1.04-5-g727ef31,56 , 31 , (3 5 24 3 14) , 5000 , none
2020.08.09-11.42.53,v1.04-5-g727ef31,57 , 31 , (3 5 24 3 14) , 5000 , none
2020.08.09-11.42.53,v1.04-5-g727ef31,58 , 31 , (3 5 24 3 14) , 5000 , none
2020.08.09-11.42.53,v1.04-5-g727ef31,59 , 31 , (3 5 24 3 14) , 5000 , none
2020.08.09-11.42.53,v1.04-5-g727ef31,60 , 31 , (3 5 24 3 14) , 5000 , none
2020.08.09-11.42.53,v1.04-5-g727ef31,61 , 31 , (3 5 24 3 14) , 5000 , none
2020.08.09-11.42.53,v1.04-5-g727ef31,62 , 31 , (3 5 24 3 14) , 5000 , none
2020.08.09-11.42.53,v1.04-5-g727ef31,63 , 31 , (3 5 24 3 14) , 5000 , none
2020.08.09-11.42.53,v1.04-5-g727ef31,64 , 31 , (3 5 24 3 14) , 5000 , none
2020.08.09-11.42.53,v1.04-5-g727ef31,65 , 31 , (3 5 24 3 14) , 5000 , none
2020.08.09-11.42.53,v1.04-5-g727ef31,66 , 31 , (3 5 24 3 14) , 5000 , none
2020.08.09-11.42.53,v1.04-5-g727ef31,67 , 31 , (3 5 24 3 14) , 5000 , none
2020.08.09-11.42.53,v1.04-5-g727ef31,68 , 31 , (3 5 24 3 14) , 5000 , none
2020.08.09-11.42.53,v1.04-5-g727ef31,69 , 31 , (3 5 24 3 14) , 5000 , none
2020.08.09-11.42.53,v1.04-5-g727ef31,70 , 31 , (3 5 24 3 14) , 5000 , none
2020.08.09-11.42.53,v1.04-5-g727ef31,71 , 31 , (3 5 24 3 14) , 5000 , none
2020.08.09-11.42.53,v1.04-5-g727ef31,72 , 31 , (3 5 24 3 14) , 5000 , none
2020.08.09-11.42.53,v1.04-5-g727ef31,73 , 31 , (3 5 24 3 14) , 5000 , none
2020.08.09-11.42.53,v1.04-5-g727ef31,74 , 31 , (3 5 24 3 14) , 5000 , none
2020.08.09-11.42.53,v1.04-5-g727ef31,75 , 31 , (3 5 24 3 14) , 5000 , none
2020.08.09-11.42.53,v1.04-5-g727ef31,76 , 31 , (3 5 24 3 14) , 5000 , none
2020.08.09-11.42.53,v1.04-5-g727ef31,77 , 31 , (3 5 24 3 14) , 5000 , none
2020.08.09-11.42.53,v1.04-5-g727ef31,78 , 31 , (3 5 24 3 14) , 5000 , none
2020.08.09-11.42.53,v1.04-5-g727ef31,79 , 31 , (3 5 24 3 14) , 5000 , none
2020.08.09-11.42.53,v1.04-5-g727ef31,80 , 31 , (3 5 24 3 14) , 5000 , none
2020.08.09-11.42.53,v1.04-5-g727ef31,81 , 31 , (3 5 24 3 14) , 5000 , none
2020.08.09-11.42.53,v1.04-5-g727ef31,82 , 31 , (3 5 24 3 14) , 5000 , none
2020.08.09-11.42.53,v1.04-5-g727ef31,83 , 31 , (3 5 24 3 14) , 5000 , none
2020.08.09-11.42.53,v1.04-5-g727ef31,84 , 31 , (3 5 24 3 14) , 5000 , none
2020.08.09-11.42.53,v1.04-5-g727ef31,85 , 31 , (3 5 24 3 14) , 5000 , none
2020.08.09-11.42.53,v1.04-5-g727ef31,86 , 31 , (3 5 24 3 14) , 5000 , none
2020.08.09-11.42.53,v1.04-5-g727ef31,87 , 31 , (3 5 24 3 14) , 5000 , none
2020.08.09-11.42.53,v1.04-5-g727ef31,88 , 31 , (3 5 24 3 14) , 5000 , none
2020.08.09-11.42.53,v1.04-5-g727ef31,89 , 31 , (3 5 24 3 14) , 5000 , none
2020.08.09-11.42.53,v1.04-5-g727ef31,90 , 31 , (3 5 24 3 14) , 5000 , none
2020.08.09-11.42.53,v1.04-5-g727ef31,91 , 31 , (3 5 24 3 14) , 5000 , none
2020.08.09-11.42.53,v1.04-5-g727ef31,92 , 31 , (3 5 24 3 14) , 5000 , none
2020.08.09-11.42.53,v1.04-5-g727ef31,93 , 31 , (3 5 24 3 14) , 5000 , none
2020.08.09-11.42.53,v1.04-5-g727ef31,94 , 31 , (3 5 24 3 14) , 5000 , none
2020.08.09-11.42.53,v1.04-5-g727ef31,95 , 31 , (3 5 24 3 14) , 5000 , none
2020.08.09-11.42.53,v1.04-5-g727ef31,96 , 31 , (3 5 24 3 14) , 5000 , none
2020.08.09-11.42.53,v1.04-5-g727ef31,97 , 31 , (3 5 24 3 14) , 5000 , none
2020.08.09-11.42.53,v1.04-5-g727ef31,98 , 31 , (3 5 24 3 14) , 5000 , none
2020.08.09-11.42.53,v1.04-5-g727ef31,99 , 31 , (3 5 24 3 14) , 5000 , none
2020.08.09-11.42.53,v1.04-5-g727ef31,0 , 25 , (8 5 5 11 2) , 16 , (5 * 5)
2020.08.09-11.42.53,v1.04-5-g727ef31,1 , 25 , (8 5 5 11 2) , 795 , (5 * 5)
2020.08.09-11.42.53,v1.04-5-g727ef31,2 , 25 , (8 5 5 11 2) , 1257 , (5 * 5)
2020.08.09-11.42.53,v1.04-5-g727ef31,3 , 25 , (8 5 5 11 2) , 115 , (5 * 5)
2020.08.09-11.42.53,v1.04-5-g727ef31,4 , 25 , (8 5 5 11 2) , 267 , (5 * 5)
2020.08.09-11.42.53,v1.04-5-g727ef31,5 , 25 , (8 5 5 11 2) , 1587 , (5 * 5)
2020.08.09-11.42.53,v1.04-5-g727ef31,6 , 25 , (8 5 5 11 2) , 448 , (5 * 5)
2020.08.09-11.42.53,v1.04-5-g727ef31,7 , 25 , (8 5 5 11 2) , 589 , (5 * 5)
2020.08.09-11.42.53,v1.04-5-g727ef31,8 , 25 , (8 5 5 11 2) , 755 , (5 * 5)
2020.08.09-11.42.53,v1.04-5-g727ef31,9 , 25 , (8 5 5 11 2) , 1094 , (5 * 5)
2020.08.09-11.42.53,v1.04-5-g727ef31,10 , 25 , (8 5 5 11 2) , 407 , ((2 * 11) + (8 - 5))
2020.08.09-11.42.53,v1.04-5-g727ef31,11 , 25 , (8 5 5 11 2) , 115 , (5 * 5)
2020.08.09-11.42.53,v1.04-5-g727ef31,12 , 25 , (8 5 5 11 2) , 339 , (5 * 5)
2020.08.09-11.42.53,v1.04-5-g727ef31,13 , 25 , (8 5 5 11 2) , 218 , (5 * 5)
2020.08.09-11.42.53,v1.04-5-g727ef31,14 , 25 , (8 5 5 11 2) , 485 , ((2 * 11) + (8 - 5))
2020.08.09-11.42.53,v1.04-5-g727ef31,15 , 25 , (8 5 5 11 2) , 867 , (5 * 5)
2020.08.09-11.42.53,v1.04-5-g727ef31,16 , 25 , (8 5 5 11 2) , 994 , (5 * 5)
2020.08.09-11.42.53,v1.04-5-g727ef31,17 , 25 , (8 5 5 11 2) , 165 , (5 * 5)
2020.08.09-11.42.53,v1.04-5-g727ef31,18 , 25 , (8 5 5 11 2) , 759 , (5 * 5)
2020.08.09-11.42.53,v1.04-5-g727ef31,19 , 25 , (8 5 5 11 2) , 21 , (5 * 5)
2020.08.09-11.42.53,v1.04-5-g727ef31,20 , 25 , (8 5 5 11 2) , 224 , (5 * 5)
2020.08.09-11.42.53,v1.04-5-g727ef31,21 , 25 , (8 5 5 11 2) , 1287 , (5 * 5)
2020.08.09-11.42.53,v1.04-5-g727ef31,22 , 25 , (8 5 5 11 2) , 373 , (5 * 5)
2020.08.09-11.42.53,v1.04-5-g727ef31,23 , 25 , (8 5 5 11 2) , 330 , (5 * 5)
2020.08.09-11.42.53,v1.04-5-g727ef31,24 , 25 , (8 5 5 11 2) , 37 , (5 * 5)
2020.08.09-11.42.53,v1.04-5-g727ef31,25 , 25 , (8 5 5 11 2) , 267 , (5 * 5)
2020.08.09-11.42.53,v1.04-5-g727ef31,26 , 25 , (8 5 5 11 2) , 579 , (5 * 5)
2020.08.09-11.42.53,v1.04-5-g727ef31,27 , 25 , (8 5 5 11 2) , 726 , (5 * 5)
2020.08.09-11.42.53,v1.04-5-g727ef31,28 , 25 , (8 5 5 11 2) , 144 , (5 * 5)
2020.08.09-11.42.53,v1.04-5-g727ef31,29 , 25 , (8 5 5 11 2) , 1089 , (5 * 5)
2020.08.09-11.42.53,v1.04-5-g727ef31,30 , 25 , (8 5 5 11 2) , 127 , (5 * 5)
2020.08.09-11.42.53,v1.04-5-g727ef31,31 , 25 , (8 5 5 11 2) , 129 , (5 * 5)
2020.08.09-11.42.53,v1.04-5-g727ef31,32 , 25 , (8 5 5 11 2) , 786 , (5 * 5)
2020.08.09-11.42.53,v1.04-5-g727ef31,33 , 25 , (8 5 5 11 2) , 330 , (5 * 5)
2020.08.09-11.42.53,v1.04-5-g727ef31,34 , 25 , (8 5 5 11 2) , 48 , (5 * 5)
2020.08.09-11.42.53,v1.04-5-g727ef31,35 , 25 , (8 5 5 11 2) , 369 , (5 * 5)
2020.08.09-11.42.53,v1.04-5-g727ef31,36 , 25 , (8 5 5 11 2) , 743 , (5 * 5)
2020.08.09-11.42.53,v1.04-5-g727ef31,37 , 25 , (8 5 5 11 2) , 44 , (5 * 5)
2020.08.09-11.42.53,v1.04-5-g727ef31,38 , 25 , (8 5 5 11 2) , 791 , ((2 * 11) + (8 - 5))
2020.08.09-11.42.53,v1.04-5-g727ef31,39 , 25 , (8 5 5 11 2) , 725 , (5 * 5)
2020.08.09-11.42.53,v1.04-5-g727ef31,40 , 25 , (8 5 5 11 2) , 75 , (5 * 5)
2020.08.09-11.42.53,v1.04-5-g727ef31,41 , 25 , (8 5 5 11 2) , 146 , (5 * 5)
2020.08.09-11.42.53,v1.04-5-g727ef31,42 , 25 , (8 5 5 11 2) , 777 , (5 * 5)
2020.08.09-11.42.53,v1.04-5-g727ef31,43 , 25 , (8 5 5 11 2) , 584 , (5 * 5)
2020.08.09-11.42.53,v1.04-5-g727ef31,44 , 25 , (8 5 5 11 2) , 159 , (5 * 5)
2020.08.09-11.42.53,v1.04-5-g727ef31,45 , 25 , (8 5 5 11 2) , 129 , (5 * 5)
2020.08.09-11.42.53,v1.04-5-g727ef31,46 , 25 , (8 5 5 11 2) , 192 , (5 * 5)
2020.08.09-11.42.53,v1.04-5-g727ef31,47 , 25 , (8 5 5 11 2) , 36 , (5 * 5)
2020.08.09-11.42.53,v1.04-5-g727ef31,48 , 25 , (8 5 5 11 2) , 1029 , (5 * 5)
2020.08.09-11.42.53,v1.04-5-g727ef31,49 , 25 , (8 5 5 11 2) , 154 , (5 * 5)
2020.08.09-11.42.53,v1.04-5-g727ef31,50 , 25 , (8 5 5 11 2) , 129 , ((2 * 11) + (8 - 5))
2020.08.09-11.42.53,v1.04-5-g727ef31,51 , 25 , (8 5 5 11 2) , 219 , (5 * 5)
2020.08.09-11.42.53,v1.04-5-g727ef31,52 , 25 , (8 5 5 11 2) , 1404 , (5 * 5)
2020.08.09-11.42.53,v1.04-5-g727ef31,53 , 25 , (8 5 5 11 2) , 108 , (5 * 5)
2020.08.09-11.42.53,v1.04-5-g727ef31,54 , 25 , (8 5 5 11 2) , 1338 , (5 * 5)
2020.08.09-11.42.53,v1.04-5-g727ef31,55 , 25 , (8 5 5 11 2) , 741 , (5 * 5)
2020.08.09-11.42.53,v1.04-5-g727ef31,56 , 25 , (8 5 5 11 2) , 75 , (5 * 5)
2020.08.09-11.42.53,v1.04-5-g727ef31,57 , 25 , (8 5 5 11 2) , 858 , (5 * 5)
2020.08.09-11.42.53,v1.04-5-g727ef31,58 , 25 , (8 5 5 11 2) , 263 , (5 * 5)
2020.08.09-11.42.53,v1.04-5-g727ef31,59 , 25 , (8 5 5 11 2) , 109 , (5 * 5)
2020.08.09-11.42.53,v1.04-5-g727ef31,60 , 25 , (8 5 5 11 2) , 759 , (5 * 5)
2020.08.09-11.42.53,v1.04-5-g727ef31,61 , 25 , (8 5 5 11 2) , 31 , (5 * 5)
2020.08.09-11.42.53,v1.04-5-g727ef31,62 , 25 , (8 5 5 11 2) , 75 , (5 * 5)
2020.08.09-11.42.53,v1.04-5-g727ef31,63 , 25 , (8 5 5 11 2) , 22 , (5 * 5)
2020.08.09-11.42.53,v1.04-5-g727ef31,64 , 25 , (8 5 5 11 2) , 231 , ((2 * 11) + (8 - 5))
2020.08.09-11.42.53,v1.04-5-g727ef31,65 , 25 , (8 5 5 11 2) , 168 , (5 * 5)
2020.08.09-11.42.53,v1.04-5-g727ef31,66 , 25 , (8 5 5 11 2) , 48 , (5 * 5)
2020.08.09-11.42.53,v1.04-5-g727ef31,67 , 25 , (8 5 5 11 2) , 1011 , (5 * 5)
2020.08.09-11.42.53,v1.04-5-g727ef31,68 , 25 , (8 5 5 11 2) , 738 , ((2 * 11) + (8 - 5))
2020.08.09-11.42.53,v1.04-5-g727ef31,69 , 25 , (8 5 5 11 2) , 57 , (5 * 5)
2020.08.09-11.42.53,v1.04-5-g727ef31,70 , 25 , (8 5 5 11 2) , 576 , (5 * 5)
2020.08.09-11.42.53,v1.04-5-g727ef31,71 , 25 , (8 5 5 11 2) , 156 , (5 * 5)
2020.08.09-11.42.53,v1.04-5-g727ef31,72 , 25 , (8 5 5 11 2) , 20 , (5 * 5)
2020.08.09-11.42.53,v1.04-5-g727ef31,73 , 25 , (8 5 5 11 2) , 428 , (5 * 5)
2020.08.09-11.42.53,v1.04-5-g727ef31,74 , 25 , (8 5 5 11 2) , 180 , (5 * 5)
2020.08.09-11.42.53,v1.04-5-g727ef31,75 , 25 , (8 5 5 11 2) , 41 , (5 * 5)
2020.08.09-11.42.53,v1.04-5-g727ef31,76 , 25 , (8 5 5 11 2) , 108 , (5 * 5)
2020.08.09-11.42.53,v1.04-5-g727ef31,77 , 25 , (8 5 5 11 2) , 738 , (5 * 5)
2020.08.09-11.42.53,v1.04-5-g727ef31,78 , 25 , (8 5 5 11 2) , 136 , (5 * 5)
2020.08.09-11.42.53,v1.04-5-g727ef31,79 , 25 , (8 5 5 11 2) , 288 , (5 * 5)
2020.08.09-11.42.53,v1.04-5-g727ef31,80 , 25 , (8 5 5 11 2) , 528 , (5 * 5)
2020.08.09-11.42.53,v1.04-5-g727ef31,81 , 25 , (8 5 5 11 2) , 1809 , (5 * 5)
2020.08.09-11.42.53,v1.04-5-g727ef31,82 , 25 , (8 5 5 11 2) , 22 , (5 * 5)
2020.08.09-11.42.53,v1.04-5-g727ef31,83 , 25 , (8 5 5 11 2) , 309 , (5 * 5)
2020.08.09-11.42.53,v1.04-5-g727ef31,84 , 25 , (8 5 5 11 2) , 58 , (5 * 5)
2020.08.09-11.42.53,v1.04-5-g727ef31,85 , 25 , (8 5 5 11 2) , 1668 , (5 * 5)
2020.08.09-11.42.53,v1.04-5-g727ef31,86 , 25 , (8 5 5 11 2) , 279 , (5 * 5)
2020.08.09-11.42.53,v1.04-5-g727ef31,87 , 25 , (8 5 5 11 2) , 349 , (5 * 5)
2020.08.09-11.42.53,v1.04-5-g727ef31,88 , 25 , (8 5 5 11 2) , 990 , (5 * 5)
2020.08.09-11.42.53,v1.04-5-g727ef31,89 , 25 , (8 5 5 11 2) , 90 , (5 * 5)
2020.08.09-11.42.53,v1.04-5-g727ef31,90 , 25 , (8 5 5 11 2) , 25 , (5 * 5)
2020.08.09-11.42.53,v1.04-5-g727ef31,91 , 25 , (8 5 5 11 2) , 126 , (5 * 5)
2020.08.09-11.42.53,v1.04-5-g727ef31,92 , 25 , (8 5 5 11 2) , 52 , (5 * 5)
2020.08.09-11.42.53,v1.04-5-g727ef31,93 , 25 , (8 5 5 11 2) , 39 , (5 * 5)
2020.08.09-11.42.53,v1.04-5-g727ef31,94 , 25 , (8 5 5 11 2) , 189 , (5 * 5)
2020.08.09-11.42.53,v1.04-5-g727ef31,95 , 25 , (8 5 5 11 2) , 716 , (5 * 5)
2020.08.09-11.42.53,v1.04-5-g727ef31,96 , 25 , (8 5 5 11 2) , 20 , (5 * 5)
2020.08.09-11.42.53,v1.04-5-g727ef31,97 , 25 , (8 5 5 11 2) , 236 , ((11 * 2) + (8 - 5))
2020.08.09-11.42.53,v1.04-5-g727ef31,98 , 25 , (8 5 5 11 2) , 337 , (5 * 5)
2020.08.09-11.42.53,v1.04-5-g727ef31,99 , 25 , (8 5 5 11 2) , 26 , (5 * 5)
2020.08.09-11.42.53,v1.04-5-g727ef31,0 , 81 , (9 7 2 25 18) , 1976 , ((9 * 7) + 18)
2020.08.09-11.42.53,v1.04-5-g727ef31,1 , 81 , (9 7 2 25 18) , 5000 , none
2020.08.09-11.42.53,v1.04-5-g727ef31,2 , 81 , (9 7 2 25 18) , 194 , ((9 * 7) + 18)
2020.08.09-11.42.53,v1.04-5-g727ef31,3 , 81 , (9 7 2 25 18) , 5000 , none
2020.08.09-11.42.53,v1.04-5-g727ef31,4 , 81 , (9 7 2 25 18) , 181 , ((7 * 9) + 18)
2020.08.09-11.42.53,v1.04-5-g727ef31,5 , 81 , (9 7 2 25 18) , 47 , ((7 * 9) + 18)
2020.08.09-11.42.53,v1.04-5-g727ef31,6 , 81 , (9 7 2 25 18) , 249 , ((9 * 7) + 18)
2020.08.09-11.42.53,v1.04-5-g727ef31,7 , 81 , (9 7 2 25 18) , 2048 , ((7 * 9) + 18)
2020.08.09-11.42.53,v1.04-5-g727ef31,8 , 81 , (9 7 2 25 18) , 5000 , none
2020.08.09-11.42.53,v1.04-5-g727ef31,9 , 81 , (9 7 2 25 18) , 5000 , none
2020.08.09-11.42.53,v1.04-5-g727ef31,10 , 81 , (9 7 2 25 18) , 2537 , ((7 * 9) + 18)
2020.08.09-11.42.53,v1.04-5-g727ef31,11 , 81 , (9 7 2 25 18) , 3480 , ((9 * 7) + 18)
2020.08.09-11.42.53,v1.04-5-g727ef31,12 , 81 , (9 7 2 25 18) , 131 , ((7 * 9) + 18)
2020.08.09-11.42.53,v1.04-5-g727ef31,13 , 81 , (9 7 2 25 18) , 5000 , none
2020.08.09-11.42.53,v1.04-5-g727ef31,14 , 81 , (9 7 2 25 18) , 416 , ((7 * 9) + 18)
2020.08.09-11.42.53,v1.04-5-g727ef31,15 , 81 , (9 7 2 25 18) , 1113 , ((9 * 7) + 18)
2020.08.09-11.42.53,v1.04-5-g727ef31,16 , 81 , (9 7 2 25 18) , 5000 , none
2020.08.09-11.42.53,v1.04-5-g727ef31,17 , 81 , (9 7 2 25 18) , 1910 , ((7 * 9) + 18)
2020.08.09-11.42.53,v1.04-5-g727ef31,18 , 81 , (9 7 2 25 18) , 2743 , ((9 * 7) + 18)
2020.08.09-11.42.53,v1.04-5-g727ef31,19 , 81 , (9 7 2 25 18) , 4266 , ((7 * 9) + 18)
2020.08.09-11.42.53,v1.04-5-g727ef31,20 , 81 , (9 7 2 25 18) , 77 , ((7 * 9) + 18)
2020.08.09-11.42.53,v1.04-5-g727ef31,21 , 81 , (9 7 2 25 18) , 945 , ((7 * 9) + 18)
2020.08.09-11.42.53,v1.04-5-g727ef31,22 , 81 , (9 7 2 25 18) , 4221 , ((7 * 9) + 18)
2020.08.09-11.42.53,v1.04-5-g727ef31,23 , 81 , (9 7 2 25 18) , 1333 , ((9 * 7) + 18)
2020.08.09-11.42.53,v1.04-5-g727ef31,24 , 81 , (9 7 2 25 18) , 2062 , ((9 * 7) + 18)
2020.08.09-11.42.53,v1.04-5-g727ef31,25 , 81 , (9 7 2 25 18) , 252 , ((7 * 9) + 18)
2020.08.09-11.42.53,v1.04-5-g727ef31,26 , 81 , (9 7 2 25 18) , 167 , ((7 * 9) + 18)
2020.08.09-11.42.53,v1.04-5-g727ef31,27 , 81 , (9 7 2 25 18) , 3215 , ((9 * 7) + 18)
2020.08.09-11.42.53,v1.04-5-g727ef31,28 , 81 , (9 7 2 25 18) , 994 , ((7 * 9) + 18)
2020.08.09-11.42.53,v1.04-5-g727ef31,29 , 81 , (9 7 2 25 18) , 669 , ((7 * 9) + 18)
2020.08.09-11.42.53,v1.04-5-g727ef31,30 , 81 , (9 7 2 25 18) , 775 , ((9 * 7) + 18)
2020.08.09-11.42.53,v1.04-5-g727ef31,31 , 81 , (9 7 2 25 18) , 828 , ((7 * 9) + 18)
2020.08.09-11.42.53,v1.04-5-g727ef31,32 , 81 , (9 7 2 25 18) , 5000 , none
2020.08.09-11.42.53,v1.04-5-g727ef31,33 , 81 , (9 7 2 25 18) , 1294 , ((7 * 9) + 18)
2020.08.09-11.42.53,v1.04-5-g727ef31,34 , 81 , (9 7 2 25 18) , 104 , ((9 * 7) + 18)
2020.08.09-11.42.53,v1.04-5-g727ef31,35 , 81 , (9 7 2 25 18) , 2589 , ((9 * 7) + 18)
2020.08.09-11.42.53,v1.04-5-g727ef31,36 , 81 , (9 7 2 25 18) , 296 , ((9 * 7) + 18)
2020.08.09-11.42.53,v1.04-5-g727ef31,37 , 81 , (9 7 2 25 18) , 279 , ((7 * 9) + 18)
2020.08.09-11.42.53,v1.04-5-g727ef31,38 , 81 , (9 7 2 25 18) , 430 , ((7 * 9) + 18)
2020.08.09-11.42.53,v1.04-5-g727ef31,39 , 81 , (9 7 2 25 18) , 183 , ((9 * 7) + 18)
2020.08.09-11.42.53,v1.04-5-g727ef31,40 , 81 , (9 7 2 25 18) , 189 , ((7 * 9) + 18)
2020.08.09-11.42.53,v1.04-5-g727ef31,41 , 81 , (9 7 2 25 18) , 1801 , ((9 * 7) + 18)
2020.08.09-11.42.53,v1.04-5-g727ef31,42 , 81 , (9 7 2 25 18) , 1759 , ((7 * 9) + 18)
2020.08.09-11.42.53,v1.04-5-g727ef31,43 , 81 , (9 7 2 25 18) , 3807 , ((7 * 9) + 18)
2020.08.09-11.42.53,v1.04-5-g727ef31,44 , 81 , (9 7 2 25 18) , 3083 , ((7 * 9) + 18)
2020.08.09-11.42.53,v1.04-5-g727ef31,45 , 81 , (9 7 2 25 18) , 742 , ((7 * 9) + 18)
2020.08.09-11.42.53,v1.04-5-g727ef31,46 , 81 , (9 7 2 25 18) , 1841 , ((7 * 9) + 18)
2020.08.09-11.42.53,v1.04-5-g727ef31,47 , 81 , (9 7 2 25 18) , 5000 , none
2020.08.09-11.42.53,v1.04-5-g727ef31,48 , 81 , (9 7 2 25 18) , 1225 , ((7 * 9) + 18)
2020.08.09-11.42.53,v1.04-5-g727ef31,49 , 81 , (9 7 2 25 18) , 259 , ((7 * 9) + 18)
2020.08.09-11.42.53,v1.04-5-g727ef31,50 , 81 , (9 7 2 25 18) , 609 , ((7 * 9) + 18)
2020.08.09-11.42.53,v1.04-5-g727ef31,51 , 81 , (9 7 2 25 18) , 219 , ((9 * 7) + 18)
2020.08.09-11.42.53,v1.04-5-g727ef31,52 , 81 , (9 7 2 25 18) , 582 , ((9 * 7) + 18)
2020.08.09-11.42.53,v1.04-5-g727ef31,53 , 81 , (9 7 2 25 18) , 2463 , ((9 * 7) + 18)
2020.08.09-11.42.53,v1.04-5-g727ef31,54 , 81 , (9 7 2 25 18) , 417 , ((7 * 9) + 18)
2020.08.09-11.42.53,v1.04-5-g727ef31,55 , 81 , (9 7 2 25 18) , 2829 , ((7 * 9) + 18)
2020.08.09-11.42.53,v1.04-5-g727ef31,56 , 81 , (9 7 2 25 18) , 245 , ((7 * 9) + 18)
2020.08.09-11.42.53,v1.04-5-g727ef31,57 , 81 , (9 7 2 25 18) , 849 , ((7 * 9) + 18)
2020.08.09-11.42.53,v1.04-5-g727ef31,58 , 81 , (9 7 2 25 18) , 183 , ((7 * 9) + 18)
2020.08.09-11.42.53,v1.04-5-g727ef31,59 , 81 , (9 7 2 25 18) , 173 , ((7 * 9) + 18)
2020.08.09-11.42.53,v1.04-5-g727ef31,60 , 81 , (9 7 2 25 18) , 4945 , ((9 * 7) + 18)
2020.08.09-11.42.53,v1.04-5-g727ef31,61 , 81 , (9 7 2 25 18) , 4240 , ((9 * 7) + 18)
2020.08.09-11.42.53,v1.04-5-g727ef31,62 , 81 , (9 7 2 25 18) , 2135 , ((7 * 9) + 18)
2020.08.09-11.42.53,v1.04-5-g727ef31,63 , 81 , (9 7 2 25 18) , 2596 , ((7 * 9) + 18)
2020.08.09-11.42.53,v1.04-5-g727ef31,64 , 81 , (9 7 2 25 18) , 1464 , ((9 * 7) + 18)
2020.08.09-11.42.53,v1.04-5-g727ef31,65 , 81 , (9 7 2 25 18) , 738 , ((7 * 9) + 18)
2020.08.09-11.42.53,v1.04-5-g727ef31,66 , 81 , (9 7 2 25 18) , 4326 , ((9 * 7) + 18)
2020.08.09-11.42.53,v1.04-5-g727ef31,67 , 81 , (9 7 2 25 18) , 1265 , ((9 * 7) + 18)
2020.08.09-11.42.53,v1.04-5-g727ef31,68 , 81 , (9 7 2 25 18) , 931 , ((7 * 9) + 18)
2020.08.09-11.42.53,v1.04-5-g727ef31,69 , 81 , (9 7 2 25 18) , 623 , ((7 * 9) + 18)
2020.08.09-11.42.53,v1.04-5-g727ef31,70 , 81 , (9 7 2 25 18) , 688 , ((7 * 9) + 18)
2020.08.09-11.42.53,v1.04-5-g727ef31,71 , 81 , (9 7 2 25 18) , 3799 , ((7 * 9) + 18)
2020.08.09-11.42.53,v1.04-5-g727ef31,72 , 81 , (9 7 2 25 18) , 1740 , ((7 * 9) + 18)
2020.08.09-11.42.53,v1.04-5-g727ef31,73 , 81 , (9 7 2 25 18) , 1543 , ((7 * 9) + 18)
2020.08.09-11.42.53,v1.04-5-g727ef31,74 , 81 , (9 7 2 25 18) , 5000 , none
2020.08.09-11.42.53,v1.04-5-g727ef31,75 , 81 , (9 7 2 25 18) , 1330 , ((7 * 9) + 18)
2020.08.09-11.42.53,v1.04-5-g727ef31,76 , 81 , (9 7 2 25 18) , 5000 , none
2020.08.09-11.42.53,v1.04-5-g727ef31,77 , 81 , (9 7 2 25 18) , 336 , ((9 * 7) + 18)
2020.08.09-11.42.53,v1.04-5-g727ef31,78 , 81 , (9 7 2 25 18) , 3825 , ((7 * 9) + 18)
2020.08.09-11.42.53,v1.04-5-g727ef31,79 , 81 , (9 7 2 25 18) , 1521 , ((7 * 9) + 18)
2020.08.09-11.42.53,v1.04-5-g727ef31,80 , 81 , (9 7 2 25 18) , 5000 , none
2020.08.09-11.42.53,v1.04-5-g727ef31,81 , 81 , (9 7 2 25 18) , 259 , ((9 * 7) + 18)
2020.08.09-11.42.53,v1.04-5-g727ef31,82 , 81 , (9 7 2 25 18) , 4846 , ((7 * 9) + 18)
2020.08.09-11.42.53,v1.04-5-g727ef31,83 , 81 , (9 7 2 25 18) , 2769 , ((7 * 9) + 18)
2020.08.09-11.42.53,v1.04-5-g727ef31,84 , 81 , (9 7 2 25 18) , 2493 , ((7 * 9) + 18)
2020.08.09-11.42.53,v1.04-5-g727ef31,85 , 81 , (9 7 2 25 18) , 4548 , ((9 * 7) + 18)
2020.08.09-11.42.53,v1.04-5-g727ef31,86 , 81 , (9 7 2 25 18) , 168 , ((9 * 7) + 18)
2020.08.09-11.42.53,v1.04-5-g727ef31,87 , 81 , (9 7 2 25 18) , 1677 , ((9 * 7) + 18)
2020.08.09-11.42.53,v1.04-5-g727ef31,88 , 81 , (9 7 2 25 18) , 157 , ((7 * 9) + 18)
2020.08.09-11.42.53,v1.04-5-g727ef31,89 , 81 , (9 7 2 25 18) , 110 , ((7 * 9) + 18)
2020.08.09-11.42.53,v1.04-5-g727ef31,90 , 81 , (9 7 2 25 18) , 2828 , ((9 * 7) + 18)
2020.08.09-11.42.53,v1.04-5-g727ef31,91 , 81 , (9 7 2 25 18) , 487 , ((9 * 7) + 18)
2020.08.09-11.42.53,v1.04-5-g727ef31,92 , 81 , (9 7 2 25 18) , 5000 , none
2020.08.09-11.42.53,v1.04-5-g727ef31,93 , 81 , (9 7 2 25 18) , 256 , ((7 * 9) + 18)
2020.08.09-11.42.53,v1.04-5-g727ef31,94 , 81 , (9 7 2 25 18) , 1387 , ((7 * 9) + 18)
2020.08.09-11.42.53,v1.04-5-g727ef31,95 , 81 , (9 7 2 25 18) , 3813 , ((7 * 9) + 18)
2020.08.09-11.42.53,v1.04-5-g727ef31,96 , 81 , (9 7 2 25 18) , 2125 , ((7 * 9) + 18)
2020.08.09-11.42.53,v1.04-5-g727ef31,97 , 81 , (9 7 2 25 18) , 5000 , none
2020.08.09-11.42.53,v1.04-5-g727ef31,98 , 81 , (9 7 2 25 18) , 1797 , ((7 * 9) + 18)
2020.08.09-11.42.53,v1.04-5-g727ef31,99 , 81 , (9 7 2 25 18) , 2439 , ((7 * 9) + 18)
2020.08.09-11.42.53,v1.04-5-g727ef31,0 , 6 , (3 3 17 11 22) , 60 , (3 + 3)
2020.08.09-11.42.53,v1.04-5-g727ef31,1 , 6 , (3 3 17 11 22) , 553 , (3 + 3)
2020.08.09-11.42.53,v1.04-5-g727ef31,2 , 6 , (3 3 17 11 22) , 27 , (17 - 11)
2020.08.09-11.42.53,v1.04-5-g727ef31,3 , 6 , (3 3 17 11 22) , 33 , (3 + 3)
2020.08.09-11.42.53,v1.04-5-g727ef31,4 , 6 , (3 3 17 11 22) , 129 , (3 + 3)
2020.08.09-11.42.53,v1.04-5-g727ef31,5 , 6 , (3 3 17 11 22) , 206 , (3 + 3)
2020.08.09-11.42.53,v1.04-5-g727ef31,6 , 6 , (3 3 17 11 22) , 485 , (3 + 3)
2020.08.09-11.42.53,v1.04-5-g727ef31,7 , 6 , (3 3 17 11 22) , 309 , (3 + 3)
2020.08.09-11.42.53,v1.04-5-g727ef31,8 , 6 , (3 3 17 11 22) , 95 , (3 + 3)
2020.08.09-11.42.53,v1.04-5-g727ef31,9 , 6 , (3 3 17 11 22) , 79 , (3 + 3)
2020.08.09-11.42.53,v1.04-5-g727ef31,10 , 6 , (3 3 17 11 22) , 20 , (17 - 11)
2020.08.09-11.42.53,v1.04-5-g727ef31,11 , 6 , (3 3 17 11 22) , 28 , (3 + 3)
2020.08.09-11.42.53,v1.04-5-g727ef31,12 , 6 , (3 3 17 11 22) , 225 , (3 + 3)
2020.08.09-11.42.53,v1.04-5-g727ef31,13 , 6 , (3 3 17 11 22) , 30 , (3 + 3)
2020.08.09-11.42.53,v1.04-5-g727ef31,14 , 6 , (3 3 17 11 22) , 129 , (3 + 3)
2020.08.09-11.42.53,v1.04-5-g727ef31,15 , 6 , (3 3 17 11 22) , 30 , (3 + 3)
2020.08.09-11.42.53,v1.04-5-g727ef31,16 , 6 , (3 3 17 11 22) , 108 , (3 + 3)
2020.08.09-11.42.53,v1.04-5-g727ef31,17 , 6 , (3 3 17 11 22) , 45 , (17 - 11)
2020.08.09-11.42.53,v1.04-5-g727ef31,18 , 6 , (3 3 17 11 22) , 25 , (3 + 3)
2020.08.09-11.42.53,v1.04-5-g727ef31,19 , 6 , (3 3 17 11 22) , 30 , (3 + 3)
2020.08.09-11.42.53,v1.04-5-g727ef31,20 , 6 , (3 3 17 11 22) , 60 , (17 - 11)
2020.08.09-11.42.53,v1.04-5-g727ef31,21 , 6 , (3 3 17 11 22) , 157 , (3 + 3)
2020.08.09-11.42.53,v1.04-5-g727ef31,22 , 6 , (3 3 17 11 22) , 78 , (3 + 3)
2020.08.09-11.42.53,v1.04-5-g727ef31,23 , 6 , (3 3 17 11 22) , 733 , (3 + 3)
2020.08.09-11.42.53,v1.04-5-g727ef31,24 , 6 , (3 3 17 11 22) , 111 , (3 + 3)
2020.08.09-11.42.53,v1.04-5-g727ef31,25 , 6 , (3 3 17 11 22) , 36 , (3 + 3)
2020.08.09-11.42.53,v1.04-5-g727ef31,26 , 6 , (3 3 17 11 22) , 23 , (3 + 3)
2020.08.09-11.42.53,v1.04-5-g727ef31,27 , 6 , (3 3 17 11 22) , 468 , (3 + 3)
2020.08.09-11.42.53,v1.04-5-g727ef31,28 , 6 , (3 3 17 11 22) , 24 , (3 + 3)
2020.08.09-11.42.53,v1.04-5-g727ef31,29 , 6 , (3 3 17 11 22) , 57 , (3 + 3)
2020.08.09-11.42.53,v1.04-5-g727ef31,30 , 6 , (3 3 17 11 22) , 14 , (3 + 3)
2020.08.09-11.42.53,v1.04-5-g727ef31,31 , 6 , (3 3 17 11 22) , 126 , (3 + 3)
2020.08.09-11.42.53,v1.04-5-g727ef31,32 , 6 , (3 3 17 11 22) , 134 , (3 + 3)
2020.08.09-11.42.53,v1.04-5-g727ef31,33 , 6 , (3 3 17 11 22) , 19 , (3 + 3)
2020.08.09-11.42.53,v1.04-5-g727ef31,34 , 6 , (3 3 17 11 22) , 37 , (3 + 3)
2020.08.09-11.42.53,v1.04-5-g727ef31,35 , 6 , (3 3 17 11 22) , 554 , (3 + 3)
2020.08.09-11.42.53,v1.04-5-g727ef31,36 , 6 , (3 3 17 11 22) , 400 , (3 + 3)
2020.08.09-11.42.53,v1.04-5-g727ef31,37 , 6 , (3 3 17 11 22) , 135 , (3 + 3)
2020.08.09-11.42.53,v1.04-5-g727ef31,38 , 6 , (3 3 17 11 22) , 204 , (17 - 11)
2020.08.09-11.42.53,v1.04-5-g727ef31,39 , 6 , (3 3 17 11 22) , 94 , (3 + 3)
2020.08.09-11.42.53,v1.04-5-g727ef31,40 , 6 , (3 3 17 11 22) , 57 , (3 + 3)
2020.08.09-11.42.53,v1.04-5-g727ef31,41 , 6 , (3 3 17 11 22) , 94 , (17 - 11)
2020.08.09-11.42.53,v1.04-5-g727ef31,42 , 6 , (3 3 17 11 22) , 678 , (3 + 3)
2020.08.09-11.42.53,v1.04-5-g727ef31,43 , 6 , (3 3 17 11 22) , 36 , (3 + 3)
2020.08.09-11.42.53,v1.04-5-g727ef31,44 , 6 , (3 3 17 11 22) , 145 , (17 - 11)
2020.08.09-11.42.53,v1.04-5-g727ef31,45 , 6 , (3 3 17 11 22) , 60 , (17 - 11)
2020.08.09-11.42.53,v1.04-5-g727ef31,46 , 6 , (3 3 17 11 22) , 105 , (3 + 3)
2020.08.09-11.42.53,v1.04-5-g727ef31,47 , 6 , (3 3 17 11 22) , 367 , (3 + 3)
2020.08.09-11.42.53,v1.04-5-g727ef31,48 , 6 , (3 3 17 11 22) , 113 , (3 + 3)
2020.08.09-11.42.53,v1.04-5-g727ef31,49 , 6 , (3 3 17 11 22) , 750 , (3 + 3)
2020.08.09-11.42.53,v1.04-5-g727ef31,50 , 6 , (3 3 17 11 22) , 25 , (3 + 3)
2020.08.09-11.42.53,v1.04-5-g727ef31,51 , 6 , (3 3 17 11 22) , 18 , (3 + 3)
2020.08.09-11.42.53,v1.04-5-g727ef31,52 , 6 , (3 3 17 11 22) , 44 , (3 + 3)
2020.08.09-11.42.53,v1.04-5-g727ef31,53 , 6 , (3 3 17 11 22) , 75 , (3 + 3)
2020.08.09-11.42.53,v1.04-5-g727ef31,54 , 6 , (3 3 17 11 22) , 24 , (3 + 3)
2020.08.09-11.42.53,v1.04-5-g727ef31,55 , 6 , (3 3 17 11 22) , 486 , (17 - 11)
2020.08.09-11.42.53,v1.04-5-g727ef31,56 , 6 , (3 3 17 11 22) , 207 , (3 + 3)
2020.08.09-11.42.53,v1.04-5-g727ef31,57 , 6 , (3 3 17 11 22) , 345 , (3 + 3)
2020.08.09-11.42.53,v1.04-5-g727ef31,58 , 6 , (3 3 17 11 22) , 297 , (3 + 3)
2020.08.09-11.42.53,v1.04-5-g727ef31,59 , 6 , (3 3 17 11 22) , 90 , (3 + 3)
2020.08.09-11.42.53,v1.04-5-g727ef31,60 , 6 , (3 3 17 11 22) , 798 , (3 + 3)
2020.08.09-11.42.53,v1.04-5-g727ef31,61 , 6 , (3 3 17 11 22) , 25 , (3 + 3)
2020.08.09-11.42.53,v1.04-5-g727ef31,62 , 6 , (3 3 17 11 22) , 69 , (3 + 3)
2020.08.09-11.42.53,v1.04-5-g727ef31,63 , 6 , (3 3 17 11 22) , 240 , (3 + 3)
2020.08.09-11.42.53,v1.04-5-g727ef31,64 , 6 , (3 3 17 11 22) , 69 , (3 + 3)
2020.08.09-11.42.53,v1.04-5-g727ef31,65 , 6 , (3 3 17 11 22) , 309 , (3 + 3)
2020.08.09-11.42.53,v1.04-5-g727ef31,66 , 6 , (3 3 17 11 22) , 263 , (3 + 3)
2020.08.09-11.42.53,v1.04-5-g727ef31,67 , 6 , (3 3 17 11 22) , 294 , (3 + 3)
2020.08.09-11.42.53,v1.04-5-g727ef31,68 , 6 , (3 3 17 11 22) , 159 , (3 + 3)
2020.08.09-11.42.53,v1.04-5-g727ef31,69 , 6 , (3 3 17 11 22) , 87 , (3 + 3)
2020.08.09-11.42.53,v1.04-5-g727ef31,70 , 6 , (3 3 17 11 22) , 514 , (3 + 3)
2020.08.09-11.42.53,v1.04-5-g727ef31,71 , 6 , (3 3 17 11 22) , 45 , (3 + 3)
2020.08.09-11.42.53,v1.04-5-g727ef31,72 , 6 , (3 3 17 11 22) , 285 , (3 + 3)
2020.08.09-11.42.53,v1.04-5-g727ef31,73 , 6 , (3 3 17 11 22) , 495 , (17 - 11)
2020.08.09-11.42.53,v1.04-5-g727ef31,74 , 6 , (3 3 17 11 22) , 21 , (17 - 11)
2020.08.09-11.42.53,v1.04-5-g727ef31,75 , 6 , (3 3 17 11 22) , 18 , (3 + 3)
2020.08.09-11.42.53,v1.04-5-g727ef31,76 , 6 , (3 3 17 11 22) , 375 , (3 + 3)
2020.08.09-11.42.53,v1.04-5-g727ef31,77 , 6 , (3 3 17 11 22) , 36 , (3 + 3)
2020.08.09-11.42.53,v1.04-5-g727ef31,78 , 6 , (3 3 17 11 22) , 31 , (3 + 3)
2020.08.09-11.42.53,v1.04-5-g727ef31,79 , 6 , (3 3 17 11 22) , 133 , (17 - 11)
2020.08.09-11.42.53,v1.04-5-g727ef31,80 , 6 , (3 3 17 11 22) , 515 , (17 - 11)
2020.08.09-11.42.53,v1.04-5-g727ef31,81 , 6 , (3 3 17 11 22) , 27 , (3 + 3)
2020.08.09-11.42.53,v1.04-5-g727ef31,82 , 6 , (3 3 17 11 22) , 20 , (3 + 3)
2020.08.09-11.42.53,v1.04-5-g727ef31,83 , 6 , (3 3 17 11 22) , 306 , (3 + 3)
2020.08.09-11.42.53,v1.04-5-g727ef31,84 , 6 , (3 3 17 11 22) , 57 , (3 + 3)
2020.08.09-11.42.53,v1.04-5-g727ef31,85 , 6 , (3 3 17 11 22) , 180 , (3 + 3)
2020.08.09-11.42.53,v1.04-5-g727ef31,86 , 6 , (3 3 17 11 22) , 22 , (3 + 3)
2020.08.09-11.42.53,v1.04-5-g727ef31,87 , 6 , (3 3 17 11 22) , 378 , (3 + 3)
2020.08.09-11.42.53,v1.04-5-g727ef31,88 , 6 , (3 3 17 11 22) , 22 , (3 + 3)
2020.08.09-11.42.53,v1.04-5-g727ef31,89 , 6 , (3 3 17 11 22) , 270 , (3 + 3)
2020.08.09-11.42.53,v1.04-5-g727ef31,90 , 6 , (3 3 17 11 22) , 26 , (3 + 3)
2020.08.09-11.42.53,v1.04-5-g727ef31,91 , 6 , (3 3 17 11 22) , 60 , (3 + 3)
2020.08.09-11.42.53,v1.04-5-g727ef31,92 , 6 , (3 3 17 11 22) , 780 , (3 + 3)
2020.08.09-11.42.53,v1.04-5-g727ef31,93 , 6 , (3 3 17 11 22) , 150 , (3 + 3)
2020.08.09-11.42.53,v1.04-5-g727ef31,94 , 6 , (3 3 17 11 22) , 94 , (17 - 11)
2020.08.09-11.42.53,v1.04-5-g727ef31,95 , 6 , (3 3 17 11 22) , 30 , (3 + 3)
2020.08.09-11.42.53,v1.04-5-g727ef31,96 , 6 , (3 3 17 11 22) , 193 , (3 + 3)
2020.08.09-11.42.53,v1.04-5-g727ef31,97 , 6 , (3 3 17 11 22) , 99 , (17 - 11)
2020.08.09-11.42.53,v1.04-5-g727ef31,98 , 6 , (3 3 17 11 22) , 180 , (3 + 3)
2020.08.09-11.42.53,v1.04-5-g727ef31,99 , 6 , (3 3 17 11 22) , 85 , (3 + 3)
2020.08.09-11.42.53,v1.04-5-g727ef31,0 , 11 , (2 5 1 25 23) , 38 , ((2 * 5) + 1)
2020.08.09-11.42.53,v1.04-5-g727ef31,1 , 11 , (2 5 1 25 23) , 748 , ((2 * 5) + 1)
2020.08.09-11.42.53,v1.04-5-g727ef31,2 , 11 , (2 5 1 25 23) , 3994 , ((2 * 5) + 1)
2020.08.09-11.42.53,v1.04-5-g727ef31,3 , 11 , (2 5 1 25 23) , 56 , ((2 * 5) + 1)
2020.08.09-11.42.53,v1.04-5-g727ef31,4 , 11 , (2 5 1 25 23) , 935 , ((2 * 5) + 1)
2020.08.09-11.42.53,v1.04-5-g727ef31,5 , 11 , (2 5 1 25 23) , 33 , ((2 * 5) + 1)
2020.08.09-11.42.53,v1.04-5-g727ef31,6 , 11 , (2 5 1 25 23) , 44 , ((2 * 5) + 1)
2020.08.09-11.42.53,v1.04-5-g727ef31,7 , 11 , (2 5 1 25 23) , 960 , ((2 * 5) + 1)
2020.08.09-11.42.53,v1.04-5-g727ef31,8 , 11 , (2 5 1 25 23) , 113 , ((2 * 5) + 1)
2020.08.09-11.42.53,v1.04-5-g727ef31,9 , 11 , (2 5 1 25 23) , 3372 , ((2 * 5) + 1)
2020.08.09-11.42.53,v1.04-5-g727ef31,10 , 11 , (2 5 1 25 23) , 4356 , ((2 * 5) + 1)
2020.08.09-11.42.53,v1.04-5-g727ef31,11 , 11 , (2 5 1 25 23) , 414 , ((2 * 5) + 1)
2020.08.09-11.42.53,v1.04-5-g727ef31,12 , 11 , (2 5 1 25 23) , 985 , ((2 * 5) + 1)
2020.08.09-11.42.53,v1.04-5-g727ef31,13 , 11 , (2 5 1 25 23) , 300 , ((2 * 5) + 1)
2020.08.09-11.42.53,v1.04-5-g727ef31,14 , 11 , (2 5 1 25 23) , 3491 , ((2 * 5) + 1)
2020.08.09-11.42.53,v1.04-5-g727ef31,15 , 11 , (2 5 1 25 23) , 27 , ((2 * 5) + 1)
2020.08.09-11.42.53,v1.04-5-g727ef31,16 , 11 , (2 5 1 25 23) , 674 , ((2 * 5) + 1)
2020.08.09-11.42.53,v1.04-5-g727ef31,17 , 11 , (2 5 1 25 23) , 3500 , ((2 * 5) + 1)
2020.08.09-11.42.53,v1.04-5-g727ef31,18 , 11 , (2 5 1 25 23) , 186 , ((2 * 5) + 1)
2020.08.09-11.42.53,v1.04-5-g727ef31,19 , 11 , (2 5 1 25 23) , 450 , ((2 * 5) + 1)
2020.08.09-11.42.53,v1.04-5-g727ef31,20 , 11 , (2 5 1 25 23) , 1281 , ((2 * 5) + 1)
2020.08.09-11.42.53,v1.04-5-g727ef31,21 , 11 , (2 5 1 25 23) , 3622 , ((2 * 5) + 1)
2020.08.09-11.42.53,v1.04-5-g727ef31,22 , 11 , (2 5 1 25 23) , 40 , ((2 * 5) + 1)
2020.08.09-11.42.53,v1.04-5-g727ef31,23 , 11 , (2 5 1 25 23) , 1218 , ((2 * 5) + 1)
2020.08.09-11.42.53,v1.04-5-g727ef31,24 , 11 , (2 5 1 25 23) , 3519 , ((2 * 5) + 1)
2020.08.09-11.42.53,v1.04-5-g727ef31,25 , 11 , (2 5 1 25 23) , 169 , ((2 * 5) + 1)
2020.08.09-11.42.53,v1.04-5-g727ef31,26 , 11 , (2 5 1 25 23) , 4957 , ((2 * 5) + 1)
2020.08.09-11.42.53,v1.04-5-g727ef31,27 , 11 , (2 5 1 25 23) , 5000 , none
2020.08.09-11.42.53,v1.04-5-g727ef31,28 , 11 , (2 5 1 25 23) , 181 , ((2 * 5) + 1)
2020.08.09-11.42.53,v1.04-5-g727ef31,29 , 11 , (2 5 1 25 23) , 5000 , none
2020.08.09-11.42.53,v1.04-5-g727ef31,30 , 11 , (2 5 1 25 23) , 40 , ((2 * 5) + 1)
2020.08.09-11.42.53,v1.04-5-g727ef31,31 , 11 , (2 5 1 25 23) , 938 , ((2 * 5) + 1)
2020.08.09-11.42.53,v1.04-5-g727ef31,32 , 11 , (2 5 1 25 23) , 5000 , none
2020.08.09-11.42.53,v1.04-5-g727ef31,33 , 11 , (2 5 1 25 23) , 4142 , ((2 * 5) + 1)
2020.08.09-11.42.53,v1.04-5-g727ef31,34 , 11 , (2 5 1 25 23) , 5000 , none
2020.08.09-11.42.53,v1.04-5-g727ef31,35 , 11 , (2 5 1 25 23) , 865 , ((2 * 5) + 1)
2020.08.09-11.42.53,v1.04-5-g727ef31,36 , 11 , (2 5 1 25 23) , 2717 , ((2 * 5) + 1)
2020.08.09-11.42.53,v1.04-5-g727ef31,37 , 11 , (2 5 1 25 23) , 5000 , none
2020.08.09-11.42.53,v1.04-5-g727ef31,38 , 11 , (2 5 1 25 23) , 4675 , ((2 * 5) + 1)
2020.08.09-11.42.53,v1.04-5-g727ef31,39 , 11 , (2 5 1 25 23) , 3186 , ((2 * 5) + 1)
2020.08.09-11.42.53,v1.04-5-g727ef31,40 , 11 , (2 5 1 25 23) , 2146 , ((2 * 5) + 1)
2020.08.09-11.42.53,v1.04-5-g727ef31,41 , 11 , (2 5 1 25 23) , 2374 , ((2 * 5) + 1)
2020.08.09-11.42.53,v1.04-5-g727ef31,42 , 11 , (2 5 1 25 23) , 3476 , ((2 * 5) + 1)
2020.08.09-11.42.53,v1.04-5-g727ef31,43 , 11 , (2 5 1 25 23) , 1530 , ((2 * 5) + 1)
2020.08.09-11.42.53,v1.04-5-g727ef31,44 , 11 , (2 5 1 25 23) , 3708 , ((2 * 5) + 1)
2020.08.09-11.42.53,v1.04-5-g727ef31,45 , 11 , (2 5 1 25 23) , 111 , ((2 * 5) + 1)
2020.08.09-11.42.53,v1.04-5-g727ef31,46 , 11 , (2 5 1 25 23) , 1975 , ((2 * 5) + 1)
2020.08.09-11.42.53,v1.04-5-g727ef31,47 , 11 , (2 5 1 25 23) , 199 , ((2 * 5) + 1)
2020.08.09-11.42.53,v1.04-5-g727ef31,48 , 11 , (2 5 1 25 23) , 223 , ((2 * 5) + 1)
2020.08.09-11.42.53,v1.04-5-g727ef31,49 , 11 , (2 5 1 25 23) , 102 , ((2 * 5) + 1)
2020.08.09-11.42.53,v1.04-5-g727ef31,50 , 11 , (2 5 1 25 23) , 2861 , ((2 * 5) + 1)
2020.08.09-11.42.53,v1.04-5-g727ef31,51 , 11 , (2 5 1 25 23) , 1161 , ((2 * 5) + 1)
2020.08.09-11.42.53,v1.04-5-g727ef31,52 , 11 , (2 5 1 25 23) , 3604 , ((2 * 5) + 1)
2020.08.09-11.42.53,v1.04-5-g727ef31,53 , 11 , (2 5 1 25 23) , 2749 , ((2 * 5) + 1)
2020.08.09-11.42.53,v1.04-5-g727ef31,54 , 11 , (2 5 1 25 23) , 187 , ((2 * 5) + 1)
2020.08.09-11.42.53,v1.04-5-g727ef31,55 , 11 , (2 5 1 25 23) , 2030 , ((2 * 5) + 1)
2020.08.09-11.42.53,v1.04-5-g727ef31,56 , 11 , (2 5 1 25 23) , 3429 , ((2 * 5) + 1)
2020.08.09-11.42.53,v1.04-5-g727ef31,57 , 11 , (2 5 1 25 23) , 5000 , none
2020.08.09-11.42.53,v1.04-5-g727ef31,58 , 11 , (2 5 1 25 23) , 2026 , ((2 * 5) + 1)
2020.08.09-11.42.53,v1.04-5-g727ef31,59 , 11 , (2 5 1 25 23) , 4130 , ((2 * 5) + 1)
2020.08.09-11.42.53,v1.04-5-g727ef31,60 , 11 , (2 5 1 25 23) , 1839 , ((2 * 5) + 1)
2020.08.09-11.42.53,v1.04-5-g727ef31,61 , 11 , (2 5 1 25 23) , 5000 , none
2020.08.09-11.42.53,v1.04-5-g727ef31,62 , 11 , (2 5 1 25 23) , 1123 , ((2 * 5) + 1)
2020.08.09-11.42.53,v1.04-5-g727ef31,63 , 11 , (2 5 1 25 23) , 2790 , ((2 * 5) + 1)
2020.08.09-11.42.53,v1.04-5-g727ef31,64 , 11 , (2 5 1 25 23) , 1543 , ((2 * 5) + 1)
2020.08.09-11.42.53,v1.04-5-g727ef31,65 , 11 , (2 5 1 25 23) , 1830 , ((2 * 5) + 1)
2020.08.09-11.42.53,v1.04-5-g727ef31,66 , 11 , (2 5 1 25 23) , 143 , ((2 * 5) + 1)
2020.08.09-11.42.53,v1.04-5-g727ef31,67 , 11 , (2 5 1 25 23) , 1713 , ((2 * 5) + 1)
2020.08.09-11.42.53,v1.04-5-g727ef31,68 , 11 , (2 5 1 25 23) , 608 , ((5 * 2) + 1)
2020.08.09-11.42.53,v1.04-5-g727ef31,69 , 11 , (2 5 1 25 23) , 3083 , ((2 * 5) + 1)
2020.08.09-11.42.53,v1.04-5-g727ef31,70 , 11 , (2 5 1 25 23) , 222 , ((2 * 5) + 1)
2020.08.09-11.42.53,v1.04-5-g727ef31,71 , 11 , (2 5 1 25 23) , 4352 , ((2 * 5) + 1)
2020.08.09-11.42.53,v1.04-5-g727ef31,72 , 11 , (2 5 1 25 23) , 5000 , none
2020.08.09-11.42.53,v1.04-5-g727ef31,73 , 11 , (2 5 1 25 23) , 103 , ((2 * 5) + 1)
2020.08.09-11.42.53,v1.04-5-g727ef31,74 , 11 , (2 5 1 25 23) , 2452 , ((2 * 5) + 1)
2020.08.09-11.42.53,v1.04-5-g727ef31,75 , 11 , (2 5 1 25 23) , 45 , ((2 * 5) + 1)
2020.08.09-11.42.53,v1.04-5-g727ef31,76 , 11 , (2 5 1 25 23) , 186 , ((2 * 5) + 1)
2020.08.09-11.42.53,v1.04-5-g727ef31,77 , 11 , (2 5 1 25 23) , 1749 , ((2 * 5) + 1)
2020.08.09-11.42.53,v1.04-5-g727ef31,78 , 11 , (2 5 1 25 23) , 1497 , ((2 * 5) + 1)
2020.08.09-11.42.53,v1.04-5-g727ef31,79 , 11 , (2 5 1 25 23) , 5000 , none
2020.08.09-11.42.53,v1.04-5-g727ef31,80 , 11 , (2 5 1 25 23) , 4797 , ((2 * 5) + 1)
2020.08.09-11.42.53,v1.04-5-g727ef31,81 , 11 , (2 5 1 25 23) , 1821 , ((2 * 5) + 1)
2020.08.09-11.42.53,v1.04-5-g727ef31,82 , 11 , (2 5 1 25 23) , 1493 , ((2 * 5) + 1)
2020.08.09-11.42.53,v1.04-5-g727ef31,83 , 11 , (2 5 1 25 23) , 808 , ((2 * 5) + 1)
2020.08.09-11.42.53,v1.04-5-g727ef31,84 , 11 , (2 5 1 25 23) , 837 , ((2 * 5) + 1)
2020.08.09-11.42.53,v1.04-5-g727ef31,85 , 11 , (2 5 1 25 23) , 64 , ((2 * 5) + 1)
2020.08.09-11.42.53,v1.04-5-g727ef31,86 , 11 , (2 5 1 25 23) , 1414 , ((2 * 5) + 1)
2020.08.09-11.42.53,v1.04-5-g727ef31,87 , 11 , (2 5 1 25 23) , 3119 , ((2 * 5) + 1)
2020.08.09-11.42.53,v1.04-5-g727ef31,88 , 11 , (2 5 1 25 23) , 1290 , ((2 * 5) + 1)
2020.08.09-11.42.53,v1.04-5-g727ef31,89 , 11 , (2 5 1 25 23) , 171 , ((2 * 5) + 1)
2020.08.09-11.42.53,v1.04-5-g727ef31,90 , 11 , (2 5 1 25 23) , 835 , ((2 * 5) + 1)
2020.08.09-11.42.53,v1.04-5-g727ef31,91 , 11 , (2 5 1 25 23) , 2156 , ((2 * 5) + 1)
2020.08.09-11.42.53,v1.04-5-g727ef31,92 , 11 , (2 5 1 25 23) , 1657 , ((2 * 5) + 1)
2020.08.09-11.42.53,v1.04-5-g727ef31,93 , 11 , (2 5 1 25 23) , 718 , ((2 * 5) + 1)
2020.08.09-11.42.53,v1.04-5-g727ef31,94 , 11 , (2 5 1 25 23) , 852 , ((2 * 5) + 1)
2020.08.09-11.42.53,v1.04-5-g727ef31,95 , 11 , (2 5 1 25 23) , 327 , ((2 * 5) + 1)
2020.08.09-11.42.53,v1.04-5-g727ef31,96 , 11 , (2 5 1 25 23) , 5000 , none
2020.08.09-11.42.53,v1.04-5-g727ef31,97 , 11 , (2 5 1 25 23) , 1342 , ((2 * 5) + 1)
2020.08.09-11.42.53,v1.04-5-g727ef31,98 , 11 , (2 5 1 25 23) , 5000 , none
2020.08.09-11.42.53,v1.04-5-g727ef31,99 , 11 , (2 5 1 25 23) , 60 , ((2 * 5) + 1)
2020.08.09-11.42.53,v1.04-5-g727ef31,0 , 116 , (20 2 16 14 6) , 68 , ((16 * 6) + 20)
2020.08.09-11.42.53,v1.04-5-g727ef31,1 , 116 , (20 2 16 14 6) , 606 , ((6 * 16) + 20)
2020.08.09-11.42.53,v1.04-5-g727ef31,2 , 116 , (20 2 16 14 6) , 2302 , ((6 * 16) + 20)
2020.08.09-11.42.53,v1.04-5-g727ef31,3 , 116 , (20 2 16 14 6) , 700 , ((6 * 16) + 20)
2020.08.09-11.42.53,v1.04-5-g727ef31,4 , 116 , (20 2 16 14 6) , 2698 , ((14 * 6) + (2 * 16))
2020.08.09-11.42.53,v1.04-5-g727ef31,5 , 116 , (20 2 16 14 6) , 216 , ((14 * 6) + (2 * 16))
2020.08.09-11.42.53,v1.04-5-g727ef31,6 , 116 , (20 2 16 14 6) , 2559 , ((16 * 6) + 20)
2020.08.09-11.42.53,v1.04-5-g727ef31,7 , 116 , (20 2 16 14 6) , 84 , ((6 * 14) + (2 * 16))
2020.08.09-11.42.53,v1.04-5-g727ef31,8 , 116 , (20 2 16 14 6) , 5000 , none
2020.08.09-11.42.53,v1.04-5-g727ef31,9 , 116 , (20 2 16 14 6) , 2905 , ((16 * 6) + 20)
2020.08.09-11.42.53,v1.04-5-g727ef31,10 , 116 , (20 2 16 14 6) , 98 , ((6 * 14) + (16 * 2))
2020.08.09-11.42.53,v1.04-5-g727ef31,11 , 116 , (20 2 16 14 6) , 1995 , ((16 * 6) + 20)
2020.08.09-11.42.53,v1.04-5-g727ef31,12 , 116 , (20 2 16 14 6) , 696 , ((16 * 6) + 20)
2020.08.09-11.42.53,v1.04-5-g727ef31,13 , 116 , (20 2 16 14 6) , 5000 , none
2020.08.09-11.42.53,v1.04-5-g727ef31,14 , 116 , (20 2 16 14 6) , 187 , ((6 * 14) + (16 * 2))
2020.08.09-11.42.53,v1.04-5-g727ef31,15 , 116 , (20 2 16 14 6) , 377 , ((6 * 16) + 20)
2020.08.09-11.42.53,v1.04-5-g727ef31,16 , 116 , (20 2 16 14 6) , 2956 , ((6 * 14) + (2 * 16))
2020.08.09-11.42.53,v1.04-5-g727ef31,17 , 116 , (20 2 16 14 6) , 1373 , ((6 * 14) + (2 * 16))
2020.08.09-11.42.53,v1.04-5-g727ef31,18 , 116 , (20 2 16 14 6) , 108 , ((14 * 6) + (2 * 16))
2020.08.09-11.42.53,v1.04-5-g727ef31,19 , 116 , (20 2 16 14 6) , 1698 , ((16 * 6) + 20)
2020.08.09-11.42.53,v1.04-5-g727ef31,20 , 116 , (20 2 16 14 6) , 1221 , ((6 * 16) + 20)
2020.08.09-11.42.53,v1.04-5-g727ef31,21 , 116 , (20 2 16 14 6) , 5000 , none
2020.08.09-11.42.53,v1.04-5-g727ef31,22 , 116 , (20 2 16 14 6) , 53 , ((6 * 16) + 20)
2020.08.09-11.42.53,v1.04-5-g727ef31,23 , 116 , (20 2 16 14 6) , 3768 , ((6 * 16) + 20)
2020.08.09-11.42.53,v1.04-5-g727ef31,24 , 116 , (20 2 16 14 6) , 5000 , none
2020.08.09-11.42.53,v1.04-5-g727ef31,25 , 116 , (20 2 16 14 6) , 532 , ((6 * 14) + (2 * 16))
2020.08.09-11.42.53,v1.04-5-g727ef31,26 , 116 , (20 2 16 14 6) , 2080 , ((16 * 6) + 20)
2020.08.09-11.42.53,v1.04-5-g727ef31,27 , 116 , (20 2 16 14 6) , 115 , ((6 * 16) + 20)
2020.08.09-11.42.53,v1.04-5-g727ef31,28 , 116 , (20 2 16 14 6) , 396 , ((14 * 6) + (16 * 2))
2020.08.09-11.42.53,v1.04-5-g727ef31,29 , 116 , (20 2 16 14 6) , 2167 , ((16 * 6) + 20)
2020.08.09-11.42.53,v1.04-5-g727ef31,30 , 116 , (20 2 16 14 6) , 3951 , ((16 * 6) + 20)
2020.08.09-11.42.53,v1.04-5-g727ef31,31 , 116 , (20 2 16 14 6) , 86 , ((16 * 6) + 20)
2020.08.09-11.42.53,v1.04-5-g727ef31,32 , 116 , (20 2 16 14 6) , 409 , ((6 * 16) + 20)
2020.08.09-11.42.53,v1.04-5-g727ef31,33 , 116 , (20 2 16 14 6) , 614 , ((16 * 6) + 20)
2020.08.09-11.42.53,v1.04-5-g727ef31,34 , 116 , (20 2 16 14 6) , 355 , ((6 * 14) + (16 * 2))
2020.08.09-11.42.53,v1.04-5-g727ef31,35 , 116 , (20 2 16 14 6) , 3853 , ((16 * 6) + 20)
2020.08.09-11.42.53,v1.04-5-g727ef31,36 , 116 , (20 2 16 14 6) , 1875 , ((14 * 6) + (2 * 16))
2020.08.09-11.42.53,v1.04-5-g727ef31,37 , 116 , (20 2 16 14 6) , 4546 , ((6 * 16) + 20)
2020.08.09-11.42.53,v1.04-5-g727ef31,38 , 116 , (20 2 16 14 6) , 381 , ((14 * 6) + (16 * 2))
2020.08.09-11.42.53,v1.04-5-g727ef31,39 , 116 , (20 2 16 14 6) , 885 , ((16 * 6) + 20)
2020.08.09-11.42.53,v1.04-5-g727ef31,40 , 116 , (20 2 16 14 6) , 4165 , ((6 * 16) + 20)
2020.08.09-11.42.53,v1.04-5-g727ef31,41 , 116 , (20 2 16 14 6) , 1994 , ((6 * 14) + (2 * 16))
2020.08.09-11.42.53,v1.04-5-g727ef31,42 , 116 , (20 2 16 14 6) , 3350 , ((6 * 16) + 20)
2020.08.09-11.42.53,v1.04-5-g727ef31,43 , 116 , (20 2 16 14 6) , 643 , ((6 * 16) + 20)
2020.08.09-11.42.53,v1.04-5-g727ef31,44 , 116 , (20 2 16 14 6) , 1706 , ((14 * 6) + (2 * 16))
2020.08.09-11.42.53,v1.04-5-g727ef31,45 , 116 , (20 2 16 14 6) , 358 , ((16 * 6) + 20)
2020.08.09-11.42.53,v1.04-5-g727ef31,46 , 116 , (20 2 16 14 6) , 1433 , ((6 * 14) + (2 * 16))
2020.08.09-11.42.53,v1.04-5-g727ef31,47 , 116 , (20 2 16 14 6) , 117 , ((6 * 14) + (2 * 16))
2020.08.09-11.42.53,v1.04-5-g727ef31,48 , 116 , (20 2 16 14 6) , 5000 , none
2020.08.09-11.42.53,v1.04-5-g727ef31,49 , 116 , (20 2 16 14 6) , 1959 , ((14 * 6) + (2 * 16))
2020.08.09-11.42.53,v1.04-5-g727ef31,50 , 116 , (20 2 16 14 6) , 666 , ((6 * 14) + (2 * 16))
2020.08.09-11.42.53,v1.04-5-g727ef31,51 , 116 , (20 2 16 14 6) , 1205 , ((16 * 6) + 20)
2020.08.09-11.42.53,v1.04-5-g727ef31,52 , 116 , (20 2 16 14 6) , 3437 , ((6 * 14) + (2 * 16))
2020.08.09-11.42.53,v1.04-5-g727ef31,53 , 116 , (20 2 16 14 6) , 302 , ((6 * 16) + 20)
2020.08.09-11.42.53,v1.04-5-g727ef31,54 , 116 , (20 2 16 14 6) , 1646 , ((14 * 6) + (2 * 16))
2020.08.09-11.42.53,v1.04-5-g727ef31,55 , 116 , (20 2 16 14 6) , 5000 , none
2020.08.09-11.42.53,v1.04-5-g727ef31,56 , 116 , (20 2 16 14 6) , 5000 , none
2020.08.09-11.42.53,v1.04-5-g727ef31,57 , 116 , (20 2 16 14 6) , 635 , ((16 * 6) + 20)
2020.08.09-11.42.53,v1.04-5-g727ef31,58 , 116 , (20 2 16 14 6) , 82 , ((14 * 6) + (16 * 2))
2020.08.09-11.42.53,v1.04-5-g727ef31,59 , 116 , (20 2 16 14 6) , 228 , ((6 * 14) + (2 * 16))
2020.08.09-11.42.53,v1.04-5-g727ef31,60 , 116 , (20 2 16 14 6) , 377 , ((16 * 6) + 20)
2020.08.09-11.42.53,v1.04-5-g727ef31,61 , 116 , (20 2 16 14 6) , 796 , ((16 * 6) + 20)
2020.08.09-11.42.53,v1.04-5-g727ef31,62 , 116 , (20 2 16 14 6) , 2819 , ((6 * 14) + (2 * 16))
2020.08.09-11.42.53,v1.04-5-g727ef31,63 , 116 , (20 2 16 14 6) , 527 , ((6 * 14) + (2 * 16))
2020.08.09-11.42.53,v1.04-5-g727ef31,64 , 116 , (20 2 16 14 6) , 336 , ((6 * 16) + 20)
2020.08.09-11.42.53,v1.04-5-g727ef31,65 , 116 , (20 2 16 14 6) , 173 , ((6 * 14) + (2 * 16))
2020.08.09-11.42.53,v1.04-5-g727ef31,66 , 116 , (20 2 16 14 6) , 54 , ((6 * 16) + 20)
2020.08.09-11.42.53,v1.04-5-g727ef31,67 , 116 , (20 2 16 14 6) , 1638 , ((6 * 16) + 20)
2020.08.09-11.42.53,v1.04-5-g727ef31,68 , 116 , (20 2 16 14 6) , 2065 , ((6 * 16) + 20)
2020.08.09-11.42.53,v1.04-5-g727ef31,69 , 116 , (20 2 16 14 6) , 5000 , none
2020.08.09-11.42.53,v1.04-5-g727ef31,70 , 116 , (20 2 16 14 6) , 464 , ((16 * 6) + 20)
2020.08.09-11.42.53,v1.04-5-g727ef31,71 , 116 , (20 2 16 14 6) , 1318 , ((6 * 16) + 20)
2020.08.09-11.42.53,v1.04-5-g727ef31,72 , 116 , (20 2 16 14 6) , 693 , ((14 * 6) + (2 * 16))
2020.08.09-11.42.53,v1.04-5-g727ef31,73 , 116 , (20 2 16 14 6) , 1237 , ((6 * 16) + 20)
2020.08.09-11.42.53,v1.04-5-g727ef31,74 , 116 , (20 2 16 14 6) , 351 , ((6 * 16) + 20)
2020.08.09-11.42.53,v1.04-5-g727ef31,75 , 116 , (20 2 16 14 6) , 1911 , ((6 * 16) + 20)
2020.08.09-11.42.53,v1.04-5-g727ef31,76 , 116 , (20 2 16 14 6) , 5000 , none
2020.08.09-11.42.53,v1.04-5-g727ef31,77 , 116 , (20 2 16 14 6) , 1906 , ((14 * 6) + (16 * 2))
2020.08.09-11.42.53,v1.04-5-g727ef31,78 , 116 , (20 2 16 14 6) , 554 , ((6 * 16) + 20)
2020.08.09-11.42.53,v1.04-5-g727ef31,79 , 116 , (20 2 16 14 6) , 4386 , ((6 * 16) + 20)
2020.08.09-11.42.53,v1.04-5-g727ef31,80 , 116 , (20 2 16 14 6) , 74 , ((16 * 6) + 20)
2020.08.09-11.42.53,v1.04-5-g727ef31,81 , 116 , (20 2 16 14 6) , 938 , ((16 * 6) + 20)
2020.08.09-11.42.53,v1.04-5-g727ef31,82 , 116 , (20 2 16 14 6) , 385 , ((6 * 14) + (2 * 16))
2020.08.09-11.42.53,v1.04-5-g727ef31,83 , 116 , (20 2 16 14 6) , 274 , ((6 * 16) + 20)
2020.08.09-11.42.53,v1.04-5-g727ef31,84 , 116 , (20 2 16 14 6) , 1822 , ((6 * 14) + (16 * 2))
2020.08.09-11.42.53,v1.04-5-g727ef31,85 , 116 , (20 2 16 14 6) , 905 , ((6 * 16) + 20)
2020.08.09-11.42.53,v1.04-5-g727ef31,86 , 116 , (20 2 16 14 6) , 3819 , ((6 * 14) + (2 * 16))
2020.08.09-11.42.53,v1.04-5-g727ef31,87 , 116 , (20 2 16 14 6) , 1649 , ((6 * 16) + 20)
2020.08.09-11.42.53,v1.04-5-g727ef31,88 , 116 , (20 2 16 14 6) , 657 , ((14 * 6) + (2 * 16))
2020.08.09-11.42.53,v1.04-5-g727ef31,89 , 116 , (20 2 16 14 6) , 5000 , none
2020.08.09-11.42.53,v1.04-5-g727ef31,90 , 116 , (20 2 16 14 6) , 158 , ((6 * 14) + (2 * 16))
2020.08.09-11.42.53,v1.04-5-g727ef31,91 , 116 , (20 2 16 14 6) , 556 , ((6 * 16) + 20)
2020.08.09-11.42.53,v1.04-5-g727ef31,92 , 116 , (20 2 16 14 6) , 1334 , ((16 * 6) + 20)
2020.08.09-11.42.53,v1.04-5-g727ef31,93 , 116 , (20 2 16 14 6) , 5000 , none
2020.08.09-11.42.53,v1.04-5-g727ef31,94 , 116 , (20 2 16 14 6) , 81 , ((6 * 14) + (2 * 16))
2020.08.09-11.42.53,v1.04-5-g727ef31,95 , 116 , (20 2 16 14 6) , 1920 , ((16 * 6) + 20)
2020.08.09-11.42.53,v1.04-5-g727ef31,96 , 116 , (20 2 16 14 6) , 108 , ((6 * 14) + (2 * 16))
2020.08.09-11.42.53,v1.04-5-g727ef31,97 , 116 , (20 2 16 14 6) , 5000 , none
2020.08.09-11.42.53,v1.04-5-g727ef31,98 , 116 , (20 2 16 14 6) , 5000 , none
2020.08.09-11.42.53,v1.04-5-g727ef31,99 , 116 , (20 2 16 14 6) , 801 , ((6 * 16) + 20)
2020.08.09-11.42.53,v1.04-5-g727ef31,0 , 127 , (7 6 4 22 25) , 5000 , none
2020.08.09-11.42.53,v1.04-5-g727ef31,1 , 127 , (7 6 4 22 25) , 5000 , none
2020.08.09-11.42.53,v1.04-5-g727ef31,2 , 127 , (7 6 4 22 25) , 5000 , none
2020.08.09-11.42.53,v1.04-5-g727ef31,3 , 127 , (7 6 4 22 25) , 5000 , none
2020.08.09-11.42.53,v1.04-5-g727ef31,4 , 127 , (7 6 4 22 25) , 5000 , none
2020.08.09-11.42.53,v1.04-5-g727ef31,5 , 127 , (7 6 4 22 25) , 5000 , none
2020.08.09-11.42.53,v1.04-5-g727ef31,6 , 127 , (7 6 4 22 25) , 5000 , none
2020.08.09-11.42.53,v1.04-5-g727ef31,7 , 127 , (7 6 4 22 25) , 5000 , none
2020.08.09-11.42.53,v1.04-5-g727ef31,8 , 127 , (7 6 4 22 25) , 5000 , none
2020.08.09-11.42.53,v1.04-5-g727ef31,9 , 127 , (7 6 4 22 25) , 5000 , none
2020.08.09-11.42.53,v1.04-5-g727ef31,10 , 127 , (7 6 4 22 25) , 5000 , none
2020.08.09-11.42.53,v1.04-5-g727ef31,11 , 127 , (7 6 4 22 25) , 5000 , none
2020.08.09-11.42.53,v1.04-5-g727ef31,12 , 127 , (7 6 4 22 25) , 5000 , none
2020.08.09-11.42.53,v1.04-5-g727ef31,13 , 127 , (7 6 4 22 25) , 5000 , none
2020.08.09-11.42.53,v1.04-5-g727ef31,14 , 127 , (7 6 4 22 25) , 5000 , none
2020.08.09-11.42.53,v1.04-5-g727ef31,15 , 127 , (7 6 4 22 25) , 5000 , none
2020.08.09-11.42.53,v1.04-5-g727ef31,16 , 127 , (7 6 4 22 25) , 5000 , none
2020.08.09-11.42.53,v1.04-5-g727ef31,17 , 127 , (7 6 4 22 25) , 5000 , none
2020.08.09-11.42.53,v1.04-5-g727ef31,18 , 127 , (7 6 4 22 25) , 5000 , none
2020.08.09-11.42.53,v1.04-5-g727ef31,19 , 127 , (7 6 4 22 25) , 5000 , none
2020.08.09-11.42.53,v1.04-5-g727ef31,20 , 127 , (7 6 4 22 25) , 5000 , none
2020.08.09-11.42.53,v1.04-5-g727ef31,21 , 127 , (7 6 4 22 25) , 5000 , none
2020.08.09-11.42.53,v1.04-5-g727ef31,22 , 127 , (7 6 4 22 25) , 5000 , none
2020.08.09-11.42.53,v1.04-5-g727ef31,23 , 127 , (7 6 4 22 25) , 5000 , none
2020.08.09-11.42.53,v1.04-5-g727ef31,24 , 127 , (7 6 4 22 25) , 5000 , none
2020.08.09-11.42.53,v1.04-5-g727ef31,25 , 127 , (7 6 4 22 25) , 5000 , none
2020.08.09-11.42.53,v1.04-5-g727ef31,26 , 127 , (7 6 4 22 25) , 5000 , none
2020.08.09-11.42.53,v1.04-5-g727ef31,27 , 127 , (7 6 4 22 25) , 5000 , none
2020.08.09-11.42.53,v1.04-5-g727ef31,28 , 127 , (7 6 4 22 25) , 5000 , none
2020.08.09-11.42.53,v1.04-5-g727ef31,29 , 127 , (7 6 4 22 25) , 5000 , none
2020.08.09-11.42.53,v1.04-5-g727ef31,30 , 127 , (7 6 4 22 25) , 5000 , none
2020.08.09-11.42.53,v1.04-5-g727ef31,31 , 127 , (7 6 4 22 25) , 5000 , none
2020.08.09-11.42.53,v1.04-5-g727ef31,32 , 127 , (7 6 4 22 25) , 5000 , none
2020.08.09-11.42.53,v1.04-5-g727ef31,33 , 127 , (7 6 4 22 25) , 5000 , none
2020.08.09-11.42.53,v1.04-5-g727ef31,34 , 127 , (7 6 4 22 25) , 5000 , none
2020.08.09-11.42.53,v1.04-5-g727ef31,35 , 127 , (7 6 4 22 25) , 5000 , none
2020.08.09-11.42.53,v1.04-5-g727ef31,36 , 127 , (7 6 4 22 25) , 5000 , none
2020.08.09-11.42.53,v1.04-5-g727ef31,37 , 127 , (7 6 4 22 25) , 5000 , none
2020.08.09-11.42.53,v1.04-5-g727ef31,38 , 127 , (7 6 4 22 25) , 5000 , none
2020.08.09-11.42.53,v1.04-5-g727ef31,39 , 127 , (7 6 4 22 25) , 5000 , none
2020.08.09-11.42.53,v1.04-5-g727ef31,40 , 127 , (7 6 4 22 25) , 5000 , none
2020.08.09-11.42.53,v1.04-5-g727ef31,41 , 127 , (7 6 4 22 25) , 5000 , none
2020.08.09-11.42.53,v1.04-5-g727ef31,42 , 127 , (7 6 4 22 25) , 5000 , none
2020.08.09-11.42.53,v1.04-5-g727ef31,43 , 127 , (7 6 4 22 25) , 5000 , none
2020.08.09-11.42.53,v1.04-5-g727ef31,44 , 127 , (7 6 4 22 25) , 5000 , none
2020.08.09-11.42.53,v1.04-5-g727ef31,45 , 127 , (7 6 4 22 25) , 5000 , none
2020.08.09-11.42.53,v1.04-5-g727ef31,46 , 127 , (7 6 4 22 25) , 5000 , none
2020.08.09-11.42.53,v1.04-5-g727ef31,47 , 127 , (7 6 4 22 25) , 5000 , none
2020.08.09-11.42.53,v1.04-5-g727ef31,48 , 127 , (7 6 4 22 25) , 5000 , none
2020.08.09-11.42.53,v1.04-5-g727ef31,49 , 127 , (7 6 4 22 25) , 5000 , none
2020.08.09-11.42.53,v1.04-5-g727ef31,50 , 127 , (7 6 4 22 25) , 5000 , none
2020.08.09-11.42.53,v1.04-5-g727ef31,51 , 127 , (7 6 4 22 25) , 5000 , none
2020.08.09-11.42.53,v1.04-5-g727ef31,52 , 127 , (7 6 4 22 25) , 5000 , none
2020.08.09-11.42.53,v1.04-5-g727ef31,53 , 127 , (7 6 4 22 25) , 5000 , none
2020.08.09-11.42.53,v1.04-5-g727ef31,54 , 127 , (7 6 4 22 25) , 5000 , none
2020.08.09-11.42.53,v1.04-5-g727ef31,55 , 127 , (7 6 4 22 25) , 5000 , none
2020.08.09-11.42.53,v1.04-5-g727ef31,56 , 127 , (7 6 4 22 25) , 5000 , none
2020.08.09-11.42.53,v1.04-5-g727ef31,57 , 127 , (7 6 4 22 25) , 5000 , none
2020.08.09-11.42.53,v1.04-5-g727ef31,58 , 127 , (7 6 4 22 25) , 5000 , none
2020.08.09-11.42.53,v1.04-5-g727ef31,59 , 127 , (7 6 4 22 25) , 5000 , none
2020.08.09-11.42.53,v1.04-5-g727ef31,60 , 127 , (7 6 4 22 25) , 5000 , none
2020.08.09-11.42.53,v1.04-5-g727ef31,61 , 127 , (7 6 4 22 25) , 5000 , none
2020.08.09-11.42.53,v1.04-5-g727ef31,62 , 127 , (7 6 4 22 25) , 5000 , none
2020.08.09-11.42.53,v1.04-5-g727ef31,63 , 127 , (7 6 4 22 25) , 5000 , none
2020.08.09-11.42.53,v1.04-5-g727ef31,64 , 127 , (7 6 4 22 25) , 5000 , none
2020.08.09-11.42.53,v1.04-5-g727ef31,65 , 127 , (7 6 4 22 25) , 5000 , none
2020.08.09-11.42.53,v1.04-5-g727ef31,66 , 127 , (7 6 4 22 25) , 5000 , none
2020.08.09-11.42.53,v1.04-5-g727ef31,67 , 127 , (7 6 4 22 25) , 5000 , none
2020.08.09-11.42.53,v1.04-5-g727ef31,68 , 127 , (7 6 4 22 25) , 5000 , none
2020.08.09-11.42.53,v1.04-5-g727ef31,69 , 127 , (7 6 4 22 25) , 5000 , none
2020.08.09-11.42.53,v1.04-5-g727ef31,70 , 127 , (7 6 4 22 25) , 5000 , none
2020.08.09-11.42.53,v1.04-5-g727ef31,71 , 127 , (7 6 4 22 25) , 5000 , none
2020.08.09-11.42.53,v1.04-5-g727ef31,72 , 127 , (7 6 4 22 25) , 5000 , none
2020.08.09-11.42.53,v1.04-5-g727ef31,73 , 127 , (7 6 4 22 25) , 5000 , none
2020.08.09-11.42.53,v1.04-5-g727ef31,74 , 127 , (7 6 4 22 25) , 5000 , none
2020.08.09-11.42.53,v1.04-5-g727ef31,75 , 127 , (7 6 4 22 25) , 5000 , none
2020.08.09-11.42.53,v1.04-5-g727ef31,76 , 127 , (7 6 4 22 25) , 5000 , none
2020.08.09-11.42.53,v1.04-5-g727ef31,77 , 127 , (7 6 4 22 25) , 5000 , none
2020.08.09-11.42.53,v1.04-5-g727ef31,78 , 127 , (7 6 4 22 25) , 5000 , none
2020.08.09-11.42.53,v1.04-5-g727ef31,79 , 127 , (7 6 4 22 25) , 5000 , none
2020.08.09-11.42.53,v1.04-5-g727ef31,80 , 127 , (7 6 4 22 25) , 5000 , none
2020.08.09-11.42.53,v1.04-5-g727ef31,81 , 127 , (7 6 4 22 25) , 5000 , none
2020.08.09-11.42.53,v1.04-5-g727ef31,82 , 127 , (7 6 4 22 25) , 5000 , none
2020.08.09-11.42.53,v1.04-5-g727ef31,83 , 127 , (7 6 4 22 25) , 5000 , none
2020.08.09-11.42.53,v1.04-5-g727ef31,84 , 127 , (7 6 4 22 25) , 5000 , none
2020.08.09-11.42.53,v1.04-5-g727ef31,85 , 127 , (7 6 4 22 25) , 5000 , none
2020.08.09-11.42.53,v1.04-5-g727ef31,86 , 127 , (7 6 4 22 25) , 5000 , none
2020.08.09-11.42.53,v1.04-5-g727ef31,87 , 127 , (7 6 4 22 25) , 5000 , none
2020.08.09-11.42.53,v1.04-5-g727ef31,88 , 127 , (7 6 4 22 25) , 5000 , none
2020.08.09-11.42.53,v1.04-5-g727ef31,89 , 127 , (7 6 4 22 25) , 5000 , none
2020.08.09-11.42.53,v1.04-5-g727ef31,90 , 127 , (7 6 4 22 25) , 5000 , none
2020.08.09-11.42.53,v1.04-5-g727ef31,91 , 127 , (7 6 4 22 25) , 5000 , none
2020.08.09-11.42.53,v1.04-5-g727ef31,92 , 127 , (7 6 4 22 25) , 5000 , none
2020.08.09-11.42.53,v1.04-5-g727ef31,93 , 127 , (7 6 4 22 25) , 5000 , none
2020.08.09-11.42.53,v1.04-5-g727ef31,94 , 127 , (7 6 4 22 25) , 5000 , none
2020.08.09-11.42.53,v1.04-5-g727ef31,95 , 127 , (7 6 4 22 25) , 5000 , none
2020.08.09-11.42.53,v1.04-5-g727ef31,96 , 127 , (7 6 4 22 25) , 5000 , none
2020.08.09-11.42.53,v1.04-5-g727ef31,97 , 127 , (7 6 4 22 25) , 5000 , none
2020.08.09-11.42.53,v1.04-5-g727ef31,98 , 127 , (7 6 4 22 25) , 5000 , none
2020.08.09-11.42.53,v1.04-5-g727ef31,99 , 127 , (7 6 4 22 25) , 5000 , none
2020.08.09-11.42.53,v1.04-5-g727ef31,0 , 41 , (5 16 22 25 1) , 1257 , ((22 + 25) - (1 + 5))
2020.08.09-11.42.53,v1.04-5-g727ef31,1 , 41 , (5 16 22 25 1) , 2793 , (25 + 16)
2020.08.09-11.42.53,v1.04-5-g727ef31,2 , 41 , (5 16 22 25 1) , 1342 , (25 + 16)
2020.08.09-11.42.53,v1.04-5-g727ef31,3 , 41 , (5 16 22 25 1) , 138 , (25 + 16)
2020.08.09-11.42.53,v1.04-5-g727ef31,4 , 41 , (5 16 22 25 1) , 852 , ((22 + 25) - (1 + 5))
2020.08.09-11.42.53,v1.04-5-g727ef31,5 , 41 , (5 16 22 25 1) , 1696 , ((25 + 22) - (1 + 5))
2020.08.09-11.42.53,v1.04-5-g727ef31,6 , 41 , (5 16 22 25 1) , 223 , ((25 + 22) - (1 + 5))
2020.08.09-11.42.53,v1.04-5-g727ef31,7 , 41 , (5 16 22 25 1) , 437 , ((22 + 25) - (1 + 5))
2020.08.09-11.42.53,v1.04-5-g727ef31,8 , 41 , (5 16 22 25 1) , 427 , ((22 + 25) - (1 + 5))
2020.08.09-11.42.53,v1.04-5-g727ef31,9 , 41 , (5 16 22 25 1) , 547 , ((22 + 25) - (5 + 1))
2020.08.09-11.42.53,v1.04-5-g727ef31,10 , 41 , (5 16 22 25 1) , 1001 , ((25 + 22) - (5 + 1))
2020.08.09-11.42.53,v1.04-5-g727ef31,11 , 41 , (5 16 22 25 1) , 2076 , (16 + 25)
2020.08.09-11.42.53,v1.04-5-g727ef31,12 , 41 , (5 16 22 25 1) , 2217 , ((25 + 22) - (5 + 1))
2020.08.09-11.42.53,v1.04-5-g727ef31,13 , 41 , (5 16 22 25 1) , 1746 , (16 + 25)
2020.08.09-11.42.53,v1.04-5-g727ef31,14 , 41 , (5 16 22 25 1) , 181 , ((22 + 25) - (1 + 5))
2020.08.09-11.42.53,v1.04-5-g727ef31,15 , 41 , (5 16 22 25 1) , 74 , (16 + 25)
2020.08.09-11.42.53,v1.04-5-g727ef31,16 , 41 , (5 16 22 25 1) , 417 , ((22 + 25) - (1 + 5))
2020.08.09-11.42.53,v1.04-5-g727ef31,17 , 41 , (5 16 22 25 1) , 832 , (16 + 25)
2020.08.09-11.42.53,v1.04-5-g727ef31,18 , 41 , (5 16 22 25 1) , 45 , ((25 + 22) - (5 + 1))
2020.08.09-11.42.53,v1.04-5-g727ef31,19 , 41 , (5 16 22 25 1) , 373 , (16 + 25)
2020.08.09-11.42.53,v1.04-5-g727ef31,20 , 41 , (5 16 22 25 1) , 154 , (25 + 16)
2020.08.09-11.42.53,v1.04-5-g727ef31,21 , 41 , (5 16 22 25 1) , 95 , (16 + 25)
2020.08.09-11.42.53,v1.04-5-g727ef31,22 , 41 , (5 16 22 25 1) , 987 , ((25 + 22) - (1 + 5))
2020.08.09-11.42.53,v1.04-5-g727ef31,23 , 41 , (5 16 22 25 1) , 870 , (25 + 16)
2020.08.09-11.42.53,v1.04-5-g727ef31,24 , 41 , (5 16 22 25 1) , 2313 , (16 + 25)
2020.08.09-11.42.53,v1.04-5-g727ef31,25 , 41 , (5 16 22 25 1) , 1223 , ((22 + 25) - (1 + 5))
2020.08.09-11.42.53,v1.04-5-g727ef31,26 , 41 , (5 16 22 25 1) , 731 , ((22 + 25) - (5 + 1))
2020.08.09-11.42.53,v1.04-5-g727ef31,27 , 41 , (5 16 22 25 1) , 193 , (16 + 25)
2020.08.09-11.42.53,v1.04-5-g727ef31,28 , 41 , (5 16 22 25 1) , 875 , (16 + 25)
2020.08.09-11.42.53,v1.04-5-g727ef31,29 , 41 , (5 16 22 25 1) , 1122 , (16 + 25)
2020.08.09-11.42.53,v1.04-5-g727ef31,30 , 41 , (5 16 22 25 1) , 1800 , (16 + 25)
2020.08.09-11.42.53,v1.04-5-g727ef31,31 , 41 , (5 16 22 25 1) , 472 , (16 + 25)
2020.08.09-11.42.53,v1.04-5-g727ef31,32 , 41 , (5 16 22 25 1) , 1341 , ((25 + 22) - (1 + 5))
2020.08.09-11.42.53,v1.04-5-g727ef31,33 , 41 , (5 16 22 25 1) , 387 , (16 + 25)
2020.08.09-11.42.53,v1.04-5-g727ef31,34 , 41 , (5 16 22 25 1) , 2014 , (25 + 16)
2020.08.09-11.42.53,v1.04-5-g727ef31,35 , 41 , (5 16 22 25 1) , 255 , (25 + 16)
2020.08.09-11.42.53,v1.04-5-g727ef31,36 , 41 , (5 16 22 25 1) , 1453 , (16 + 25)
2020.08.09-11.42.53,v1.04-5-g727ef31,37 , 41 , (5 16 22 25 1) , 134 , (16 + 25)
2020.08.09-11.42.53,v1.04-5-g727ef31,38 , 41 , (5 16 22 25 1) , 955 , ((22 + 25) - (1 + 5))
2020.08.09-11.42.53,v1.04-5-g727ef31,39 , 41 , (5 16 22 25 1) , 176 , (16 + 25)
2020.08.09-11.42.53,v1.04-5-g727ef31,40 , 41 , (5 16 22 25 1) , 1448 , (16 + 25)
2020.08.09-11.42.53,v1.04-5-g727ef31,41 , 41 , (5 16 22 25 1) , 96 , (16 + 25)
2020.08.09-11.42.53,v1.04-5-g727ef31,42 , 41 , (5 16 22 25 1) , 1811 , ((25 + 22) - (1 + 5))
2020.08.09-11.42.53,v1.04-5-g727ef31,43 , 41 , (5 16 22 25 1) , 612 , ((25 + 22) - (1 + 5))
2020.08.09-11.42.53,v1.04-5-g727ef31,44 , 41 , (5 16 22 25 1) , 1773 , (25 + 16)
2020.08.09-11.42.53,v1.04-5-g727ef31,45 , 41 , (5 16 22 25 1) , 342 , (16 + 25)
2020.08.09-11.42.53,v1.04-5-g727ef31,46 , 41 , (5 16 22 25 1) , 338 , ((22 + 25) - (5 + 1))
2020.08.09-11.42.53,v1.04-5-g727ef31,47 , 41 , (5 16 22 25 1) , 459 , (25 + 16)
2020.08.09-11.42.53,v1.04-5-g727ef31,48 , 41 , (5 16 22 25 1) , 2008 , ((25 + 22) - (1 + 5))
2020.08.09-11.42.53,v1.04-5-g727ef31,49 , 41 , (5 16 22 25 1) , 489 , (25 + 16)
2020.08.09-11.42.53,v1.04-5-g727ef31,50 , 41 , (5 16 22 25 1) , 389 , ((22 + 25) - (1 + 5))
2020.08.09-11.42.53,v1.04-5-g727ef31,51 , 41 , (5 16 22 25 1) , 3216 , (25 + 16)
2020.08.09-11.42.53,v1.04-5-g727ef31,52 , 41 , (5 16 22 25 1) , 785 , (16 + 25)
2020.08.09-11.42.53,v1.04-5-g727ef31,53 , 41 , (5 16 22 25 1) , 977 , ((22 + 25) - (5 + 1))
2020.08.09-11.42.53,v1.04-5-g727ef31,54 , 41 , (5 16 22 25 1) , 1418 , (25 + 16)
2020.08.09-11.42.53,v1.04-5-g727ef31,55 , 41 , (5 16 22 25 1) , 1282 , ((22 + 25) - (1 + 5))
2020.08.09-11.42.53,v1.04-5-g727ef31,56 , 41 , (5 16 22 25 1) , 1198 , ((22 + 25) - (1 + 5))
2020.08.09-11.42.53,v1.04-5-g727ef31,57 , 41 , (5 16 22 25 1) , 5000 , none
2020.08.09-11.42.53,v1.04-5-g727ef31,58 , 41 , (5 16 22 25 1) , 673 , (16 + 25)
2020.08.09-11.42.53,v1.04-5-g727ef31,59 , 41 , (5 16 22 25 1) , 1158 , ((22 + 25) - (1 + 5))
2020.08.09-11.42.53,v1.04-5-g727ef31,60 , 41 , (5 16 22 25 1) , 1004 , (16 + 25)
2020.08.09-11.42.53,v1.04-5-g727ef31,61 , 41 , (5 16 22 25 1) , 817 , (25 + 16)
2020.08.09-11.42.53,v1.04-5-g727ef31,62 , 41 , (5 16 22 25 1) , 381 , (25 + 16)
2020.08.09-11.42.53,v1.04-5-g727ef31,63 , 41 , (5 16 22 25 1) , 874 , (25 + 16)
2020.08.09-11.42.53,v1.04-5-g727ef31,64 , 41 , (5 16 22 25 1) , 1661 , ((22 + 25) - (5 + 1))
2020.08.09-11.42.53,v1.04-5-g727ef31,65 , 41 , (5 16 22 25 1) , 1191 , (16 + 25)
2020.08.09-11.42.53,v1.04-5-g727ef31,66 , 41 , (5 16 22 25 1) , 345 , (16 + 25)
2020.08.09-11.42.53,v1.04-5-g727ef31,67 , 41 , (5 16 22 25 1) , 26 , (16 + 25)
2020.08.09-11.42.53,v1.04-5-g727ef31,68 , 41 , (5 16 22 25 1) , 1066 , ((22 + 25) - (1 + 5))
2020.08.09-11.42.53,v1.04-5-g727ef31,69 , 41 , (5 16 22 25 1) , 714 , ((25 + 22) - (1 + 5))
2020.08.09-11.42.53,v1.04-5-g727ef31,70 , 41 , (5 16 22 25 1) , 247 , ((25 + 22) - (5 + 1))
2020.08.09-11.42.53,v1.04-5-g727ef31,71 , 41 , (5 16 22 25 1) , 883 , (16 + 25)
2020.08.09-11.42.53,v1.04-5-g727ef31,72 , 41 , (5 16 22 25 1) , 3385 , (25 + 16)
2020.08.09-11.42.53,v1.04-5-g727ef31,73 , 41 , (5 16 22 25 1) , 1440 , (16 + 25)
2020.08.09-11.42.53,v1.04-5-g727ef31,74 , 41 , (5 16 22 25 1) , 1080 , (25 + 16)
2020.08.09-11.42.53,v1.04-5-g727ef31,75 , 41 , (5 16 22 25 1) , 1947 , (25 + 16)
2020.08.09-11.42.53,v1.04-5-g727ef31,76 , 41 , (5 16 22 25 1) , 315 , (25 + 16)
2020.08.09-11.42.53,v1.04-5-g727ef31,77 , 41 , (5 16 22 25 1) , 4525 , ((22 + 25) - (1 + 5))
2020.08.09-11.42.53,v1.04-5-g727ef31,78 , 41 , (5 16 22 25 1) , 711 , (25 + 16)
2020.08.09-11.42.53,v1.04-5-g727ef31,79 , 41 , (5 16 22 25 1) , 214 , (25 + 16)
2020.08.09-11.42.53,v1.04-5-g727ef31,80 , 41 , (5 16 22 25 1) , 798 , (16 + 25)
2020.08.09-11.42.53,v1.04-5-g727ef31,81 , 41 , (5 16 22 25 1) , 1193 , (16 + 25)
2020.08.09-11.42.53,v1.04-5-g727ef31,82 , 41 , (5 16 22 25 1) , 2332 , (25 + 16)
2020.08.09-11.42.53,v1.04-5-g727ef31,83 , 41 , (5 16 22 25 1) , 702 , (25 + 16)
2020.08.09-11.42.53,v1.04-5-g727ef31,84 , 41 , (5 16 22 25 1) , 3369 , ((25 + 22) - (1 + 5))
2020.08.09-11.42.53,v1.04-5-g727ef31,85 , 41 , (5 16 22 25 1) , 1680 , (25 + 16)
2020.08.09-11.42.53,v1.04-5-g727ef31,86 , 41 , (5 16 22 25 1) , 1444 , (16 + 25)
2020.08.09-11.42.53,v1.04-5-g727ef31,87 , 41 , (5 16 22 25 1) , 159 , (25 + 16)
2020.08.09-11.42.53,v1.04-5-g727ef31,88 , 41 , (5 16 22 25 1) , 1025 , (16 + 25)
2020.08.09-11.42.53,v1.04-5-g727ef31,89 , 41 , (5 16 22 25 1) , 477 , (16 + 25)
2020.08.09-11.42.53,v1.04-5-g727ef31,90 , 41 , (5 16 22 25 1) , 1962 , (25 + 16)
2020.08.09-11.42.53,v1.04-5-g727ef31,91 , 41 , (5 16 22 25 1) , 28 , (25 + 16)
2020.08.09-11.42.53,v1.04-5-g727ef31,92 , 41 , (5 16 22 25 1) , 1514 , (16 + 25)
2020.08.09-11.42.53,v1.04-5-g727ef31,93 , 41 , (5 16 22 25 1) , 879 , (16 + 25)
2020.08.09-11.42.53,v1.04-5-g727ef31,94 , 41 , (5 16 22 25 1) , 446 , ((22 + 25) - (1 + 5))
2020.08.09-11.42.53,v1.04-5-g727ef31,95 , 41 , (5 16 22 25 1) , 1895 , (16 + 25)
2020.08.09-11.42.53,v1.04-5-g727ef31,96 , 41 , (5 16 22 25 1) , 1926 , (25 + 16)
2020.08.09-11.42.53,v1.04-5-g727ef31,97 , 41 , (5 16 22 25 1) , 882 , ((25 + 22) - (1 + 5))
2020.08.09-11.42.53,v1.04-5-g727ef31,98 , 41 , (5 16 22 25 1) , 594 , ((25 + 22) - (1 + 5))
2020.08.09-11.42.53,v1.04-5-g727ef31,99 , 41 , (5 16 22 25 1) , 440 , ((22 + 25) - (1 + 5))
