2020.08.18-21.06.21,v1.05-4-g34a40bf,0 , 114 , (11 20 7 1 6) , 4779 , ((6 * 20) - (7 - 1))
2020.08.18-21.06.21,v1.05-4-g34a40bf,1 , 114 , (11 20 7 1 6) , 1153 , ((20 * 6) - (7 - 1))
2020.08.18-21.06.21,v1.05-4-g34a40bf,2 , 114 , (11 20 7 1 6) , 989 , ((20 * 6) - (7 - 1))
2020.08.18-21.06.21,v1.05-4-g34a40bf,3 , 114 , (11 20 7 1 6) , 1507 , ((6 * 20) - (7 - 1))
2020.08.18-21.06.21,v1.05-4-g34a40bf,4 , 114 , (11 20 7 1 6) , 5000 , none
2020.08.18-21.06.21,v1.05-4-g34a40bf,5 , 114 , (11 20 7 1 6) , 221 , ((6 * 20) - (7 - 1))
2020.08.18-21.06.21,v1.05-4-g34a40bf,6 , 114 , (11 20 7 1 6) , 1812 , ((6 * 20) - (7 - 1))
2020.08.18-21.06.21,v1.05-4-g34a40bf,7 , 114 , (11 20 7 1 6) , 732 , ((6 * 20) - (7 - 1))
2020.08.18-21.06.21,v1.05-4-g34a40bf,8 , 114 , (11 20 7 1 6) , 1176 , ((6 * 20) - (7 - 1))
2020.08.18-21.06.21,v1.05-4-g34a40bf,9 , 114 , (11 20 7 1 6) , 707 , ((6 * 20) - (7 - 1))
2020.08.18-21.06.21,v1.05-4-g34a40bf,10 , 114 , (11 20 7 1 6) , 852 , ((20 * 6) - (7 - 1))
2020.08.18-21.06.21,v1.05-4-g34a40bf,11 , 114 , (11 20 7 1 6) , 1531 , ((20 * 6) - (7 - 1))
2020.08.18-21.06.21,v1.05-4-g34a40bf,12 , 114 , (11 20 7 1 6) , 269 , ((20 * 6) - (7 - 1))
2020.08.18-21.06.21,v1.05-4-g34a40bf,13 , 114 , (11 20 7 1 6) , 4369 , ((6 * 20) - (7 - 1))
2020.08.18-21.06.21,v1.05-4-g34a40bf,14 , 114 , (11 20 7 1 6) , 1734 , ((6 * 20) - (7 - 1))
2020.08.18-21.06.21,v1.05-4-g34a40bf,15 , 114 , (11 20 7 1 6) , 1194 , ((6 * 20) - (7 - 1))
2020.08.18-21.06.21,v1.05-4-g34a40bf,16 , 114 , (11 20 7 1 6) , 1039 , ((6 * 20) - (7 - 1))
2020.08.18-21.06.21,v1.05-4-g34a40bf,17 , 114 , (11 20 7 1 6) , 979 , ((6 * 20) - (7 - 1))
2020.08.18-21.06.21,v1.05-4-g34a40bf,18 , 114 , (11 20 7 1 6) , 3767 , ((6 * 20) - (7 - 1))
2020.08.18-21.06.21,v1.05-4-g34a40bf,19 , 114 , (11 20 7 1 6) , 4169 , ((6 * 20) - (7 - 1))
2020.08.18-21.06.21,v1.05-4-g34a40bf,20 , 114 , (11 20 7 1 6) , 4104 , ((6 * 20) - (7 - 1))
2020.08.18-21.06.21,v1.05-4-g34a40bf,21 , 114 , (11 20 7 1 6) , 690 , ((6 * 20) - (7 - 1))
2020.08.18-21.06.21,v1.05-4-g34a40bf,22 , 114 , (11 20 7 1 6) , 2595 , ((6 * 20) - (7 - 1))
2020.08.18-21.06.21,v1.05-4-g34a40bf,23 , 114 , (11 20 7 1 6) , 2786 , ((6 * 20) - (7 - 1))
2020.08.18-21.06.21,v1.05-4-g34a40bf,24 , 114 , (11 20 7 1 6) , 1164 , ((6 * 20) - (7 - 1))
2020.08.18-21.06.21,v1.05-4-g34a40bf,25 , 114 , (11 20 7 1 6) , 1998 , ((6 * 20) - (7 - 1))
2020.08.18-21.06.21,v1.05-4-g34a40bf,26 , 114 , (11 20 7 1 6) , 1353 , ((6 * 20) - (7 - 1))
2020.08.18-21.06.21,v1.05-4-g34a40bf,27 , 114 , (11 20 7 1 6) , 1464 , ((6 * 20) - (7 - 1))
2020.08.18-21.06.21,v1.05-4-g34a40bf,28 , 114 , (11 20 7 1 6) , 1059 , ((20 * 6) - (7 - 1))
2020.08.18-21.06.21,v1.05-4-g34a40bf,29 , 114 , (11 20 7 1 6) , 3488 , ((6 * 20) - (7 - 1))
2020.08.18-21.06.21,v1.05-4-g34a40bf,30 , 114 , (11 20 7 1 6) , 1182 , ((6 * 20) - (7 - 1))
2020.08.18-21.06.21,v1.05-4-g34a40bf,31 , 114 , (11 20 7 1 6) , 5000 , none
2020.08.18-21.06.21,v1.05-4-g34a40bf,32 , 114 , (11 20 7 1 6) , 5000 , none
2020.08.18-21.06.21,v1.05-4-g34a40bf,33 , 114 , (11 20 7 1 6) , 217 , ((6 * 20) - (7 - 1))
2020.08.18-21.06.21,v1.05-4-g34a40bf,34 , 114 , (11 20 7 1 6) , 3356 , ((6 * 20) - (7 - 1))
2020.08.18-21.06.21,v1.05-4-g34a40bf,35 , 114 , (11 20 7 1 6) , 1559 , ((6 * 20) - (7 - 1))
2020.08.18-21.06.21,v1.05-4-g34a40bf,36 , 114 , (11 20 7 1 6) , 1019 , ((6 * 20) - (7 - 1))
2020.08.18-21.06.21,v1.05-4-g34a40bf,37 , 114 , (11 20 7 1 6) , 1306 , ((20 * 6) - (7 - 1))
2020.08.18-21.06.21,v1.05-4-g34a40bf,38 , 114 , (11 20 7 1 6) , 129 , ((6 * 20) - (7 - 1))
2020.08.18-21.06.21,v1.05-4-g34a40bf,39 , 114 , (11 20 7 1 6) , 4883 , ((6 * 20) - (7 - 1))
2020.08.18-21.06.21,v1.05-4-g34a40bf,40 , 114 , (11 20 7 1 6) , 1296 , ((6 * 20) - (7 - 1))
2020.08.18-21.06.21,v1.05-4-g34a40bf,41 , 114 , (11 20 7 1 6) , 577 , ((20 * 6) - (7 - 1))
2020.08.18-21.06.21,v1.05-4-g34a40bf,42 , 114 , (11 20 7 1 6) , 2587 , ((6 * 20) - (7 - 1))
2020.08.18-21.06.21,v1.05-4-g34a40bf,43 , 114 , (11 20 7 1 6) , 534 , ((20 * 6) - (7 - 1))
2020.08.18-21.06.21,v1.05-4-g34a40bf,44 , 114 , (11 20 7 1 6) , 5000 , none
2020.08.18-21.06.21,v1.05-4-g34a40bf,45 , 114 , (11 20 7 1 6) , 1764 , ((20 * 6) - (7 - 1))
2020.08.18-21.06.21,v1.05-4-g34a40bf,46 , 114 , (11 20 7 1 6) , 5000 , none
2020.08.18-21.06.21,v1.05-4-g34a40bf,47 , 114 , (11 20 7 1 6) , 1397 , ((6 * 20) - (7 - 1))
2020.08.18-21.06.21,v1.05-4-g34a40bf,48 , 114 , (11 20 7 1 6) , 1116 , ((6 * 20) - (7 - 1))
2020.08.18-21.06.21,v1.05-4-g34a40bf,49 , 114 , (11 20 7 1 6) , 1933 , ((6 * 20) - (7 - 1))
2020.08.18-21.06.21,v1.05-4-g34a40bf,50 , 114 , (11 20 7 1 6) , 442 , ((6 * 20) - (7 - 1))
2020.08.18-21.06.21,v1.05-4-g34a40bf,51 , 114 , (11 20 7 1 6) , 1896 , ((6 * 20) - (7 - 1))
2020.08.18-21.06.21,v1.05-4-g34a40bf,52 , 114 , (11 20 7 1 6) , 569 , ((6 * 20) - (7 - 1))
2020.08.18-21.06.21,v1.05-4-g34a40bf,53 , 114 , (11 20 7 1 6) , 2263 , ((6 * 20) - (7 - 1))
2020.08.18-21.06.21,v1.05-4-g34a40bf,54 , 114 , (11 20 7 1 6) , 2741 , ((6 * 20) - (7 - 1))
2020.08.18-21.06.21,v1.05-4-g34a40bf,55 , 114 , (11 20 7 1 6) , 2353 , ((6 * 20) - (7 - 1))
2020.08.18-21.06.21,v1.05-4-g34a40bf,56 , 114 , (11 20 7 1 6) , 921 , ((6 * 20) - (7 - 1))
2020.08.18-21.06.21,v1.05-4-g34a40bf,57 , 114 , (11 20 7 1 6) , 197 , ((6 * 20) - (7 - 1))
2020.08.18-21.06.21,v1.05-4-g34a40bf,58 , 114 , (11 20 7 1 6) , 5000 , none
2020.08.18-21.06.21,v1.05-4-g34a40bf,59 , 114 , (11 20 7 1 6) , 3521 , ((6 * 20) - (7 - 1))
2020.08.18-21.06.21,v1.05-4-g34a40bf,60 , 114 , (11 20 7 1 6) , 385 , ((6 * 20) - (7 - 1))
2020.08.18-21.06.21,v1.05-4-g34a40bf,61 , 114 , (11 20 7 1 6) , 130 , ((6 * 20) - (7 - 1))
2020.08.18-21.06.21,v1.05-4-g34a40bf,62 , 114 , (11 20 7 1 6) , 121 , ((6 * 20) - (7 - 1))
2020.08.18-21.06.21,v1.05-4-g34a40bf,63 , 114 , (11 20 7 1 6) , 3917 , ((6 * 20) - (7 - 1))
2020.08.18-21.06.21,v1.05-4-g34a40bf,64 , 114 , (11 20 7 1 6) , 2436 , ((6 * 20) - (7 - 1))
2020.08.18-21.06.21,v1.05-4-g34a40bf,65 , 114 , (11 20 7 1 6) , 5000 , none
2020.08.18-21.06.21,v1.05-4-g34a40bf,66 , 114 , (11 20 7 1 6) , 4684 , ((6 * 20) - (7 - 1))
2020.08.18-21.06.21,v1.05-4-g34a40bf,67 , 114 , (11 20 7 1 6) , 5000 , none
2020.08.18-21.06.21,v1.05-4-g34a40bf,68 , 114 , (11 20 7 1 6) , 1880 , ((6 * 20) - (7 - 1))
2020.08.18-21.06.21,v1.05-4-g34a40bf,69 , 114 , (11 20 7 1 6) , 5000 , none
2020.08.18-21.06.21,v1.05-4-g34a40bf,70 , 114 , (11 20 7 1 6) , 941 , ((6 * 20) - (7 - 1))
2020.08.18-21.06.21,v1.05-4-g34a40bf,71 , 114 , (11 20 7 1 6) , 91 , ((6 * 20) - (7 - 1))
2020.08.18-21.06.21,v1.05-4-g34a40bf,72 , 114 , (11 20 7 1 6) , 547 , ((20 * 6) - (7 - 1))
2020.08.18-21.06.21,v1.05-4-g34a40bf,73 , 114 , (11 20 7 1 6) , 1675 , ((6 * 20) - (7 - 1))
2020.08.18-21.06.21,v1.05-4-g34a40bf,74 , 114 , (11 20 7 1 6) , 788 , ((6 * 20) - (7 - 1))
2020.08.18-21.06.21,v1.05-4-g34a40bf,75 , 114 , (11 20 7 1 6) , 1769 , ((6 * 20) - (7 - 1))
2020.08.18-21.06.21,v1.05-4-g34a40bf,76 , 114 , (11 20 7 1 6) , 1889 , ((6 * 20) - (7 - 1))
2020.08.18-21.06.21,v1.05-4-g34a40bf,77 , 114 , (11 20 7 1 6) , 2201 , ((6 * 20) - (7 - 1))
2020.08.18-21.06.21,v1.05-4-g34a40bf,78 , 114 , (11 20 7 1 6) , 2393 , ((6 * 20) - (7 - 1))
2020.08.18-21.06.21,v1.05-4-g34a40bf,79 , 114 , (11 20 7 1 6) , 89 , ((6 * 20) - (7 - 1))
2020.08.18-21.06.21,v1.05-4-g34a40bf,80 , 114 , (11 20 7 1 6) , 959 , ((6 * 20) - (7 - 1))
2020.08.18-21.06.21,v1.05-4-g34a40bf,81 , 114 , (11 20 7 1 6) , 1667 , ((6 * 20) - (7 - 1))
2020.08.18-21.06.21,v1.05-4-g34a40bf,82 , 114 , (11 20 7 1 6) , 5000 , none
2020.08.18-21.06.21,v1.05-4-g34a40bf,83 , 114 , (11 20 7 1 6) , 812 , ((6 * 20) - (7 - 1))
2020.08.18-21.06.21,v1.05-4-g34a40bf,84 , 114 , (11 20 7 1 6) , 4679 , ((6 * 20) - (7 - 1))
2020.08.18-21.06.21,v1.05-4-g34a40bf,85 , 114 , (11 20 7 1 6) , 1871 , ((6 * 20) - (7 - 1))
2020.08.18-21.06.21,v1.05-4-g34a40bf,86 , 114 , (11 20 7 1 6) , 412 , ((6 * 20) - (7 - 1))
2020.08.18-21.06.21,v1.05-4-g34a40bf,87 , 114 , (11 20 7 1 6) , 131 , ((6 * 20) - (7 - 1))
2020.08.18-21.06.21,v1.05-4-g34a40bf,88 , 114 , (11 20 7 1 6) , 1019 , ((6 * 20) - (7 - 1))
2020.08.18-21.06.21,v1.05-4-g34a40bf,89 , 114 , (11 20 7 1 6) , 1354 , ((20 * 6) - (7 - 1))
2020.08.18-21.06.21,v1.05-4-g34a40bf,90 , 114 , (11 20 7 1 6) , 484 , ((6 * 20) - (7 - 1))
2020.08.18-21.06.21,v1.05-4-g34a40bf,91 , 114 , (11 20 7 1 6) , 1290 , ((6 * 20) - (7 - 1))
2020.08.18-21.06.21,v1.05-4-g34a40bf,92 , 114 , (11 20 7 1 6) , 834 , ((6 * 20) - (7 - 1))
2020.08.18-21.06.21,v1.05-4-g34a40bf,93 , 114 , (11 20 7 1 6) , 1727 , ((6 * 20) - (7 - 1))
2020.08.18-21.06.21,v1.05-4-g34a40bf,94 , 114 , (11 20 7 1 6) , 2639 , ((20 * 6) - (7 - 1))
2020.08.18-21.06.21,v1.05-4-g34a40bf,95 , 114 , (11 20 7 1 6) , 2437 , ((6 * 20) - (7 - 1))
2020.08.18-21.06.21,v1.05-4-g34a40bf,96 , 114 , (11 20 7 1 6) , 3359 , ((6 * 20) - (7 - 1))
2020.08.18-21.06.21,v1.05-4-g34a40bf,97 , 114 , (11 20 7 1 6) , 4716 , ((6 * 20) - (7 - 1))
2020.08.18-21.06.21,v1.05-4-g34a40bf,98 , 114 , (11 20 7 1 6) , 79 , ((6 * 20) - (7 - 1))
2020.08.18-21.06.21,v1.05-4-g34a40bf,99 , 114 , (11 20 7 1 6) , 3888 , ((6 * 20) - (7 - 1))
2020.08.18-21.06.21,v1.05-4-g34a40bf,0 , 87 , (8 3 9 10 7) , 142 , ((9 * 10) - 3)
2020.08.18-21.06.21,v1.05-4-g34a40bf,1 , 87 , (8 3 9 10 7) , 373 , ((9 * 10) - 3)
2020.08.18-21.06.21,v1.05-4-g34a40bf,2 , 87 , (8 3 9 10 7) , 62 , ((9 * 10) - 3)
2020.08.18-21.06.21,v1.05-4-g34a40bf,3 , 87 , (8 3 9 10 7) , 187 , ((9 * 10) - 3)
2020.08.18-21.06.21,v1.05-4-g34a40bf,4 , 87 , (8 3 9 10 7) , 175 , ((9 * 10) - 3)
2020.08.18-21.06.21,v1.05-4-g34a40bf,5 , 87 , (8 3 9 10 7) , 133 , ((9 * 10) - 3)
2020.08.18-21.06.21,v1.05-4-g34a40bf,6 , 87 , (8 3 9 10 7) , 100 , ((9 * 10) - 3)
2020.08.18-21.06.21,v1.05-4-g34a40bf,7 , 87 , (8 3 9 10 7) , 107 , ((8 * 10) + 7)
2020.08.18-21.06.21,v1.05-4-g34a40bf,8 , 87 , (8 3 9 10 7) , 1578 , ((9 * 10) - 3)
2020.08.18-21.06.21,v1.05-4-g34a40bf,9 , 87 , (8 3 9 10 7) , 49 , ((9 * 10) - 3)
2020.08.18-21.06.21,v1.05-4-g34a40bf,10 , 87 , (8 3 9 10 7) , 92 , ((9 * 10) - 3)
2020.08.18-21.06.21,v1.05-4-g34a40bf,11 , 87 , (8 3 9 10 7) , 76 , ((9 * 10) - 3)
2020.08.18-21.06.21,v1.05-4-g34a40bf,12 , 87 , (8 3 9 10 7) , 294 , ((10 * 9) - 3)
2020.08.18-21.06.21,v1.05-4-g34a40bf,13 , 87 , (8 3 9 10 7) , 139 , ((10 * 9) - 3)
2020.08.18-21.06.21,v1.05-4-g34a40bf,14 , 87 , (8 3 9 10 7) , 196 , ((9 * 10) - 3)
2020.08.18-21.06.21,v1.05-4-g34a40bf,15 , 87 , (8 3 9 10 7) , 228 , ((9 * 10) - 3)
2020.08.18-21.06.21,v1.05-4-g34a40bf,16 , 87 , (8 3 9 10 7) , 34 , ((9 * 10) - 3)
2020.08.18-21.06.21,v1.05-4-g34a40bf,17 , 87 , (8 3 9 10 7) , 650 , ((9 * 10) - 3)
2020.08.18-21.06.21,v1.05-4-g34a40bf,18 , 87 , (8 3 9 10 7) , 292 , ((8 * 10) + 7)
2020.08.18-21.06.21,v1.05-4-g34a40bf,19 , 87 , (8 3 9 10 7) , 453 , ((9 * 10) - 3)
2020.08.18-21.06.21,v1.05-4-g34a40bf,20 , 87 , (8 3 9 10 7) , 297 , ((10 * 9) - 3)
2020.08.18-21.06.21,v1.05-4-g34a40bf,21 , 87 , (8 3 9 10 7) , 430 , ((10 * 8) + 7)
2020.08.18-21.06.21,v1.05-4-g34a40bf,22 , 87 , (8 3 9 10 7) , 143 , ((9 * 10) - 3)
2020.08.18-21.06.21,v1.05-4-g34a40bf,23 , 87 , (8 3 9 10 7) , 74 , ((8 * 10) + 7)
2020.08.18-21.06.21,v1.05-4-g34a40bf,24 , 87 , (8 3 9 10 7) , 306 , ((8 * 10) + 7)
2020.08.18-21.06.21,v1.05-4-g34a40bf,25 , 87 , (8 3 9 10 7) , 154 , ((9 * 10) - 3)
2020.08.18-21.06.21,v1.05-4-g34a40bf,26 , 87 , (8 3 9 10 7) , 498 , ((9 * 10) - 3)
2020.08.18-21.06.21,v1.05-4-g34a40bf,27 , 87 , (8 3 9 10 7) , 311 , ((8 * 10) + 7)
2020.08.18-21.06.21,v1.05-4-g34a40bf,28 , 87 , (8 3 9 10 7) , 265 , ((9 * 10) - 3)
2020.08.18-21.06.21,v1.05-4-g34a40bf,29 , 87 , (8 3 9 10 7) , 222 , ((9 * 10) - 3)
2020.08.18-21.06.21,v1.05-4-g34a40bf,30 , 87 , (8 3 9 10 7) , 192 , ((9 * 10) - 3)
2020.08.18-21.06.21,v1.05-4-g34a40bf,31 , 87 , (8 3 9 10 7) , 531 , ((10 * 9) - 3)
2020.08.18-21.06.21,v1.05-4-g34a40bf,32 , 87 , (8 3 9 10 7) , 397 , ((9 * 10) - 3)
2020.08.18-21.06.21,v1.05-4-g34a40bf,33 , 87 , (8 3 9 10 7) , 534 , ((10 * 8) + 7)
2020.08.18-21.06.21,v1.05-4-g34a40bf,34 , 87 , (8 3 9 10 7) , 889 , ((9 * 10) - 3)
2020.08.18-21.06.21,v1.05-4-g34a40bf,35 , 87 , (8 3 9 10 7) , 420 , ((9 * 10) - 3)
2020.08.18-21.06.21,v1.05-4-g34a40bf,36 , 87 , (8 3 9 10 7) , 149 , ((8 * 10) + 7)
2020.08.18-21.06.21,v1.05-4-g34a40bf,37 , 87 , (8 3 9 10 7) , 646 , ((9 * 10) - 3)
2020.08.18-21.06.21,v1.05-4-g34a40bf,38 , 87 , (8 3 9 10 7) , 156 , ((9 * 10) - 3)
2020.08.18-21.06.21,v1.05-4-g34a40bf,39 , 87 , (8 3 9 10 7) , 121 , ((9 * 10) - 3)
2020.08.18-21.06.21,v1.05-4-g34a40bf,40 , 87 , (8 3 9 10 7) , 136 , ((9 * 10) - 3)
2020.08.18-21.06.21,v1.05-4-g34a40bf,41 , 87 , (8 3 9 10 7) , 198 , ((10 * 9) - 3)
2020.08.18-21.06.21,v1.05-4-g34a40bf,42 , 87 , (8 3 9 10 7) , 272 , ((9 * 10) - 3)
2020.08.18-21.06.21,v1.05-4-g34a40bf,43 , 87 , (8 3 9 10 7) , 132 , ((9 * 10) - 3)
2020.08.18-21.06.21,v1.05-4-g34a40bf,44 , 87 , (8 3 9 10 7) , 598 , ((8 * 10) + 7)
2020.08.18-21.06.21,v1.05-4-g34a40bf,45 , 87 , (8 3 9 10 7) , 259 , ((9 * 10) - 3)
2020.08.18-21.06.21,v1.05-4-g34a40bf,46 , 87 , (8 3 9 10 7) , 129 , ((9 * 10) - 3)
2020.08.18-21.06.21,v1.05-4-g34a40bf,47 , 87 , (8 3 9 10 7) , 33 , ((9 * 10) - 3)
2020.08.18-21.06.21,v1.05-4-g34a40bf,48 , 87 , (8 3 9 10 7) , 290 , ((9 * 10) - 3)
2020.08.18-21.06.21,v1.05-4-g34a40bf,49 , 87 , (8 3 9 10 7) , 926 , ((9 * 10) - 3)
2020.08.18-21.06.21,v1.05-4-g34a40bf,50 , 87 , (8 3 9 10 7) , 324 , ((10 * 9) - 3)
2020.08.18-21.06.21,v1.05-4-g34a40bf,51 , 87 , (8 3 9 10 7) , 41 , ((10 * 9) - 3)
2020.08.18-21.06.21,v1.05-4-g34a40bf,52 , 87 , (8 3 9 10 7) , 107 , ((9 * 10) - 3)
2020.08.18-21.06.21,v1.05-4-g34a40bf,53 , 87 , (8 3 9 10 7) , 157 , ((8 * 10) + 7)
2020.08.18-21.06.21,v1.05-4-g34a40bf,54 , 87 , (8 3 9 10 7) , 115 , ((9 * 10) - 3)
2020.08.18-21.06.21,v1.05-4-g34a40bf,55 , 87 , (8 3 9 10 7) , 630 , ((8 * 10) + 7)
2020.08.18-21.06.21,v1.05-4-g34a40bf,56 , 87 , (8 3 9 10 7) , 96 , ((8 * 10) + 7)
2020.08.18-21.06.21,v1.05-4-g34a40bf,57 , 87 , (8 3 9 10 7) , 100 , ((9 * 10) - 3)
2020.08.18-21.06.21,v1.05-4-g34a40bf,58 , 87 , (8 3 9 10 7) , 110 , ((9 * 10) - 3)
2020.08.18-21.06.21,v1.05-4-g34a40bf,59 , 87 , (8 3 9 10 7) , 368 , ((9 * 10) - 3)
2020.08.18-21.06.21,v1.05-4-g34a40bf,60 , 87 , (8 3 9 10 7) , 288 , ((9 * 10) - 3)
2020.08.18-21.06.21,v1.05-4-g34a40bf,61 , 87 , (8 3 9 10 7) , 77 , ((9 * 10) - 3)
2020.08.18-21.06.21,v1.05-4-g34a40bf,62 , 87 , (8 3 9 10 7) , 168 , ((10 * 9) - 3)
2020.08.18-21.06.21,v1.05-4-g34a40bf,63 , 87 , (8 3 9 10 7) , 353 , ((10 * 9) - 3)
2020.08.18-21.06.21,v1.05-4-g34a40bf,64 , 87 , (8 3 9 10 7) , 305 , ((10 * 9) - 3)
2020.08.18-21.06.21,v1.05-4-g34a40bf,65 , 87 , (8 3 9 10 7) , 227 , ((9 * 10) - 3)
2020.08.18-21.06.21,v1.05-4-g34a40bf,66 , 87 , (8 3 9 10 7) , 501 , ((9 * 10) - 3)
2020.08.18-21.06.21,v1.05-4-g34a40bf,67 , 87 , (8 3 9 10 7) , 273 , ((9 * 10) - 3)
2020.08.18-21.06.21,v1.05-4-g34a40bf,68 , 87 , (8 3 9 10 7) , 452 , ((9 * 10) - 3)
2020.08.18-21.06.21,v1.05-4-g34a40bf,69 , 87 , (8 3 9 10 7) , 119 , ((9 * 10) - 3)
2020.08.18-21.06.21,v1.05-4-g34a40bf,70 , 87 , (8 3 9 10 7) , 648 , ((9 * 10) - 3)
2020.08.18-21.06.21,v1.05-4-g34a40bf,71 , 87 , (8 3 9 10 7) , 388 , ((9 * 10) - 3)
2020.08.18-21.06.21,v1.05-4-g34a40bf,72 , 87 , (8 3 9 10 7) , 332 , ((9 * 10) - 3)
2020.08.18-21.06.21,v1.05-4-g34a40bf,73 , 87 , (8 3 9 10 7) , 1104 , ((9 * 10) - 3)
2020.08.18-21.06.21,v1.05-4-g34a40bf,74 , 87 , (8 3 9 10 7) , 45 , ((9 * 10) - 3)
2020.08.18-21.06.21,v1.05-4-g34a40bf,75 , 87 , (8 3 9 10 7) , 532 , ((9 * 10) - 3)
2020.08.18-21.06.21,v1.05-4-g34a40bf,76 , 87 , (8 3 9 10 7) , 147 , ((9 * 10) - 3)
2020.08.18-21.06.21,v1.05-4-g34a40bf,77 , 87 , (8 3 9 10 7) , 69 , ((9 * 10) - 3)
2020.08.18-21.06.21,v1.05-4-g34a40bf,78 , 87 , (8 3 9 10 7) , 42 , ((10 * 9) - 3)
2020.08.18-21.06.21,v1.05-4-g34a40bf,79 , 87 , (8 3 9 10 7) , 51 , ((8 * 10) + 7)
2020.08.18-21.06.21,v1.05-4-g34a40bf,80 , 87 , (8 3 9 10 7) , 387 , ((9 * 10) - 3)
2020.08.18-21.06.21,v1.05-4-g34a40bf,81 , 87 , (8 3 9 10 7) , 144 , ((9 * 10) - 3)
2020.08.18-21.06.21,v1.05-4-g34a40bf,82 , 87 , (8 3 9 10 7) , 1338 , ((9 * 10) - 3)
2020.08.18-21.06.21,v1.05-4-g34a40bf,83 , 87 , (8 3 9 10 7) , 904 , ((8 * 10) + 7)
2020.08.18-21.06.21,v1.05-4-g34a40bf,84 , 87 , (8 3 9 10 7) , 484 , ((9 * 10) - 3)
2020.08.18-21.06.21,v1.05-4-g34a40bf,85 , 87 , (8 3 9 10 7) , 159 , ((9 * 10) - 3)
2020.08.18-21.06.21,v1.05-4-g34a40bf,86 , 87 , (8 3 9 10 7) , 294 , ((9 * 10) - 3)
2020.08.18-21.06.21,v1.05-4-g34a40bf,87 , 87 , (8 3 9 10 7) , 367 , ((9 * 10) - 3)
2020.08.18-21.06.21,v1.05-4-g34a40bf,88 , 87 , (8 3 9 10 7) , 132 , ((9 * 10) - 3)
2020.08.18-21.06.21,v1.05-4-g34a40bf,89 , 87 , (8 3 9 10 7) , 52 , ((9 * 10) - 3)
2020.08.18-21.06.21,v1.05-4-g34a40bf,90 , 87 , (8 3 9 10 7) , 505 , ((9 * 10) - 3)
2020.08.18-21.06.21,v1.05-4-g34a40bf,91 , 87 , (8 3 9 10 7) , 181 , ((9 * 10) - 3)
2020.08.18-21.06.21,v1.05-4-g34a40bf,92 , 87 , (8 3 9 10 7) , 68 , ((9 * 10) - 3)
2020.08.18-21.06.21,v1.05-4-g34a40bf,93 , 87 , (8 3 9 10 7) , 46 , ((9 * 10) - 3)
2020.08.18-21.06.21,v1.05-4-g34a40bf,94 , 87 , (8 3 9 10 7) , 677 , ((9 * 10) - 3)
2020.08.18-21.06.21,v1.05-4-g34a40bf,95 , 87 , (8 3 9 10 7) , 83 , ((9 * 10) - 3)
2020.08.18-21.06.21,v1.05-4-g34a40bf,96 , 87 , (8 3 9 10 7) , 520 , ((9 * 10) - 3)
2020.08.18-21.06.21,v1.05-4-g34a40bf,97 , 87 , (8 3 9 10 7) , 99 , ((9 * 10) - 3)
2020.08.18-21.06.21,v1.05-4-g34a40bf,98 , 87 , (8 3 9 10 7) , 105 , ((9 * 10) - 3)
2020.08.18-21.06.21,v1.05-4-g34a40bf,99 , 87 , (8 3 9 10 7) , 50 , ((9 * 10) - 3)
2020.08.18-21.06.21,v1.05-4-g34a40bf,0 , 31 , (3 5 24 3 14) , 5000 , none
2020.08.18-21.06.21,v1.05-4-g34a40bf,1 , 31 , (3 5 24 3 14) , 5000 , none
2020.08.18-21.06.21,v1.05-4-g34a40bf,2 , 31 , (3 5 24 3 14) , 5000 , none
2020.08.18-21.06.21,v1.05-4-g34a40bf,3 , 31 , (3 5 24 3 14) , 5000 , none
2020.08.18-21.06.21,v1.05-4-g34a40bf,4 , 31 , (3 5 24 3 14) , 5000 , none
2020.08.18-21.06.21,v1.05-4-g34a40bf,5 , 31 , (3 5 24 3 14) , 5000 , none
2020.08.18-21.06.21,v1.05-4-g34a40bf,6 , 31 , (3 5 24 3 14) , 5000 , none
2020.08.18-21.06.21,v1.05-4-g34a40bf,7 , 31 , (3 5 24 3 14) , 5000 , none
2020.08.18-21.06.21,v1.05-4-g34a40bf,8 , 31 , (3 5 24 3 14) , 5000 , none
2020.08.18-21.06.21,v1.05-4-g34a40bf,9 , 31 , (3 5 24 3 14) , 5000 , none
2020.08.18-21.06.21,v1.05-4-g34a40bf,10 , 31 , (3 5 24 3 14) , 5000 , none
2020.08.18-21.06.21,v1.05-4-g34a40bf,11 , 31 , (3 5 24 3 14) , 5000 , none
2020.08.18-21.06.21,v1.05-4-g34a40bf,12 , 31 , (3 5 24 3 14) , 5000 , none
2020.08.18-21.06.21,v1.05-4-g34a40bf,13 , 31 , (3 5 24 3 14) , 5000 , none
2020.08.18-21.06.21,v1.05-4-g34a40bf,14 , 31 , (3 5 24 3 14) , 5000 , none
2020.08.18-21.06.21,v1.05-4-g34a40bf,15 , 31 , (3 5 24 3 14) , 5000 , none
2020.08.18-21.06.21,v1.05-4-g34a40bf,16 , 31 , (3 5 24 3 14) , 5000 , none
2020.08.18-21.06.21,v1.05-4-g34a40bf,17 , 31 , (3 5 24 3 14) , 5000 , none
2020.08.18-21.06.21,v1.05-4-g34a40bf,18 , 31 , (3 5 24 3 14) , 5000 , none
2020.08.18-21.06.21,v1.05-4-g34a40bf,19 , 31 , (3 5 24 3 14) , 5000 , none
2020.08.18-21.06.21,v1.05-4-g34a40bf,20 , 31 , (3 5 24 3 14) , 5000 , none
2020.08.18-21.06.21,v1.05-4-g34a40bf,21 , 31 , (3 5 24 3 14) , 5000 , none
2020.08.18-21.06.21,v1.05-4-g34a40bf,22 , 31 , (3 5 24 3 14) , 5000 , none
2020.08.18-21.06.21,v1.05-4-g34a40bf,23 , 31 , (3 5 24 3 14) , 5000 , none
2020.08.18-21.06.21,v1.05-4-g34a40bf,24 , 31 , (3 5 24 3 14) , 5000 , none
2020.08.18-21.06.21,v1.05-4-g34a40bf,25 , 31 , (3 5 24 3 14) , 5000 , none
2020.08.18-21.06.21,v1.05-4-g34a40bf,26 , 31 , (3 5 24 3 14) , 5000 , none
2020.08.18-21.06.21,v1.05-4-g34a40bf,27 , 31 , (3 5 24 3 14) , 5000 , none
2020.08.18-21.06.21,v1.05-4-g34a40bf,28 , 31 , (3 5 24 3 14) , 5000 , none
2020.08.18-21.06.21,v1.05-4-g34a40bf,29 , 31 , (3 5 24 3 14) , 5000 , none
2020.08.18-21.06.21,v1.05-4-g34a40bf,30 , 31 , (3 5 24 3 14) , 5000 , none
2020.08.18-21.06.21,v1.05-4-g34a40bf,31 , 31 , (3 5 24 3 14) , 5000 , none
2020.08.18-21.06.21,v1.05-4-g34a40bf,32 , 31 , (3 5 24 3 14) , 5000 , none
2020.08.18-21.06.21,v1.05-4-g34a40bf,33 , 31 , (3 5 24 3 14) , 5000 , none
2020.08.18-21.06.21,v1.05-4-g34a40bf,34 , 31 , (3 5 24 3 14) , 5000 , none
2020.08.18-21.06.21,v1.05-4-g34a40bf,35 , 31 , (3 5 24 3 14) , 5000 , none
2020.08.18-21.06.21,v1.05-4-g34a40bf,36 , 31 , (3 5 24 3 14) , 5000 , none
2020.08.18-21.06.21,v1.05-4-g34a40bf,37 , 31 , (3 5 24 3 14) , 5000 , none
2020.08.18-21.06.21,v1.05-4-g34a40bf,38 , 31 , (3 5 24 3 14) , 5000 , none
2020.08.18-21.06.21,v1.05-4-g34a40bf,39 , 31 , (3 5 24 3 14) , 5000 , none
2020.08.18-21.06.21,v1.05-4-g34a40bf,40 , 31 , (3 5 24 3 14) , 5000 , none
2020.08.18-21.06.21,v1.05-4-g34a40bf,41 , 31 , (3 5 24 3 14) , 5000 , none
2020.08.18-21.06.21,v1.05-4-g34a40bf,42 , 31 , (3 5 24 3 14) , 5000 , none
2020.08.18-21.06.21,v1.05-4-g34a40bf,43 , 31 , (3 5 24 3 14) , 5000 , none
2020.08.18-21.06.21,v1.05-4-g34a40bf,44 , 31 , (3 5 24 3 14) , 5000 , none
2020.08.18-21.06.21,v1.05-4-g34a40bf,45 , 31 , (3 5 24 3 14) , 5000 , none
2020.08.18-21.06.21,v1.05-4-g34a40bf,46 , 31 , (3 5 24 3 14) , 5000 , none
2020.08.18-21.06.21,v1.05-4-g34a40bf,47 , 31 , (3 5 24 3 14) , 5000 , none
2020.08.18-21.06.21,v1.05-4-g34a40bf,48 , 31 , (3 5 24 3 14) , 5000 , none
2020.08.18-21.06.21,v1.05-4-g34a40bf,49 , 31 , (3 5 24 3 14) , 5000 , none
2020.08.18-21.06.21,v1.05-4-g34a40bf,50 , 31 , (3 5 24 3 14) , 5000 , none
2020.08.18-21.06.21,v1.05-4-g34a40bf,51 , 31 , (3 5 24 3 14) , 5000 , none
2020.08.18-21.06.21,v1.05-4-g34a40bf,52 , 31 , (3 5 24 3 14) , 5000 , none
2020.08.18-21.06.21,v1.05-4-g34a40bf,53 , 31 , (3 5 24 3 14) , 5000 , none
2020.08.18-21.06.21,v1.05-4-g34a40bf,54 , 31 , (3 5 24 3 14) , 5000 , none
2020.08.18-21.06.21,v1.05-4-g34a40bf,55 , 31 , (3 5 24 3 14) , 5000 , none
2020.08.18-21.06.21,v1.05-4-g34a40bf,56 , 31 , (3 5 24 3 14) , 5000 , none
2020.08.18-21.06.21,v1.05-4-g34a40bf,57 , 31 , (3 5 24 3 14) , 5000 , none
2020.08.18-21.06.21,v1.05-4-g34a40bf,58 , 31 , (3 5 24 3 14) , 5000 , none
2020.08.18-21.06.21,v1.05-4-g34a40bf,59 , 31 , (3 5 24 3 14) , 5000 , none
2020.08.18-21.06.21,v1.05-4-g34a40bf,60 , 31 , (3 5 24 3 14) , 5000 , none
2020.08.18-21.06.21,v1.05-4-g34a40bf,61 , 31 , (3 5 24 3 14) , 5000 , none
2020.08.18-21.06.21,v1.05-4-g34a40bf,62 , 31 , (3 5 24 3 14) , 5000 , none
2020.08.18-21.06.21,v1.05-4-g34a40bf,63 , 31 , (3 5 24 3 14) , 5000 , none
2020.08.18-21.06.21,v1.05-4-g34a40bf,64 , 31 , (3 5 24 3 14) , 5000 , none
2020.08.18-21.06.21,v1.05-4-g34a40bf,65 , 31 , (3 5 24 3 14) , 5000 , none
2020.08.18-21.06.21,v1.05-4-g34a40bf,66 , 31 , (3 5 24 3 14) , 5000 , none
2020.08.18-21.06.21,v1.05-4-g34a40bf,67 , 31 , (3 5 24 3 14) , 5000 , none
2020.08.18-21.06.21,v1.05-4-g34a40bf,68 , 31 , (3 5 24 3 14) , 5000 , none
2020.08.18-21.06.21,v1.05-4-g34a40bf,69 , 31 , (3 5 24 3 14) , 5000 , none
2020.08.18-21.06.21,v1.05-4-g34a40bf,70 , 31 , (3 5 24 3 14) , 5000 , none
2020.08.18-21.06.21,v1.05-4-g34a40bf,71 , 31 , (3 5 24 3 14) , 5000 , none
2020.08.18-21.06.21,v1.05-4-g34a40bf,72 , 31 , (3 5 24 3 14) , 5000 , none
2020.08.18-21.06.21,v1.05-4-g34a40bf,73 , 31 , (3 5 24 3 14) , 5000 , none
2020.08.18-21.06.21,v1.05-4-g34a40bf,74 , 31 , (3 5 24 3 14) , 5000 , none
2020.08.18-21.06.21,v1.05-4-g34a40bf,75 , 31 , (3 5 24 3 14) , 5000 , none
2020.08.18-21.06.21,v1.05-4-g34a40bf,76 , 31 , (3 5 24 3 14) , 5000 , none
2020.08.18-21.06.21,v1.05-4-g34a40bf,77 , 31 , (3 5 24 3 14) , 5000 , none
2020.08.18-21.06.21,v1.05-4-g34a40bf,78 , 31 , (3 5 24 3 14) , 5000 , none
2020.08.18-21.06.21,v1.05-4-g34a40bf,79 , 31 , (3 5 24 3 14) , 5000 , none
2020.08.18-21.06.21,v1.05-4-g34a40bf,80 , 31 , (3 5 24 3 14) , 5000 , none
2020.08.18-21.06.21,v1.05-4-g34a40bf,81 , 31 , (3 5 24 3 14) , 5000 , none
2020.08.18-21.06.21,v1.05-4-g34a40bf,82 , 31 , (3 5 24 3 14) , 5000 , none
2020.08.18-21.06.21,v1.05-4-g34a40bf,83 , 31 , (3 5 24 3 14) , 5000 , none
2020.08.18-21.06.21,v1.05-4-g34a40bf,84 , 31 , (3 5 24 3 14) , 5000 , none
2020.08.18-21.06.21,v1.05-4-g34a40bf,85 , 31 , (3 5 24 3 14) , 5000 , none
2020.08.18-21.06.21,v1.05-4-g34a40bf,86 , 31 , (3 5 24 3 14) , 5000 , none
2020.08.18-21.06.21,v1.05-4-g34a40bf,87 , 31 , (3 5 24 3 14) , 5000 , none
2020.08.18-21.06.21,v1.05-4-g34a40bf,88 , 31 , (3 5 24 3 14) , 5000 , none
2020.08.18-21.06.21,v1.05-4-g34a40bf,89 , 31 , (3 5 24 3 14) , 5000 , none
2020.08.18-21.06.21,v1.05-4-g34a40bf,90 , 31 , (3 5 24 3 14) , 5000 , none
2020.08.18-21.06.21,v1.05-4-g34a40bf,91 , 31 , (3 5 24 3 14) , 5000 , none
2020.08.18-21.06.21,v1.05-4-g34a40bf,92 , 31 , (3 5 24 3 14) , 5000 , none
2020.08.18-21.06.21,v1.05-4-g34a40bf,93 , 31 , (3 5 24 3 14) , 5000 , none
2020.08.18-21.06.21,v1.05-4-g34a40bf,94 , 31 , (3 5 24 3 14) , 5000 , none
2020.08.18-21.06.21,v1.05-4-g34a40bf,95 , 31 , (3 5 24 3 14) , 5000 , none
2020.08.18-21.06.21,v1.05-4-g34a40bf,96 , 31 , (3 5 24 3 14) , 5000 , none
2020.08.18-21.06.21,v1.05-4-g34a40bf,97 , 31 , (3 5 24 3 14) , 5000 , none
2020.08.18-21.06.21,v1.05-4-g34a40bf,98 , 31 , (3 5 24 3 14) , 5000 , none
2020.08.18-21.06.21,v1.05-4-g34a40bf,99 , 31 , (3 5 24 3 14) , 5000 , none
2020.08.18-21.06.21,v1.05-4-g34a40bf,0 , 25 , (8 5 5 11 2) , 225 , (5 * 5)
2020.08.18-21.06.21,v1.05-4-g34a40bf,1 , 25 , (8 5 5 11 2) , 321 , (5 * 5)
2020.08.18-21.06.21,v1.05-4-g34a40bf,2 , 25 , (8 5 5 11 2) , 153 , (5 * 5)
2020.08.18-21.06.21,v1.05-4-g34a40bf,3 , 25 , (8 5 5 11 2) , 334 , (5 * 5)
2020.08.18-21.06.21,v1.05-4-g34a40bf,4 , 25 , (8 5 5 11 2) , 95 , (5 * 5)
2020.08.18-21.06.21,v1.05-4-g34a40bf,5 , 25 , (8 5 5 11 2) , 147 , (5 * 5)
2020.08.18-21.06.21,v1.05-4-g34a40bf,6 , 25 , (8 5 5 11 2) , 129 , (5 * 5)
2020.08.18-21.06.21,v1.05-4-g34a40bf,7 , 25 , (8 5 5 11 2) , 28 , (5 * 5)
2020.08.18-21.06.21,v1.05-4-g34a40bf,8 , 25 , (8 5 5 11 2) , 67 , (5 * 5)
2020.08.18-21.06.21,v1.05-4-g34a40bf,9 , 25 , (8 5 5 11 2) , 489 , (5 * 5)
2020.08.18-21.06.21,v1.05-4-g34a40bf,10 , 25 , (8 5 5 11 2) , 291 , (5 * 5)
2020.08.18-21.06.21,v1.05-4-g34a40bf,11 , 25 , (8 5 5 11 2) , 405 , (5 * 5)
2020.08.18-21.06.21,v1.05-4-g34a40bf,12 , 25 , (8 5 5 11 2) , 30 , (5 * 5)
2020.08.18-21.06.21,v1.05-4-g34a40bf,13 , 25 , (8 5 5 11 2) , 52 , (5 * 5)
2020.08.18-21.06.21,v1.05-4-g34a40bf,14 , 25 , (8 5 5 11 2) , 502 , (5 * 5)
2020.08.18-21.06.21,v1.05-4-g34a40bf,15 , 25 , (8 5 5 11 2) , 555 , (5 * 5)
2020.08.18-21.06.21,v1.05-4-g34a40bf,16 , 25 , (8 5 5 11 2) , 18 , (5 * 5)
2020.08.18-21.06.21,v1.05-4-g34a40bf,17 , 25 , (8 5 5 11 2) , 69 , (5 * 5)
2020.08.18-21.06.21,v1.05-4-g34a40bf,18 , 25 , (8 5 5 11 2) , 45 , (5 * 5)
2020.08.18-21.06.21,v1.05-4-g34a40bf,19 , 25 , (8 5 5 11 2) , 46 , (5 * 5)
2020.08.18-21.06.21,v1.05-4-g34a40bf,20 , 25 , (8 5 5 11 2) , 105 , (5 * 5)
2020.08.18-21.06.21,v1.05-4-g34a40bf,21 , 25 , (8 5 5 11 2) , 215 , (5 * 5)
2020.08.18-21.06.21,v1.05-4-g34a40bf,22 , 25 , (8 5 5 11 2) , 75 , (5 * 5)
2020.08.18-21.06.21,v1.05-4-g34a40bf,23 , 25 , (8 5 5 11 2) , 17 , (5 * 5)
2020.08.18-21.06.21,v1.05-4-g34a40bf,24 , 25 , (8 5 5 11 2) , 225 , (5 * 5)
2020.08.18-21.06.21,v1.05-4-g34a40bf,25 , 25 , (8 5 5 11 2) , 195 , (5 * 5)
2020.08.18-21.06.21,v1.05-4-g34a40bf,26 , 25 , (8 5 5 11 2) , 125 , (5 * 5)
2020.08.18-21.06.21,v1.05-4-g34a40bf,27 , 25 , (8 5 5 11 2) , 25 , (5 * 5)
2020.08.18-21.06.21,v1.05-4-g34a40bf,28 , 25 , (8 5 5 11 2) , 114 , ((11 * 2) + (8 - 5))
2020.08.18-21.06.21,v1.05-4-g34a40bf,29 , 25 , (8 5 5 11 2) , 147 , (5 * 5)
2020.08.18-21.06.21,v1.05-4-g34a40bf,30 , 25 , (8 5 5 11 2) , 201 , (5 * 5)
2020.08.18-21.06.21,v1.05-4-g34a40bf,31 , 25 , (8 5 5 11 2) , 99 , (5 * 5)
2020.08.18-21.06.21,v1.05-4-g34a40bf,32 , 25 , (8 5 5 11 2) , 21 , (5 * 5)
2020.08.18-21.06.21,v1.05-4-g34a40bf,33 , 25 , (8 5 5 11 2) , 147 , (5 * 5)
2020.08.18-21.06.21,v1.05-4-g34a40bf,34 , 25 , (8 5 5 11 2) , 215 , (5 * 5)
2020.08.18-21.06.21,v1.05-4-g34a40bf,35 , 25 , (8 5 5 11 2) , 20 , (5 * 5)
2020.08.18-21.06.21,v1.05-4-g34a40bf,36 , 25 , (8 5 5 11 2) , 106 , (5 * 5)
2020.08.18-21.06.21,v1.05-4-g34a40bf,37 , 25 , (8 5 5 11 2) , 177 , (5 * 5)
2020.08.18-21.06.21,v1.05-4-g34a40bf,38 , 25 , (8 5 5 11 2) , 471 , (5 * 5)
2020.08.18-21.06.21,v1.05-4-g34a40bf,39 , 25 , (8 5 5 11 2) , 75 , (5 * 5)
2020.08.18-21.06.21,v1.05-4-g34a40bf,40 , 25 , (8 5 5 11 2) , 1077 , (5 * 5)
2020.08.18-21.06.21,v1.05-4-g34a40bf,41 , 25 , (8 5 5 11 2) , 21 , (5 * 5)
2020.08.18-21.06.21,v1.05-4-g34a40bf,42 , 25 , (8 5 5 11 2) , 107 , (5 * 5)
2020.08.18-21.06.21,v1.05-4-g34a40bf,43 , 25 , (8 5 5 11 2) , 345 , (5 * 5)
2020.08.18-21.06.21,v1.05-4-g34a40bf,44 , 25 , (8 5 5 11 2) , 196 , (5 * 5)
2020.08.18-21.06.21,v1.05-4-g34a40bf,45 , 25 , (8 5 5 11 2) , 232 , (5 * 5)
2020.08.18-21.06.21,v1.05-4-g34a40bf,46 , 25 , (8 5 5 11 2) , 729 , (5 * 5)
2020.08.18-21.06.21,v1.05-4-g34a40bf,47 , 25 , (8 5 5 11 2) , 249 , (5 * 5)
2020.08.18-21.06.21,v1.05-4-g34a40bf,48 , 25 , (8 5 5 11 2) , 171 , (5 * 5)
2020.08.18-21.06.21,v1.05-4-g34a40bf,49 , 25 , (8 5 5 11 2) , 255 , (5 * 5)
2020.08.18-21.06.21,v1.05-4-g34a40bf,50 , 25 , (8 5 5 11 2) , 26 , (5 * 5)
2020.08.18-21.06.21,v1.05-4-g34a40bf,51 , 25 , (8 5 5 11 2) , 27 , (5 * 5)
2020.08.18-21.06.21,v1.05-4-g34a40bf,52 , 25 , (8 5 5 11 2) , 617 , ((2 * 11) + (8 - 5))
2020.08.18-21.06.21,v1.05-4-g34a40bf,53 , 25 , (8 5 5 11 2) , 142 , (5 * 5)
2020.08.18-21.06.21,v1.05-4-g34a40bf,54 , 25 , (8 5 5 11 2) , 69 , (5 * 5)
2020.08.18-21.06.21,v1.05-4-g34a40bf,55 , 25 , (8 5 5 11 2) , 272 , (5 * 5)
2020.08.18-21.06.21,v1.05-4-g34a40bf,56 , 25 , (8 5 5 11 2) , 87 , (5 * 5)
2020.08.18-21.06.21,v1.05-4-g34a40bf,57 , 25 , (8 5 5 11 2) , 279 , (5 * 5)
2020.08.18-21.06.21,v1.05-4-g34a40bf,58 , 25 , (8 5 5 11 2) , 171 , (5 * 5)
2020.08.18-21.06.21,v1.05-4-g34a40bf,59 , 25 , (8 5 5 11 2) , 57 , (5 * 5)
2020.08.18-21.06.21,v1.05-4-g34a40bf,60 , 25 , (8 5 5 11 2) , 604 , (5 * 5)
2020.08.18-21.06.21,v1.05-4-g34a40bf,61 , 25 , (8 5 5 11 2) , 411 , (5 * 5)
2020.08.18-21.06.21,v1.05-4-g34a40bf,62 , 25 , (8 5 5 11 2) , 27 , (5 * 5)
2020.08.18-21.06.21,v1.05-4-g34a40bf,63 , 25 , (8 5 5 11 2) , 419 , (5 * 5)
2020.08.18-21.06.21,v1.05-4-g34a40bf,64 , 25 , (8 5 5 11 2) , 94 , (5 * 5)
2020.08.18-21.06.21,v1.05-4-g34a40bf,65 , 25 , (8 5 5 11 2) , 119 , (5 * 5)
2020.08.18-21.06.21,v1.05-4-g34a40bf,66 , 25 , (8 5 5 11 2) , 124 , (5 * 5)
2020.08.18-21.06.21,v1.05-4-g34a40bf,67 , 25 , (8 5 5 11 2) , 609 , (5 * 5)
2020.08.18-21.06.21,v1.05-4-g34a40bf,68 , 25 , (8 5 5 11 2) , 369 , (5 * 5)
2020.08.18-21.06.21,v1.05-4-g34a40bf,69 , 25 , (8 5 5 11 2) , 34 , (5 * 5)
2020.08.18-21.06.21,v1.05-4-g34a40bf,70 , 25 , (8 5 5 11 2) , 124 , (5 * 5)
2020.08.18-21.06.21,v1.05-4-g34a40bf,71 , 25 , (8 5 5 11 2) , 52 , (5 * 5)
2020.08.18-21.06.21,v1.05-4-g34a40bf,72 , 25 , (8 5 5 11 2) , 165 , (5 * 5)
2020.08.18-21.06.21,v1.05-4-g34a40bf,73 , 25 , (8 5 5 11 2) , 279 , (5 * 5)
2020.08.18-21.06.21,v1.05-4-g34a40bf,74 , 25 , (8 5 5 11 2) , 845 , (5 * 5)
2020.08.18-21.06.21,v1.05-4-g34a40bf,75 , 25 , (8 5 5 11 2) , 501 , (5 * 5)
2020.08.18-21.06.21,v1.05-4-g34a40bf,76 , 25 , (8 5 5 11 2) , 345 , (5 * 5)
2020.08.18-21.06.21,v1.05-4-g34a40bf,77 , 25 , (8 5 5 11 2) , 291 , (5 * 5)
2020.08.18-21.06.21,v1.05-4-g34a40bf,78 , 25 , (8 5 5 11 2) , 143 , (5 * 5)
2020.08.18-21.06.21,v1.05-4-g34a40bf,79 , 25 , (8 5 5 11 2) , 93 , (5 * 5)
2020.08.18-21.06.21,v1.05-4-g34a40bf,80 , 25 , (8 5 5 11 2) , 315 , (5 * 5)
2020.08.18-21.06.21,v1.05-4-g34a40bf,81 , 25 , (8 5 5 11 2) , 173 , (5 * 5)
2020.08.18-21.06.21,v1.05-4-g34a40bf,82 , 25 , (8 5 5 11 2) , 244 , (5 * 5)
2020.08.18-21.06.21,v1.05-4-g34a40bf,83 , 25 , (8 5 5 11 2) , 189 , (5 * 5)
2020.08.18-21.06.21,v1.05-4-g34a40bf,84 , 25 , (8 5 5 11 2) , 207 , (5 * 5)
2020.08.18-21.06.21,v1.05-4-g34a40bf,85 , 25 , (8 5 5 11 2) , 34 , (5 * 5)
2020.08.18-21.06.21,v1.05-4-g34a40bf,86 , 25 , (8 5 5 11 2) , 99 , (5 * 5)
2020.08.18-21.06.21,v1.05-4-g34a40bf,87 , 25 , (8 5 5 11 2) , 207 , (5 * 5)
2020.08.18-21.06.21,v1.05-4-g34a40bf,88 , 25 , (8 5 5 11 2) , 64 , (5 * 5)
2020.08.18-21.06.21,v1.05-4-g34a40bf,89 , 25 , (8 5 5 11 2) , 195 , (5 * 5)
2020.08.18-21.06.21,v1.05-4-g34a40bf,90 , 25 , (8 5 5 11 2) , 120 , (5 * 5)
2020.08.18-21.06.21,v1.05-4-g34a40bf,91 , 25 , (8 5 5 11 2) , 165 , (5 * 5)
2020.08.18-21.06.21,v1.05-4-g34a40bf,92 , 25 , (8 5 5 11 2) , 304 , (5 * 5)
2020.08.18-21.06.21,v1.05-4-g34a40bf,93 , 25 , (8 5 5 11 2) , 129 , (5 * 5)
2020.08.18-21.06.21,v1.05-4-g34a40bf,94 , 25 , (8 5 5 11 2) , 219 , (5 * 5)
2020.08.18-21.06.21,v1.05-4-g34a40bf,95 , 25 , (8 5 5 11 2) , 334 , (5 * 5)
2020.08.18-21.06.21,v1.05-4-g34a40bf,96 , 25 , (8 5 5 11 2) , 39 , (5 * 5)
2020.08.18-21.06.21,v1.05-4-g34a40bf,97 , 25 , (8 5 5 11 2) , 34 , (5 * 5)
2020.08.18-21.06.21,v1.05-4-g34a40bf,98 , 25 , (8 5 5 11 2) , 622 , (5 * 5)
2020.08.18-21.06.21,v1.05-4-g34a40bf,99 , 25 , (8 5 5 11 2) , 468 , (5 * 5)
2020.08.18-21.06.21,v1.05-4-g34a40bf,0 , 81 , (9 7 2 25 18) , 5000 , none
2020.08.18-21.06.21,v1.05-4-g34a40bf,1 , 81 , (9 7 2 25 18) , 5000 , none
2020.08.18-21.06.21,v1.05-4-g34a40bf,2 , 81 , (9 7 2 25 18) , 5000 , none
2020.08.18-21.06.21,v1.05-4-g34a40bf,3 , 81 , (9 7 2 25 18) , 5000 , none
2020.08.18-21.06.21,v1.05-4-g34a40bf,4 , 81 , (9 7 2 25 18) , 82 , ((9 * 7) + 18)
2020.08.18-21.06.21,v1.05-4-g34a40bf,5 , 81 , (9 7 2 25 18) , 5000 , none
2020.08.18-21.06.21,v1.05-4-g34a40bf,6 , 81 , (9 7 2 25 18) , 598 , ((9 * 7) + 18)
2020.08.18-21.06.21,v1.05-4-g34a40bf,7 , 81 , (9 7 2 25 18) , 1406 , ((9 * 7) + 18)
2020.08.18-21.06.21,v1.05-4-g34a40bf,8 , 81 , (9 7 2 25 18) , 3836 , ((7 * 9) + 18)
2020.08.18-21.06.21,v1.05-4-g34a40bf,9 , 81 , (9 7 2 25 18) , 5000 , none
2020.08.18-21.06.21,v1.05-4-g34a40bf,10 , 81 , (9 7 2 25 18) , 5000 , none
2020.08.18-21.06.21,v1.05-4-g34a40bf,11 , 81 , (9 7 2 25 18) , 2546 , ((7 * 9) + 18)
2020.08.18-21.06.21,v1.05-4-g34a40bf,12 , 81 , (9 7 2 25 18) , 2737 , ((7 * 9) + 18)
2020.08.18-21.06.21,v1.05-4-g34a40bf,13 , 81 , (9 7 2 25 18) , 5000 , none
2020.08.18-21.06.21,v1.05-4-g34a40bf,14 , 81 , (9 7 2 25 18) , 5000 , none
2020.08.18-21.06.21,v1.05-4-g34a40bf,15 , 81 , (9 7 2 25 18) , 1593 , ((9 * 7) + 18)
2020.08.18-21.06.21,v1.05-4-g34a40bf,16 , 81 , (9 7 2 25 18) , 50 , ((9 * 7) + 18)
2020.08.18-21.06.21,v1.05-4-g34a40bf,17 , 81 , (9 7 2 25 18) , 5000 , none
2020.08.18-21.06.21,v1.05-4-g34a40bf,18 , 81 , (9 7 2 25 18) , 5000 , none
2020.08.18-21.06.21,v1.05-4-g34a40bf,19 , 81 , (9 7 2 25 18) , 2914 , ((7 * 9) + 18)
2020.08.18-21.06.21,v1.05-4-g34a40bf,20 , 81 , (9 7 2 25 18) , 1665 , ((7 * 9) + 18)
2020.08.18-21.06.21,v1.05-4-g34a40bf,21 , 81 , (9 7 2 25 18) , 4913 , ((7 * 9) + 18)
2020.08.18-21.06.21,v1.05-4-g34a40bf,22 , 81 , (9 7 2 25 18) , 5000 , none
2020.08.18-21.06.21,v1.05-4-g34a40bf,23 , 81 , (9 7 2 25 18) , 3310 , ((7 * 9) + 18)
2020.08.18-21.06.21,v1.05-4-g34a40bf,24 , 81 , (9 7 2 25 18) , 4286 , ((7 * 9) + 18)
2020.08.18-21.06.21,v1.05-4-g34a40bf,25 , 81 , (9 7 2 25 18) , 5000 , none
2020.08.18-21.06.21,v1.05-4-g34a40bf,26 , 81 , (9 7 2 25 18) , 4801 , ((7 * 9) + 18)
2020.08.18-21.06.21,v1.05-4-g34a40bf,27 , 81 , (9 7 2 25 18) , 5000 , none
2020.08.18-21.06.21,v1.05-4-g34a40bf,28 , 81 , (9 7 2 25 18) , 5000 , none
2020.08.18-21.06.21,v1.05-4-g34a40bf,29 , 81 , (9 7 2 25 18) , 5000 , none
2020.08.18-21.06.21,v1.05-4-g34a40bf,30 , 81 , (9 7 2 25 18) , 5000 , none
2020.08.18-21.06.21,v1.05-4-g34a40bf,31 , 81 , (9 7 2 25 18) , 5000 , none
2020.08.18-21.06.21,v1.05-4-g34a40bf,32 , 81 , (9 7 2 25 18) , 5000 , none
2020.08.18-21.06.21,v1.05-4-g34a40bf,33 , 81 , (9 7 2 25 18) , 2566 , ((7 * 9) + 18)
2020.08.18-21.06.21,v1.05-4-g34a40bf,34 , 81 , (9 7 2 25 18) , 80 , ((7 * 9) + 18)
2020.08.18-21.06.21,v1.05-4-g34a40bf,35 , 81 , (9 7 2 25 18) , 516 , ((7 * 9) + 18)
2020.08.18-21.06.21,v1.05-4-g34a40bf,36 , 81 , (9 7 2 25 18) , 5000 , none
2020.08.18-21.06.21,v1.05-4-g34a40bf,37 , 81 , (9 7 2 25 18) , 4927 , ((7 * 9) + 18)
2020.08.18-21.06.21,v1.05-4-g34a40bf,38 , 81 , (9 7 2 25 18) , 3951 , ((7 * 9) + 18)
2020.08.18-21.06.21,v1.05-4-g34a40bf,39 , 81 , (9 7 2 25 18) , 5000 , none
2020.08.18-21.06.21,v1.05-4-g34a40bf,40 , 81 , (9 7 2 25 18) , 5000 , none
2020.08.18-21.06.21,v1.05-4-g34a40bf,41 , 81 , (9 7 2 25 18) , 5000 , none
2020.08.18-21.06.21,v1.05-4-g34a40bf,42 , 81 , (9 7 2 25 18) , 1126 , ((9 * 7) + 18)
2020.08.18-21.06.21,v1.05-4-g34a40bf,43 , 81 , (9 7 2 25 18) , 259 , ((9 * 7) + 18)
2020.08.18-21.06.21,v1.05-4-g34a40bf,44 , 81 , (9 7 2 25 18) , 1797 , ((7 * 9) + 18)
2020.08.18-21.06.21,v1.05-4-g34a40bf,45 , 81 , (9 7 2 25 18) , 5000 , none
2020.08.18-21.06.21,v1.05-4-g34a40bf,46 , 81 , (9 7 2 25 18) , 112 , ((7 * 9) + 18)
2020.08.18-21.06.21,v1.05-4-g34a40bf,47 , 81 , (9 7 2 25 18) , 3258 , ((9 * 7) + 18)
2020.08.18-21.06.21,v1.05-4-g34a40bf,48 , 81 , (9 7 2 25 18) , 3057 , ((7 * 9) + 18)
2020.08.18-21.06.21,v1.05-4-g34a40bf,49 , 81 , (9 7 2 25 18) , 2243 , ((7 * 9) + 18)
2020.08.18-21.06.21,v1.05-4-g34a40bf,50 , 81 , (9 7 2 25 18) , 5000 , none
2020.08.18-21.06.21,v1.05-4-g34a40bf,51 , 81 , (9 7 2 25 18) , 5000 , none
2020.08.18-21.06.21,v1.05-4-g34a40bf,52 , 81 , (9 7 2 25 18) , 5000 , none
2020.08.18-21.06.21,v1.05-4-g34a40bf,53 , 81 , (9 7 2 25 18) , 3535 , ((9 * 7) + 18)
2020.08.18-21.06.21,v1.05-4-g34a40bf,54 , 81 , (9 7 2 25 18) , 3593 , ((7 * 9) + 18)
2020.08.18-21.06.21,v1.05-4-g34a40bf,55 , 81 , (9 7 2 25 18) , 5000 , none
2020.08.18-21.06.21,v1.05-4-g34a40bf,56 , 81 , (9 7 2 25 18) , 167 , ((9 * 7) + 18)
2020.08.18-21.06.21,v1.05-4-g34a40bf,57 , 81 , (9 7 2 25 18) , 5000 , none
2020.08.18-21.06.21,v1.05-4-g34a40bf,58 , 81 , (9 7 2 25 18) , 2629 , ((7 * 9) + 18)
2020.08.18-21.06.21,v1.05-4-g34a40bf,59 , 81 , (9 7 2 25 18) , 5000 , none
2020.08.18-21.06.21,v1.05-4-g34a40bf,60 , 81 , (9 7 2 25 18) , 5000 , none
2020.08.18-21.06.21,v1.05-4-g34a40bf,61 , 81 , (9 7 2 25 18) , 2907 , ((7 * 9) + 18)
2020.08.18-21.06.21,v1.05-4-g34a40bf,62 , 81 , (9 7 2 25 18) , 124 , ((7 * 9) + 18)
2020.08.18-21.06.21,v1.05-4-g34a40bf,63 , 81 , (9 7 2 25 18) , 4290 , ((7 * 9) + 18)
2020.08.18-21.06.21,v1.05-4-g34a40bf,64 , 81 , (9 7 2 25 18) , 155 , ((9 * 7) + 18)
2020.08.18-21.06.21,v1.05-4-g34a40bf,65 , 81 , (9 7 2 25 18) , 5000 , none
2020.08.18-21.06.21,v1.05-4-g34a40bf,66 , 81 , (9 7 2 25 18) , 5000 , none
2020.08.18-21.06.21,v1.05-4-g34a40bf,67 , 81 , (9 7 2 25 18) , 3343 , ((7 * 9) + 18)
2020.08.18-21.06.21,v1.05-4-g34a40bf,68 , 81 , (9 7 2 25 18) , 1250 , ((7 * 9) + 18)
2020.08.18-21.06.21,v1.05-4-g34a40bf,69 , 81 , (9 7 2 25 18) , 5000 , none
2020.08.18-21.06.21,v1.05-4-g34a40bf,70 , 81 , (9 7 2 25 18) , 5000 , none
2020.08.18-21.06.21,v1.05-4-g34a40bf,71 , 81 , (9 7 2 25 18) , 124 , ((7 * 9) + 18)
2020.08.18-21.06.21,v1.05-4-g34a40bf,72 , 81 , (9 7 2 25 18) , 107 , ((9 * 7) + 18)
2020.08.18-21.06.21,v1.05-4-g34a40bf,73 , 81 , (9 7 2 25 18) , 3389 , ((7 * 9) + 18)
2020.08.18-21.06.21,v1.05-4-g34a40bf,74 , 81 , (9 7 2 25 18) , 5000 , none
2020.08.18-21.06.21,v1.05-4-g34a40bf,75 , 81 , (9 7 2 25 18) , 5000 , none
2020.08.18-21.06.21,v1.05-4-g34a40bf,76 , 81 , (9 7 2 25 18) , 4042 , ((9 * 7) + 18)
2020.08.18-21.06.21,v1.05-4-g34a40bf,77 , 81 , (9 7 2 25 18) , 57 , ((7 * 9) + 18)
2020.08.18-21.06.21,v1.05-4-g34a40bf,78 , 81 , (9 7 2 25 18) , 2665 , ((9 * 7) + 18)
2020.08.18-21.06.21,v1.05-4-g34a40bf,79 , 81 , (9 7 2 25 18) , 5000 , none
2020.08.18-21.06.21,v1.05-4-g34a40bf,80 , 81 , (9 7 2 25 18) , 3619 , ((7 * 9) + 18)
2020.08.18-21.06.21,v1.05-4-g34a40bf,81 , 81 , (9 7 2 25 18) , 5000 , none
2020.08.18-21.06.21,v1.05-4-g34a40bf,82 , 81 , (9 7 2 25 18) , 2146 , ((9 * 7) + 18)
2020.08.18-21.06.21,v1.05-4-g34a40bf,83 , 81 , (9 7 2 25 18) , 5000 , none
2020.08.18-21.06.21,v1.05-4-g34a40bf,84 , 81 , (9 7 2 25 18) , 4104 , ((9 * 7) + 18)
2020.08.18-21.06.21,v1.05-4-g34a40bf,85 , 81 , (9 7 2 25 18) , 5000 , none
2020.08.18-21.06.21,v1.05-4-g34a40bf,86 , 81 , (9 7 2 25 18) , 5000 , none
2020.08.18-21.06.21,v1.05-4-g34a40bf,87 , 81 , (9 7 2 25 18) , 5000 , none
2020.08.18-21.06.21,v1.05-4-g34a40bf,88 , 81 , (9 7 2 25 18) , 597 , ((7 * 9) + 18)
2020.08.18-21.06.21,v1.05-4-g34a40bf,89 , 81 , (9 7 2 25 18) , 5000 , none
2020.08.18-21.06.21,v1.05-4-g34a40bf,90 , 81 , (9 7 2 25 18) , 593 , ((7 * 9) + 18)
2020.08.18-21.06.21,v1.05-4-g34a40bf,91 , 81 , (9 7 2 25 18) , 5000 , none
2020.08.18-21.06.21,v1.05-4-g34a40bf,92 , 81 , (9 7 2 25 18) , 5000 , none
2020.08.18-21.06.21,v1.05-4-g34a40bf,93 , 81 , (9 7 2 25 18) , 2526 , ((7 * 9) + 18)
2020.08.18-21.06.21,v1.05-4-g34a40bf,94 , 81 , (9 7 2 25 18) , 1358 , ((9 * 7) + 18)
2020.08.18-21.06.21,v1.05-4-g34a40bf,95 , 81 , (9 7 2 25 18) , 5000 , none
2020.08.18-21.06.21,v1.05-4-g34a40bf,96 , 81 , (9 7 2 25 18) , 5000 , none
2020.08.18-21.06.21,v1.05-4-g34a40bf,97 , 81 , (9 7 2 25 18) , 5000 , none
2020.08.18-21.06.21,v1.05-4-g34a40bf,98 , 81 , (9 7 2 25 18) , 3436 , ((9 * 7) + 18)
2020.08.18-21.06.21,v1.05-4-g34a40bf,99 , 81 , (9 7 2 25 18) , 2496 , ((7 * 9) + 18)
2020.08.18-21.06.21,v1.05-4-g34a40bf,0 , 6 , (3 3 17 11 22) , 219 , (3 + 3)
2020.08.18-21.06.21,v1.05-4-g34a40bf,1 , 6 , (3 3 17 11 22) , 273 , (3 + 3)
2020.08.18-21.06.21,v1.05-4-g34a40bf,2 , 6 , (3 3 17 11 22) , 35 , (3 + 3)
2020.08.18-21.06.21,v1.05-4-g34a40bf,3 , 6 , (3 3 17 11 22) , 111 , (3 + 3)
2020.08.18-21.06.21,v1.05-4-g34a40bf,4 , 6 , (3 3 17 11 22) , 22 , (3 + 3)
2020.08.18-21.06.21,v1.05-4-g34a40bf,5 , 6 , (3 3 17 11 22) , 64 , (3 + 3)
2020.08.18-21.06.21,v1.05-4-g34a40bf,6 , 6 , (3 3 17 11 22) , 99 , (3 + 3)
2020.08.18-21.06.21,v1.05-4-g34a40bf,7 , 6 , (3 3 17 11 22) , 24 , (3 + 3)
2020.08.18-21.06.21,v1.05-4-g34a40bf,8 , 6 , (3 3 17 11 22) , 111 , (3 + 3)
2020.08.18-21.06.21,v1.05-4-g34a40bf,9 , 6 , (3 3 17 11 22) , 23 , (3 + 3)
2020.08.18-21.06.21,v1.05-4-g34a40bf,10 , 6 , (3 3 17 11 22) , 23 , (3 + 3)
2020.08.18-21.06.21,v1.05-4-g34a40bf,11 , 6 , (3 3 17 11 22) , 35 , (3 + 3)
2020.08.18-21.06.21,v1.05-4-g34a40bf,12 , 6 , (3 3 17 11 22) , 129 , (3 + 3)
2020.08.18-21.06.21,v1.05-4-g34a40bf,13 , 6 , (3 3 17 11 22) , 219 , (3 + 3)
2020.08.18-21.06.21,v1.05-4-g34a40bf,14 , 6 , (3 3 17 11 22) , 189 , (3 + 3)
2020.08.18-21.06.21,v1.05-4-g34a40bf,15 , 6 , (3 3 17 11 22) , 65 , (3 + 3)
2020.08.18-21.06.21,v1.05-4-g34a40bf,16 , 6 , (3 3 17 11 22) , 285 , (3 + 3)
2020.08.18-21.06.21,v1.05-4-g34a40bf,17 , 6 , (3 3 17 11 22) , 105 , (3 + 3)
2020.08.18-21.06.21,v1.05-4-g34a40bf,18 , 6 , (3 3 17 11 22) , 394 , (3 + 3)
2020.08.18-21.06.21,v1.05-4-g34a40bf,19 , 6 , (3 3 17 11 22) , 57 , (3 + 3)
2020.08.18-21.06.21,v1.05-4-g34a40bf,20 , 6 , (3 3 17 11 22) , 69 , (3 + 3)
2020.08.18-21.06.21,v1.05-4-g34a40bf,21 , 6 , (3 3 17 11 22) , 69 , (3 + 3)
2020.08.18-21.06.21,v1.05-4-g34a40bf,22 , 6 , (3 3 17 11 22) , 112 , (3 + 3)
2020.08.18-21.06.21,v1.05-4-g34a40bf,23 , 6 , (3 3 17 11 22) , 25 , (3 + 3)
2020.08.18-21.06.21,v1.05-4-g34a40bf,24 , 6 , (3 3 17 11 22) , 23 , (3 + 3)
2020.08.18-21.06.21,v1.05-4-g34a40bf,25 , 6 , (3 3 17 11 22) , 129 , (3 + 3)
2020.08.18-21.06.21,v1.05-4-g34a40bf,26 , 6 , (3 3 17 11 22) , 87 , (3 + 3)
2020.08.18-21.06.21,v1.05-4-g34a40bf,27 , 6 , (3 3 17 11 22) , 154 , (3 + 3)
2020.08.18-21.06.21,v1.05-4-g34a40bf,28 , 6 , (3 3 17 11 22) , 24 , (3 + 3)
2020.08.18-21.06.21,v1.05-4-g34a40bf,29 , 6 , (3 3 17 11 22) , 99 , (3 + 3)
2020.08.18-21.06.21,v1.05-4-g34a40bf,30 , 6 , (3 3 17 11 22) , 94 , (3 + 3)
2020.08.18-21.06.21,v1.05-4-g34a40bf,31 , 6 , (3 3 17 11 22) , 24 , (3 + 3)
2020.08.18-21.06.21,v1.05-4-g34a40bf,32 , 6 , (3 3 17 11 22) , 28 , (3 + 3)
2020.08.18-21.06.21,v1.05-4-g34a40bf,33 , 6 , (3 3 17 11 22) , 69 , (3 + 3)
2020.08.18-21.06.21,v1.05-4-g34a40bf,34 , 6 , (3 3 17 11 22) , 31 , (3 + 3)
2020.08.18-21.06.21,v1.05-4-g34a40bf,35 , 6 , (3 3 17 11 22) , 87 , (3 + 3)
2020.08.18-21.06.21,v1.05-4-g34a40bf,36 , 6 , (3 3 17 11 22) , 99 , (17 - 11)
2020.08.18-21.06.21,v1.05-4-g34a40bf,37 , 6 , (3 3 17 11 22) , 135 , (3 + 3)
2020.08.18-21.06.21,v1.05-4-g34a40bf,38 , 6 , (3 3 17 11 22) , 14 , (3 + 3)
2020.08.18-21.06.21,v1.05-4-g34a40bf,39 , 6 , (3 3 17 11 22) , 39 , (3 + 3)
2020.08.18-21.06.21,v1.05-4-g34a40bf,40 , 6 , (3 3 17 11 22) , 159 , (3 + 3)
2020.08.18-21.06.21,v1.05-4-g34a40bf,41 , 6 , (3 3 17 11 22) , 177 , (3 + 3)
2020.08.18-21.06.21,v1.05-4-g34a40bf,42 , 6 , (3 3 17 11 22) , 219 , (3 + 3)
2020.08.18-21.06.21,v1.05-4-g34a40bf,43 , 6 , (3 3 17 11 22) , 159 , (3 + 3)
2020.08.18-21.06.21,v1.05-4-g34a40bf,44 , 6 , (3 3 17 11 22) , 172 , (3 + 3)
2020.08.18-21.06.21,v1.05-4-g34a40bf,45 , 6 , (3 3 17 11 22) , 27 , (17 - 11)
2020.08.18-21.06.21,v1.05-4-g34a40bf,46 , 6 , (3 3 17 11 22) , 135 , (3 + 3)
2020.08.18-21.06.21,v1.05-4-g34a40bf,47 , 6 , (3 3 17 11 22) , 141 , (3 + 3)
2020.08.18-21.06.21,v1.05-4-g34a40bf,48 , 6 , (3 3 17 11 22) , 39 , (3 + 3)
2020.08.18-21.06.21,v1.05-4-g34a40bf,49 , 6 , (3 3 17 11 22) , 45 , (3 + 3)
2020.08.18-21.06.21,v1.05-4-g34a40bf,50 , 6 , (3 3 17 11 22) , 95 , (3 + 3)
2020.08.18-21.06.21,v1.05-4-g34a40bf,51 , 6 , (3 3 17 11 22) , 34 , (3 + 3)
2020.08.18-21.06.21,v1.05-4-g34a40bf,52 , 6 , (3 3 17 11 22) , 99 , (3 + 3)
2020.08.18-21.06.21,v1.05-4-g34a40bf,53 , 6 , (3 3 17 11 22) , 22 , (3 + 3)
2020.08.18-21.06.21,v1.05-4-g34a40bf,54 , 6 , (3 3 17 11 22) , 57 , (3 + 3)
2020.08.18-21.06.21,v1.05-4-g34a40bf,55 , 6 , (3 3 17 11 22) , 21 , (3 + 3)
2020.08.18-21.06.21,v1.05-4-g34a40bf,56 , 6 , (3 3 17 11 22) , 202 , (3 + 3)
2020.08.18-21.06.21,v1.05-4-g34a40bf,57 , 6 , (3 3 17 11 22) , 334 , (3 + 3)
2020.08.18-21.06.21,v1.05-4-g34a40bf,58 , 6 , (3 3 17 11 22) , 27 , (3 + 3)
2020.08.18-21.06.21,v1.05-4-g34a40bf,59 , 6 , (3 3 17 11 22) , 27 , (3 + 3)
2020.08.18-21.06.21,v1.05-4-g34a40bf,60 , 6 , (3 3 17 11 22) , 105 , (3 + 3)
2020.08.18-21.06.21,v1.05-4-g34a40bf,61 , 6 , (3 3 17 11 22) , 219 , (3 + 3)
2020.08.18-21.06.21,v1.05-4-g34a40bf,62 , 6 , (3 3 17 11 22) , 39 , (3 + 3)
2020.08.18-21.06.21,v1.05-4-g34a40bf,63 , 6 , (3 3 17 11 22) , 142 , (3 + 3)
2020.08.18-21.06.21,v1.05-4-g34a40bf,64 , 6 , (3 3 17 11 22) , 25 , (3 + 3)
2020.08.18-21.06.21,v1.05-4-g34a40bf,65 , 6 , (3 3 17 11 22) , 275 , (3 + 3)
2020.08.18-21.06.21,v1.05-4-g34a40bf,66 , 6 , (3 3 17 11 22) , 357 , (3 + 3)
2020.08.18-21.06.21,v1.05-4-g34a40bf,67 , 6 , (3 3 17 11 22) , 52 , (3 + 3)
2020.08.18-21.06.21,v1.05-4-g34a40bf,68 , 6 , (3 3 17 11 22) , 24 , (3 + 3)
2020.08.18-21.06.21,v1.05-4-g34a40bf,69 , 6 , (3 3 17 11 22) , 57 , (3 + 3)
2020.08.18-21.06.21,v1.05-4-g34a40bf,70 , 6 , (3 3 17 11 22) , 165 , (3 + 3)
2020.08.18-21.06.21,v1.05-4-g34a40bf,71 , 6 , (3 3 17 11 22) , 51 , (3 + 3)
2020.08.18-21.06.21,v1.05-4-g34a40bf,72 , 6 , (3 3 17 11 22) , 75 , (3 + 3)
2020.08.18-21.06.21,v1.05-4-g34a40bf,73 , 6 , (3 3 17 11 22) , 20 , (3 + 3)
2020.08.18-21.06.21,v1.05-4-g34a40bf,74 , 6 , (3 3 17 11 22) , 22 , (3 + 3)
2020.08.18-21.06.21,v1.05-4-g34a40bf,75 , 6 , (3 3 17 11 22) , 26 , (3 + 3)
2020.08.18-21.06.21,v1.05-4-g34a40bf,76 , 6 , (3 3 17 11 22) , 30 , (3 + 3)
2020.08.18-21.06.21,v1.05-4-g34a40bf,77 , 6 , (3 3 17 11 22) , 123 , (3 + 3)
2020.08.18-21.06.21,v1.05-4-g34a40bf,78 , 6 , (3 3 17 11 22) , 112 , (3 + 3)
2020.08.18-21.06.21,v1.05-4-g34a40bf,79 , 6 , (3 3 17 11 22) , 184 , (3 + 3)
2020.08.18-21.06.21,v1.05-4-g34a40bf,80 , 6 , (3 3 17 11 22) , 147 , (3 + 3)
2020.08.18-21.06.21,v1.05-4-g34a40bf,81 , 6 , (3 3 17 11 22) , 105 , (3 + 3)
2020.08.18-21.06.21,v1.05-4-g34a40bf,82 , 6 , (3 3 17 11 22) , 23 , (3 + 3)
2020.08.18-21.06.21,v1.05-4-g34a40bf,83 , 6 , (3 3 17 11 22) , 51 , (3 + 3)
2020.08.18-21.06.21,v1.05-4-g34a40bf,84 , 6 , (3 3 17 11 22) , 219 , (3 + 3)
2020.08.18-21.06.21,v1.05-4-g34a40bf,85 , 6 , (3 3 17 11 22) , 35 , (3 + 3)
2020.08.18-21.06.21,v1.05-4-g34a40bf,86 , 6 , (3 3 17 11 22) , 51 , (3 + 3)
2020.08.18-21.06.21,v1.05-4-g34a40bf,87 , 6 , (3 3 17 11 22) , 45 , (3 + 3)
2020.08.18-21.06.21,v1.05-4-g34a40bf,88 , 6 , (3 3 17 11 22) , 81 , (3 + 3)
2020.08.18-21.06.21,v1.05-4-g34a40bf,89 , 6 , (3 3 17 11 22) , 46 , (3 + 3)
2020.08.18-21.06.21,v1.05-4-g34a40bf,90 , 6 , (3 3 17 11 22) , 81 , (3 + 3)
2020.08.18-21.06.21,v1.05-4-g34a40bf,91 , 6 , (3 3 17 11 22) , 25 , (3 + 3)
2020.08.18-21.06.21,v1.05-4-g34a40bf,92 , 6 , (3 3 17 11 22) , 95 , (3 + 3)
2020.08.18-21.06.21,v1.05-4-g34a40bf,93 , 6 , (3 3 17 11 22) , 25 , (3 + 3)
2020.08.18-21.06.21,v1.05-4-g34a40bf,94 , 6 , (3 3 17 11 22) , 19 , (3 + 3)
2020.08.18-21.06.21,v1.05-4-g34a40bf,95 , 6 , (3 3 17 11 22) , 93 , (3 + 3)
2020.08.18-21.06.21,v1.05-4-g34a40bf,96 , 6 , (3 3 17 11 22) , 447 , (3 + 3)
2020.08.18-21.06.21,v1.05-4-g34a40bf,97 , 6 , (3 3 17 11 22) , 20 , (3 + 3)
2020.08.18-21.06.21,v1.05-4-g34a40bf,98 , 6 , (3 3 17 11 22) , 25 , (3 + 3)
2020.08.18-21.06.21,v1.05-4-g34a40bf,99 , 6 , (3 3 17 11 22) , 39 , (3 + 3)
2020.08.18-21.06.21,v1.05-4-g34a40bf,0 , 11 , (2 5 1 25 23) , 111 , ((2 * 5) + 1)
2020.08.18-21.06.21,v1.05-4-g34a40bf,1 , 11 , (2 5 1 25 23) , 242 , ((5 * 2) + 1)
2020.08.18-21.06.21,v1.05-4-g34a40bf,2 , 11 , (2 5 1 25 23) , 1030 , ((2 * 5) + 1)
2020.08.18-21.06.21,v1.05-4-g34a40bf,3 , 11 , (2 5 1 25 23) , 517 , ((2 * 5) + 1)
2020.08.18-21.06.21,v1.05-4-g34a40bf,4 , 11 , (2 5 1 25 23) , 219 , ((2 * 5) + 1)
2020.08.18-21.06.21,v1.05-4-g34a40bf,5 , 11 , (2 5 1 25 23) , 160 , ((5 * 2) + 1)
2020.08.18-21.06.21,v1.05-4-g34a40bf,6 , 11 , (2 5 1 25 23) , 229 , ((5 * 2) + 1)
2020.08.18-21.06.21,v1.05-4-g34a40bf,7 , 11 , (2 5 1 25 23) , 372 , ((2 * 5) + 1)
2020.08.18-21.06.21,v1.05-4-g34a40bf,8 , 11 , (2 5 1 25 23) , 87 , ((5 * 2) + 1)
2020.08.18-21.06.21,v1.05-4-g34a40bf,9 , 11 , (2 5 1 25 23) , 201 , ((2 * 5) + 1)
2020.08.18-21.06.21,v1.05-4-g34a40bf,10 , 11 , (2 5 1 25 23) , 185 , ((2 * 5) + 1)
2020.08.18-21.06.21,v1.05-4-g34a40bf,11 , 11 , (2 5 1 25 23) , 189 , ((2 * 5) + 1)
2020.08.18-21.06.21,v1.05-4-g34a40bf,12 , 11 , (2 5 1 25 23) , 303 , ((2 * 5) + 1)
2020.08.18-21.06.21,v1.05-4-g34a40bf,13 , 11 , (2 5 1 25 23) , 83 , ((2 * 5) + 1)
2020.08.18-21.06.21,v1.05-4-g34a40bf,14 , 11 , (2 5 1 25 23) , 351 , ((2 * 5) + 1)
2020.08.18-21.06.21,v1.05-4-g34a40bf,15 , 11 , (2 5 1 25 23) , 101 , ((2 * 5) + 1)
2020.08.18-21.06.21,v1.05-4-g34a40bf,16 , 11 , (2 5 1 25 23) , 47 , ((2 * 5) + 1)
2020.08.18-21.06.21,v1.05-4-g34a40bf,17 , 11 , (2 5 1 25 23) , 227 , ((2 * 5) + 1)
2020.08.18-21.06.21,v1.05-4-g34a40bf,18 , 11 , (2 5 1 25 23) , 265 , ((2 * 5) + 1)
2020.08.18-21.06.21,v1.05-4-g34a40bf,19 , 11 , (2 5 1 25 23) , 275 , ((5 * 2) + 1)
2020.08.18-21.06.21,v1.05-4-g34a40bf,20 , 11 , (2 5 1 25 23) , 144 , ((2 * 5) + 1)
2020.08.18-21.06.21,v1.05-4-g34a40bf,21 , 11 , (2 5 1 25 23) , 144 , ((2 * 5) + 1)
2020.08.18-21.06.21,v1.05-4-g34a40bf,22 , 11 , (2 5 1 25 23) , 365 , ((2 * 5) + 1)
2020.08.18-21.06.21,v1.05-4-g34a40bf,23 , 11 , (2 5 1 25 23) , 63 , ((2 * 5) + 1)
2020.08.18-21.06.21,v1.05-4-g34a40bf,24 , 11 , (2 5 1 25 23) , 369 , ((2 * 5) + 1)
2020.08.18-21.06.21,v1.05-4-g34a40bf,25 , 11 , (2 5 1 25 23) , 50 , ((5 * 2) + 1)
2020.08.18-21.06.21,v1.05-4-g34a40bf,26 , 11 , (2 5 1 25 23) , 43 , ((2 * 5) + 1)
2020.08.18-21.06.21,v1.05-4-g34a40bf,27 , 11 , (2 5 1 25 23) , 60 , ((2 * 5) + 1)
2020.08.18-21.06.21,v1.05-4-g34a40bf,28 , 11 , (2 5 1 25 23) , 52 , ((2 * 5) + 1)
2020.08.18-21.06.21,v1.05-4-g34a40bf,29 , 11 , (2 5 1 25 23) , 357 , ((2 * 5) + 1)
2020.08.18-21.06.21,v1.05-4-g34a40bf,30 , 11 , (2 5 1 25 23) , 844 , ((5 * 2) + 1)
2020.08.18-21.06.21,v1.05-4-g34a40bf,31 , 11 , (2 5 1 25 23) , 53 , ((2 * 5) + 1)
2020.08.18-21.06.21,v1.05-4-g34a40bf,32 , 11 , (2 5 1 25 23) , 208 , ((2 * 5) + 1)
2020.08.18-21.06.21,v1.05-4-g34a40bf,33 , 11 , (2 5 1 25 23) , 141 , ((2 * 5) + 1)
2020.08.18-21.06.21,v1.05-4-g34a40bf,34 , 11 , (2 5 1 25 23) , 761 , ((2 * 5) + 1)
2020.08.18-21.06.21,v1.05-4-g34a40bf,35 , 11 , (2 5 1 25 23) , 40 , ((5 * 2) + 1)
2020.08.18-21.06.21,v1.05-4-g34a40bf,36 , 11 , (2 5 1 25 23) , 90 , ((2 * 5) + 1)
2020.08.18-21.06.21,v1.05-4-g34a40bf,37 , 11 , (2 5 1 25 23) , 205 , ((2 * 5) + 1)
2020.08.18-21.06.21,v1.05-4-g34a40bf,38 , 11 , (2 5 1 25 23) , 386 , ((2 * 5) + 1)
2020.08.18-21.06.21,v1.05-4-g34a40bf,39 , 11 , (2 5 1 25 23) , 185 , ((5 * 2) + 1)
2020.08.18-21.06.21,v1.05-4-g34a40bf,40 , 11 , (2 5 1 25 23) , 106 , ((2 * 5) + 1)
2020.08.18-21.06.21,v1.05-4-g34a40bf,41 , 11 , (2 5 1 25 23) , 126 , ((2 * 5) + 1)
2020.08.18-21.06.21,v1.05-4-g34a40bf,42 , 11 , (2 5 1 25 23) , 44 , ((2 * 5) + 1)
2020.08.18-21.06.21,v1.05-4-g34a40bf,43 , 11 , (2 5 1 25 23) , 551 , ((2 * 5) + 1)
2020.08.18-21.06.21,v1.05-4-g34a40bf,44 , 11 , (2 5 1 25 23) , 228 , ((2 * 5) + 1)
2020.08.18-21.06.21,v1.05-4-g34a40bf,45 , 11 , (2 5 1 25 23) , 576 , ((2 * 5) + 1)
2020.08.18-21.06.21,v1.05-4-g34a40bf,46 , 11 , (2 5 1 25 23) , 879 , ((2 * 5) + 1)
2020.08.18-21.06.21,v1.05-4-g34a40bf,47 , 11 , (2 5 1 25 23) , 167 , ((2 * 5) + 1)
2020.08.18-21.06.21,v1.05-4-g34a40bf,48 , 11 , (2 5 1 25 23) , 324 , ((2 * 5) + 1)
2020.08.18-21.06.21,v1.05-4-g34a40bf,49 , 11 , (2 5 1 25 23) , 169 , ((2 * 5) + 1)
2020.08.18-21.06.21,v1.05-4-g34a40bf,50 , 11 , (2 5 1 25 23) , 559 , ((2 * 5) + 1)
2020.08.18-21.06.21,v1.05-4-g34a40bf,51 , 11 , (2 5 1 25 23) , 398 , ((2 * 5) + 1)
2020.08.18-21.06.21,v1.05-4-g34a40bf,52 , 11 , (2 5 1 25 23) , 87 , ((2 * 5) + 1)
2020.08.18-21.06.21,v1.05-4-g34a40bf,53 , 11 , (2 5 1 25 23) , 126 , ((2 * 5) + 1)
2020.08.18-21.06.21,v1.05-4-g34a40bf,54 , 11 , (2 5 1 25 23) , 101 , ((2 * 5) + 1)
2020.08.18-21.06.21,v1.05-4-g34a40bf,55 , 11 , (2 5 1 25 23) , 202 , ((5 * 2) + 1)
2020.08.18-21.06.21,v1.05-4-g34a40bf,56 , 11 , (2 5 1 25 23) , 135 , ((2 * 5) + 1)
2020.08.18-21.06.21,v1.05-4-g34a40bf,57 , 11 , (2 5 1 25 23) , 80 , ((2 * 5) + 1)
2020.08.18-21.06.21,v1.05-4-g34a40bf,58 , 11 , (2 5 1 25 23) , 319 , ((2 * 5) + 1)
2020.08.18-21.06.21,v1.05-4-g34a40bf,59 , 11 , (2 5 1 25 23) , 98 , ((2 * 5) + 1)
2020.08.18-21.06.21,v1.05-4-g34a40bf,60 , 11 , (2 5 1 25 23) , 270 , ((2 * 5) + 1)
2020.08.18-21.06.21,v1.05-4-g34a40bf,61 , 11 , (2 5 1 25 23) , 310 , ((2 * 5) + 1)
2020.08.18-21.06.21,v1.05-4-g34a40bf,62 , 11 , (2 5 1 25 23) , 75 , ((2 * 5) + 1)
2020.08.18-21.06.21,v1.05-4-g34a40bf,63 , 11 , (2 5 1 25 23) , 244 , ((2 * 5) + 1)
2020.08.18-21.06.21,v1.05-4-g34a40bf,64 , 11 , (2 5 1 25 23) , 331 , ((2 * 5) + 1)
2020.08.18-21.06.21,v1.05-4-g34a40bf,65 , 11 , (2 5 1 25 23) , 277 , ((2 * 5) + 1)
2020.08.18-21.06.21,v1.05-4-g34a40bf,66 , 11 , (2 5 1 25 23) , 159 , ((2 * 5) + 1)
2020.08.18-21.06.21,v1.05-4-g34a40bf,67 , 11 , (2 5 1 25 23) , 630 , ((2 * 5) + 1)
2020.08.18-21.06.21,v1.05-4-g34a40bf,68 , 11 , (2 5 1 25 23) , 37 , ((2 * 5) + 1)
2020.08.18-21.06.21,v1.05-4-g34a40bf,69 , 11 , (2 5 1 25 23) , 357 , ((2 * 5) + 1)
2020.08.18-21.06.21,v1.05-4-g34a40bf,70 , 11 , (2 5 1 25 23) , 35 , ((2 * 5) + 1)
2020.08.18-21.06.21,v1.05-4-g34a40bf,71 , 11 , (2 5 1 25 23) , 562 , ((2 * 5) + 1)
2020.08.18-21.06.21,v1.05-4-g34a40bf,72 , 11 , (2 5 1 25 23) , 1249 , ((2 * 5) + 1)
2020.08.18-21.06.21,v1.05-4-g34a40bf,73 , 11 , (2 5 1 25 23) , 160 , ((2 * 5) + 1)
2020.08.18-21.06.21,v1.05-4-g34a40bf,74 , 11 , (2 5 1 25 23) , 496 , ((2 * 5) + 1)
2020.08.18-21.06.21,v1.05-4-g34a40bf,75 , 11 , (2 5 1 25 23) , 275 , ((2 * 5) + 1)
2020.08.18-21.06.21,v1.05-4-g34a40bf,76 , 11 , (2 5 1 25 23) , 353 , ((2 * 5) + 1)
2020.08.18-21.06.21,v1.05-4-g34a40bf,77 , 11 , (2 5 1 25 23) , 462 , ((2 * 5) + 1)
2020.08.18-21.06.21,v1.05-4-g34a40bf,78 , 11 , (2 5 1 25 23) , 239 , ((2 * 5) + 1)
2020.08.18-21.06.21,v1.05-4-g34a40bf,79 , 11 , (2 5 1 25 23) , 163 , ((2 * 5) + 1)
2020.08.18-21.06.21,v1.05-4-g34a40bf,80 , 11 , (2 5 1 25 23) , 195 , ((2 * 5) + 1)
2020.08.18-21.06.21,v1.05-4-g34a40bf,81 , 11 , (2 5 1 25 23) , 67 , ((2 * 5) + 1)
2020.08.18-21.06.21,v1.05-4-g34a40bf,82 , 11 , (2 5 1 25 23) , 107 , ((5 * 2) + 1)
2020.08.18-21.06.21,v1.05-4-g34a40bf,83 , 11 , (2 5 1 25 23) , 644 , ((5 * 2) + 1)
2020.08.18-21.06.21,v1.05-4-g34a40bf,84 , 11 , (2 5 1 25 23) , 168 , ((2 * 5) + 1)
2020.08.18-21.06.21,v1.05-4-g34a40bf,85 , 11 , (2 5 1 25 23) , 438 , ((2 * 5) + 1)
2020.08.18-21.06.21,v1.05-4-g34a40bf,86 , 11 , (2 5 1 25 23) , 90 , ((2 * 5) + 1)
2020.08.18-21.06.21,v1.05-4-g34a40bf,87 , 11 , (2 5 1 25 23) , 220 , ((2 * 5) + 1)
2020.08.18-21.06.21,v1.05-4-g34a40bf,88 , 11 , (2 5 1 25 23) , 250 , ((2 * 5) + 1)
2020.08.18-21.06.21,v1.05-4-g34a40bf,89 , 11 , (2 5 1 25 23) , 42 , ((2 * 5) + 1)
2020.08.18-21.06.21,v1.05-4-g34a40bf,90 , 11 , (2 5 1 25 23) , 137 , ((2 * 5) + 1)
2020.08.18-21.06.21,v1.05-4-g34a40bf,91 , 11 , (2 5 1 25 23) , 855 , ((5 * 2) + 1)
2020.08.18-21.06.21,v1.05-4-g34a40bf,92 , 11 , (2 5 1 25 23) , 435 , ((2 * 5) + 1)
2020.08.18-21.06.21,v1.05-4-g34a40bf,93 , 11 , (2 5 1 25 23) , 96 , ((2 * 5) + 1)
2020.08.18-21.06.21,v1.05-4-g34a40bf,94 , 11 , (2 5 1 25 23) , 379 , ((2 * 5) + 1)
2020.08.18-21.06.21,v1.05-4-g34a40bf,95 , 11 , (2 5 1 25 23) , 331 , ((2 * 5) + 1)
2020.08.18-21.06.21,v1.05-4-g34a40bf,96 , 11 , (2 5 1 25 23) , 50 , ((2 * 5) + 1)
2020.08.18-21.06.21,v1.05-4-g34a40bf,97 , 11 , (2 5 1 25 23) , 77 , ((2 * 5) + 1)
2020.08.18-21.06.21,v1.05-4-g34a40bf,98 , 11 , (2 5 1 25 23) , 262 , ((2 * 5) + 1)
2020.08.18-21.06.21,v1.05-4-g34a40bf,99 , 11 , (2 5 1 25 23) , 590 , ((2 * 5) + 1)
2020.08.18-21.06.21,v1.05-4-g34a40bf,0 , 116 , (20 2 16 14 6) , 5000 , none
2020.08.18-21.06.21,v1.05-4-g34a40bf,1 , 116 , (20 2 16 14 6) , 1379 , ((14 * 6) + (2 * 16))
2020.08.18-21.06.21,v1.05-4-g34a40bf,2 , 116 , (20 2 16 14 6) , 2312 , ((16 * 6) + 20)
2020.08.18-21.06.21,v1.05-4-g34a40bf,3 , 116 , (20 2 16 14 6) , 5000 , none
2020.08.18-21.06.21,v1.05-4-g34a40bf,4 , 116 , (20 2 16 14 6) , 4417 , ((6 * 16) + 20)
2020.08.18-21.06.21,v1.05-4-g34a40bf,5 , 116 , (20 2 16 14 6) , 31 , ((16 * 6) + 20)
2020.08.18-21.06.21,v1.05-4-g34a40bf,6 , 116 , (20 2 16 14 6) , 4717 , ((6 * 16) + 20)
2020.08.18-21.06.21,v1.05-4-g34a40bf,7 , 116 , (20 2 16 14 6) , 5000 , none
2020.08.18-21.06.21,v1.05-4-g34a40bf,8 , 116 , (20 2 16 14 6) , 1729 , ((6 * 16) + 20)
2020.08.18-21.06.21,v1.05-4-g34a40bf,9 , 116 , (20 2 16 14 6) , 1323 , ((6 * 16) + 20)
2020.08.18-21.06.21,v1.05-4-g34a40bf,10 , 116 , (20 2 16 14 6) , 207 , ((6 * 16) + 20)
2020.08.18-21.06.21,v1.05-4-g34a40bf,11 , 116 , (20 2 16 14 6) , 3349 , ((6 * 16) + 20)
2020.08.18-21.06.21,v1.05-4-g34a40bf,12 , 116 , (20 2 16 14 6) , 4127 , ((16 * 6) + 20)
2020.08.18-21.06.21,v1.05-4-g34a40bf,13 , 116 , (20 2 16 14 6) , 526 , ((6 * 16) + 20)
2020.08.18-21.06.21,v1.05-4-g34a40bf,14 , 116 , (20 2 16 14 6) , 2386 , ((6 * 16) + 20)
2020.08.18-21.06.21,v1.05-4-g34a40bf,15 , 116 , (20 2 16 14 6) , 5000 , none
2020.08.18-21.06.21,v1.05-4-g34a40bf,16 , 116 , (20 2 16 14 6) , 4947 , ((6 * 16) + 20)
2020.08.18-21.06.21,v1.05-4-g34a40bf,17 , 116 , (20 2 16 14 6) , 5000 , none
2020.08.18-21.06.21,v1.05-4-g34a40bf,18 , 116 , (20 2 16 14 6) , 5000 , none
2020.08.18-21.06.21,v1.05-4-g34a40bf,19 , 116 , (20 2 16 14 6) , 2351 , ((6 * 14) + (16 * 2))
2020.08.18-21.06.21,v1.05-4-g34a40bf,20 , 116 , (20 2 16 14 6) , 1379 , ((6 * 16) + 20)
2020.08.18-21.06.21,v1.05-4-g34a40bf,21 , 116 , (20 2 16 14 6) , 4075 , ((16 * 6) + 20)
2020.08.18-21.06.21,v1.05-4-g34a40bf,22 , 116 , (20 2 16 14 6) , 5000 , none
2020.08.18-21.06.21,v1.05-4-g34a40bf,23 , 116 , (20 2 16 14 6) , 5000 , none
2020.08.18-21.06.21,v1.05-4-g34a40bf,24 , 116 , (20 2 16 14 6) , 5000 , none
2020.08.18-21.06.21,v1.05-4-g34a40bf,25 , 116 , (20 2 16 14 6) , 2130 , ((6 * 16) + 20)
2020.08.18-21.06.21,v1.05-4-g34a40bf,26 , 116 , (20 2 16 14 6) , 2100 , ((6 * 16) + 20)
2020.08.18-21.06.21,v1.05-4-g34a40bf,27 , 116 , (20 2 16 14 6) , 2776 , ((16 * 6) + 20)
2020.08.18-21.06.21,v1.05-4-g34a40bf,28 , 116 , (20 2 16 14 6) , 5000 , none
2020.08.18-21.06.21,v1.05-4-g34a40bf,29 , 116 , (20 2 16 14 6) , 1167 , ((6 * 16) + 20)
2020.08.18-21.06.21,v1.05-4-g34a40bf,30 , 116 , (20 2 16 14 6) , 5000 , none
2020.08.18-21.06.21,v1.05-4-g34a40bf,31 , 116 , (20 2 16 14 6) , 167 , ((6 * 16) + 20)
2020.08.18-21.06.21,v1.05-4-g34a40bf,32 , 116 , (20 2 16 14 6) , 5000 , none
2020.08.18-21.06.21,v1.05-4-g34a40bf,33 , 116 , (20 2 16 14 6) , 2097 , ((6 * 16) + 20)
2020.08.18-21.06.21,v1.05-4-g34a40bf,34 , 116 , (20 2 16 14 6) , 5000 , none
2020.08.18-21.06.21,v1.05-4-g34a40bf,35 , 116 , (20 2 16 14 6) , 5000 , none
2020.08.18-21.06.21,v1.05-4-g34a40bf,36 , 116 , (20 2 16 14 6) , 2958 , ((6 * 14) + (2 * 16))
2020.08.18-21.06.21,v1.05-4-g34a40bf,37 , 116 , (20 2 16 14 6) , 1150 , ((6 * 16) + 20)
2020.08.18-21.06.21,v1.05-4-g34a40bf,38 , 116 , (20 2 16 14 6) , 2967 , ((16 * 6) + 20)
2020.08.18-21.06.21,v1.05-4-g34a40bf,39 , 116 , (20 2 16 14 6) , 5000 , none
2020.08.18-21.06.21,v1.05-4-g34a40bf,40 , 116 , (20 2 16 14 6) , 34 , ((16 * 6) + 20)
2020.08.18-21.06.21,v1.05-4-g34a40bf,41 , 116 , (20 2 16 14 6) , 5000 , none
2020.08.18-21.06.21,v1.05-4-g34a40bf,42 , 116 , (20 2 16 14 6) , 1046 , ((6 * 16) + 20)
2020.08.18-21.06.21,v1.05-4-g34a40bf,43 , 116 , (20 2 16 14 6) , 1454 , ((16 * 6) + 20)
2020.08.18-21.06.21,v1.05-4-g34a40bf,44 , 116 , (20 2 16 14 6) , 155 , ((6 * 16) + 20)
2020.08.18-21.06.21,v1.05-4-g34a40bf,45 , 116 , (20 2 16 14 6) , 4237 , ((6 * 20) - (20 - 16))
2020.08.18-21.06.21,v1.05-4-g34a40bf,46 , 116 , (20 2 16 14 6) , 186 , ((16 * 6) + 20)
2020.08.18-21.06.21,v1.05-4-g34a40bf,47 , 116 , (20 2 16 14 6) , 1698 , ((6 * 16) + 20)
2020.08.18-21.06.21,v1.05-4-g34a40bf,48 , 116 , (20 2 16 14 6) , 5000 , none
2020.08.18-21.06.21,v1.05-4-g34a40bf,49 , 116 , (20 2 16 14 6) , 1234 , ((6 * 16) + 20)
2020.08.18-21.06.21,v1.05-4-g34a40bf,50 , 116 , (20 2 16 14 6) , 2000 , ((6 * 16) + 20)
2020.08.18-21.06.21,v1.05-4-g34a40bf,51 , 116 , (20 2 16 14 6) , 5000 , none
2020.08.18-21.06.21,v1.05-4-g34a40bf,52 , 116 , (20 2 16 14 6) , 5000 , none
2020.08.18-21.06.21,v1.05-4-g34a40bf,53 , 116 , (20 2 16 14 6) , 5000 , none
2020.08.18-21.06.21,v1.05-4-g34a40bf,54 , 116 , (20 2 16 14 6) , 1084 , ((6 * 16) + 20)
2020.08.18-21.06.21,v1.05-4-g34a40bf,55 , 116 , (20 2 16 14 6) , 5000 , none
2020.08.18-21.06.21,v1.05-4-g34a40bf,56 , 116 , (20 2 16 14 6) , 574 , ((6 * 16) + 20)
2020.08.18-21.06.21,v1.05-4-g34a40bf,57 , 116 , (20 2 16 14 6) , 59 , ((6 * 16) + 20)
2020.08.18-21.06.21,v1.05-4-g34a40bf,58 , 116 , (20 2 16 14 6) , 4538 , ((6 * 16) + 20)
2020.08.18-21.06.21,v1.05-4-g34a40bf,59 , 116 , (20 2 16 14 6) , 3865 , ((6 * 14) + (2 * 16))
2020.08.18-21.06.21,v1.05-4-g34a40bf,60 , 116 , (20 2 16 14 6) , 117 , ((16 * 6) + 20)
2020.08.18-21.06.21,v1.05-4-g34a40bf,61 , 116 , (20 2 16 14 6) , 1407 , ((6 * 16) + 20)
2020.08.18-21.06.21,v1.05-4-g34a40bf,62 , 116 , (20 2 16 14 6) , 5000 , none
2020.08.18-21.06.21,v1.05-4-g34a40bf,63 , 116 , (20 2 16 14 6) , 70 , ((16 * 6) + 20)
2020.08.18-21.06.21,v1.05-4-g34a40bf,64 , 116 , (20 2 16 14 6) , 3471 , ((6 * 16) + 20)
2020.08.18-21.06.21,v1.05-4-g34a40bf,65 , 116 , (20 2 16 14 6) , 5000 , none
2020.08.18-21.06.21,v1.05-4-g34a40bf,66 , 116 , (20 2 16 14 6) , 186 , ((6 * 16) + 20)
2020.08.18-21.06.21,v1.05-4-g34a40bf,67 , 116 , (20 2 16 14 6) , 646 , ((6 * 16) + 20)
2020.08.18-21.06.21,v1.05-4-g34a40bf,68 , 116 , (20 2 16 14 6) , 3078 , ((6 * 16) + 20)
2020.08.18-21.06.21,v1.05-4-g34a40bf,69 , 116 , (20 2 16 14 6) , 5000 , none
2020.08.18-21.06.21,v1.05-4-g34a40bf,70 , 116 , (20 2 16 14 6) , 3515 , ((6 * 16) + 20)
2020.08.18-21.06.21,v1.05-4-g34a40bf,71 , 116 , (20 2 16 14 6) , 5000 , none
2020.08.18-21.06.21,v1.05-4-g34a40bf,72 , 116 , (20 2 16 14 6) , 5000 , none
2020.08.18-21.06.21,v1.05-4-g34a40bf,73 , 116 , (20 2 16 14 6) , 5000 , none
2020.08.18-21.06.21,v1.05-4-g34a40bf,74 , 116 , (20 2 16 14 6) , 955 , ((6 * 16) + 20)
2020.08.18-21.06.21,v1.05-4-g34a40bf,75 , 116 , (20 2 16 14 6) , 4709 , ((6 * 14) + (2 * 16))
2020.08.18-21.06.21,v1.05-4-g34a40bf,76 , 116 , (20 2 16 14 6) , 5000 , none
2020.08.18-21.06.21,v1.05-4-g34a40bf,77 , 116 , (20 2 16 14 6) , 538 , ((14 * 6) + (2 * 16))
2020.08.18-21.06.21,v1.05-4-g34a40bf,78 , 116 , (20 2 16 14 6) , 3533 , ((6 * 16) + 20)
2020.08.18-21.06.21,v1.05-4-g34a40bf,79 , 116 , (20 2 16 14 6) , 5000 , none
2020.08.18-21.06.21,v1.05-4-g34a40bf,80 , 116 , (20 2 16 14 6) , 2860 , ((16 * 6) + 20)
2020.08.18-21.06.21,v1.05-4-g34a40bf,81 , 116 , (20 2 16 14 6) , 116 , ((6 * 16) + 20)
2020.08.18-21.06.21,v1.05-4-g34a40bf,82 , 116 , (20 2 16 14 6) , 2582 , ((6 * 16) + 20)
2020.08.18-21.06.21,v1.05-4-g34a40bf,83 , 116 , (20 2 16 14 6) , 399 , ((6 * 16) + 20)
2020.08.18-21.06.21,v1.05-4-g34a40bf,84 , 116 , (20 2 16 14 6) , 1293 , ((6 * 16) + 20)
2020.08.18-21.06.21,v1.05-4-g34a40bf,85 , 116 , (20 2 16 14 6) , 5000 , none
2020.08.18-21.06.21,v1.05-4-g34a40bf,86 , 116 , (20 2 16 14 6) , 4098 , ((6 * 16) + 20)
2020.08.18-21.06.21,v1.05-4-g34a40bf,87 , 116 , (20 2 16 14 6) , 2091 , ((6 * 16) + 20)
2020.08.18-21.06.21,v1.05-4-g34a40bf,88 , 116 , (20 2 16 14 6) , 230 , ((16 * 6) + 20)
2020.08.18-21.06.21,v1.05-4-g34a40bf,89 , 116 , (20 2 16 14 6) , 1144 , ((6 * 16) + 20)
2020.08.18-21.06.21,v1.05-4-g34a40bf,90 , 116 , (20 2 16 14 6) , 390 , ((6 * 16) + 20)
2020.08.18-21.06.21,v1.05-4-g34a40bf,91 , 116 , (20 2 16 14 6) , 1506 , ((6 * 16) + 20)
2020.08.18-21.06.21,v1.05-4-g34a40bf,92 , 116 , (20 2 16 14 6) , 5000 , none
2020.08.18-21.06.21,v1.05-4-g34a40bf,93 , 116 , (20 2 16 14 6) , 5000 , none
2020.08.18-21.06.21,v1.05-4-g34a40bf,94 , 116 , (20 2 16 14 6) , 1062 , ((6 * 16) + 20)
2020.08.18-21.06.21,v1.05-4-g34a40bf,95 , 116 , (20 2 16 14 6) , 2105 , ((16 * 6) + 20)
2020.08.18-21.06.21,v1.05-4-g34a40bf,96 , 116 , (20 2 16 14 6) , 5000 , none
2020.08.18-21.06.21,v1.05-4-g34a40bf,97 , 116 , (20 2 16 14 6) , 847 , ((6 * 16) + 20)
2020.08.18-21.06.21,v1.05-4-g34a40bf,98 , 116 , (20 2 16 14 6) , 1767 , ((6 * 16) + 20)
2020.08.18-21.06.21,v1.05-4-g34a40bf,99 , 116 , (20 2 16 14 6) , 729 , ((6 * 16) + 20)
2020.08.18-21.06.21,v1.05-4-g34a40bf,0 , 127 , (7 6 4 22 25) , 5000 , none
2020.08.18-21.06.21,v1.05-4-g34a40bf,1 , 127 , (7 6 4 22 25) , 5000 , none
2020.08.18-21.06.21,v1.05-4-g34a40bf,2 , 127 , (7 6 4 22 25) , 5000 , none
2020.08.18-21.06.21,v1.05-4-g34a40bf,3 , 127 , (7 6 4 22 25) , 5000 , none
2020.08.18-21.06.21,v1.05-4-g34a40bf,4 , 127 , (7 6 4 22 25) , 5000 , none
2020.08.18-21.06.21,v1.05-4-g34a40bf,5 , 127 , (7 6 4 22 25) , 5000 , none
2020.08.18-21.06.21,v1.05-4-g34a40bf,6 , 127 , (7 6 4 22 25) , 5000 , none
2020.08.18-21.06.21,v1.05-4-g34a40bf,7 , 127 , (7 6 4 22 25) , 5000 , none
2020.08.18-21.06.21,v1.05-4-g34a40bf,8 , 127 , (7 6 4 22 25) , 5000 , none
2020.08.18-21.06.21,v1.05-4-g34a40bf,9 , 127 , (7 6 4 22 25) , 5000 , none
2020.08.18-21.06.21,v1.05-4-g34a40bf,10 , 127 , (7 6 4 22 25) , 5000 , none
2020.08.18-21.06.21,v1.05-4-g34a40bf,11 , 127 , (7 6 4 22 25) , 5000 , none
2020.08.18-21.06.21,v1.05-4-g34a40bf,12 , 127 , (7 6 4 22 25) , 5000 , none
2020.08.18-21.06.21,v1.05-4-g34a40bf,13 , 127 , (7 6 4 22 25) , 5000 , none
2020.08.18-21.06.21,v1.05-4-g34a40bf,14 , 127 , (7 6 4 22 25) , 5000 , none
2020.08.18-21.06.21,v1.05-4-g34a40bf,15 , 127 , (7 6 4 22 25) , 5000 , none
2020.08.18-21.06.21,v1.05-4-g34a40bf,16 , 127 , (7 6 4 22 25) , 5000 , none
2020.08.18-21.06.21,v1.05-4-g34a40bf,17 , 127 , (7 6 4 22 25) , 5000 , none
2020.08.18-21.06.21,v1.05-4-g34a40bf,18 , 127 , (7 6 4 22 25) , 5000 , none
2020.08.18-21.06.21,v1.05-4-g34a40bf,19 , 127 , (7 6 4 22 25) , 5000 , none
2020.08.18-21.06.21,v1.05-4-g34a40bf,20 , 127 , (7 6 4 22 25) , 5000 , none
2020.08.18-21.06.21,v1.05-4-g34a40bf,21 , 127 , (7 6 4 22 25) , 5000 , none
2020.08.18-21.06.21,v1.05-4-g34a40bf,22 , 127 , (7 6 4 22 25) , 5000 , none
2020.08.18-21.06.21,v1.05-4-g34a40bf,23 , 127 , (7 6 4 22 25) , 5000 , none
2020.08.18-21.06.21,v1.05-4-g34a40bf,24 , 127 , (7 6 4 22 25) , 5000 , none
2020.08.18-21.06.21,v1.05-4-g34a40bf,25 , 127 , (7 6 4 22 25) , 5000 , none
2020.08.18-21.06.21,v1.05-4-g34a40bf,26 , 127 , (7 6 4 22 25) , 5000 , none
2020.08.18-21.06.21,v1.05-4-g34a40bf,27 , 127 , (7 6 4 22 25) , 5000 , none
2020.08.18-21.06.21,v1.05-4-g34a40bf,28 , 127 , (7 6 4 22 25) , 5000 , none
2020.08.18-21.06.21,v1.05-4-g34a40bf,29 , 127 , (7 6 4 22 25) , 5000 , none
2020.08.18-21.06.21,v1.05-4-g34a40bf,30 , 127 , (7 6 4 22 25) , 5000 , none
2020.08.18-21.06.21,v1.05-4-g34a40bf,31 , 127 , (7 6 4 22 25) , 5000 , none
2020.08.18-21.06.21,v1.05-4-g34a40bf,32 , 127 , (7 6 4 22 25) , 5000 , none
2020.08.18-21.06.21,v1.05-4-g34a40bf,33 , 127 , (7 6 4 22 25) , 5000 , none
2020.08.18-21.06.21,v1.05-4-g34a40bf,34 , 127 , (7 6 4 22 25) , 5000 , none
2020.08.18-21.06.21,v1.05-4-g34a40bf,35 , 127 , (7 6 4 22 25) , 5000 , none
2020.08.18-21.06.21,v1.05-4-g34a40bf,36 , 127 , (7 6 4 22 25) , 5000 , none
2020.08.18-21.06.21,v1.05-4-g34a40bf,37 , 127 , (7 6 4 22 25) , 5000 , none
2020.08.18-21.06.21,v1.05-4-g34a40bf,38 , 127 , (7 6 4 22 25) , 5000 , none
2020.08.18-21.06.21,v1.05-4-g34a40bf,39 , 127 , (7 6 4 22 25) , 5000 , none
2020.08.18-21.06.21,v1.05-4-g34a40bf,40 , 127 , (7 6 4 22 25) , 5000 , none
2020.08.18-21.06.21,v1.05-4-g34a40bf,41 , 127 , (7 6 4 22 25) , 5000 , none
2020.08.18-21.06.21,v1.05-4-g34a40bf,42 , 127 , (7 6 4 22 25) , 5000 , none
2020.08.18-21.06.21,v1.05-4-g34a40bf,43 , 127 , (7 6 4 22 25) , 5000 , none
2020.08.18-21.06.21,v1.05-4-g34a40bf,44 , 127 , (7 6 4 22 25) , 5000 , none
2020.08.18-21.06.21,v1.05-4-g34a40bf,45 , 127 , (7 6 4 22 25) , 5000 , none
2020.08.18-21.06.21,v1.05-4-g34a40bf,46 , 127 , (7 6 4 22 25) , 5000 , none
2020.08.18-21.06.21,v1.05-4-g34a40bf,47 , 127 , (7 6 4 22 25) , 5000 , none
2020.08.18-21.06.21,v1.05-4-g34a40bf,48 , 127 , (7 6 4 22 25) , 5000 , none
2020.08.18-21.06.21,v1.05-4-g34a40bf,49 , 127 , (7 6 4 22 25) , 5000 , none
2020.08.18-21.06.21,v1.05-4-g34a40bf,50 , 127 , (7 6 4 22 25) , 5000 , none
2020.08.18-21.06.21,v1.05-4-g34a40bf,51 , 127 , (7 6 4 22 25) , 5000 , none
2020.08.18-21.06.21,v1.05-4-g34a40bf,52 , 127 , (7 6 4 22 25) , 5000 , none
2020.08.18-21.06.21,v1.05-4-g34a40bf,53 , 127 , (7 6 4 22 25) , 5000 , none
2020.08.18-21.06.21,v1.05-4-g34a40bf,54 , 127 , (7 6 4 22 25) , 5000 , none
2020.08.18-21.06.21,v1.05-4-g34a40bf,55 , 127 , (7 6 4 22 25) , 5000 , none
2020.08.18-21.06.21,v1.05-4-g34a40bf,56 , 127 , (7 6 4 22 25) , 5000 , none
2020.08.18-21.06.21,v1.05-4-g34a40bf,57 , 127 , (7 6 4 22 25) , 5000 , none
2020.08.18-21.06.21,v1.05-4-g34a40bf,58 , 127 , (7 6 4 22 25) , 5000 , none
2020.08.18-21.06.21,v1.05-4-g34a40bf,59 , 127 , (7 6 4 22 25) , 5000 , none
2020.08.18-21.06.21,v1.05-4-g34a40bf,60 , 127 , (7 6 4 22 25) , 5000 , none
2020.08.18-21.06.21,v1.05-4-g34a40bf,61 , 127 , (7 6 4 22 25) , 5000 , none
2020.08.18-21.06.21,v1.05-4-g34a40bf,62 , 127 , (7 6 4 22 25) , 5000 , none
2020.08.18-21.06.21,v1.05-4-g34a40bf,63 , 127 , (7 6 4 22 25) , 5000 , none
2020.08.18-21.06.21,v1.05-4-g34a40bf,64 , 127 , (7 6 4 22 25) , 5000 , none
2020.08.18-21.06.21,v1.05-4-g34a40bf,65 , 127 , (7 6 4 22 25) , 5000 , none
2020.08.18-21.06.21,v1.05-4-g34a40bf,66 , 127 , (7 6 4 22 25) , 5000 , none
2020.08.18-21.06.21,v1.05-4-g34a40bf,67 , 127 , (7 6 4 22 25) , 5000 , none
2020.08.18-21.06.21,v1.05-4-g34a40bf,68 , 127 , (7 6 4 22 25) , 5000 , none
2020.08.18-21.06.21,v1.05-4-g34a40bf,69 , 127 , (7 6 4 22 25) , 5000 , none
2020.08.18-21.06.21,v1.05-4-g34a40bf,70 , 127 , (7 6 4 22 25) , 5000 , none
2020.08.18-21.06.21,v1.05-4-g34a40bf,71 , 127 , (7 6 4 22 25) , 5000 , none
2020.08.18-21.06.21,v1.05-4-g34a40bf,72 , 127 , (7 6 4 22 25) , 5000 , none
2020.08.18-21.06.21,v1.05-4-g34a40bf,73 , 127 , (7 6 4 22 25) , 5000 , none
2020.08.18-21.06.21,v1.05-4-g34a40bf,74 , 127 , (7 6 4 22 25) , 5000 , none
2020.08.18-21.06.21,v1.05-4-g34a40bf,75 , 127 , (7 6 4 22 25) , 5000 , none
2020.08.18-21.06.21,v1.05-4-g34a40bf,76 , 127 , (7 6 4 22 25) , 5000 , none
2020.08.18-21.06.21,v1.05-4-g34a40bf,77 , 127 , (7 6 4 22 25) , 5000 , none
2020.08.18-21.06.21,v1.05-4-g34a40bf,78 , 127 , (7 6 4 22 25) , 5000 , none
2020.08.18-21.06.21,v1.05-4-g34a40bf,79 , 127 , (7 6 4 22 25) , 5000 , none
2020.08.18-21.06.21,v1.05-4-g34a40bf,80 , 127 , (7 6 4 22 25) , 5000 , none
2020.08.18-21.06.21,v1.05-4-g34a40bf,81 , 127 , (7 6 4 22 25) , 5000 , none
2020.08.18-21.06.21,v1.05-4-g34a40bf,82 , 127 , (7 6 4 22 25) , 5000 , none
2020.08.18-21.06.21,v1.05-4-g34a40bf,83 , 127 , (7 6 4 22 25) , 5000 , none
2020.08.18-21.06.21,v1.05-4-g34a40bf,84 , 127 , (7 6 4 22 25) , 5000 , none
2020.08.18-21.06.21,v1.05-4-g34a40bf,85 , 127 , (7 6 4 22 25) , 5000 , none
2020.08.18-21.06.21,v1.05-4-g34a40bf,86 , 127 , (7 6 4 22 25) , 5000 , none
2020.08.18-21.06.21,v1.05-4-g34a40bf,87 , 127 , (7 6 4 22 25) , 5000 , none
2020.08.18-21.06.21,v1.05-4-g34a40bf,88 , 127 , (7 6 4 22 25) , 5000 , none
2020.08.18-21.06.21,v1.05-4-g34a40bf,89 , 127 , (7 6 4 22 25) , 5000 , none
2020.08.18-21.06.21,v1.05-4-g34a40bf,90 , 127 , (7 6 4 22 25) , 5000 , none
2020.08.18-21.06.21,v1.05-4-g34a40bf,91 , 127 , (7 6 4 22 25) , 5000 , none
2020.08.18-21.06.21,v1.05-4-g34a40bf,92 , 127 , (7 6 4 22 25) , 5000 , none
2020.08.18-21.06.21,v1.05-4-g34a40bf,93 , 127 , (7 6 4 22 25) , 5000 , none
2020.08.18-21.06.21,v1.05-4-g34a40bf,94 , 127 , (7 6 4 22 25) , 5000 , none
2020.08.18-21.06.21,v1.05-4-g34a40bf,95 , 127 , (7 6 4 22 25) , 5000 , none
2020.08.18-21.06.21,v1.05-4-g34a40bf,96 , 127 , (7 6 4 22 25) , 5000 , none
2020.08.18-21.06.21,v1.05-4-g34a40bf,97 , 127 , (7 6 4 22 25) , 5000 , none
2020.08.18-21.06.21,v1.05-4-g34a40bf,98 , 127 , (7 6 4 22 25) , 5000 , none
2020.08.18-21.06.21,v1.05-4-g34a40bf,99 , 127 , (7 6 4 22 25) , 5000 , none
2020.08.18-21.06.21,v1.05-4-g34a40bf,0 , 41 , (5 16 22 25 1) , 39 , (16 + 25)
2020.08.18-21.06.21,v1.05-4-g34a40bf,1 , 41 , (5 16 22 25 1) , 4827 , (16 + 25)
2020.08.18-21.06.21,v1.05-4-g34a40bf,2 , 41 , (5 16 22 25 1) , 4197 , (25 + 16)
2020.08.18-21.06.21,v1.05-4-g34a40bf,3 , 41 , (5 16 22 25 1) , 394 , (25 + 16)
2020.08.18-21.06.21,v1.05-4-g34a40bf,4 , 41 , (5 16 22 25 1) , 5000 , none
2020.08.18-21.06.21,v1.05-4-g34a40bf,5 , 41 , (5 16 22 25 1) , 5000 , none
2020.08.18-21.06.21,v1.05-4-g34a40bf,6 , 41 , (5 16 22 25 1) , 5000 , none
2020.08.18-21.06.21,v1.05-4-g34a40bf,7 , 41 , (5 16 22 25 1) , 5000 , none
2020.08.18-21.06.21,v1.05-4-g34a40bf,8 , 41 , (5 16 22 25 1) , 195 , (16 + 25)
2020.08.18-21.06.21,v1.05-4-g34a40bf,9 , 41 , (5 16 22 25 1) , 417 , (16 + 25)
2020.08.18-21.06.21,v1.05-4-g34a40bf,10 , 41 , (5 16 22 25 1) , 1671 , (16 + 25)
2020.08.18-21.06.21,v1.05-4-g34a40bf,11 , 41 , (5 16 22 25 1) , 5000 , none
2020.08.18-21.06.21,v1.05-4-g34a40bf,12 , 41 , (5 16 22 25 1) , 5000 , none
2020.08.18-21.06.21,v1.05-4-g34a40bf,13 , 41 , (5 16 22 25 1) , 5000 , none
2020.08.18-21.06.21,v1.05-4-g34a40bf,14 , 41 , (5 16 22 25 1) , 5000 , none
2020.08.18-21.06.21,v1.05-4-g34a40bf,15 , 41 , (5 16 22 25 1) , 5000 , none
2020.08.18-21.06.21,v1.05-4-g34a40bf,16 , 41 , (5 16 22 25 1) , 5000 , none
2020.08.18-21.06.21,v1.05-4-g34a40bf,17 , 41 , (5 16 22 25 1) , 5000 , none
2020.08.18-21.06.21,v1.05-4-g34a40bf,18 , 41 , (5 16 22 25 1) , 5000 , none
2020.08.18-21.06.21,v1.05-4-g34a40bf,19 , 41 , (5 16 22 25 1) , 5000 , none
2020.08.18-21.06.21,v1.05-4-g34a40bf,20 , 41 , (5 16 22 25 1) , 777 , (25 + 16)
2020.08.18-21.06.21,v1.05-4-g34a40bf,21 , 41 , (5 16 22 25 1) , 435 , (16 + 25)
2020.08.18-21.06.21,v1.05-4-g34a40bf,22 , 41 , (5 16 22 25 1) , 5000 , none
2020.08.18-21.06.21,v1.05-4-g34a40bf,23 , 41 , (5 16 22 25 1) , 5000 , none
2020.08.18-21.06.21,v1.05-4-g34a40bf,24 , 41 , (5 16 22 25 1) , 87 , (16 + 25)
2020.08.18-21.06.21,v1.05-4-g34a40bf,25 , 41 , (5 16 22 25 1) , 5000 , none
2020.08.18-21.06.21,v1.05-4-g34a40bf,26 , 41 , (5 16 22 25 1) , 5000 , none
2020.08.18-21.06.21,v1.05-4-g34a40bf,27 , 41 , (5 16 22 25 1) , 5000 , none
2020.08.18-21.06.21,v1.05-4-g34a40bf,28 , 41 , (5 16 22 25 1) , 5000 , none
2020.08.18-21.06.21,v1.05-4-g34a40bf,29 , 41 , (5 16 22 25 1) , 5000 , none
2020.08.18-21.06.21,v1.05-4-g34a40bf,30 , 41 , (5 16 22 25 1) , 5000 , none
2020.08.18-21.06.21,v1.05-4-g34a40bf,31 , 41 , (5 16 22 25 1) , 5000 , none
2020.08.18-21.06.21,v1.05-4-g34a40bf,32 , 41 , (5 16 22 25 1) , 5000 , none
2020.08.18-21.06.21,v1.05-4-g34a40bf,33 , 41 , (5 16 22 25 1) , 495 , (25 + 16)
2020.08.18-21.06.21,v1.05-4-g34a40bf,34 , 41 , (5 16 22 25 1) , 5000 , none
2020.08.18-21.06.21,v1.05-4-g34a40bf,35 , 41 , (5 16 22 25 1) , 81 , (16 + 25)
2020.08.18-21.06.21,v1.05-4-g34a40bf,36 , 41 , (5 16 22 25 1) , 5000 , none
2020.08.18-21.06.21,v1.05-4-g34a40bf,37 , 41 , (5 16 22 25 1) , 5000 , none
2020.08.18-21.06.21,v1.05-4-g34a40bf,38 , 41 , (5 16 22 25 1) , 5000 , none
2020.08.18-21.06.21,v1.05-4-g34a40bf,39 , 41 , (5 16 22 25 1) , 147 , (25 + 16)
2020.08.18-21.06.21,v1.05-4-g34a40bf,40 , 41 , (5 16 22 25 1) , 5000 , none
2020.08.18-21.06.21,v1.05-4-g34a40bf,41 , 41 , (5 16 22 25 1) , 5000 , none
2020.08.18-21.06.21,v1.05-4-g34a40bf,42 , 41 , (5 16 22 25 1) , 5000 , none
2020.08.18-21.06.21,v1.05-4-g34a40bf,43 , 41 , (5 16 22 25 1) , 42 , ((25 + 22) - (1 + 5))
2020.08.18-21.06.21,v1.05-4-g34a40bf,44 , 41 , (5 16 22 25 1) , 465 , (25 + 16)
2020.08.18-21.06.21,v1.05-4-g34a40bf,45 , 41 , (5 16 22 25 1) , 5000 , none
2020.08.18-21.06.21,v1.05-4-g34a40bf,46 , 41 , (5 16 22 25 1) , 5000 , none
2020.08.18-21.06.21,v1.05-4-g34a40bf,47 , 41 , (5 16 22 25 1) , 5000 , none
2020.08.18-21.06.21,v1.05-4-g34a40bf,48 , 41 , (5 16 22 25 1) , 4605 , (16 + 25)
2020.08.18-21.06.21,v1.05-4-g34a40bf,49 , 41 , (5 16 22 25 1) , 57 , (16 + 25)
2020.08.18-21.06.21,v1.05-4-g34a40bf,50 , 41 , (5 16 22 25 1) , 5000 , none
2020.08.18-21.06.21,v1.05-4-g34a40bf,51 , 41 , (5 16 22 25 1) , 1299 , (16 + 25)
2020.08.18-21.06.21,v1.05-4-g34a40bf,52 , 41 , (5 16 22 25 1) , 5000 , none
2020.08.18-21.06.21,v1.05-4-g34a40bf,53 , 41 , (5 16 22 25 1) , 3585 , (25 + 16)
2020.08.18-21.06.21,v1.05-4-g34a40bf,54 , 41 , (5 16 22 25 1) , 5000 , none
2020.08.18-21.06.21,v1.05-4-g34a40bf,55 , 41 , (5 16 22 25 1) , 5000 , none
2020.08.18-21.06.21,v1.05-4-g34a40bf,56 , 41 , (5 16 22 25 1) , 231 , (16 + 25)
2020.08.18-21.06.21,v1.05-4-g34a40bf,57 , 41 , (5 16 22 25 1) , 5000 , none
2020.08.18-21.06.21,v1.05-4-g34a40bf,58 , 41 , (5 16 22 25 1) , 5000 , none
2020.08.18-21.06.21,v1.05-4-g34a40bf,59 , 41 , (5 16 22 25 1) , 5000 , none
2020.08.18-21.06.21,v1.05-4-g34a40bf,60 , 41 , (5 16 22 25 1) , 5000 , none
2020.08.18-21.06.21,v1.05-4-g34a40bf,61 , 41 , (5 16 22 25 1) , 5000 , none
2020.08.18-21.06.21,v1.05-4-g34a40bf,62 , 41 , (5 16 22 25 1) , 4469 , ((25 + 22) - (1 + 5))
2020.08.18-21.06.21,v1.05-4-g34a40bf,63 , 41 , (5 16 22 25 1) , 405 , (25 + 16)
2020.08.18-21.06.21,v1.05-4-g34a40bf,64 , 41 , (5 16 22 25 1) , 4455 , (16 + 25)
2020.08.18-21.06.21,v1.05-4-g34a40bf,65 , 41 , (5 16 22 25 1) , 5000 , none
2020.08.18-21.06.21,v1.05-4-g34a40bf,66 , 41 , (5 16 22 25 1) , 5000 , none
2020.08.18-21.06.21,v1.05-4-g34a40bf,67 , 41 , (5 16 22 25 1) , 132 , ((25 + 22) - (1 + 5))
2020.08.18-21.06.21,v1.05-4-g34a40bf,68 , 41 , (5 16 22 25 1) , 1269 , (25 + 16)
2020.08.18-21.06.21,v1.05-4-g34a40bf,69 , 41 , (5 16 22 25 1) , 5000 , none
2020.08.18-21.06.21,v1.05-4-g34a40bf,70 , 41 , (5 16 22 25 1) , 299 , ((22 + 25) - (1 + 5))
2020.08.18-21.06.21,v1.05-4-g34a40bf,71 , 41 , (5 16 22 25 1) , 99 , (16 + 25)
2020.08.18-21.06.21,v1.05-4-g34a40bf,72 , 41 , (5 16 22 25 1) , 495 , (25 + 16)
2020.08.18-21.06.21,v1.05-4-g34a40bf,73 , 41 , (5 16 22 25 1) , 5000 , none
2020.08.18-21.06.21,v1.05-4-g34a40bf,74 , 41 , (5 16 22 25 1) , 5000 , none
2020.08.18-21.06.21,v1.05-4-g34a40bf,75 , 41 , (5 16 22 25 1) , 5000 , none
2020.08.18-21.06.21,v1.05-4-g34a40bf,76 , 41 , (5 16 22 25 1) , 137 , ((25 + 22) - (1 + 5))
2020.08.18-21.06.21,v1.05-4-g34a40bf,77 , 41 , (5 16 22 25 1) , 34 , (25 + 16)
2020.08.18-21.06.21,v1.05-4-g34a40bf,78 , 41 , (5 16 22 25 1) , 5000 , none
2020.08.18-21.06.21,v1.05-4-g34a40bf,79 , 41 , (5 16 22 25 1) , 5000 , none
2020.08.18-21.06.21,v1.05-4-g34a40bf,80 , 41 , (5 16 22 25 1) , 5000 , none
2020.08.18-21.06.21,v1.05-4-g34a40bf,81 , 41 , (5 16 22 25 1) , 51 , (16 + 25)
2020.08.18-21.06.21,v1.05-4-g34a40bf,82 , 41 , (5 16 22 25 1) , 5000 , none
2020.08.18-21.06.21,v1.05-4-g34a40bf,83 , 41 , (5 16 22 25 1) , 5000 , none
2020.08.18-21.06.21,v1.05-4-g34a40bf,84 , 41 , (5 16 22 25 1) , 5000 , none
2020.08.18-21.06.21,v1.05-4-g34a40bf,85 , 41 , (5 16 22 25 1) , 5000 , none
2020.08.18-21.06.21,v1.05-4-g34a40bf,86 , 41 , (5 16 22 25 1) , 5000 , none
2020.08.18-21.06.21,v1.05-4-g34a40bf,87 , 41 , (5 16 22 25 1) , 2979 , (25 + 16)
2020.08.18-21.06.21,v1.05-4-g34a40bf,88 , 41 , (5 16 22 25 1) , 5000 , none
2020.08.18-21.06.21,v1.05-4-g34a40bf,89 , 41 , (5 16 22 25 1) , 3685 , ((22 + 25) - (5 + 1))
2020.08.18-21.06.21,v1.05-4-g34a40bf,90 , 41 , (5 16 22 25 1) , 189 , (16 + 25)
2020.08.18-21.06.21,v1.05-4-g34a40bf,91 , 41 , (5 16 22 25 1) , 5000 , none
2020.08.18-21.06.21,v1.05-4-g34a40bf,92 , 41 , (5 16 22 25 1) , 5000 , none
2020.08.18-21.06.21,v1.05-4-g34a40bf,93 , 41 , (5 16 22 25 1) , 167 , ((25 + 22) - (5 + 1))
2020.08.18-21.06.21,v1.05-4-g34a40bf,94 , 41 , (5 16 22 25 1) , 5000 , none
2020.08.18-21.06.21,v1.05-4-g34a40bf,95 , 41 , (5 16 22 25 1) , 4599 , (25 + 16)
2020.08.18-21.06.21,v1.05-4-g34a40bf,96 , 41 , (5 16 22 25 1) , 75 , (16 + 25)
2020.08.18-21.06.21,v1.05-4-g34a40bf,97 , 41 , (5 16 22 25 1) , 1929 , (25 + 16)
2020.08.18-21.06.21,v1.05-4-g34a40bf,98 , 41 , (5 16 22 25 1) , 5000 , none
2020.08.18-21.06.21,v1.05-4-g34a40bf,99 , 41 , (5 16 22 25 1) , 5000 , none
