2020.08.23-20.28.34,v1.05-10-g166922a,0 , 114 , (11 20 7 1 6) , 1140 , ((20 * 6) - (7 - 1)) , 11
2020.08.23-20.28.34,v1.05-10-g166922a,1 , 114 , (11 20 7 1 6) , 121 , ((6 * 20) - (7 - 1)) , 0
2020.08.23-20.28.34,v1.05-10-g166922a,2 , 114 , (11 20 7 1 6) , 1887 , ((6 * 20) - (7 - 1)) , 114
2020.08.23-20.28.34,v1.05-10-g166922a,3 , 114 , (11 20 7 1 6) , 121 , ((20 * 6) - (7 - 1)) , 1
2020.08.23-20.28.34,v1.05-10-g166922a,4 , 114 , (11 20 7 1 6) , 1090 , ((6 * 20) - (7 - 1)) , 13
2020.08.23-20.28.34,v1.05-10-g166922a,5 , 114 , (11 20 7 1 6) , 1568 , ((6 * 20) - (7 - 1)) , 128
2020.08.23-20.28.34,v1.05-10-g166922a,6 , 114 , (11 20 7 1 6) , 1501 , ((6 * 20) - (7 - 1)) , 40
2020.08.23-20.28.34,v1.05-10-g166922a,7 , 114 , (11 20 7 1 6) , 1957 , ((20 * 6) - (7 - 1)) , 67
2020.08.23-20.28.34,v1.05-10-g166922a,8 , 114 , (11 20 7 1 6) , 440 , ((6 * 20) - (7 - 1)) , 0
2020.08.23-20.28.34,v1.05-10-g166922a,9 , 114 , (11 20 7 1 6) , 370 , ((6 * 20) - (7 - 1)) , 9
2020.08.23-20.28.34,v1.05-10-g166922a,10 , 114 , (11 20 7 1 6) , 788 , ((6 * 20) - (7 - 1)) , 2
2020.08.23-20.28.34,v1.05-10-g166922a,11 , 114 , (11 20 7 1 6) , 963 , ((6 * 20) - (7 - 1)) , 0
2020.08.23-20.28.34,v1.05-10-g166922a,12 , 114 , (11 20 7 1 6) , 454 , ((20 * 6) - (7 - 1)) , 0
2020.08.23-20.28.34,v1.05-10-g166922a,13 , 114 , (11 20 7 1 6) , 1076 , ((6 * 20) - (7 - 1)) , 55
2020.08.23-20.28.34,v1.05-10-g166922a,14 , 114 , (11 20 7 1 6) , 150 , ((6 * 20) - (7 - 1)) , 0
2020.08.23-20.28.34,v1.05-10-g166922a,15 , 114 , (11 20 7 1 6) , 845 , ((6 * 20) - (7 - 1)) , 33
2020.08.23-20.28.34,v1.05-10-g166922a,16 , 114 , (11 20 7 1 6) , 1258 , ((20 * 6) - (7 - 1)) , 19
2020.08.23-20.28.34,v1.05-10-g166922a,17 , 114 , (11 20 7 1 6) , 449 , ((6 * 20) - (7 - 1)) , 8
2020.08.23-20.28.34,v1.05-10-g166922a,18 , 114 , (11 20 7 1 6) , 469 , ((6 * 20) - (7 - 1)) , 0
2020.08.23-20.28.34,v1.05-10-g166922a,19 , 114 , (11 20 7 1 6) , 368 , ((6 * 20) - (7 - 1)) , 14
2020.08.23-20.28.34,v1.05-10-g166922a,20 , 114 , (11 20 7 1 6) , 308 , ((6 * 20) - (7 - 1)) , 5
2020.08.23-20.28.34,v1.05-10-g166922a,21 , 114 , (11 20 7 1 6) , 454 , ((6 * 20) - (7 - 1)) , 11
2020.08.23-20.28.34,v1.05-10-g166922a,22 , 114 , (11 20 7 1 6) , 934 , ((6 * 20) - (7 - 1)) , 3
2020.08.23-20.28.34,v1.05-10-g166922a,23 , 114 , (11 20 7 1 6) , 163 , ((6 * 20) - (7 - 1)) , 4
2020.08.23-20.28.34,v1.05-10-g166922a,24 , 114 , (11 20 7 1 6) , 446 , ((6 * 20) - (7 - 1)) , 1
2020.08.23-20.28.34,v1.05-10-g166922a,25 , 114 , (11 20 7 1 6) , 117 , ((6 * 20) - (7 - 1)) , 0
2020.08.23-20.28.34,v1.05-10-g166922a,26 , 114 , (11 20 7 1 6) , 721 , ((6 * 20) - (7 - 1)) , 10
2020.08.23-20.28.34,v1.05-10-g166922a,27 , 114 , (11 20 7 1 6) , 1570 , ((6 * 20) - (7 - 1)) , 21
2020.08.23-20.28.34,v1.05-10-g166922a,28 , 114 , (11 20 7 1 6) , 659 , ((6 * 20) - (7 - 1)) , 46
2020.08.23-20.28.34,v1.05-10-g166922a,29 , 114 , (11 20 7 1 6) , 480 , ((6 * 20) - (7 - 1)) , 7
2020.08.23-20.28.34,v1.05-10-g166922a,30 , 114 , (11 20 7 1 6) , 148 , ((6 * 20) - (7 - 1)) , 0
2020.08.23-20.28.34,v1.05-10-g166922a,31 , 114 , (11 20 7 1 6) , 210 , ((6 * 20) - (7 - 1)) , 0
2020.08.23-20.28.34,v1.05-10-g166922a,32 , 114 , (11 20 7 1 6) , 2000 , none,  163
2020.08.23-20.28.34,v1.05-10-g166922a,33 , 114 , (11 20 7 1 6) , 541 , ((6 * 20) - (7 - 1)) , 26
2020.08.23-20.28.34,v1.05-10-g166922a,34 , 114 , (11 20 7 1 6) , 184 , ((6 * 20) - (7 - 1)) , 0
2020.08.23-20.28.34,v1.05-10-g166922a,35 , 114 , (11 20 7 1 6) , 486 , ((6 * 20) - (7 - 1)) , 26
2020.08.23-20.28.34,v1.05-10-g166922a,36 , 114 , (11 20 7 1 6) , 1058 , ((6 * 20) - (7 - 1)) , 0
2020.08.23-20.28.34,v1.05-10-g166922a,37 , 114 , (11 20 7 1 6) , 2000 , none,  43
2020.08.23-20.28.34,v1.05-10-g166922a,38 , 114 , (11 20 7 1 6) , 1816 , ((6 * 20) - (7 - 1)) , 35
2020.08.23-20.28.34,v1.05-10-g166922a,39 , 114 , (11 20 7 1 6) , 1165 , ((6 * 20) - (7 - 1)) , 57
2020.08.23-20.28.34,v1.05-10-g166922a,40 , 114 , (11 20 7 1 6) , 169 , ((6 * 20) - (7 - 1)) , 15
2020.08.23-20.28.34,v1.05-10-g166922a,41 , 114 , (11 20 7 1 6) , 145 , ((20 * 6) - (7 - 1)) , 0
2020.08.23-20.28.34,v1.05-10-g166922a,42 , 114 , (11 20 7 1 6) , 1450 , ((6 * 20) - (7 - 1)) , 95
2020.08.23-20.28.34,v1.05-10-g166922a,43 , 114 , (11 20 7 1 6) , 152 , ((20 * 6) - (7 - 1)) , 0
2020.08.23-20.28.34,v1.05-10-g166922a,44 , 114 , (11 20 7 1 6) , 769 , ((6 * 20) - (7 - 1)) , 24
2020.08.23-20.28.34,v1.05-10-g166922a,45 , 114 , (11 20 7 1 6) , 118 , ((6 * 20) - (7 - 1)) , 0
2020.08.23-20.28.34,v1.05-10-g166922a,46 , 114 , (11 20 7 1 6) , 1367 , ((6 * 20) - (7 - 1)) , 28
2020.08.23-20.28.34,v1.05-10-g166922a,47 , 114 , (11 20 7 1 6) , 2000 , none,  52
2020.08.23-20.28.34,v1.05-10-g166922a,48 , 114 , (11 20 7 1 6) , 103 , ((6 * 20) - (7 - 1)) , 0
2020.08.23-20.28.34,v1.05-10-g166922a,49 , 114 , (11 20 7 1 6) , 199 , ((6 * 20) - (7 - 1)) , 0
2020.08.23-20.28.34,v1.05-10-g166922a,50 , 114 , (11 20 7 1 6) , 324 , ((6 * 20) - (7 - 1)) , 17
2020.08.23-20.28.34,v1.05-10-g166922a,51 , 114 , (11 20 7 1 6) , 133 , ((6 * 20) - (7 - 1)) , 0
2020.08.23-20.28.34,v1.05-10-g166922a,52 , 114 , (11 20 7 1 6) , 145 , ((6 * 20) - (7 - 1)) , 0
2020.08.23-20.28.34,v1.05-10-g166922a,53 , 114 , (11 20 7 1 6) , 91 , ((6 * 20) - (7 - 1)) , 0
2020.08.23-20.28.34,v1.05-10-g166922a,54 , 114 , (11 20 7 1 6) , 907 , ((6 * 20) - (7 - 1)) , 26
2020.08.23-20.28.34,v1.05-10-g166922a,55 , 114 , (11 20 7 1 6) , 163 , ((6 * 20) - (7 - 1)) , 4
2020.08.23-20.28.34,v1.05-10-g166922a,56 , 114 , (11 20 7 1 6) , 1650 , ((6 * 20) - (7 - 1)) , 101
2020.08.23-20.28.34,v1.05-10-g166922a,57 , 114 , (11 20 7 1 6) , 1690 , ((6 * 20) - (7 - 1)) , 40
2020.08.23-20.28.34,v1.05-10-g166922a,58 , 114 , (11 20 7 1 6) , 1080 , ((6 * 20) - (7 - 1)) , 20
2020.08.23-20.28.34,v1.05-10-g166922a,59 , 114 , (11 20 7 1 6) , 1510 , ((6 * 20) - (7 - 1)) , 34
2020.08.23-20.28.34,v1.05-10-g166922a,60 , 114 , (11 20 7 1 6) , 179 , ((6 * 20) - (7 - 1)) , 2
2020.08.23-20.28.34,v1.05-10-g166922a,61 , 114 , (11 20 7 1 6) , 545 , ((6 * 20) - (7 - 1)) , 10
2020.08.23-20.28.34,v1.05-10-g166922a,62 , 114 , (11 20 7 1 6) , 390 , ((6 * 20) - (7 - 1)) , 15
2020.08.23-20.28.34,v1.05-10-g166922a,63 , 114 , (11 20 7 1 6) , 202 , ((6 * 20) - (7 - 1)) , 4
2020.08.23-20.28.34,v1.05-10-g166922a,64 , 114 , (11 20 7 1 6) , 2000 , none,  72
2020.08.23-20.28.34,v1.05-10-g166922a,65 , 114 , (11 20 7 1 6) , 103 , ((6 * 20) - (7 - 1)) , 2
2020.08.23-20.28.34,v1.05-10-g166922a,66 , 114 , (11 20 7 1 6) , 700 , ((6 * 20) - (7 - 1)) , 60
2020.08.23-20.28.34,v1.05-10-g166922a,67 , 114 , (11 20 7 1 6) , 907 , ((6 * 20) - (7 - 1)) , 58
2020.08.23-20.28.34,v1.05-10-g166922a,68 , 114 , (11 20 7 1 6) , 1144 , ((6 * 20) - (7 - 1)) , 49
2020.08.23-20.28.34,v1.05-10-g166922a,69 , 114 , (11 20 7 1 6) , 258 , ((6 * 20) - (7 - 1)) , 0
2020.08.23-20.28.34,v1.05-10-g166922a,70 , 114 , (11 20 7 1 6) , 452 , ((6 * 20) - (7 - 1)) , 0
2020.08.23-20.28.34,v1.05-10-g166922a,71 , 114 , (11 20 7 1 6) , 686 , ((6 * 20) - (7 - 1)) , 0
2020.08.23-20.28.34,v1.05-10-g166922a,72 , 114 , (11 20 7 1 6) , 147 , ((6 * 20) - (7 - 1)) , 0
2020.08.23-20.28.34,v1.05-10-g166922a,73 , 114 , (11 20 7 1 6) , 200 , ((20 * 6) - (7 - 1)) , 0
2020.08.23-20.28.34,v1.05-10-g166922a,74 , 114 , (11 20 7 1 6) , 272 , ((6 * 20) - (7 - 1)) , 12
2020.08.23-20.28.34,v1.05-10-g166922a,75 , 114 , (11 20 7 1 6) , 1010 , ((6 * 20) - (7 - 1)) , 49
2020.08.23-20.28.34,v1.05-10-g166922a,76 , 114 , (11 20 7 1 6) , 1190 , ((6 * 20) - (7 - 1)) , 0
2020.08.23-20.28.34,v1.05-10-g166922a,77 , 114 , (11 20 7 1 6) , 507 , ((6 * 20) - (7 - 1)) , 0
2020.08.23-20.28.34,v1.05-10-g166922a,78 , 114 , (11 20 7 1 6) , 1108 , ((6 * 20) - (7 - 1)) , 32
2020.08.23-20.28.34,v1.05-10-g166922a,79 , 114 , (11 20 7 1 6) , 56 , ((20 * 6) - (7 - 1)) , 0
2020.08.23-20.28.34,v1.05-10-g166922a,80 , 114 , (11 20 7 1 6) , 383 , ((6 * 20) - (7 - 1)) , 26
2020.08.23-20.28.34,v1.05-10-g166922a,81 , 114 , (11 20 7 1 6) , 170 , ((6 * 20) - (7 - 1)) , 0
2020.08.23-20.28.34,v1.05-10-g166922a,82 , 114 , (11 20 7 1 6) , 222 , ((6 * 20) - (7 - 1)) , 0
2020.08.23-20.28.34,v1.05-10-g166922a,83 , 114 , (11 20 7 1 6) , 708 , ((6 * 20) - (7 - 1)) , 9
2020.08.23-20.28.34,v1.05-10-g166922a,84 , 114 , (11 20 7 1 6) , 1122 , ((6 * 20) - (7 - 1)) , 12
2020.08.23-20.28.34,v1.05-10-g166922a,85 , 114 , (11 20 7 1 6) , 2000 , none,  57
2020.08.23-20.28.34,v1.05-10-g166922a,86 , 114 , (11 20 7 1 6) , 580 , ((6 * 20) - (7 - 1)) , 14
2020.08.23-20.28.34,v1.05-10-g166922a,87 , 114 , (11 20 7 1 6) , 331 , ((6 * 20) - (7 - 1)) , 0
2020.08.23-20.28.34,v1.05-10-g166922a,88 , 114 , (11 20 7 1 6) , 423 , ((6 * 20) - (7 - 1)) , 0
2020.08.23-20.28.34,v1.05-10-g166922a,89 , 114 , (11 20 7 1 6) , 930 , ((6 * 20) - (7 - 1)) , 11
2020.08.23-20.28.34,v1.05-10-g166922a,90 , 114 , (11 20 7 1 6) , 278 , ((6 * 20) - (7 - 1)) , 0
2020.08.23-20.28.34,v1.05-10-g166922a,91 , 114 , (11 20 7 1 6) , 317 , ((6 * 20) - (7 - 1)) , 0
2020.08.23-20.28.34,v1.05-10-g166922a,92 , 114 , (11 20 7 1 6) , 2000 , none,  115
2020.08.23-20.28.34,v1.05-10-g166922a,93 , 114 , (11 20 7 1 6) , 1440 , ((6 * 20) - (7 - 1)) , 0
2020.08.23-20.28.34,v1.05-10-g166922a,94 , 114 , (11 20 7 1 6) , 230 , ((6 * 20) - (7 - 1)) , 0
2020.08.23-20.28.34,v1.05-10-g166922a,95 , 114 , (11 20 7 1 6) , 1066 , ((6 * 20) - (7 - 1)) , 11
2020.08.23-20.28.34,v1.05-10-g166922a,96 , 114 , (11 20 7 1 6) , 114 , ((6 * 20) - (7 - 1)) , 0
2020.08.23-20.28.34,v1.05-10-g166922a,97 , 114 , (11 20 7 1 6) , 1796 , ((6 * 20) - (7 - 1)) , 62
2020.08.23-20.28.34,v1.05-10-g166922a,98 , 114 , (11 20 7 1 6) , 155 , ((6 * 20) - (7 - 1)) , 0
2020.08.23-20.28.34,v1.05-10-g166922a,99 , 114 , (11 20 7 1 6) , 183 , ((6 * 20) - (7 - 1)) , 0
2020.08.23-20.28.34,v1.05-10-g166922a,0 , 87 , (8 3 9 10 7) , 344 , ((9 * 10) - 3) , 38
2020.08.23-20.28.34,v1.05-10-g166922a,1 , 87 , (8 3 9 10 7) , 1766 , ((9 * 10) - 3) , 247
2020.08.23-20.28.34,v1.05-10-g166922a,2 , 87 , (8 3 9 10 7) , 2000 , none,  196
2020.08.23-20.28.34,v1.05-10-g166922a,3 , 87 , (8 3 9 10 7) , 2000 , none,  213
2020.08.23-20.28.34,v1.05-10-g166922a,4 , 87 , (8 3 9 10 7) , 424 , ((8 * 10) + 7) , 16
2020.08.23-20.28.34,v1.05-10-g166922a,5 , 87 , (8 3 9 10 7) , 740 , ((10 * 8) + 7) , 14
2020.08.23-20.28.34,v1.05-10-g166922a,6 , 87 , (8 3 9 10 7) , 84 , ((8 * 10) + 7) , 0
2020.08.23-20.28.34,v1.05-10-g166922a,7 , 87 , (8 3 9 10 7) , 2000 , none,  279
2020.08.23-20.28.34,v1.05-10-g166922a,8 , 87 , (8 3 9 10 7) , 460 , ((9 * 10) - 3) , 32
2020.08.23-20.28.34,v1.05-10-g166922a,9 , 87 , (8 3 9 10 7) , 2000 , none,  285
2020.08.23-20.28.34,v1.05-10-g166922a,10 , 87 , (8 3 9 10 7) , 465 , ((8 * 10) + 7) , 21
2020.08.23-20.28.34,v1.05-10-g166922a,11 , 87 , (8 3 9 10 7) , 2000 , none,  252
2020.08.23-20.28.34,v1.05-10-g166922a,12 , 87 , (8 3 9 10 7) , 1018 , ((8 * 10) + 7) , 82
2020.08.23-20.28.34,v1.05-10-g166922a,13 , 87 , (8 3 9 10 7) , 504 , ((9 * 10) - 3) , 64
2020.08.23-20.28.34,v1.05-10-g166922a,14 , 87 , (8 3 9 10 7) , 86 , ((9 * 10) - 3) , 0
2020.08.23-20.28.34,v1.05-10-g166922a,15 , 87 , (8 3 9 10 7) , 1469 , ((9 * 10) - 3) , 132
2020.08.23-20.28.34,v1.05-10-g166922a,16 , 87 , (8 3 9 10 7) , 293 , ((9 * 10) - 3) , 25
2020.08.23-20.28.34,v1.05-10-g166922a,17 , 87 , (8 3 9 10 7) , 2000 , none,  163
2020.08.23-20.28.34,v1.05-10-g166922a,18 , 87 , (8 3 9 10 7) , 1555 , ((9 * 10) - 3) , 216
2020.08.23-20.28.34,v1.05-10-g166922a,19 , 87 , (8 3 9 10 7) , 2000 , none,  280
2020.08.23-20.28.34,v1.05-10-g166922a,20 , 87 , (8 3 9 10 7) , 2000 , none,  292
2020.08.23-20.28.34,v1.05-10-g166922a,21 , 87 , (8 3 9 10 7) , 2000 , none,  289
2020.08.23-20.28.34,v1.05-10-g166922a,22 , 87 , (8 3 9 10 7) , 2000 , none,  120
2020.08.23-20.28.34,v1.05-10-g166922a,23 , 87 , (8 3 9 10 7) , 2000 , none,  272
2020.08.23-20.28.34,v1.05-10-g166922a,24 , 87 , (8 3 9 10 7) , 926 , ((9 * 10) - 3) , 64
2020.08.23-20.28.34,v1.05-10-g166922a,25 , 87 , (8 3 9 10 7) , 640 , ((10 * 8) + 7) , 84
2020.08.23-20.28.34,v1.05-10-g166922a,26 , 87 , (8 3 9 10 7) , 68 , ((10 * 7) + (9 + 8)) , 0
2020.08.23-20.28.34,v1.05-10-g166922a,27 , 87 , (8 3 9 10 7) , 1813 , ((9 * 10) - 3) , 226
2020.08.23-20.28.34,v1.05-10-g166922a,28 , 87 , (8 3 9 10 7) , 1327 , ((9 * 10) - 3) , 167
2020.08.23-20.28.34,v1.05-10-g166922a,29 , 87 , (8 3 9 10 7) , 2000 , none,  283
2020.08.23-20.28.34,v1.05-10-g166922a,30 , 87 , (8 3 9 10 7) , 1228 , ((9 * 10) - 3) , 142
2020.08.23-20.28.34,v1.05-10-g166922a,31 , 87 , (8 3 9 10 7) , 626 , ((10 * 8) + 7) , 77
2020.08.23-20.28.34,v1.05-10-g166922a,32 , 87 , (8 3 9 10 7) , 809 , ((9 * 10) - 3) , 55
2020.08.23-20.28.34,v1.05-10-g166922a,33 , 87 , (8 3 9 10 7) , 299 , ((8 * 10) + 7) , 21
2020.08.23-20.28.34,v1.05-10-g166922a,34 , 87 , (8 3 9 10 7) , 2000 , none,  135
2020.08.23-20.28.34,v1.05-10-g166922a,35 , 87 , (8 3 9 10 7) , 1252 , ((9 * 10) - 3) , 116
2020.08.23-20.28.34,v1.05-10-g166922a,36 , 87 , (8 3 9 10 7) , 1898 , ((9 * 10) - 3) , 233
2020.08.23-20.28.34,v1.05-10-g166922a,37 , 87 , (8 3 9 10 7) , 1215 , ((9 * 10) - 3) , 107
2020.08.23-20.28.34,v1.05-10-g166922a,38 , 87 , (8 3 9 10 7) , 1021 , ((9 * 10) - 3) , 126
2020.08.23-20.28.34,v1.05-10-g166922a,39 , 87 , (8 3 9 10 7) , 201 , ((9 * 10) - 3) , 0
2020.08.23-20.28.34,v1.05-10-g166922a,40 , 87 , (8 3 9 10 7) , 1965 , ((9 * 10) - 3) , 337
2020.08.23-20.28.34,v1.05-10-g166922a,41 , 87 , (8 3 9 10 7) , 300 , ((8 * 10) + 7) , 0
2020.08.23-20.28.34,v1.05-10-g166922a,42 , 87 , (8 3 9 10 7) , 1745 , ((10 * 8) + 7) , 148
2020.08.23-20.28.34,v1.05-10-g166922a,43 , 87 , (8 3 9 10 7) , 1071 , ((9 * 10) - 3) , 73
2020.08.23-20.28.34,v1.05-10-g166922a,44 , 87 , (8 3 9 10 7) , 877 , ((9 * 10) - 3) , 119
2020.08.23-20.28.34,v1.05-10-g166922a,45 , 87 , (8 3 9 10 7) , 608 , ((8 * 10) + 7) , 94
2020.08.23-20.28.34,v1.05-10-g166922a,46 , 87 , (8 3 9 10 7) , 85 , ((8 * 10) + 7) , 0
2020.08.23-20.28.34,v1.05-10-g166922a,47 , 87 , (8 3 9 10 7) , 2000 , none,  234
2020.08.23-20.28.34,v1.05-10-g166922a,48 , 87 , (8 3 9 10 7) , 2000 , none,  319
2020.08.23-20.28.34,v1.05-10-g166922a,49 , 87 , (8 3 9 10 7) , 84 , ((8 * 10) + 7) , 0
2020.08.23-20.28.34,v1.05-10-g166922a,50 , 87 , (8 3 9 10 7) , 945 , ((9 * 10) - 3) , 122
2020.08.23-20.28.34,v1.05-10-g166922a,51 , 87 , (8 3 9 10 7) , 2000 , none,  280
2020.08.23-20.28.34,v1.05-10-g166922a,52 , 87 , (8 3 9 10 7) , 401 , ((9 * 10) - 3) , 18
2020.08.23-20.28.34,v1.05-10-g166922a,53 , 87 , (8 3 9 10 7) , 1792 , ((9 * 10) - 3) , 240
2020.08.23-20.28.34,v1.05-10-g166922a,54 , 87 , (8 3 9 10 7) , 380 , ((9 * 10) - 3) , 4
2020.08.23-20.28.34,v1.05-10-g166922a,55 , 87 , (8 3 9 10 7) , 2000 , none,  249
2020.08.23-20.28.34,v1.05-10-g166922a,56 , 87 , (8 3 9 10 7) , 2000 , none,  221
2020.08.23-20.28.34,v1.05-10-g166922a,57 , 87 , (8 3 9 10 7) , 54 , ((8 * 10) + 7) , 0
2020.08.23-20.28.34,v1.05-10-g166922a,58 , 87 , (8 3 9 10 7) , 763 , ((9 * 10) - 3) , 97
2020.08.23-20.28.34,v1.05-10-g166922a,59 , 87 , (8 3 9 10 7) , 663 , ((9 * 10) - 3) , 65
2020.08.23-20.28.34,v1.05-10-g166922a,60 , 87 , (8 3 9 10 7) , 2000 , none,  236
2020.08.23-20.28.34,v1.05-10-g166922a,61 , 87 , (8 3 9 10 7) , 2000 , none,  292
2020.08.23-20.28.34,v1.05-10-g166922a,62 , 87 , (8 3 9 10 7) , 2000 , none,  72
2020.08.23-20.28.34,v1.05-10-g166922a,63 , 87 , (8 3 9 10 7) , 2000 , none,  108
2020.08.23-20.28.34,v1.05-10-g166922a,64 , 87 , (8 3 9 10 7) , 2000 , none,  346
2020.08.23-20.28.34,v1.05-10-g166922a,65 , 87 , (8 3 9 10 7) , 2000 , none,  278
2020.08.23-20.28.34,v1.05-10-g166922a,66 , 87 , (8 3 9 10 7) , 375 , ((8 * 10) + 7) , 0
2020.08.23-20.28.34,v1.05-10-g166922a,67 , 87 , (8 3 9 10 7) , 614 , ((9 * 10) - 3) , 38
2020.08.23-20.28.34,v1.05-10-g166922a,68 , 87 , (8 3 9 10 7) , 2000 , none,  212
2020.08.23-20.28.34,v1.05-10-g166922a,69 , 87 , (8 3 9 10 7) , 2000 , none,  174
2020.08.23-20.28.34,v1.05-10-g166922a,70 , 87 , (8 3 9 10 7) , 532 , ((9 * 10) - 3) , 38
2020.08.23-20.28.34,v1.05-10-g166922a,71 , 87 , (8 3 9 10 7) , 1049 , ((9 * 10) - 3) , 80
2020.08.23-20.28.34,v1.05-10-g166922a,72 , 87 , (8 3 9 10 7) , 2000 , none,  309
2020.08.23-20.28.34,v1.05-10-g166922a,73 , 87 , (8 3 9 10 7) , 1669 , ((8 * 10) + 7) , 157
2020.08.23-20.28.34,v1.05-10-g166922a,74 , 87 , (8 3 9 10 7) , 1799 , ((9 * 10) - 3) , 191
2020.08.23-20.28.34,v1.05-10-g166922a,75 , 87 , (8 3 9 10 7) , 2000 , none,  285
2020.08.23-20.28.34,v1.05-10-g166922a,76 , 87 , (8 3 9 10 7) , 2000 , none,  185
2020.08.23-20.28.34,v1.05-10-g166922a,77 , 87 , (8 3 9 10 7) , 1387 , ((9 * 10) - 3) , 150
2020.08.23-20.28.34,v1.05-10-g166922a,78 , 87 , (8 3 9 10 7) , 1240 , ((8 * 10) + 7) , 147
2020.08.23-20.28.34,v1.05-10-g166922a,79 , 87 , (8 3 9 10 7) , 2000 , none,  204
2020.08.23-20.28.34,v1.05-10-g166922a,80 , 87 , (8 3 9 10 7) , 210 , ((9 * 10) - 3) , 7
2020.08.23-20.28.34,v1.05-10-g166922a,81 , 87 , (8 3 9 10 7) , 2000 , none,  274
2020.08.23-20.28.34,v1.05-10-g166922a,82 , 87 , (8 3 9 10 7) , 52 , ((10 * 8) + 7) , 0
2020.08.23-20.28.34,v1.05-10-g166922a,83 , 87 , (8 3 9 10 7) , 851 , ((9 * 10) - 3) , 83
2020.08.23-20.28.34,v1.05-10-g166922a,84 , 87 , (8 3 9 10 7) , 961 , ((8 * 10) + 7) , 8
2020.08.23-20.28.34,v1.05-10-g166922a,85 , 87 , (8 3 9 10 7) , 919 , ((9 * 10) - 3) , 45
2020.08.23-20.28.34,v1.05-10-g166922a,86 , 87 , (8 3 9 10 7) , 2000 , none,  282
2020.08.23-20.28.34,v1.05-10-g166922a,87 , 87 , (8 3 9 10 7) , 841 , ((9 * 10) - 3) , 34
2020.08.23-20.28.34,v1.05-10-g166922a,88 , 87 , (8 3 9 10 7) , 2000 , none,  256
2020.08.23-20.28.34,v1.05-10-g166922a,89 , 87 , (8 3 9 10 7) , 2000 , none,  162
2020.08.23-20.28.34,v1.05-10-g166922a,90 , 87 , (8 3 9 10 7) , 230 , ((8 * 10) + 7) , 0
2020.08.23-20.28.34,v1.05-10-g166922a,91 , 87 , (8 3 9 10 7) , 163 , ((7 * 9) + (8 * 3)) , 0
2020.08.23-20.28.34,v1.05-10-g166922a,92 , 87 , (8 3 9 10 7) , 2000 , none,  198
2020.08.23-20.28.34,v1.05-10-g166922a,93 , 87 , (8 3 9 10 7) , 977 , ((9 * 10) - 3) , 93
2020.08.23-20.28.34,v1.05-10-g166922a,94 , 87 , (8 3 9 10 7) , 2000 , none,  41
2020.08.23-20.28.34,v1.05-10-g166922a,95 , 87 , (8 3 9 10 7) , 835 , ((9 * 10) - 3) , 73
2020.08.23-20.28.34,v1.05-10-g166922a,96 , 87 , (8 3 9 10 7) , 1087 , ((9 * 10) - 3) , 160
2020.08.23-20.28.34,v1.05-10-g166922a,97 , 87 , (8 3 9 10 7) , 1874 , ((9 * 10) - 3) , 148
2020.08.23-20.28.34,v1.05-10-g166922a,98 , 87 , (8 3 9 10 7) , 199 , ((10 * 8) + 7) , 16
2020.08.23-20.28.34,v1.05-10-g166922a,99 , 87 , (8 3 9 10 7) , 1867 , ((9 * 10) - 3) , 253
2020.08.23-20.28.34,v1.05-10-g166922a,0 , 31 , (3 5 24 3 14) , 2000 , none,  274
2020.08.23-20.28.34,v1.05-10-g166922a,1 , 31 , (3 5 24 3 14) , 2000 , none,  106
2020.08.23-20.28.34,v1.05-10-g166922a,2 , 31 , (3 5 24 3 14) , 2000 , none,  291
2020.08.23-20.28.34,v1.05-10-g166922a,3 , 31 , (3 5 24 3 14) , 2000 , none,  185
2020.08.23-20.28.34,v1.05-10-g166922a,4 , 31 , (3 5 24 3 14) , 2000 , none,  136
2020.08.23-20.28.34,v1.05-10-g166922a,5 , 31 , (3 5 24 3 14) , 2000 , none,  216
2020.08.23-20.28.34,v1.05-10-g166922a,6 , 31 , (3 5 24 3 14) , 2000 , none,  267
2020.08.23-20.28.34,v1.05-10-g166922a,7 , 31 , (3 5 24 3 14) , 2000 , none,  264
2020.08.23-20.28.34,v1.05-10-g166922a,8 , 31 , (3 5 24 3 14) , 2000 , none,  226
2020.08.23-20.28.34,v1.05-10-g166922a,9 , 31 , (3 5 24 3 14) , 2000 , none,  222
2020.08.23-20.28.34,v1.05-10-g166922a,10 , 31 , (3 5 24 3 14) , 2000 , none,  207
2020.08.23-20.28.34,v1.05-10-g166922a,11 , 31 , (3 5 24 3 14) , 2000 , none,  156
2020.08.23-20.28.34,v1.05-10-g166922a,12 , 31 , (3 5 24 3 14) , 2000 , none,  208
2020.08.23-20.28.34,v1.05-10-g166922a,13 , 31 , (3 5 24 3 14) , 2000 , none,  100
2020.08.23-20.28.34,v1.05-10-g166922a,14 , 31 , (3 5 24 3 14) , 2000 , none,  277
2020.08.23-20.28.34,v1.05-10-g166922a,15 , 31 , (3 5 24 3 14) , 2000 , none,  15
2020.08.23-20.28.34,v1.05-10-g166922a,16 , 31 , (3 5 24 3 14) , 2000 , none,  133
2020.08.23-20.28.34,v1.05-10-g166922a,17 , 31 , (3 5 24 3 14) , 2000 , none,  203
2020.08.23-20.28.34,v1.05-10-g166922a,18 , 31 , (3 5 24 3 14) , 2000 , none,  235
2020.08.23-20.28.34,v1.05-10-g166922a,19 , 31 , (3 5 24 3 14) , 2000 , none,  154
2020.08.23-20.28.34,v1.05-10-g166922a,20 , 31 , (3 5 24 3 14) , 2000 , none,  204
2020.08.23-20.28.34,v1.05-10-g166922a,21 , 31 , (3 5 24 3 14) , 2000 , none,  198
2020.08.23-20.28.34,v1.05-10-g166922a,22 , 31 , (3 5 24 3 14) , 2000 , none,  218
2020.08.23-20.28.34,v1.05-10-g166922a,23 , 31 , (3 5 24 3 14) , 2000 , none,  204
2020.08.23-20.28.34,v1.05-10-g166922a,24 , 31 , (3 5 24 3 14) , 2000 , none,  181
2020.08.23-20.28.34,v1.05-10-g166922a,25 , 31 , (3 5 24 3 14) , 2000 , none,  238
2020.08.23-20.28.34,v1.05-10-g166922a,26 , 31 , (3 5 24 3 14) , 2000 , none,  0
2020.08.23-20.28.34,v1.05-10-g166922a,27 , 31 , (3 5 24 3 14) , 2000 , none,  156
2020.08.23-20.28.34,v1.05-10-g166922a,28 , 31 , (3 5 24 3 14) , 2000 , none,  146
2020.08.23-20.28.34,v1.05-10-g166922a,29 , 31 , (3 5 24 3 14) , 2000 , none,  185
2020.08.23-20.28.34,v1.05-10-g166922a,30 , 31 , (3 5 24 3 14) , 2000 , none,  149
2020.08.23-20.28.34,v1.05-10-g166922a,31 , 31 , (3 5 24 3 14) , 2000 , none,  203
2020.08.23-20.28.34,v1.05-10-g166922a,32 , 31 , (3 5 24 3 14) , 2000 , none,  206
2020.08.23-20.28.34,v1.05-10-g166922a,33 , 31 , (3 5 24 3 14) , 2000 , none,  247
2020.08.23-20.28.34,v1.05-10-g166922a,34 , 31 , (3 5 24 3 14) , 2000 , none,  123
2020.08.23-20.28.34,v1.05-10-g166922a,35 , 31 , (3 5 24 3 14) , 2000 , none,  166
2020.08.23-20.28.34,v1.05-10-g166922a,36 , 31 , (3 5 24 3 14) , 2000 , none,  204
2020.08.23-20.28.34,v1.05-10-g166922a,37 , 31 , (3 5 24 3 14) , 2000 , none,  265
2020.08.23-20.28.34,v1.05-10-g166922a,38 , 31 , (3 5 24 3 14) , 2000 , none,  179
2020.08.23-20.28.34,v1.05-10-g166922a,39 , 31 , (3 5 24 3 14) , 2000 , none,  181
2020.08.23-20.28.34,v1.05-10-g166922a,40 , 31 , (3 5 24 3 14) , 2000 , none,  156
2020.08.23-20.28.34,v1.05-10-g166922a,41 , 31 , (3 5 24 3 14) , 2000 , none,  180
2020.08.23-20.28.34,v1.05-10-g166922a,42 , 31 , (3 5 24 3 14) , 2000 , none,  146
2020.08.23-20.28.34,v1.05-10-g166922a,43 , 31 , (3 5 24 3 14) , 2000 , none,  208
2020.08.23-20.28.34,v1.05-10-g166922a,44 , 31 , (3 5 24 3 14) , 2000 , none,  246
2020.08.23-20.28.34,v1.05-10-g166922a,45 , 31 , (3 5 24 3 14) , 2000 , none,  151
2020.08.23-20.28.34,v1.05-10-g166922a,46 , 31 , (3 5 24 3 14) , 2000 , none,  158
2020.08.23-20.28.34,v1.05-10-g166922a,47 , 31 , (3 5 24 3 14) , 2000 , none,  200
2020.08.23-20.28.34,v1.05-10-g166922a,48 , 31 , (3 5 24 3 14) , 2000 , none,  108
2020.08.23-20.28.34,v1.05-10-g166922a,49 , 31 , (3 5 24 3 14) , 2000 , none,  164
2020.08.23-20.28.34,v1.05-10-g166922a,50 , 31 , (3 5 24 3 14) , 2000 , none,  136
2020.08.23-20.28.34,v1.05-10-g166922a,51 , 31 , (3 5 24 3 14) , 2000 , none,  100
2020.08.23-20.28.34,v1.05-10-g166922a,52 , 31 , (3 5 24 3 14) , 2000 , none,  195
2020.08.23-20.28.34,v1.05-10-g166922a,53 , 31 , (3 5 24 3 14) , 2000 , none,  233
2020.08.23-20.28.34,v1.05-10-g166922a,54 , 31 , (3 5 24 3 14) , 2000 , none,  256
2020.08.23-20.28.34,v1.05-10-g166922a,55 , 31 , (3 5 24 3 14) , 2000 , none,  189
2020.08.23-20.28.34,v1.05-10-g166922a,56 , 31 , (3 5 24 3 14) , 2000 , none,  238
2020.08.23-20.28.34,v1.05-10-g166922a,57 , 31 , (3 5 24 3 14) , 2000 , none,  174
2020.08.23-20.28.34,v1.05-10-g166922a,58 , 31 , (3 5 24 3 14) , 2000 , none,  161
2020.08.23-20.28.34,v1.05-10-g166922a,59 , 31 , (3 5 24 3 14) , 2000 , none,  198
2020.08.23-20.28.34,v1.05-10-g166922a,60 , 31 , (3 5 24 3 14) , 2000 , none,  251
2020.08.23-20.28.34,v1.05-10-g166922a,61 , 31 , (3 5 24 3 14) , 2000 , none,  219
2020.08.23-20.28.34,v1.05-10-g166922a,62 , 31 , (3 5 24 3 14) , 2000 , none,  169
2020.08.23-20.28.34,v1.05-10-g166922a,63 , 31 , (3 5 24 3 14) , 2000 , none,  107
2020.08.23-20.28.34,v1.05-10-g166922a,64 , 31 , (3 5 24 3 14) , 2000 , none,  132
2020.08.23-20.28.34,v1.05-10-g166922a,65 , 31 , (3 5 24 3 14) , 2000 , none,  158
2020.08.23-20.28.34,v1.05-10-g166922a,66 , 31 , (3 5 24 3 14) , 2000 , none,  200
2020.08.23-20.28.34,v1.05-10-g166922a,67 , 31 , (3 5 24 3 14) , 2000 , none,  255
2020.08.23-20.28.34,v1.05-10-g166922a,68 , 31 , (3 5 24 3 14) , 2000 , none,  138
2020.08.23-20.28.34,v1.05-10-g166922a,69 , 31 , (3 5 24 3 14) , 2000 , none,  105
2020.08.23-20.28.34,v1.05-10-g166922a,70 , 31 , (3 5 24 3 14) , 2000 , none,  230
2020.08.23-20.28.34,v1.05-10-g166922a,71 , 31 , (3 5 24 3 14) , 2000 , none,  177
2020.08.23-20.28.34,v1.05-10-g166922a,72 , 31 , (3 5 24 3 14) , 2000 , none,  179
2020.08.23-20.28.34,v1.05-10-g166922a,73 , 31 , (3 5 24 3 14) , 2000 , none,  114
2020.08.23-20.28.34,v1.05-10-g166922a,74 , 31 , (3 5 24 3 14) , 2000 , none,  108
2020.08.23-20.28.34,v1.05-10-g166922a,75 , 31 , (3 5 24 3 14) , 2000 , none,  252
2020.08.23-20.28.34,v1.05-10-g166922a,76 , 31 , (3 5 24 3 14) , 2000 , none,  11
2020.08.23-20.28.34,v1.05-10-g166922a,77 , 31 , (3 5 24 3 14) , 2000 , none,  160
2020.08.23-20.28.34,v1.05-10-g166922a,78 , 31 , (3 5 24 3 14) , 2000 , none,  198
2020.08.23-20.28.34,v1.05-10-g166922a,79 , 31 , (3 5 24 3 14) , 2000 , none,  133
2020.08.23-20.28.34,v1.05-10-g166922a,80 , 31 , (3 5 24 3 14) , 2000 , none,  170
2020.08.23-20.28.34,v1.05-10-g166922a,81 , 31 , (3 5 24 3 14) , 2000 , none,  161
2020.08.23-20.28.34,v1.05-10-g166922a,82 , 31 , (3 5 24 3 14) , 2000 , none,  172
2020.08.23-20.28.34,v1.05-10-g166922a,83 , 31 , (3 5 24 3 14) , 2000 , none,  163
2020.08.23-20.28.34,v1.05-10-g166922a,84 , 31 , (3 5 24 3 14) , 2000 , none,  187
2020.08.23-20.28.34,v1.05-10-g166922a,85 , 31 , (3 5 24 3 14) , 2000 , none,  230
2020.08.23-20.28.34,v1.05-10-g166922a,86 , 31 , (3 5 24 3 14) , 2000 , none,  153
2020.08.23-20.28.34,v1.05-10-g166922a,87 , 31 , (3 5 24 3 14) , 2000 , none,  173
2020.08.23-20.28.34,v1.05-10-g166922a,88 , 31 , (3 5 24 3 14) , 2000 , none,  190
2020.08.23-20.28.34,v1.05-10-g166922a,89 , 31 , (3 5 24 3 14) , 2000 , none,  159
2020.08.23-20.28.34,v1.05-10-g166922a,90 , 31 , (3 5 24 3 14) , 2000 , none,  143
2020.08.23-20.28.34,v1.05-10-g166922a,91 , 31 , (3 5 24 3 14) , 2000 , none,  5
2020.08.23-20.28.34,v1.05-10-g166922a,92 , 31 , (3 5 24 3 14) , 2000 , none,  262
2020.08.23-20.28.34,v1.05-10-g166922a,93 , 31 , (3 5 24 3 14) , 2000 , none,  105
2020.08.23-20.28.34,v1.05-10-g166922a,94 , 31 , (3 5 24 3 14) , 2000 , none,  284
2020.08.23-20.28.34,v1.05-10-g166922a,95 , 31 , (3 5 24 3 14) , 2000 , none,  146
2020.08.23-20.28.34,v1.05-10-g166922a,96 , 31 , (3 5 24 3 14) , 2000 , none,  183
2020.08.23-20.28.34,v1.05-10-g166922a,97 , 31 , (3 5 24 3 14) , 2000 , none,  243
2020.08.23-20.28.34,v1.05-10-g166922a,98 , 31 , (3 5 24 3 14) , 2000 , none,  192
2020.08.23-20.28.34,v1.05-10-g166922a,99 , 31 , (3 5 24 3 14) , 2000 , none,  198
2020.08.23-20.28.34,v1.05-10-g166922a,0 , 25 , (8 5 5 11 2) , 222 , (5 * 5) , 16
2020.08.23-20.28.34,v1.05-10-g166922a,1 , 25 , (8 5 5 11 2) , 461 , ((2 * 11) + (8 - 5)) , 0
2020.08.23-20.28.34,v1.05-10-g166922a,2 , 25 , (8 5 5 11 2) , 71 , (5 * 5) , 0
2020.08.23-20.28.34,v1.05-10-g166922a,3 , 25 , (8 5 5 11 2) , 102 , (5 * 5) , 0
2020.08.23-20.28.34,v1.05-10-g166922a,4 , 25 , (8 5 5 11 2) , 1743 , (5 * 5) , 56
2020.08.23-20.28.34,v1.05-10-g166922a,5 , 25 , (8 5 5 11 2) , 67 , (5 * 5) , 0
2020.08.23-20.28.34,v1.05-10-g166922a,6 , 25 , (8 5 5 11 2) , 339 , (5 * 5) , 0
2020.08.23-20.28.34,v1.05-10-g166922a,7 , 25 , (8 5 5 11 2) , 220 , ((2 * 11) + (8 - 5)) , 0
2020.08.23-20.28.34,v1.05-10-g166922a,8 , 25 , (8 5 5 11 2) , 118 , (5 * 5) , 4
2020.08.23-20.28.34,v1.05-10-g166922a,9 , 25 , (8 5 5 11 2) , 146 , (5 * 5) , 0
2020.08.23-20.28.34,v1.05-10-g166922a,10 , 25 , (8 5 5 11 2) , 533 , (5 * 5) , 8
2020.08.23-20.28.34,v1.05-10-g166922a,11 , 25 , (8 5 5 11 2) , 80 , (5 * 5) , 0
2020.08.23-20.28.34,v1.05-10-g166922a,12 , 25 , (8 5 5 11 2) , 244 , (5 * 5) , 0
2020.08.23-20.28.34,v1.05-10-g166922a,13 , 25 , (8 5 5 11 2) , 680 , (5 * 5) , 12
2020.08.23-20.28.34,v1.05-10-g166922a,14 , 25 , (8 5 5 11 2) , 137 , (5 * 5) , 0
2020.08.23-20.28.34,v1.05-10-g166922a,15 , 25 , (8 5 5 11 2) , 627 , (5 * 5) , 0
2020.08.23-20.28.34,v1.05-10-g166922a,16 , 25 , (8 5 5 11 2) , 280 , (5 * 5) , 6
2020.08.23-20.28.34,v1.05-10-g166922a,17 , 25 , (8 5 5 11 2) , 222 , (5 * 5) , 0
2020.08.23-20.28.34,v1.05-10-g166922a,18 , 25 , (8 5 5 11 2) , 210 , (5 * 5) , 0
2020.08.23-20.28.34,v1.05-10-g166922a,19 , 25 , (8 5 5 11 2) , 173 , (5 * 5) , 0
2020.08.23-20.28.34,v1.05-10-g166922a,20 , 25 , (8 5 5 11 2) , 76 , (5 * 5) , 3
2020.08.23-20.28.34,v1.05-10-g166922a,21 , 25 , (8 5 5 11 2) , 681 , (5 * 5) , 11
2020.08.23-20.28.34,v1.05-10-g166922a,22 , 25 , (8 5 5 11 2) , 253 , (5 * 5) , 0
2020.08.23-20.28.34,v1.05-10-g166922a,23 , 25 , (8 5 5 11 2) , 185 , (5 * 5) , 12
2020.08.23-20.28.34,v1.05-10-g166922a,24 , 25 , (8 5 5 11 2) , 88 , (5 * 5) , 0
2020.08.23-20.28.34,v1.05-10-g166922a,25 , 25 , (8 5 5 11 2) , 26 , (5 * 5) , 0
2020.08.23-20.28.34,v1.05-10-g166922a,26 , 25 , (8 5 5 11 2) , 136 , (5 * 5) , 2
2020.08.23-20.28.34,v1.05-10-g166922a,27 , 25 , (8 5 5 11 2) , 294 , ((2 * 11) + (8 - 5)) , 0
2020.08.23-20.28.34,v1.05-10-g166922a,28 , 25 , (8 5 5 11 2) , 86 , (5 * 5) , 3
2020.08.23-20.28.34,v1.05-10-g166922a,29 , 25 , (8 5 5 11 2) , 283 , (5 * 5) , 0
2020.08.23-20.28.34,v1.05-10-g166922a,30 , 25 , (8 5 5 11 2) , 179 , (5 * 5) , 0
2020.08.23-20.28.34,v1.05-10-g166922a,31 , 25 , (8 5 5 11 2) , 219 , (5 * 5) , 0
2020.08.23-20.28.34,v1.05-10-g166922a,32 , 25 , (8 5 5 11 2) , 53 , (5 * 5) , 0
2020.08.23-20.28.34,v1.05-10-g166922a,33 , 25 , (8 5 5 11 2) , 74 , (5 * 5) , 0
2020.08.23-20.28.34,v1.05-10-g166922a,34 , 25 , (8 5 5 11 2) , 865 , (5 * 5) , 0
2020.08.23-20.28.34,v1.05-10-g166922a,35 , 25 , (8 5 5 11 2) , 121 , (5 * 5) , 0
2020.08.23-20.28.34,v1.05-10-g166922a,36 , 25 , (8 5 5 11 2) , 98 , (5 * 5) , 0
2020.08.23-20.28.34,v1.05-10-g166922a,37 , 25 , (8 5 5 11 2) , 163 , (5 * 5) , 0
2020.08.23-20.28.34,v1.05-10-g166922a,38 , 25 , (8 5 5 11 2) , 158 , (5 * 5) , 0
2020.08.23-20.28.34,v1.05-10-g166922a,39 , 25 , (8 5 5 11 2) , 1120 , (5 * 5) , 0
2020.08.23-20.28.34,v1.05-10-g166922a,40 , 25 , (8 5 5 11 2) , 57 , (5 * 5) , 2
2020.08.23-20.28.34,v1.05-10-g166922a,41 , 25 , (8 5 5 11 2) , 116 , (5 * 5) , 0
2020.08.23-20.28.34,v1.05-10-g166922a,42 , 25 , (8 5 5 11 2) , 459 , (5 * 5) , 2
2020.08.23-20.28.34,v1.05-10-g166922a,43 , 25 , (8 5 5 11 2) , 498 , (5 * 5) , 17
2020.08.23-20.28.34,v1.05-10-g166922a,44 , 25 , (8 5 5 11 2) , 81 , (5 * 5) , 0
2020.08.23-20.28.34,v1.05-10-g166922a,45 , 25 , (8 5 5 11 2) , 122 , (5 * 5) , 0
2020.08.23-20.28.34,v1.05-10-g166922a,46 , 25 , (8 5 5 11 2) , 108 , (5 * 5) , 0
2020.08.23-20.28.34,v1.05-10-g166922a,47 , 25 , (8 5 5 11 2) , 27 , (5 * 5) , 0
2020.08.23-20.28.34,v1.05-10-g166922a,48 , 25 , (8 5 5 11 2) , 49 , (5 * 5) , 0
2020.08.23-20.28.34,v1.05-10-g166922a,49 , 25 , (8 5 5 11 2) , 142 , (5 * 5) , 0
2020.08.23-20.28.34,v1.05-10-g166922a,50 , 25 , (8 5 5 11 2) , 179 , (5 * 5) , 0
2020.08.23-20.28.34,v1.05-10-g166922a,51 , 25 , (8 5 5 11 2) , 204 , (5 * 5) , 0
2020.08.23-20.28.34,v1.05-10-g166922a,52 , 25 , (8 5 5 11 2) , 150 , ((2 * 11) + (8 - 5)) , 0
2020.08.23-20.28.34,v1.05-10-g166922a,53 , 25 , (8 5 5 11 2) , 1696 , (5 * 5) , 149
2020.08.23-20.28.34,v1.05-10-g166922a,54 , 25 , (8 5 5 11 2) , 68 , (5 * 5) , 0
2020.08.23-20.28.34,v1.05-10-g166922a,55 , 25 , (8 5 5 11 2) , 424 , ((2 * 11) + (8 - 5)) , 8
2020.08.23-20.28.34,v1.05-10-g166922a,56 , 25 , (8 5 5 11 2) , 110 , (5 * 5) , 0
2020.08.23-20.28.34,v1.05-10-g166922a,57 , 25 , (8 5 5 11 2) , 458 , (5 * 5) , 0
2020.08.23-20.28.34,v1.05-10-g166922a,58 , 25 , (8 5 5 11 2) , 464 , ((2 * 11) + (8 - 5)) , 0
2020.08.23-20.28.34,v1.05-10-g166922a,59 , 25 , (8 5 5 11 2) , 70 , (5 * 5) , 0
2020.08.23-20.28.34,v1.05-10-g166922a,60 , 25 , (8 5 5 11 2) , 67 , (5 * 5) , 6
2020.08.23-20.28.34,v1.05-10-g166922a,61 , 25 , (8 5 5 11 2) , 155 , (5 * 5) , 0
2020.08.23-20.28.34,v1.05-10-g166922a,62 , 25 , (8 5 5 11 2) , 566 , (5 * 5) , 0
2020.08.23-20.28.34,v1.05-10-g166922a,63 , 25 , (8 5 5 11 2) , 36 , (5 * 5) , 0
2020.08.23-20.28.34,v1.05-10-g166922a,64 , 25 , (8 5 5 11 2) , 320 , (5 * 5) , 0
2020.08.23-20.28.34,v1.05-10-g166922a,65 , 25 , (8 5 5 11 2) , 81 , (5 * 5) , 0
2020.08.23-20.28.34,v1.05-10-g166922a,66 , 25 , (8 5 5 11 2) , 86 , (5 * 5) , 7
2020.08.23-20.28.34,v1.05-10-g166922a,67 , 25 , (8 5 5 11 2) , 825 , (5 * 5) , 26
2020.08.23-20.28.34,v1.05-10-g166922a,68 , 25 , (8 5 5 11 2) , 343 , (5 * 5) , 0
2020.08.23-20.28.34,v1.05-10-g166922a,69 , 25 , (8 5 5 11 2) , 895 , (5 * 5) , 64
2020.08.23-20.28.34,v1.05-10-g166922a,70 , 25 , (8 5 5 11 2) , 205 , (5 * 5) , 0
2020.08.23-20.28.34,v1.05-10-g166922a,71 , 25 , (8 5 5 11 2) , 58 , (5 * 5) , 0
2020.08.23-20.28.34,v1.05-10-g166922a,72 , 25 , (8 5 5 11 2) , 283 , (5 * 5) , 0
2020.08.23-20.28.34,v1.05-10-g166922a,73 , 25 , (8 5 5 11 2) , 53 , (5 * 5) , 0
2020.08.23-20.28.34,v1.05-10-g166922a,74 , 25 , (8 5 5 11 2) , 88 , (5 * 5) , 0
2020.08.23-20.28.34,v1.05-10-g166922a,75 , 25 , (8 5 5 11 2) , 177 , (5 * 5) , 0
2020.08.23-20.28.34,v1.05-10-g166922a,76 , 25 , (8 5 5 11 2) , 1129 , (5 * 5) , 90
2020.08.23-20.28.34,v1.05-10-g166922a,77 , 25 , (8 5 5 11 2) , 367 , (5 * 5) , 18
2020.08.23-20.28.34,v1.05-10-g166922a,78 , 25 , (8 5 5 11 2) , 167 , (5 * 5) , 0
2020.08.23-20.28.34,v1.05-10-g166922a,79 , 25 , (8 5 5 11 2) , 130 , (5 * 5) , 0
2020.08.23-20.28.34,v1.05-10-g166922a,80 , 25 , (8 5 5 11 2) , 587 , (5 * 5) , 24
2020.08.23-20.28.34,v1.05-10-g166922a,81 , 25 , (8 5 5 11 2) , 31 , (5 * 5) , 0
2020.08.23-20.28.34,v1.05-10-g166922a,82 , 25 , (8 5 5 11 2) , 683 , (5 * 5) , 33
2020.08.23-20.28.34,v1.05-10-g166922a,83 , 25 , (8 5 5 11 2) , 25 , (5 * 5) , 0
2020.08.23-20.28.34,v1.05-10-g166922a,84 , 25 , (8 5 5 11 2) , 84 , (5 * 5) , 0
2020.08.23-20.28.34,v1.05-10-g166922a,85 , 25 , (8 5 5 11 2) , 280 , (5 * 5) , 0
2020.08.23-20.28.34,v1.05-10-g166922a,86 , 25 , (8 5 5 11 2) , 185 , (5 * 5) , 0
2020.08.23-20.28.34,v1.05-10-g166922a,87 , 25 , (8 5 5 11 2) , 117 , (5 * 5) , 0
2020.08.23-20.28.34,v1.05-10-g166922a,88 , 25 , (8 5 5 11 2) , 75 , (5 * 5) , 12
2020.08.23-20.28.34,v1.05-10-g166922a,89 , 25 , (8 5 5 11 2) , 340 , (5 * 5) , 10
2020.08.23-20.28.34,v1.05-10-g166922a,90 , 25 , (8 5 5 11 2) , 520 , (5 * 5) , 3
2020.08.23-20.28.34,v1.05-10-g166922a,91 , 25 , (8 5 5 11 2) , 24 , (5 * 5) , 0
2020.08.23-20.28.34,v1.05-10-g166922a,92 , 25 , (8 5 5 11 2) , 142 , (5 * 5) , 3
2020.08.23-20.28.34,v1.05-10-g166922a,93 , 25 , (8 5 5 11 2) , 433 , (5 * 5) , 21
2020.08.23-20.28.34,v1.05-10-g166922a,94 , 25 , (8 5 5 11 2) , 219 , (5 * 5) , 0
2020.08.23-20.28.34,v1.05-10-g166922a,95 , 25 , (8 5 5 11 2) , 381 , (5 * 5) , 5
2020.08.23-20.28.34,v1.05-10-g166922a,96 , 25 , (8 5 5 11 2) , 185 , ((2 * 11) + (8 - 5)) , 0
2020.08.23-20.28.34,v1.05-10-g166922a,97 , 25 , (8 5 5 11 2) , 198 , (5 * 5) , 0
2020.08.23-20.28.34,v1.05-10-g166922a,98 , 25 , (8 5 5 11 2) , 116 , (5 * 5) , 0
2020.08.23-20.28.34,v1.05-10-g166922a,99 , 25 , (8 5 5 11 2) , 162 , (5 * 5) , 0
2020.08.23-20.28.34,v1.05-10-g166922a,0 , 81 , (9 7 2 25 18) , 890 , ((7 * 9) + 18) , 377
2020.08.23-20.28.34,v1.05-10-g166922a,1 , 81 , (9 7 2 25 18) , 294 , ((7 * 9) + 18) , 80
2020.08.23-20.28.34,v1.05-10-g166922a,2 , 81 , (9 7 2 25 18) , 2000 , none,  804
2020.08.23-20.28.34,v1.05-10-g166922a,3 , 81 , (9 7 2 25 18) , 208 , ((7 * 9) + 18) , 16
2020.08.23-20.28.34,v1.05-10-g166922a,4 , 81 , (9 7 2 25 18) , 162 , ((7 * 9) + 18) , 31
2020.08.23-20.28.34,v1.05-10-g166922a,5 , 81 , (9 7 2 25 18) , 1574 , ((9 * 7) + 18) , 386
2020.08.23-20.28.34,v1.05-10-g166922a,6 , 81 , (9 7 2 25 18) , 2000 , none,  827
2020.08.23-20.28.34,v1.05-10-g166922a,7 , 81 , (9 7 2 25 18) , 1208 , ((7 * 9) + 18) , 443
2020.08.23-20.28.34,v1.05-10-g166922a,8 , 81 , (9 7 2 25 18) , 2000 , none,  781
2020.08.23-20.28.34,v1.05-10-g166922a,9 , 81 , (9 7 2 25 18) , 259 , ((7 * 9) + 18) , 22
2020.08.23-20.28.34,v1.05-10-g166922a,10 , 81 , (9 7 2 25 18) , 2000 , none,  895
2020.08.23-20.28.34,v1.05-10-g166922a,11 , 81 , (9 7 2 25 18) , 2000 , none,  863
2020.08.23-20.28.34,v1.05-10-g166922a,12 , 81 , (9 7 2 25 18) , 2000 , none,  977
2020.08.23-20.28.34,v1.05-10-g166922a,13 , 81 , (9 7 2 25 18) , 94 , ((9 * 7) + 18) , 6
2020.08.23-20.28.34,v1.05-10-g166922a,14 , 81 , (9 7 2 25 18) , 1653 , ((7 * 9) + 18) , 428
2020.08.23-20.28.34,v1.05-10-g166922a,15 , 81 , (9 7 2 25 18) , 83 , ((7 * 9) + 18) , 16
2020.08.23-20.28.34,v1.05-10-g166922a,16 , 81 , (9 7 2 25 18) , 2000 , none,  483
2020.08.23-20.28.34,v1.05-10-g166922a,17 , 81 , (9 7 2 25 18) , 2000 , none,  541
2020.08.23-20.28.34,v1.05-10-g166922a,18 , 81 , (9 7 2 25 18) , 1266 , ((9 * 7) + 18) , 206
2020.08.23-20.28.34,v1.05-10-g166922a,19 , 81 , (9 7 2 25 18) , 1745 , ((7 * 9) + 18) , 551
2020.08.23-20.28.34,v1.05-10-g166922a,20 , 81 , (9 7 2 25 18) , 1495 , ((7 * 9) + 18) , 349
2020.08.23-20.28.34,v1.05-10-g166922a,21 , 81 , (9 7 2 25 18) , 2000 , none,  738
2020.08.23-20.28.34,v1.05-10-g166922a,22 , 81 , (9 7 2 25 18) , 2000 , none,  894
2020.08.23-20.28.34,v1.05-10-g166922a,23 , 81 , (9 7 2 25 18) , 2000 , none,  925
2020.08.23-20.28.34,v1.05-10-g166922a,24 , 81 , (9 7 2 25 18) , 1223 , ((7 * 9) + 18) , 374
2020.08.23-20.28.34,v1.05-10-g166922a,25 , 81 , (9 7 2 25 18) , 2000 , none,  648
2020.08.23-20.28.34,v1.05-10-g166922a,26 , 81 , (9 7 2 25 18) , 2000 , none,  850
2020.08.23-20.28.34,v1.05-10-g166922a,27 , 81 , (9 7 2 25 18) , 2000 , none,  330
2020.08.23-20.28.34,v1.05-10-g166922a,28 , 81 , (9 7 2 25 18) , 2000 , none,  710
2020.08.23-20.28.34,v1.05-10-g166922a,29 , 81 , (9 7 2 25 18) , 1031 , ((7 * 9) + 18) , 448
2020.08.23-20.28.34,v1.05-10-g166922a,30 , 81 , (9 7 2 25 18) , 636 , ((9 * 7) + 18) , 59
2020.08.23-20.28.34,v1.05-10-g166922a,31 , 81 , (9 7 2 25 18) , 567 , ((9 * 7) + 18) , 193
2020.08.23-20.28.34,v1.05-10-g166922a,32 , 81 , (9 7 2 25 18) , 2000 , none,  768
2020.08.23-20.28.34,v1.05-10-g166922a,33 , 81 , (9 7 2 25 18) , 2000 , none,  742
2020.08.23-20.28.34,v1.05-10-g166922a,34 , 81 , (9 7 2 25 18) , 2000 , none,  846
2020.08.23-20.28.34,v1.05-10-g166922a,35 , 81 , (9 7 2 25 18) , 1587 , ((7 * 9) + 18) , 452
2020.08.23-20.28.34,v1.05-10-g166922a,36 , 81 , (9 7 2 25 18) , 473 , ((7 * 9) + 18) , 139
2020.08.23-20.28.34,v1.05-10-g166922a,37 , 81 , (9 7 2 25 18) , 2000 , none,  612
2020.08.23-20.28.34,v1.05-10-g166922a,38 , 81 , (9 7 2 25 18) , 237 , ((7 * 9) + 18) , 50
2020.08.23-20.28.34,v1.05-10-g166922a,39 , 81 , (9 7 2 25 18) , 952 , ((7 * 9) + 18) , 327
2020.08.23-20.28.34,v1.05-10-g166922a,40 , 81 , (9 7 2 25 18) , 2000 , none,  726
2020.08.23-20.28.34,v1.05-10-g166922a,41 , 81 , (9 7 2 25 18) , 1646 , ((9 * 7) + 18) , 410
2020.08.23-20.28.34,v1.05-10-g166922a,42 , 81 , (9 7 2 25 18) , 1966 , ((7 * 9) + 18) , 551
2020.08.23-20.28.34,v1.05-10-g166922a,43 , 81 , (9 7 2 25 18) , 2000 , none,  816
2020.08.23-20.28.34,v1.05-10-g166922a,44 , 81 , (9 7 2 25 18) , 2000 , none,  605
2020.08.23-20.28.34,v1.05-10-g166922a,45 , 81 , (9 7 2 25 18) , 2000 , none,  821
2020.08.23-20.28.34,v1.05-10-g166922a,46 , 81 , (9 7 2 25 18) , 380 , ((9 * 7) + 18) , 113
2020.08.23-20.28.34,v1.05-10-g166922a,47 , 81 , (9 7 2 25 18) , 226 , ((7 * 9) + 18) , 107
2020.08.23-20.28.34,v1.05-10-g166922a,48 , 81 , (9 7 2 25 18) , 2000 , none,  775
2020.08.23-20.28.34,v1.05-10-g166922a,49 , 81 , (9 7 2 25 18) , 2000 , none,  587
2020.08.23-20.28.34,v1.05-10-g166922a,50 , 81 , (9 7 2 25 18) , 160 , ((7 * 9) + 18) , 0
2020.08.23-20.28.34,v1.05-10-g166922a,51 , 81 , (9 7 2 25 18) , 2000 , none,  595
2020.08.23-20.28.34,v1.05-10-g166922a,52 , 81 , (9 7 2 25 18) , 2000 , none,  490
2020.08.23-20.28.34,v1.05-10-g166922a,53 , 81 , (9 7 2 25 18) , 2000 , none,  604
2020.08.23-20.28.34,v1.05-10-g166922a,54 , 81 , (9 7 2 25 18) , 1125 , ((7 * 9) + 18) , 354
2020.08.23-20.28.34,v1.05-10-g166922a,55 , 81 , (9 7 2 25 18) , 480 , ((7 * 9) + 18) , 26
2020.08.23-20.28.34,v1.05-10-g166922a,56 , 81 , (9 7 2 25 18) , 2000 , none,  615
2020.08.23-20.28.34,v1.05-10-g166922a,57 , 81 , (9 7 2 25 18) , 992 , ((7 * 9) + 18) , 380
2020.08.23-20.28.34,v1.05-10-g166922a,58 , 81 , (9 7 2 25 18) , 934 , ((7 * 9) + 18) , 216
2020.08.23-20.28.34,v1.05-10-g166922a,59 , 81 , (9 7 2 25 18) , 824 , ((7 * 9) + 18) , 212
2020.08.23-20.28.34,v1.05-10-g166922a,60 , 81 , (9 7 2 25 18) , 90 , ((7 * 9) + 18) , 1
2020.08.23-20.28.34,v1.05-10-g166922a,61 , 81 , (9 7 2 25 18) , 697 , ((7 * 9) + 18) , 150
2020.08.23-20.28.34,v1.05-10-g166922a,62 , 81 , (9 7 2 25 18) , 2000 , none,  869
2020.08.23-20.28.34,v1.05-10-g166922a,63 , 81 , (9 7 2 25 18) , 2000 , none,  554
2020.08.23-20.28.34,v1.05-10-g166922a,64 , 81 , (9 7 2 25 18) , 2000 , none,  639
2020.08.23-20.28.34,v1.05-10-g166922a,65 , 81 , (9 7 2 25 18) , 102 , ((9 * 7) + 18) , 3
2020.08.23-20.28.34,v1.05-10-g166922a,66 , 81 , (9 7 2 25 18) , 2000 , none,  562
2020.08.23-20.28.34,v1.05-10-g166922a,67 , 81 , (9 7 2 25 18) , 2000 , none,  878
2020.08.23-20.28.34,v1.05-10-g166922a,68 , 81 , (9 7 2 25 18) , 1806 , ((9 * 7) + 18) , 650
2020.08.23-20.28.34,v1.05-10-g166922a,69 , 81 , (9 7 2 25 18) , 2000 , none,  642
2020.08.23-20.28.34,v1.05-10-g166922a,70 , 81 , (9 7 2 25 18) , 1007 , ((9 * 7) + 18) , 386
2020.08.23-20.28.34,v1.05-10-g166922a,71 , 81 , (9 7 2 25 18) , 2000 , none,  572
2020.08.23-20.28.34,v1.05-10-g166922a,72 , 81 , (9 7 2 25 18) , 634 , ((7 * 9) + 18) , 206
2020.08.23-20.28.34,v1.05-10-g166922a,73 , 81 , (9 7 2 25 18) , 2000 , none,  577
2020.08.23-20.28.34,v1.05-10-g166922a,74 , 81 , (9 7 2 25 18) , 226 , ((9 * 7) + 18) , 25
2020.08.23-20.28.34,v1.05-10-g166922a,75 , 81 , (9 7 2 25 18) , 2000 , none,  486
2020.08.23-20.28.34,v1.05-10-g166922a,76 , 81 , (9 7 2 25 18) , 2000 , none,  953
2020.08.23-20.28.34,v1.05-10-g166922a,77 , 81 , (9 7 2 25 18) , 1045 , ((7 * 9) + 18) , 383
2020.08.23-20.28.34,v1.05-10-g166922a,78 , 81 , (9 7 2 25 18) , 2000 , none,  565
2020.08.23-20.28.34,v1.05-10-g166922a,79 , 81 , (9 7 2 25 18) , 2000 , none,  493
2020.08.23-20.28.34,v1.05-10-g166922a,80 , 81 , (9 7 2 25 18) , 695 , ((9 * 7) + 18) , 88
2020.08.23-20.28.34,v1.05-10-g166922a,81 , 81 , (9 7 2 25 18) , 1828 , ((7 * 9) + 18) , 566
2020.08.23-20.28.34,v1.05-10-g166922a,82 , 81 , (9 7 2 25 18) , 1993 , ((7 * 9) + 18) , 683
2020.08.23-20.28.34,v1.05-10-g166922a,83 , 81 , (9 7 2 25 18) , 1006 , ((9 * 7) + 18) , 426
2020.08.23-20.28.34,v1.05-10-g166922a,84 , 81 , (9 7 2 25 18) , 549 , ((9 * 7) + 18) , 40
2020.08.23-20.28.34,v1.05-10-g166922a,85 , 81 , (9 7 2 25 18) , 134 , ((7 * 9) + 18) , 0
2020.08.23-20.28.34,v1.05-10-g166922a,86 , 81 , (9 7 2 25 18) , 297 , ((9 * 7) + 18) , 25
2020.08.23-20.28.34,v1.05-10-g166922a,87 , 81 , (9 7 2 25 18) , 250 , ((7 * 9) + 18) , 22
2020.08.23-20.28.34,v1.05-10-g166922a,88 , 81 , (9 7 2 25 18) , 2000 , none,  966
2020.08.23-20.28.34,v1.05-10-g166922a,89 , 81 , (9 7 2 25 18) , 1154 , ((9 * 7) + 18) , 301
2020.08.23-20.28.34,v1.05-10-g166922a,90 , 81 , (9 7 2 25 18) , 572 , ((7 * 9) + 18) , 106
2020.08.23-20.28.34,v1.05-10-g166922a,91 , 81 , (9 7 2 25 18) , 147 , ((7 * 9) + 18) , 0
2020.08.23-20.28.34,v1.05-10-g166922a,92 , 81 , (9 7 2 25 18) , 2000 , none,  683
2020.08.23-20.28.34,v1.05-10-g166922a,93 , 81 , (9 7 2 25 18) , 109 , ((7 * 9) + 18) , 4
2020.08.23-20.28.34,v1.05-10-g166922a,94 , 81 , (9 7 2 25 18) , 2000 , none,  678
2020.08.23-20.28.34,v1.05-10-g166922a,95 , 81 , (9 7 2 25 18) , 746 , ((9 * 7) + 18) , 91
2020.08.23-20.28.34,v1.05-10-g166922a,96 , 81 , (9 7 2 25 18) , 1270 , ((7 * 9) + 18) , 556
2020.08.23-20.28.34,v1.05-10-g166922a,97 , 81 , (9 7 2 25 18) , 800 , ((7 * 9) + 18) , 205
2020.08.23-20.28.34,v1.05-10-g166922a,98 , 81 , (9 7 2 25 18) , 70 , ((9 * 7) + 18) , 5
2020.08.23-20.28.34,v1.05-10-g166922a,99 , 81 , (9 7 2 25 18) , 2000 , none,  473
2020.08.23-20.28.34,v1.05-10-g166922a,0 , 6 , (3 3 17 11 22) , 24 , (3 + 3) , 0
2020.08.23-20.28.34,v1.05-10-g166922a,1 , 6 , (3 3 17 11 22) , 135 , (3 + 3) , 8
2020.08.23-20.28.34,v1.05-10-g166922a,2 , 6 , (3 3 17 11 22) , 35 , (3 + 3) , 0
2020.08.23-20.28.34,v1.05-10-g166922a,3 , 6 , (3 3 17 11 22) , 294 , (3 + 3) , 0
2020.08.23-20.28.34,v1.05-10-g166922a,4 , 6 , (3 3 17 11 22) , 42 , (3 + 3) , 0
2020.08.23-20.28.34,v1.05-10-g166922a,5 , 6 , (3 3 17 11 22) , 111 , (3 + 3) , 0
2020.08.23-20.28.34,v1.05-10-g166922a,6 , 6 , (3 3 17 11 22) , 134 , (3 + 3) , 0
2020.08.23-20.28.34,v1.05-10-g166922a,7 , 6 , (3 3 17 11 22) , 139 , (3 + 3) , 0
2020.08.23-20.28.34,v1.05-10-g166922a,8 , 6 , (3 3 17 11 22) , 29 , (3 + 3) , 0
2020.08.23-20.28.34,v1.05-10-g166922a,9 , 6 , (3 3 17 11 22) , 178 , (3 + 3) , 0
2020.08.23-20.28.34,v1.05-10-g166922a,10 , 6 , (3 3 17 11 22) , 23 , (3 + 3) , 0
2020.08.23-20.28.34,v1.05-10-g166922a,11 , 6 , (3 3 17 11 22) , 164 , (3 + 3) , 7
2020.08.23-20.28.34,v1.05-10-g166922a,12 , 6 , (3 3 17 11 22) , 14 , (3 + 3) , 0
2020.08.23-20.28.34,v1.05-10-g166922a,13 , 6 , (3 3 17 11 22) , 177 , (3 + 3) , 5
2020.08.23-20.28.34,v1.05-10-g166922a,14 , 6 , (3 3 17 11 22) , 670 , (3 + 3) , 36
2020.08.23-20.28.34,v1.05-10-g166922a,15 , 6 , (3 3 17 11 22) , 25 , (3 + 3) , 0
2020.08.23-20.28.34,v1.05-10-g166922a,16 , 6 , (3 3 17 11 22) , 62 , (3 + 3) , 0
2020.08.23-20.28.34,v1.05-10-g166922a,17 , 6 , (3 3 17 11 22) , 89 , (3 + 3) , 0
2020.08.23-20.28.34,v1.05-10-g166922a,18 , 6 , (3 3 17 11 22) , 75 , (3 + 3) , 0
2020.08.23-20.28.34,v1.05-10-g166922a,19 , 6 , (3 3 17 11 22) , 27 , (3 + 3) , 0
2020.08.23-20.28.34,v1.05-10-g166922a,20 , 6 , (3 3 17 11 22) , 118 , (17 - 11) , 3
2020.08.23-20.28.34,v1.05-10-g166922a,21 , 6 , (3 3 17 11 22) , 29 , (3 + 3) , 0
2020.08.23-20.28.34,v1.05-10-g166922a,22 , 6 , (3 3 17 11 22) , 486 , (3 + 3) , 0
2020.08.23-20.28.34,v1.05-10-g166922a,23 , 6 , (3 3 17 11 22) , 205 , (3 + 3) , 0
2020.08.23-20.28.34,v1.05-10-g166922a,24 , 6 , (3 3 17 11 22) , 25 , (3 + 3) , 0
2020.08.23-20.28.34,v1.05-10-g166922a,25 , 6 , (3 3 17 11 22) , 18 , (3 + 3) , 0
2020.08.23-20.28.34,v1.05-10-g166922a,26 , 6 , (3 3 17 11 22) , 29 , (3 + 3) , 0
2020.08.23-20.28.34,v1.05-10-g166922a,27 , 6 , (3 3 17 11 22) , 53 , (3 + 3) , 0
2020.08.23-20.28.34,v1.05-10-g166922a,28 , 6 , (3 3 17 11 22) , 59 , (3 + 3) , 0
2020.08.23-20.28.34,v1.05-10-g166922a,29 , 6 , (3 3 17 11 22) , 38 , (3 + 3) , 0
2020.08.23-20.28.34,v1.05-10-g166922a,30 , 6 , (3 3 17 11 22) , 60 , (17 - 11) , 0
2020.08.23-20.28.34,v1.05-10-g166922a,31 , 6 , (3 3 17 11 22) , 93 , (3 + 3) , 5
2020.08.23-20.28.34,v1.05-10-g166922a,32 , 6 , (3 3 17 11 22) , 221 , (3 + 3) , 6
2020.08.23-20.28.34,v1.05-10-g166922a,33 , 6 , (3 3 17 11 22) , 25 , (3 + 3) , 0
2020.08.23-20.28.34,v1.05-10-g166922a,34 , 6 , (3 3 17 11 22) , 105 , (3 + 3) , 0
2020.08.23-20.28.34,v1.05-10-g166922a,35 , 6 , (3 3 17 11 22) , 25 , (3 + 3) , 0
2020.08.23-20.28.34,v1.05-10-g166922a,36 , 6 , (3 3 17 11 22) , 96 , (3 + 3) , 0
2020.08.23-20.28.34,v1.05-10-g166922a,37 , 6 , (3 3 17 11 22) , 64 , (3 + 3) , 0
2020.08.23-20.28.34,v1.05-10-g166922a,38 , 6 , (3 3 17 11 22) , 47 , (3 + 3) , 0
2020.08.23-20.28.34,v1.05-10-g166922a,39 , 6 , (3 3 17 11 22) , 147 , (3 + 3) , 14
2020.08.23-20.28.34,v1.05-10-g166922a,40 , 6 , (3 3 17 11 22) , 114 , (3 + 3) , 0
2020.08.23-20.28.34,v1.05-10-g166922a,41 , 6 , (3 3 17 11 22) , 30 , (3 + 3) , 0
2020.08.23-20.28.34,v1.05-10-g166922a,42 , 6 , (3 3 17 11 22) , 168 , (3 + 3) , 0
2020.08.23-20.28.34,v1.05-10-g166922a,43 , 6 , (3 3 17 11 22) , 270 , (17 - 11) , 3
2020.08.23-20.28.34,v1.05-10-g166922a,44 , 6 , (3 3 17 11 22) , 27 , (3 + 3) , 0
2020.08.23-20.28.34,v1.05-10-g166922a,45 , 6 , (3 3 17 11 22) , 31 , (3 + 3) , 0
2020.08.23-20.28.34,v1.05-10-g166922a,46 , 6 , (3 3 17 11 22) , 22 , (3 + 3) , 0
2020.08.23-20.28.34,v1.05-10-g166922a,47 , 6 , (3 3 17 11 22) , 27 , (3 + 3) , 0
2020.08.23-20.28.34,v1.05-10-g166922a,48 , 6 , (3 3 17 11 22) , 24 , (3 + 3) , 0
2020.08.23-20.28.34,v1.05-10-g166922a,49 , 6 , (3 3 17 11 22) , 88 , (3 + 3) , 13
2020.08.23-20.28.34,v1.05-10-g166922a,50 , 6 , (3 3 17 11 22) , 41 , (3 + 3) , 0
2020.08.23-20.28.34,v1.05-10-g166922a,51 , 6 , (3 3 17 11 22) , 27 , (3 + 3) , 0
2020.08.23-20.28.34,v1.05-10-g166922a,52 , 6 , (3 3 17 11 22) , 362 , (3 + 3) , 0
2020.08.23-20.28.34,v1.05-10-g166922a,53 , 6 , (3 3 17 11 22) , 87 , (3 + 3) , 0
2020.08.23-20.28.34,v1.05-10-g166922a,54 , 6 , (3 3 17 11 22) , 58 , (3 + 3) , 3
2020.08.23-20.28.34,v1.05-10-g166922a,55 , 6 , (3 3 17 11 22) , 26 , (3 + 3) , 0
2020.08.23-20.28.34,v1.05-10-g166922a,56 , 6 , (3 3 17 11 22) , 46 , (3 + 3) , 0
2020.08.23-20.28.34,v1.05-10-g166922a,57 , 6 , (3 3 17 11 22) , 422 , (3 + 3) , 31
2020.08.23-20.28.34,v1.05-10-g166922a,58 , 6 , (3 3 17 11 22) , 188 , (3 + 3) , 0
2020.08.23-20.28.34,v1.05-10-g166922a,59 , 6 , (3 3 17 11 22) , 55 , (3 + 3) , 0
2020.08.23-20.28.34,v1.05-10-g166922a,60 , 6 , (3 3 17 11 22) , 24 , (17 - 11) , 0
2020.08.23-20.28.34,v1.05-10-g166922a,61 , 6 , (3 3 17 11 22) , 232 , (3 + 3) , 17
2020.08.23-20.28.34,v1.05-10-g166922a,62 , 6 , (3 3 17 11 22) , 136 , (3 + 3) , 0
2020.08.23-20.28.34,v1.05-10-g166922a,63 , 6 , (3 3 17 11 22) , 137 , (3 + 3) , 0
2020.08.23-20.28.34,v1.05-10-g166922a,64 , 6 , (3 3 17 11 22) , 377 , (3 + 3) , 0
2020.08.23-20.28.34,v1.05-10-g166922a,65 , 6 , (3 3 17 11 22) , 196 , (3 + 3) , 0
2020.08.23-20.28.34,v1.05-10-g166922a,66 , 6 , (3 3 17 11 22) , 126 , (3 + 3) , 0
2020.08.23-20.28.34,v1.05-10-g166922a,67 , 6 , (3 3 17 11 22) , 17 , (3 + 3) , 0
2020.08.23-20.28.34,v1.05-10-g166922a,68 , 6 , (3 3 17 11 22) , 250 , (3 + 3) , 0
2020.08.23-20.28.34,v1.05-10-g166922a,69 , 6 , (3 3 17 11 22) , 197 , (3 + 3) , 0
2020.08.23-20.28.34,v1.05-10-g166922a,70 , 6 , (3 3 17 11 22) , 29 , (3 + 3) , 0
2020.08.23-20.28.34,v1.05-10-g166922a,71 , 6 , (3 3 17 11 22) , 231 , (3 + 3) , 6
2020.08.23-20.28.34,v1.05-10-g166922a,72 , 6 , (3 3 17 11 22) , 15 , (3 + 3) , 0
2020.08.23-20.28.34,v1.05-10-g166922a,73 , 6 , (3 3 17 11 22) , 42 , (3 + 3) , 0
2020.08.23-20.28.34,v1.05-10-g166922a,74 , 6 , (3 3 17 11 22) , 97 , (3 + 3) , 7
2020.08.23-20.28.34,v1.05-10-g166922a,75 , 6 , (3 3 17 11 22) , 28 , (3 + 3) , 0
2020.08.23-20.28.34,v1.05-10-g166922a,76 , 6 , (3 3 17 11 22) , 318 , (3 + 3) , 0
2020.08.23-20.28.34,v1.05-10-g166922a,77 , 6 , (3 3 17 11 22) , 48 , (3 + 3) , 0
2020.08.23-20.28.34,v1.05-10-g166922a,78 , 6 , (3 3 17 11 22) , 28 , (3 + 3) , 0
2020.08.23-20.28.34,v1.05-10-g166922a,79 , 6 , (3 3 17 11 22) , 156 , (3 + 3) , 0
2020.08.23-20.28.34,v1.05-10-g166922a,80 , 6 , (3 3 17 11 22) , 25 , (3 + 3) , 0
2020.08.23-20.28.34,v1.05-10-g166922a,81 , 6 , (3 3 17 11 22) , 328 , (3 + 3) , 9
2020.08.23-20.28.34,v1.05-10-g166922a,82 , 6 , (3 3 17 11 22) , 45 , (3 + 3) , 0
2020.08.23-20.28.34,v1.05-10-g166922a,83 , 6 , (3 3 17 11 22) , 33 , (3 + 3) , 0
2020.08.23-20.28.34,v1.05-10-g166922a,84 , 6 , (3 3 17 11 22) , 114 , (3 + 3) , 9
2020.08.23-20.28.34,v1.05-10-g166922a,85 , 6 , (3 3 17 11 22) , 49 , (3 + 3) , 0
2020.08.23-20.28.34,v1.05-10-g166922a,86 , 6 , (3 3 17 11 22) , 55 , (3 + 3) , 0
2020.08.23-20.28.34,v1.05-10-g166922a,87 , 6 , (3 3 17 11 22) , 43 , (3 + 3) , 0
2020.08.23-20.28.34,v1.05-10-g166922a,88 , 6 , (3 3 17 11 22) , 316 , (3 + 3) , 45
2020.08.23-20.28.34,v1.05-10-g166922a,89 , 6 , (3 3 17 11 22) , 232 , (3 + 3) , 0
2020.08.23-20.28.34,v1.05-10-g166922a,90 , 6 , (3 3 17 11 22) , 22 , (3 + 3) , 0
2020.08.23-20.28.34,v1.05-10-g166922a,91 , 6 , (3 3 17 11 22) , 79 , (3 + 3) , 10
2020.08.23-20.28.34,v1.05-10-g166922a,92 , 6 , (3 3 17 11 22) , 334 , (17 - 11) , 0
2020.08.23-20.28.34,v1.05-10-g166922a,93 , 6 , (3 3 17 11 22) , 26 , (3 + 3) , 0
2020.08.23-20.28.34,v1.05-10-g166922a,94 , 6 , (3 3 17 11 22) , 29 , (3 + 3) , 0
2020.08.23-20.28.34,v1.05-10-g166922a,95 , 6 , (3 3 17 11 22) , 105 , (3 + 3) , 0
2020.08.23-20.28.34,v1.05-10-g166922a,96 , 6 , (3 3 17 11 22) , 16 , (3 + 3) , 0
2020.08.23-20.28.34,v1.05-10-g166922a,97 , 6 , (3 3 17 11 22) , 75 , (3 + 3) , 7
2020.08.23-20.28.34,v1.05-10-g166922a,98 , 6 , (3 3 17 11 22) , 32 , (3 + 3) , 0
2020.08.23-20.28.34,v1.05-10-g166922a,99 , 6 , (3 3 17 11 22) , 35 , (3 + 3) , 0
2020.08.23-20.28.34,v1.05-10-g166922a,0 , 11 , (2 5 1 25 23) , 146 , ((2 * 5) + 1) , 0
2020.08.23-20.28.34,v1.05-10-g166922a,1 , 11 , (2 5 1 25 23) , 2000 , none,  168
2020.08.23-20.28.34,v1.05-10-g166922a,2 , 11 , (2 5 1 25 23) , 1991 , ((2 * 5) + 1) , 252
2020.08.23-20.28.34,v1.05-10-g166922a,3 , 11 , (2 5 1 25 23) , 1934 , ((2 * 5) + 1) , 125
2020.08.23-20.28.34,v1.05-10-g166922a,4 , 11 , (2 5 1 25 23) , 1510 , ((2 * 5) + 1) , 84
2020.08.23-20.28.34,v1.05-10-g166922a,5 , 11 , (2 5 1 25 23) , 2000 , none,  192
2020.08.23-20.28.34,v1.05-10-g166922a,6 , 11 , (2 5 1 25 23) , 75 , ((2 * 5) + 1) , 12
2020.08.23-20.28.34,v1.05-10-g166922a,7 , 11 , (2 5 1 25 23) , 1255 , ((5 * 2) + 1) , 1
2020.08.23-20.28.34,v1.05-10-g166922a,8 , 11 , (2 5 1 25 23) , 1361 , ((2 * 5) + 1) , 114
2020.08.23-20.28.34,v1.05-10-g166922a,9 , 11 , (2 5 1 25 23) , 1715 , ((2 * 5) + 1) , 122
2020.08.23-20.28.34,v1.05-10-g166922a,10 , 11 , (2 5 1 25 23) , 2000 , none,  145
2020.08.23-20.28.34,v1.05-10-g166922a,11 , 11 , (2 5 1 25 23) , 688 , ((2 * 5) + 1) , 59
2020.08.23-20.28.34,v1.05-10-g166922a,12 , 11 , (2 5 1 25 23) , 70 , ((5 * 2) + 1) , 0
2020.08.23-20.28.34,v1.05-10-g166922a,13 , 11 , (2 5 1 25 23) , 2000 , none,  82
2020.08.23-20.28.34,v1.05-10-g166922a,14 , 11 , (2 5 1 25 23) , 1149 , ((2 * 5) + 1) , 85
2020.08.23-20.28.34,v1.05-10-g166922a,15 , 11 , (2 5 1 25 23) , 649 , ((2 * 5) + 1) , 41
2020.08.23-20.28.34,v1.05-10-g166922a,16 , 11 , (2 5 1 25 23) , 297 , ((2 * 5) + 1) , 25
2020.08.23-20.28.34,v1.05-10-g166922a,17 , 11 , (2 5 1 25 23) , 286 , ((2 * 5) + 1) , 5
2020.08.23-20.28.34,v1.05-10-g166922a,18 , 11 , (2 5 1 25 23) , 2000 , none,  165
2020.08.23-20.28.34,v1.05-10-g166922a,19 , 11 , (2 5 1 25 23) , 1854 , ((2 * 5) + 1) , 125
2020.08.23-20.28.34,v1.05-10-g166922a,20 , 11 , (2 5 1 25 23) , 2000 , none,  190
2020.08.23-20.28.34,v1.05-10-g166922a,21 , 11 , (2 5 1 25 23) , 190 , ((2 * 5) + 1) , 12
2020.08.23-20.28.34,v1.05-10-g166922a,22 , 11 , (2 5 1 25 23) , 1476 , ((2 * 5) + 1) , 113
2020.08.23-20.28.34,v1.05-10-g166922a,23 , 11 , (2 5 1 25 23) , 717 , ((2 * 5) + 1) , 65
2020.08.23-20.28.34,v1.05-10-g166922a,24 , 11 , (2 5 1 25 23) , 573 , ((2 * 5) + 1) , 28
2020.08.23-20.28.34,v1.05-10-g166922a,25 , 11 , (2 5 1 25 23) , 348 , ((2 * 5) + 1) , 10
2020.08.23-20.28.34,v1.05-10-g166922a,26 , 11 , (2 5 1 25 23) , 651 , ((2 * 5) + 1) , 29
2020.08.23-20.28.34,v1.05-10-g166922a,27 , 11 , (2 5 1 25 23) , 873 , ((5 * 2) + 1) , 74
2020.08.23-20.28.34,v1.05-10-g166922a,28 , 11 , (2 5 1 25 23) , 408 , ((2 * 5) + 1) , 13
2020.08.23-20.28.34,v1.05-10-g166922a,29 , 11 , (2 5 1 25 23) , 575 , ((2 * 5) + 1) , 11
2020.08.23-20.28.34,v1.05-10-g166922a,30 , 11 , (2 5 1 25 23) , 493 , ((2 * 5) + 1) , 22
2020.08.23-20.28.34,v1.05-10-g166922a,31 , 11 , (2 5 1 25 23) , 137 , ((2 * 5) + 1) , 0
2020.08.23-20.28.34,v1.05-10-g166922a,32 , 11 , (2 5 1 25 23) , 2000 , none,  97
2020.08.23-20.28.34,v1.05-10-g166922a,33 , 11 , (2 5 1 25 23) , 603 , ((2 * 5) + 1) , 88
2020.08.23-20.28.34,v1.05-10-g166922a,34 , 11 , (2 5 1 25 23) , 1451 , ((2 * 5) + 1) , 95
2020.08.23-20.28.34,v1.05-10-g166922a,35 , 11 , (2 5 1 25 23) , 784 , ((2 * 5) + 1) , 59
2020.08.23-20.28.34,v1.05-10-g166922a,36 , 11 , (2 5 1 25 23) , 2000 , none,  233
2020.08.23-20.28.34,v1.05-10-g166922a,37 , 11 , (2 5 1 25 23) , 844 , ((2 * 5) + 1) , 45
2020.08.23-20.28.34,v1.05-10-g166922a,38 , 11 , (2 5 1 25 23) , 406 , ((2 * 5) + 1) , 23
2020.08.23-20.28.34,v1.05-10-g166922a,39 , 11 , (2 5 1 25 23) , 72 , ((2 * 5) + 1) , 0
2020.08.23-20.28.34,v1.05-10-g166922a,40 , 11 , (2 5 1 25 23) , 334 , ((2 * 5) + 1) , 3
2020.08.23-20.28.34,v1.05-10-g166922a,41 , 11 , (2 5 1 25 23) , 2000 , none,  146
2020.08.23-20.28.34,v1.05-10-g166922a,42 , 11 , (2 5 1 25 23) , 1220 , ((2 * 5) + 1) , 24
2020.08.23-20.28.34,v1.05-10-g166922a,43 , 11 , (2 5 1 25 23) , 1329 , ((2 * 5) + 1) , 101
2020.08.23-20.28.34,v1.05-10-g166922a,44 , 11 , (2 5 1 25 23) , 157 , ((2 * 5) + 1) , 0
2020.08.23-20.28.34,v1.05-10-g166922a,45 , 11 , (2 5 1 25 23) , 361 , ((2 * 5) + 1) , 13
2020.08.23-20.28.34,v1.05-10-g166922a,46 , 11 , (2 5 1 25 23) , 1913 , ((2 * 5) + 1) , 148
2020.08.23-20.28.34,v1.05-10-g166922a,47 , 11 , (2 5 1 25 23) , 1036 , ((5 * 2) + 1) , 85
2020.08.23-20.28.34,v1.05-10-g166922a,48 , 11 , (2 5 1 25 23) , 92 , ((2 * 5) + 1) , 0
2020.08.23-20.28.34,v1.05-10-g166922a,49 , 11 , (2 5 1 25 23) , 2000 , none,  107
2020.08.23-20.28.34,v1.05-10-g166922a,50 , 11 , (2 5 1 25 23) , 400 , ((2 * 5) + 1) , 18
2020.08.23-20.28.34,v1.05-10-g166922a,51 , 11 , (2 5 1 25 23) , 454 , ((2 * 5) + 1) , 20
2020.08.23-20.28.34,v1.05-10-g166922a,52 , 11 , (2 5 1 25 23) , 135 , ((2 * 5) + 1) , 26
2020.08.23-20.28.34,v1.05-10-g166922a,53 , 11 , (2 5 1 25 23) , 124 , ((2 * 5) + 1) , 0
2020.08.23-20.28.34,v1.05-10-g166922a,54 , 11 , (2 5 1 25 23) , 2000 , none,  156
2020.08.23-20.28.34,v1.05-10-g166922a,55 , 11 , (2 5 1 25 23) , 935 , ((2 * 5) + 1) , 67
2020.08.23-20.28.34,v1.05-10-g166922a,56 , 11 , (2 5 1 25 23) , 833 , ((2 * 5) + 1) , 72
2020.08.23-20.28.34,v1.05-10-g166922a,57 , 11 , (2 5 1 25 23) , 1812 , ((2 * 5) + 1) , 71
2020.08.23-20.28.34,v1.05-10-g166922a,58 , 11 , (2 5 1 25 23) , 2000 , none,  181
2020.08.23-20.28.34,v1.05-10-g166922a,59 , 11 , (2 5 1 25 23) , 1660 , ((2 * 5) + 1) , 130
2020.08.23-20.28.34,v1.05-10-g166922a,60 , 11 , (2 5 1 25 23) , 1799 , ((2 * 5) + 1) , 136
2020.08.23-20.28.34,v1.05-10-g166922a,61 , 11 , (2 5 1 25 23) , 1332 , ((2 * 5) + 1) , 151
2020.08.23-20.28.34,v1.05-10-g166922a,62 , 11 , (2 5 1 25 23) , 534 , ((2 * 5) + 1) , 41
2020.08.23-20.28.34,v1.05-10-g166922a,63 , 11 , (2 5 1 25 23) , 855 , ((2 * 5) + 1) , 24
2020.08.23-20.28.34,v1.05-10-g166922a,64 , 11 , (2 5 1 25 23) , 2000 , none,  133
2020.08.23-20.28.34,v1.05-10-g166922a,65 , 11 , (2 5 1 25 23) , 2000 , none,  112
2020.08.23-20.28.34,v1.05-10-g166922a,66 , 11 , (2 5 1 25 23) , 548 , ((2 * 5) + 1) , 10
2020.08.23-20.28.34,v1.05-10-g166922a,67 , 11 , (2 5 1 25 23) , 1147 , ((2 * 5) + 1) , 109
2020.08.23-20.28.34,v1.05-10-g166922a,68 , 11 , (2 5 1 25 23) , 2000 , none,  131
2020.08.23-20.28.34,v1.05-10-g166922a,69 , 11 , (2 5 1 25 23) , 956 , ((2 * 5) + 1) , 67
2020.08.23-20.28.34,v1.05-10-g166922a,70 , 11 , (2 5 1 25 23) , 776 , ((2 * 5) + 1) , 53
2020.08.23-20.28.34,v1.05-10-g166922a,71 , 11 , (2 5 1 25 23) , 99 , ((2 * 5) + 1) , 1
2020.08.23-20.28.34,v1.05-10-g166922a,72 , 11 , (2 5 1 25 23) , 46 , ((2 * 5) + 1) , 0
2020.08.23-20.28.34,v1.05-10-g166922a,73 , 11 , (2 5 1 25 23) , 2000 , none,  199
2020.08.23-20.28.34,v1.05-10-g166922a,74 , 11 , (2 5 1 25 23) , 60 , ((2 * 5) + 1) , 0
2020.08.23-20.28.34,v1.05-10-g166922a,75 , 11 , (2 5 1 25 23) , 917 , ((2 * 5) + 1) , 82
2020.08.23-20.28.34,v1.05-10-g166922a,76 , 11 , (2 5 1 25 23) , 174 , ((2 * 5) + 1) , 0
2020.08.23-20.28.34,v1.05-10-g166922a,77 , 11 , (2 5 1 25 23) , 2000 , none,  182
2020.08.23-20.28.34,v1.05-10-g166922a,78 , 11 , (2 5 1 25 23) , 1793 , ((2 * 5) + 1) , 48
2020.08.23-20.28.34,v1.05-10-g166922a,79 , 11 , (2 5 1 25 23) , 574 , ((2 * 5) + 1) , 8
2020.08.23-20.28.34,v1.05-10-g166922a,80 , 11 , (2 5 1 25 23) , 1788 , ((2 * 5) + 1) , 163
2020.08.23-20.28.34,v1.05-10-g166922a,81 , 11 , (2 5 1 25 23) , 1070 , ((2 * 5) + 1) , 73
2020.08.23-20.28.34,v1.05-10-g166922a,82 , 11 , (2 5 1 25 23) , 753 , ((2 * 5) + 1) , 28
2020.08.23-20.28.34,v1.05-10-g166922a,83 , 11 , (2 5 1 25 23) , 86 , ((2 * 5) + 1) , 0
2020.08.23-20.28.34,v1.05-10-g166922a,84 , 11 , (2 5 1 25 23) , 368 , ((2 * 5) + 1) , 4
2020.08.23-20.28.34,v1.05-10-g166922a,85 , 11 , (2 5 1 25 23) , 2000 , none,  108
2020.08.23-20.28.34,v1.05-10-g166922a,86 , 11 , (2 5 1 25 23) , 1769 , ((2 * 5) + 1) , 94
2020.08.23-20.28.34,v1.05-10-g166922a,87 , 11 , (2 5 1 25 23) , 2000 , none,  158
2020.08.23-20.28.34,v1.05-10-g166922a,88 , 11 , (2 5 1 25 23) , 68 , ((2 * 5) + 1) , 0
2020.08.23-20.28.34,v1.05-10-g166922a,89 , 11 , (2 5 1 25 23) , 660 , ((2 * 5) + 1) , 82
2020.08.23-20.28.34,v1.05-10-g166922a,90 , 11 , (2 5 1 25 23) , 549 , ((2 * 5) + 1) , 101
2020.08.23-20.28.34,v1.05-10-g166922a,91 , 11 , (2 5 1 25 23) , 676 , ((2 * 5) + 1) , 40
2020.08.23-20.28.34,v1.05-10-g166922a,92 , 11 , (2 5 1 25 23) , 598 , ((2 * 5) + 1) , 27
2020.08.23-20.28.34,v1.05-10-g166922a,93 , 11 , (2 5 1 25 23) , 914 , ((2 * 5) + 1) , 56
2020.08.23-20.28.34,v1.05-10-g166922a,94 , 11 , (2 5 1 25 23) , 598 , ((2 * 5) + 1) , 8
2020.08.23-20.28.34,v1.05-10-g166922a,95 , 11 , (2 5 1 25 23) , 1278 , ((2 * 5) + 1) , 147
2020.08.23-20.28.34,v1.05-10-g166922a,96 , 11 , (2 5 1 25 23) , 259 , ((2 * 5) + 1) , 21
2020.08.23-20.28.34,v1.05-10-g166922a,97 , 11 , (2 5 1 25 23) , 2000 , none,  111
2020.08.23-20.28.34,v1.05-10-g166922a,98 , 11 , (2 5 1 25 23) , 2000 , none,  127
2020.08.23-20.28.34,v1.05-10-g166922a,99 , 11 , (2 5 1 25 23) , 2000 , none,  187
2020.08.23-20.28.34,v1.05-10-g166922a,0 , 116 , (20 2 16 14 6) , 460 , ((6 * 14) + (2 * 16)) , 30
2020.08.23-20.28.34,v1.05-10-g166922a,1 , 116 , (20 2 16 14 6) , 2000 , none,  179
2020.08.23-20.28.34,v1.05-10-g166922a,2 , 116 , (20 2 16 14 6) , 342 , ((6 * 14) + (2 * 16)) , 1
2020.08.23-20.28.34,v1.05-10-g166922a,3 , 116 , (20 2 16 14 6) , 103 , ((16 * 6) + 20) , 0
2020.08.23-20.28.34,v1.05-10-g166922a,4 , 116 , (20 2 16 14 6) , 885 , ((6 * 14) + (2 * 16)) , 93
2020.08.23-20.28.34,v1.05-10-g166922a,5 , 116 , (20 2 16 14 6) , 2000 , none,  43
2020.08.23-20.28.34,v1.05-10-g166922a,6 , 116 , (20 2 16 14 6) , 456 , ((6 * 14) + (2 * 16)) , 33
2020.08.23-20.28.34,v1.05-10-g166922a,7 , 116 , (20 2 16 14 6) , 2000 , none,  93
2020.08.23-20.28.34,v1.05-10-g166922a,8 , 116 , (20 2 16 14 6) , 123 , ((6 * 16) + 20) , 0
2020.08.23-20.28.34,v1.05-10-g166922a,9 , 116 , (20 2 16 14 6) , 2000 , none,  73
2020.08.23-20.28.34,v1.05-10-g166922a,10 , 116 , (20 2 16 14 6) , 2000 , none,  57
2020.08.23-20.28.34,v1.05-10-g166922a,11 , 116 , (20 2 16 14 6) , 2000 , none,  55
2020.08.23-20.28.34,v1.05-10-g166922a,12 , 116 , (20 2 16 14 6) , 2000 , none,  109
2020.08.23-20.28.34,v1.05-10-g166922a,13 , 116 , (20 2 16 14 6) , 413 , ((16 * 6) + 20) , 0
2020.08.23-20.28.34,v1.05-10-g166922a,14 , 116 , (20 2 16 14 6) , 269 , ((6 * 16) + 20) , 0
2020.08.23-20.28.34,v1.05-10-g166922a,15 , 116 , (20 2 16 14 6) , 2000 , none,  114
2020.08.23-20.28.34,v1.05-10-g166922a,16 , 116 , (20 2 16 14 6) , 675 , ((6 * 14) + (2 * 16)) , 8
2020.08.23-20.28.34,v1.05-10-g166922a,17 , 116 , (20 2 16 14 6) , 2000 , none,  78
2020.08.23-20.28.34,v1.05-10-g166922a,18 , 116 , (20 2 16 14 6) , 130 , ((6 * 14) + (2 * 16)) , 0
2020.08.23-20.28.34,v1.05-10-g166922a,19 , 116 , (20 2 16 14 6) , 2000 , none,  90
2020.08.23-20.28.34,v1.05-10-g166922a,20 , 116 , (20 2 16 14 6) , 108 , ((6 * 14) + (2 * 16)) , 0
2020.08.23-20.28.34,v1.05-10-g166922a,21 , 116 , (20 2 16 14 6) , 1005 , ((6 * 14) + (2 * 16)) , 19
2020.08.23-20.28.34,v1.05-10-g166922a,22 , 116 , (20 2 16 14 6) , 2000 , none,  24
2020.08.23-20.28.34,v1.05-10-g166922a,23 , 116 , (20 2 16 14 6) , 2000 , none,  75
2020.08.23-20.28.34,v1.05-10-g166922a,24 , 116 , (20 2 16 14 6) , 400 , ((6 * 16) + 20) , 18
2020.08.23-20.28.34,v1.05-10-g166922a,25 , 116 , (20 2 16 14 6) , 406 , ((14 * 6) + (2 * 16)) , 30
2020.08.23-20.28.34,v1.05-10-g166922a,26 , 116 , (20 2 16 14 6) , 1946 , ((6 * 14) + (2 * 16)) , 93
2020.08.23-20.28.34,v1.05-10-g166922a,27 , 116 , (20 2 16 14 6) , 207 , ((6 * 14) + (2 * 16)) , 3
2020.08.23-20.28.34,v1.05-10-g166922a,28 , 116 , (20 2 16 14 6) , 2000 , none,  42
2020.08.23-20.28.34,v1.05-10-g166922a,29 , 116 , (20 2 16 14 6) , 2000 , none,  116
2020.08.23-20.28.34,v1.05-10-g166922a,30 , 116 , (20 2 16 14 6) , 2000 , none,  75
2020.08.23-20.28.34,v1.05-10-g166922a,31 , 116 , (20 2 16 14 6) , 2000 , none,  88
2020.08.23-20.28.34,v1.05-10-g166922a,32 , 116 , (20 2 16 14 6) , 2000 , none,  129
2020.08.23-20.28.34,v1.05-10-g166922a,33 , 116 , (20 2 16 14 6) , 707 , ((6 * 14) + (2 * 16)) , 69
2020.08.23-20.28.34,v1.05-10-g166922a,34 , 116 , (20 2 16 14 6) , 2000 , none,  97
2020.08.23-20.28.34,v1.05-10-g166922a,35 , 116 , (20 2 16 14 6) , 2000 , none,  92
2020.08.23-20.28.34,v1.05-10-g166922a,36 , 116 , (20 2 16 14 6) , 1321 , ((6 * 16) + 20) , 75
2020.08.23-20.28.34,v1.05-10-g166922a,37 , 116 , (20 2 16 14 6) , 1350 , ((6 * 14) + (2 * 16)) , 76
2020.08.23-20.28.34,v1.05-10-g166922a,38 , 116 , (20 2 16 14 6) , 2000 , none,  60
2020.08.23-20.28.34,v1.05-10-g166922a,39 , 116 , (20 2 16 14 6) , 360 , ((6 * 14) + (2 * 16)) , 17
2020.08.23-20.28.34,v1.05-10-g166922a,40 , 116 , (20 2 16 14 6) , 79 , ((6 * 14) + (2 * 16)) , 0
2020.08.23-20.28.34,v1.05-10-g166922a,41 , 116 , (20 2 16 14 6) , 2000 , none,  101
2020.08.23-20.28.34,v1.05-10-g166922a,42 , 116 , (20 2 16 14 6) , 2000 , none,  70
2020.08.23-20.28.34,v1.05-10-g166922a,43 , 116 , (20 2 16 14 6) , 1645 , ((14 * 6) + (2 * 16)) , 163
2020.08.23-20.28.34,v1.05-10-g166922a,44 , 116 , (20 2 16 14 6) , 1464 , ((14 * 6) + (2 * 16)) , 86
2020.08.23-20.28.34,v1.05-10-g166922a,45 , 116 , (20 2 16 14 6) , 2000 , none,  93
2020.08.23-20.28.34,v1.05-10-g166922a,46 , 116 , (20 2 16 14 6) , 151 , ((6 * 14) + (2 * 16)) , 7
2020.08.23-20.28.34,v1.05-10-g166922a,47 , 116 , (20 2 16 14 6) , 542 , ((6 * 16) + 20) , 0
2020.08.23-20.28.34,v1.05-10-g166922a,48 , 116 , (20 2 16 14 6) , 2000 , none,  58
2020.08.23-20.28.34,v1.05-10-g166922a,49 , 116 , (20 2 16 14 6) , 2000 , none,  147
2020.08.23-20.28.34,v1.05-10-g166922a,50 , 116 , (20 2 16 14 6) , 38 , ((6 * 16) + 20) , 0
2020.08.23-20.28.34,v1.05-10-g166922a,51 , 116 , (20 2 16 14 6) , 2000 , none,  34
2020.08.23-20.28.34,v1.05-10-g166922a,52 , 116 , (20 2 16 14 6) , 2000 , none,  113
2020.08.23-20.28.34,v1.05-10-g166922a,53 , 116 , (20 2 16 14 6) , 2000 , none,  69
2020.08.23-20.28.34,v1.05-10-g166922a,54 , 116 , (20 2 16 14 6) , 116 , ((6 * 14) + (2 * 16)) , 6
2020.08.23-20.28.34,v1.05-10-g166922a,55 , 116 , (20 2 16 14 6) , 1926 , ((6 * 14) + (2 * 16)) , 12
2020.08.23-20.28.34,v1.05-10-g166922a,56 , 116 , (20 2 16 14 6) , 1782 , ((14 * 6) + (2 * 16)) , 97
2020.08.23-20.28.34,v1.05-10-g166922a,57 , 116 , (20 2 16 14 6) , 1862 , ((6 * 16) + 20) , 121
2020.08.23-20.28.34,v1.05-10-g166922a,58 , 116 , (20 2 16 14 6) , 566 , ((6 * 14) + (2 * 16)) , 0
2020.08.23-20.28.34,v1.05-10-g166922a,59 , 116 , (20 2 16 14 6) , 2000 , none,  23
2020.08.23-20.28.34,v1.05-10-g166922a,60 , 116 , (20 2 16 14 6) , 465 , ((6 * 14) + (2 * 16)) , 31
2020.08.23-20.28.34,v1.05-10-g166922a,61 , 116 , (20 2 16 14 6) , 768 , ((6 * 14) + (2 * 16)) , 45
2020.08.23-20.28.34,v1.05-10-g166922a,62 , 116 , (20 2 16 14 6) , 2000 , none,  116
2020.08.23-20.28.34,v1.05-10-g166922a,63 , 116 , (20 2 16 14 6) , 2000 , none,  67
2020.08.23-20.28.34,v1.05-10-g166922a,64 , 116 , (20 2 16 14 6) , 2000 , none,  124
2020.08.23-20.28.34,v1.05-10-g166922a,65 , 116 , (20 2 16 14 6) , 1946 , ((6 * 14) + (2 * 16)) , 94
2020.08.23-20.28.34,v1.05-10-g166922a,66 , 116 , (20 2 16 14 6) , 2000 , none,  43
2020.08.23-20.28.34,v1.05-10-g166922a,67 , 116 , (20 2 16 14 6) , 2000 , none,  61
2020.08.23-20.28.34,v1.05-10-g166922a,68 , 116 , (20 2 16 14 6) , 1383 , ((6 * 14) + (2 * 16)) , 43
2020.08.23-20.28.34,v1.05-10-g166922a,69 , 116 , (20 2 16 14 6) , 2000 , none,  64
2020.08.23-20.28.34,v1.05-10-g166922a,70 , 116 , (20 2 16 14 6) , 2000 , none,  79
2020.08.23-20.28.34,v1.05-10-g166922a,71 , 116 , (20 2 16 14 6) , 2000 , none,  78
2020.08.23-20.28.34,v1.05-10-g166922a,72 , 116 , (20 2 16 14 6) , 932 , ((6 * 14) + (16 * 2)) , 17
2020.08.23-20.28.34,v1.05-10-g166922a,73 , 116 , (20 2 16 14 6) , 2000 , none,  136
2020.08.23-20.28.34,v1.05-10-g166922a,74 , 116 , (20 2 16 14 6) , 1288 , ((6 * 14) + (2 * 16)) , 15
2020.08.23-20.28.34,v1.05-10-g166922a,75 , 116 , (20 2 16 14 6) , 2000 , none,  125
2020.08.23-20.28.34,v1.05-10-g166922a,76 , 116 , (20 2 16 14 6) , 566 , ((6 * 14) + (2 * 16)) , 27
2020.08.23-20.28.34,v1.05-10-g166922a,77 , 116 , (20 2 16 14 6) , 2000 , none,  59
2020.08.23-20.28.34,v1.05-10-g166922a,78 , 116 , (20 2 16 14 6) , 248 , ((6 * 14) + (2 * 16)) , 0
2020.08.23-20.28.34,v1.05-10-g166922a,79 , 116 , (20 2 16 14 6) , 2000 , none,  77
2020.08.23-20.28.34,v1.05-10-g166922a,80 , 116 , (20 2 16 14 6) , 2000 , none,  36
2020.08.23-20.28.34,v1.05-10-g166922a,81 , 116 , (20 2 16 14 6) , 247 , ((6 * 14) + (2 * 16)) , 0
2020.08.23-20.28.34,v1.05-10-g166922a,82 , 116 , (20 2 16 14 6) , 2000 , none,  118
2020.08.23-20.28.34,v1.05-10-g166922a,83 , 116 , (20 2 16 14 6) , 1674 , ((6 * 16) + 20) , 93
2020.08.23-20.28.34,v1.05-10-g166922a,84 , 116 , (20 2 16 14 6) , 1018 , ((6 * 16) + 20) , 33
2020.08.23-20.28.34,v1.05-10-g166922a,85 , 116 , (20 2 16 14 6) , 2000 , none,  103
2020.08.23-20.28.34,v1.05-10-g166922a,86 , 116 , (20 2 16 14 6) , 2000 , none,  46
2020.08.23-20.28.34,v1.05-10-g166922a,87 , 116 , (20 2 16 14 6) , 174 , ((6 * 14) + (2 * 16)) , 0
2020.08.23-20.28.34,v1.05-10-g166922a,88 , 116 , (20 2 16 14 6) , 2000 , none,  7
2020.08.23-20.28.34,v1.05-10-g166922a,89 , 116 , (20 2 16 14 6) , 594 , ((6 * 14) + (2 * 16)) , 33
2020.08.23-20.28.34,v1.05-10-g166922a,90 , 116 , (20 2 16 14 6) , 1396 , ((14 * 6) + (2 * 16)) , 66
2020.08.23-20.28.34,v1.05-10-g166922a,91 , 116 , (20 2 16 14 6) , 2000 , none,  87
2020.08.23-20.28.34,v1.05-10-g166922a,92 , 116 , (20 2 16 14 6) , 67 , ((6 * 14) + (2 * 16)) , 0
2020.08.23-20.28.34,v1.05-10-g166922a,93 , 116 , (20 2 16 14 6) , 1171 , ((6 * 14) + (2 * 16)) , 42
2020.08.23-20.28.34,v1.05-10-g166922a,94 , 116 , (20 2 16 14 6) , 576 , ((6 * 14) + (2 * 16)) , 0
2020.08.23-20.28.34,v1.05-10-g166922a,95 , 116 , (20 2 16 14 6) , 1615 , ((6 * 14) + (2 * 16)) , 79
2020.08.23-20.28.34,v1.05-10-g166922a,96 , 116 , (20 2 16 14 6) , 1520 , ((6 * 14) + (2 * 16)) , 12
2020.08.23-20.28.34,v1.05-10-g166922a,97 , 116 , (20 2 16 14 6) , 208 , ((6 * 14) + (2 * 16)) , 0
2020.08.23-20.28.34,v1.05-10-g166922a,98 , 116 , (20 2 16 14 6) , 2000 , none,  111
2020.08.23-20.28.34,v1.05-10-g166922a,99 , 116 , (20 2 16 14 6) , 2000 , none,  60
2020.08.23-20.28.34,v1.05-10-g166922a,0 , 127 , (7 6 4 22 25) , 2000 , none,  92
2020.08.23-20.28.34,v1.05-10-g166922a,1 , 127 , (7 6 4 22 25) , 2000 , none,  116
2020.08.23-20.28.34,v1.05-10-g166922a,2 , 127 , (7 6 4 22 25) , 2000 , none,  123
2020.08.23-20.28.34,v1.05-10-g166922a,3 , 127 , (7 6 4 22 25) , 2000 , none,  193
2020.08.23-20.28.34,v1.05-10-g166922a,4 , 127 , (7 6 4 22 25) , 2000 , none,  147
2020.08.23-20.28.34,v1.05-10-g166922a,5 , 127 , (7 6 4 22 25) , 2000 , none,  211
2020.08.23-20.28.34,v1.05-10-g166922a,6 , 127 , (7 6 4 22 25) , 2000 , none,  193
2020.08.23-20.28.34,v1.05-10-g166922a,7 , 127 , (7 6 4 22 25) , 2000 , none,  113
2020.08.23-20.28.34,v1.05-10-g166922a,8 , 127 , (7 6 4 22 25) , 2000 , none,  152
2020.08.23-20.28.34,v1.05-10-g166922a,9 , 127 , (7 6 4 22 25) , 2000 , none,  80
2020.08.23-20.28.34,v1.05-10-g166922a,10 , 127 , (7 6 4 22 25) , 2000 , none,  12
2020.08.23-20.28.34,v1.05-10-g166922a,11 , 127 , (7 6 4 22 25) , 2000 , none,  219
2020.08.23-20.28.34,v1.05-10-g166922a,12 , 127 , (7 6 4 22 25) , 2000 , none,  202
2020.08.23-20.28.34,v1.05-10-g166922a,13 , 127 , (7 6 4 22 25) , 2000 , none,  144
2020.08.23-20.28.34,v1.05-10-g166922a,14 , 127 , (7 6 4 22 25) , 2000 , none,  152
2020.08.23-20.28.34,v1.05-10-g166922a,15 , 127 , (7 6 4 22 25) , 2000 , none,  172
2020.08.23-20.28.34,v1.05-10-g166922a,16 , 127 , (7 6 4 22 25) , 2000 , none,  154
2020.08.23-20.28.34,v1.05-10-g166922a,17 , 127 , (7 6 4 22 25) , 2000 , none,  142
2020.08.23-20.28.34,v1.05-10-g166922a,18 , 127 , (7 6 4 22 25) , 2000 , none,  75
2020.08.23-20.28.34,v1.05-10-g166922a,19 , 127 , (7 6 4 22 25) , 2000 , none,  169
2020.08.23-20.28.34,v1.05-10-g166922a,20 , 127 , (7 6 4 22 25) , 2000 , none,  134
2020.08.23-20.28.34,v1.05-10-g166922a,21 , 127 , (7 6 4 22 25) , 2000 , none,  40
2020.08.23-20.28.34,v1.05-10-g166922a,22 , 127 , (7 6 4 22 25) , 2000 , none,  221
2020.08.23-20.28.34,v1.05-10-g166922a,23 , 127 , (7 6 4 22 25) , 2000 , none,  17
2020.08.23-20.28.34,v1.05-10-g166922a,24 , 127 , (7 6 4 22 25) , 2000 , none,  149
2020.08.23-20.28.34,v1.05-10-g166922a,25 , 127 , (7 6 4 22 25) , 2000 , none,  102
2020.08.23-20.28.34,v1.05-10-g166922a,26 , 127 , (7 6 4 22 25) , 2000 , none,  153
2020.08.23-20.28.34,v1.05-10-g166922a,27 , 127 , (7 6 4 22 25) , 2000 , none,  74
2020.08.23-20.28.34,v1.05-10-g166922a,28 , 127 , (7 6 4 22 25) , 2000 , none,  158
2020.08.23-20.28.34,v1.05-10-g166922a,29 , 127 , (7 6 4 22 25) , 2000 , none,  97
2020.08.23-20.28.34,v1.05-10-g166922a,30 , 127 , (7 6 4 22 25) , 2000 , none,  147
2020.08.23-20.28.34,v1.05-10-g166922a,31 , 127 , (7 6 4 22 25) , 2000 , none,  229
2020.08.23-20.28.34,v1.05-10-g166922a,32 , 127 , (7 6 4 22 25) , 2000 , none,  141
2020.08.23-20.28.34,v1.05-10-g166922a,33 , 127 , (7 6 4 22 25) , 2000 , none,  193
2020.08.23-20.28.34,v1.05-10-g166922a,34 , 127 , (7 6 4 22 25) , 2000 , none,  156
2020.08.23-20.28.34,v1.05-10-g166922a,35 , 127 , (7 6 4 22 25) , 2000 , none,  204
2020.08.23-20.28.34,v1.05-10-g166922a,36 , 127 , (7 6 4 22 25) , 2000 , none,  134
2020.08.23-20.28.34,v1.05-10-g166922a,37 , 127 , (7 6 4 22 25) , 2000 , none,  147
2020.08.23-20.28.34,v1.05-10-g166922a,38 , 127 , (7 6 4 22 25) , 2000 , none,  168
2020.08.23-20.28.34,v1.05-10-g166922a,39 , 127 , (7 6 4 22 25) , 2000 , none,  85
2020.08.23-20.28.34,v1.05-10-g166922a,40 , 127 , (7 6 4 22 25) , 2000 , none,  240
2020.08.23-20.28.34,v1.05-10-g166922a,41 , 127 , (7 6 4 22 25) , 2000 , none,  162
2020.08.23-20.28.34,v1.05-10-g166922a,42 , 127 , (7 6 4 22 25) , 2000 , none,  165
2020.08.23-20.28.34,v1.05-10-g166922a,43 , 127 , (7 6 4 22 25) , 2000 , none,  124
2020.08.23-20.28.34,v1.05-10-g166922a,44 , 127 , (7 6 4 22 25) , 2000 , none,  57
2020.08.23-20.28.34,v1.05-10-g166922a,45 , 127 , (7 6 4 22 25) , 2000 , none,  3
2020.08.23-20.28.34,v1.05-10-g166922a,46 , 127 , (7 6 4 22 25) , 2000 , none,  116
2020.08.23-20.28.34,v1.05-10-g166922a,47 , 127 , (7 6 4 22 25) , 2000 , none,  121
2020.08.23-20.28.34,v1.05-10-g166922a,48 , 127 , (7 6 4 22 25) , 2000 , none,  159
2020.08.23-20.28.34,v1.05-10-g166922a,49 , 127 , (7 6 4 22 25) , 2000 , none,  171
2020.08.23-20.28.34,v1.05-10-g166922a,50 , 127 , (7 6 4 22 25) , 2000 , none,  83
2020.08.23-20.28.34,v1.05-10-g166922a,51 , 127 , (7 6 4 22 25) , 2000 , none,  169
2020.08.23-20.28.34,v1.05-10-g166922a,52 , 127 , (7 6 4 22 25) , 2000 , none,  114
2020.08.23-20.28.34,v1.05-10-g166922a,53 , 127 , (7 6 4 22 25) , 2000 , none,  110
2020.08.23-20.28.34,v1.05-10-g166922a,54 , 127 , (7 6 4 22 25) , 2000 , none,  94
2020.08.23-20.28.34,v1.05-10-g166922a,55 , 127 , (7 6 4 22 25) , 2000 , none,  150
2020.08.23-20.28.34,v1.05-10-g166922a,56 , 127 , (7 6 4 22 25) , 2000 , none,  127
2020.08.23-20.28.34,v1.05-10-g166922a,57 , 127 , (7 6 4 22 25) , 2000 , none,  140
2020.08.23-20.28.34,v1.05-10-g166922a,58 , 127 , (7 6 4 22 25) , 2000 , none,  185
2020.08.23-20.28.34,v1.05-10-g166922a,59 , 127 , (7 6 4 22 25) , 2000 , none,  149
2020.08.23-20.28.34,v1.05-10-g166922a,60 , 127 , (7 6 4 22 25) , 2000 , none,  184
2020.08.23-20.28.34,v1.05-10-g166922a,61 , 127 , (7 6 4 22 25) , 2000 , none,  93
2020.08.23-20.28.34,v1.05-10-g166922a,62 , 127 , (7 6 4 22 25) , 2000 , none,  100
2020.08.23-20.28.34,v1.05-10-g166922a,63 , 127 , (7 6 4 22 25) , 2000 , none,  14
2020.08.23-20.28.34,v1.05-10-g166922a,64 , 127 , (7 6 4 22 25) , 2000 , none,  138
2020.08.23-20.28.34,v1.05-10-g166922a,65 , 127 , (7 6 4 22 25) , 2000 , none,  270
2020.08.23-20.28.34,v1.05-10-g166922a,66 , 127 , (7 6 4 22 25) , 2000 , none,  113
2020.08.23-20.28.34,v1.05-10-g166922a,67 , 127 , (7 6 4 22 25) , 2000 , none,  73
2020.08.23-20.28.34,v1.05-10-g166922a,68 , 127 , (7 6 4 22 25) , 2000 , none,  28
2020.08.23-20.28.34,v1.05-10-g166922a,69 , 127 , (7 6 4 22 25) , 2000 , none,  64
2020.08.23-20.28.34,v1.05-10-g166922a,70 , 127 , (7 6 4 22 25) , 2000 , none,  139
2020.08.23-20.28.34,v1.05-10-g166922a,71 , 127 , (7 6 4 22 25) , 2000 , none,  71
2020.08.23-20.28.34,v1.05-10-g166922a,72 , 127 , (7 6 4 22 25) , 2000 , none,  128
2020.08.23-20.28.34,v1.05-10-g166922a,73 , 127 , (7 6 4 22 25) , 2000 , none,  137
2020.08.23-20.28.34,v1.05-10-g166922a,74 , 127 , (7 6 4 22 25) , 2000 , none,  110
2020.08.23-20.28.34,v1.05-10-g166922a,75 , 127 , (7 6 4 22 25) , 2000 , none,  118
2020.08.23-20.28.34,v1.05-10-g166922a,76 , 127 , (7 6 4 22 25) , 2000 , none,  59
2020.08.23-20.28.34,v1.05-10-g166922a,77 , 127 , (7 6 4 22 25) , 2000 , none,  126
2020.08.23-20.28.34,v1.05-10-g166922a,78 , 127 , (7 6 4 22 25) , 2000 , none,  50
2020.08.23-20.28.34,v1.05-10-g166922a,79 , 127 , (7 6 4 22 25) , 2000 , none,  28
2020.08.23-20.28.34,v1.05-10-g166922a,80 , 127 , (7 6 4 22 25) , 2000 , none,  171
2020.08.23-20.28.34,v1.05-10-g166922a,81 , 127 , (7 6 4 22 25) , 2000 , none,  186
2020.08.23-20.28.34,v1.05-10-g166922a,82 , 127 , (7 6 4 22 25) , 2000 , none,  106
2020.08.23-20.28.34,v1.05-10-g166922a,83 , 127 , (7 6 4 22 25) , 2000 , none,  138
2020.08.23-20.28.34,v1.05-10-g166922a,84 , 127 , (7 6 4 22 25) , 2000 , none,  92
2020.08.23-20.28.34,v1.05-10-g166922a,85 , 127 , (7 6 4 22 25) , 2000 , none,  103
2020.08.23-20.28.34,v1.05-10-g166922a,86 , 127 , (7 6 4 22 25) , 2000 , none,  139
2020.08.23-20.28.34,v1.05-10-g166922a,87 , 127 , (7 6 4 22 25) , 2000 , none,  121
2020.08.23-20.28.34,v1.05-10-g166922a,88 , 127 , (7 6 4 22 25) , 2000 , none,  72
2020.08.23-20.28.34,v1.05-10-g166922a,89 , 127 , (7 6 4 22 25) , 2000 , none,  123
2020.08.23-20.28.34,v1.05-10-g166922a,90 , 127 , (7 6 4 22 25) , 2000 , none,  96
2020.08.23-20.28.34,v1.05-10-g166922a,91 , 127 , (7 6 4 22 25) , 2000 , none,  127
2020.08.23-20.28.34,v1.05-10-g166922a,92 , 127 , (7 6 4 22 25) , 2000 , none,  112
2020.08.23-20.28.34,v1.05-10-g166922a,93 , 127 , (7 6 4 22 25) , 2000 , none,  119
2020.08.23-20.28.34,v1.05-10-g166922a,94 , 127 , (7 6 4 22 25) , 2000 , none,  16
2020.08.23-20.28.34,v1.05-10-g166922a,95 , 127 , (7 6 4 22 25) , 2000 , none,  172
2020.08.23-20.28.34,v1.05-10-g166922a,96 , 127 , (7 6 4 22 25) , 2000 , none,  190
2020.08.23-20.28.34,v1.05-10-g166922a,97 , 127 , (7 6 4 22 25) , 2000 , none,  173
2020.08.23-20.28.34,v1.05-10-g166922a,98 , 127 , (7 6 4 22 25) , 2000 , none,  131
2020.08.23-20.28.34,v1.05-10-g166922a,99 , 127 , (7 6 4 22 25) , 2000 , none,  99
2020.08.23-20.28.34,v1.05-10-g166922a,0 , 41 , (5 16 22 25 1) , 28 , (16 + 25) , 0
2020.08.23-20.28.34,v1.05-10-g166922a,1 , 41 , (5 16 22 25 1) , 263 , ((22 + 25) - (1 + 5)) , 5
2020.08.23-20.28.34,v1.05-10-g166922a,2 , 41 , (5 16 22 25 1) , 2000 , none,  230
2020.08.23-20.28.34,v1.05-10-g166922a,3 , 41 , (5 16 22 25 1) , 2000 , none,  285
2020.08.23-20.28.34,v1.05-10-g166922a,4 , 41 , (5 16 22 25 1) , 88 , (25 + 16) , 0
2020.08.23-20.28.34,v1.05-10-g166922a,5 , 41 , (5 16 22 25 1) , 2000 , none,  284
2020.08.23-20.28.34,v1.05-10-g166922a,6 , 41 , (5 16 22 25 1) , 1710 , (16 + 25) , 148
2020.08.23-20.28.34,v1.05-10-g166922a,7 , 41 , (5 16 22 25 1) , 2000 , none,  301
2020.08.23-20.28.34,v1.05-10-g166922a,8 , 41 , (5 16 22 25 1) , 1505 , ((22 + 25) - (1 + 5)) , 227
2020.08.23-20.28.34,v1.05-10-g166922a,9 , 41 , (5 16 22 25 1) , 75 , (25 + 16) , 0
2020.08.23-20.28.34,v1.05-10-g166922a,10 , 41 , (5 16 22 25 1) , 2000 , none,  417
2020.08.23-20.28.34,v1.05-10-g166922a,11 , 41 , (5 16 22 25 1) , 2000 , none,  357
2020.08.23-20.28.34,v1.05-10-g166922a,12 , 41 , (5 16 22 25 1) , 545 , (25 + 16) , 28
2020.08.23-20.28.34,v1.05-10-g166922a,13 , 41 , (5 16 22 25 1) , 2000 , none,  320
2020.08.23-20.28.34,v1.05-10-g166922a,14 , 41 , (5 16 22 25 1) , 87 , (16 + 25) , 0
2020.08.23-20.28.34,v1.05-10-g166922a,15 , 41 , (5 16 22 25 1) , 2000 , none,  368
2020.08.23-20.28.34,v1.05-10-g166922a,16 , 41 , (5 16 22 25 1) , 1896 , ((25 + 22) - (1 + 5)) , 276
2020.08.23-20.28.34,v1.05-10-g166922a,17 , 41 , (5 16 22 25 1) , 2000 , none,  381
2020.08.23-20.28.34,v1.05-10-g166922a,18 , 41 , (5 16 22 25 1) , 2000 , none,  163
2020.08.23-20.28.34,v1.05-10-g166922a,19 , 41 , (5 16 22 25 1) , 2000 , none,  245
2020.08.23-20.28.34,v1.05-10-g166922a,20 , 41 , (5 16 22 25 1) , 345 , (25 + 16) , 20
2020.08.23-20.28.34,v1.05-10-g166922a,21 , 41 , (5 16 22 25 1) , 210 , ((25 + 22) - (1 + 5)) , 0
2020.08.23-20.28.34,v1.05-10-g166922a,22 , 41 , (5 16 22 25 1) , 2000 , none,  276
2020.08.23-20.28.34,v1.05-10-g166922a,23 , 41 , (5 16 22 25 1) , 143 , (25 + 16) , 4
2020.08.23-20.28.34,v1.05-10-g166922a,24 , 41 , (5 16 22 25 1) , 1577 , (25 + 16) , 159
2020.08.23-20.28.34,v1.05-10-g166922a,25 , 41 , (5 16 22 25 1) , 1140 , (25 + 16) , 209
2020.08.23-20.28.34,v1.05-10-g166922a,26 , 41 , (5 16 22 25 1) , 1070 , (16 + 25) , 92
2020.08.23-20.28.34,v1.05-10-g166922a,27 , 41 , (5 16 22 25 1) , 93 , ((25 + 22) - (1 + 5)) , 0
2020.08.23-20.28.34,v1.05-10-g166922a,28 , 41 , (5 16 22 25 1) , 53 , (16 + 25) , 0
2020.08.23-20.28.34,v1.05-10-g166922a,29 , 41 , (5 16 22 25 1) , 717 , (25 + 16) , 52
2020.08.23-20.28.34,v1.05-10-g166922a,30 , 41 , (5 16 22 25 1) , 370 , ((22 + 25) - (1 + 5)) , 33
2020.08.23-20.28.34,v1.05-10-g166922a,31 , 41 , (5 16 22 25 1) , 2000 , none,  309
2020.08.23-20.28.34,v1.05-10-g166922a,32 , 41 , (5 16 22 25 1) , 797 , (16 + 25) , 34
2020.08.23-20.28.34,v1.05-10-g166922a,33 , 41 , (5 16 22 25 1) , 2000 , none,  416
2020.08.23-20.28.34,v1.05-10-g166922a,34 , 41 , (5 16 22 25 1) , 1947 , ((22 + 25) - (5 + 1)) , 151
2020.08.23-20.28.34,v1.05-10-g166922a,35 , 41 , (5 16 22 25 1) , 406 , ((25 + 22) - (1 + 5)) , 63
2020.08.23-20.28.34,v1.05-10-g166922a,36 , 41 , (5 16 22 25 1) , 2000 , none,  309
2020.08.23-20.28.34,v1.05-10-g166922a,37 , 41 , (5 16 22 25 1) , 330 , ((22 + 25) - (1 + 5)) , 0
2020.08.23-20.28.34,v1.05-10-g166922a,38 , 41 , (5 16 22 25 1) , 589 , ((22 + 25) - (1 + 5)) , 32
2020.08.23-20.28.34,v1.05-10-g166922a,39 , 41 , (5 16 22 25 1) , 569 , (25 + 16) , 121
2020.08.23-20.28.34,v1.05-10-g166922a,40 , 41 , (5 16 22 25 1) , 2000 , none,  111
2020.08.23-20.28.34,v1.05-10-g166922a,41 , 41 , (5 16 22 25 1) , 22 , (25 + 16) , 0
2020.08.23-20.28.34,v1.05-10-g166922a,42 , 41 , (5 16 22 25 1) , 1490 , (25 + 16) , 78
2020.08.23-20.28.34,v1.05-10-g166922a,43 , 41 , (5 16 22 25 1) , 136 , (25 + 16) , 28
2020.08.23-20.28.34,v1.05-10-g166922a,44 , 41 , (5 16 22 25 1) , 124 , (25 + 16) , 0
2020.08.23-20.28.34,v1.05-10-g166922a,45 , 41 , (5 16 22 25 1) , 2000 , none,  419
2020.08.23-20.28.34,v1.05-10-g166922a,46 , 41 , (5 16 22 25 1) , 1109 , (16 + 25) , 42
2020.08.23-20.28.34,v1.05-10-g166922a,47 , 41 , (5 16 22 25 1) , 2000 , none,  405
2020.08.23-20.28.34,v1.05-10-g166922a,48 , 41 , (5 16 22 25 1) , 1294 , (25 + 16) , 118
2020.08.23-20.28.34,v1.05-10-g166922a,49 , 41 , (5 16 22 25 1) , 2000 , none,  231
2020.08.23-20.28.34,v1.05-10-g166922a,50 , 41 , (5 16 22 25 1) , 38 , (16 + 25) , 0
2020.08.23-20.28.34,v1.05-10-g166922a,51 , 41 , (5 16 22 25 1) , 160 , (25 + 16) , 0
2020.08.23-20.28.34,v1.05-10-g166922a,52 , 41 , (5 16 22 25 1) , 2000 , none,  267
2020.08.23-20.28.34,v1.05-10-g166922a,53 , 41 , (5 16 22 25 1) , 2000 , none,  302
2020.08.23-20.28.34,v1.05-10-g166922a,54 , 41 , (5 16 22 25 1) , 21 , (16 + 25) , 0
2020.08.23-20.28.34,v1.05-10-g166922a,55 , 41 , (5 16 22 25 1) , 2000 , none,  234
2020.08.23-20.28.34,v1.05-10-g166922a,56 , 41 , (5 16 22 25 1) , 2000 , none,  352
2020.08.23-20.28.34,v1.05-10-g166922a,57 , 41 , (5 16 22 25 1) , 142 , ((22 + 25) - (1 + 5)) , 0
2020.08.23-20.28.34,v1.05-10-g166922a,58 , 41 , (5 16 22 25 1) , 189 , ((22 + 25) - (1 + 5)) , 0
2020.08.23-20.28.34,v1.05-10-g166922a,59 , 41 , (5 16 22 25 1) , 118 , ((25 + 22) - (1 + 5)) , 0
2020.08.23-20.28.34,v1.05-10-g166922a,60 , 41 , (5 16 22 25 1) , 40 , (25 + 16) , 0
2020.08.23-20.28.34,v1.05-10-g166922a,61 , 41 , (5 16 22 25 1) , 120 , (25 + 16) , 9
2020.08.23-20.28.34,v1.05-10-g166922a,62 , 41 , (5 16 22 25 1) , 955 , ((22 + 25) - (5 + 1)) , 120
2020.08.23-20.28.34,v1.05-10-g166922a,63 , 41 , (5 16 22 25 1) , 2000 , none,  190
2020.08.23-20.28.34,v1.05-10-g166922a,64 , 41 , (5 16 22 25 1) , 939 , ((25 + 22) - (1 + 5)) , 30
2020.08.23-20.28.34,v1.05-10-g166922a,65 , 41 , (5 16 22 25 1) , 2000 , none,  311
2020.08.23-20.28.34,v1.05-10-g166922a,66 , 41 , (5 16 22 25 1) , 2000 , none,  367
2020.08.23-20.28.34,v1.05-10-g166922a,67 , 41 , (5 16 22 25 1) , 2000 , none,  311
2020.08.23-20.28.34,v1.05-10-g166922a,68 , 41 , (5 16 22 25 1) , 409 , ((25 + 22) - (1 + 5)) , 0
2020.08.23-20.28.34,v1.05-10-g166922a,69 , 41 , (5 16 22 25 1) , 259 , (16 + 25) , 38
2020.08.23-20.28.34,v1.05-10-g166922a,70 , 41 , (5 16 22 25 1) , 2000 , none,  204
2020.08.23-20.28.34,v1.05-10-g166922a,71 , 41 , (5 16 22 25 1) , 678 , ((22 + 25) - (1 + 5)) , 66
2020.08.23-20.28.34,v1.05-10-g166922a,72 , 41 , (5 16 22 25 1) , 575 , (25 + 16) , 23
2020.08.23-20.28.34,v1.05-10-g166922a,73 , 41 , (5 16 22 25 1) , 583 , (16 + 25) , 25
2020.08.23-20.28.34,v1.05-10-g166922a,74 , 41 , (5 16 22 25 1) , 405 , (16 + 25) , 51
2020.08.23-20.28.34,v1.05-10-g166922a,75 , 41 , (5 16 22 25 1) , 740 , (16 + 25) , 109
2020.08.23-20.28.34,v1.05-10-g166922a,76 , 41 , (5 16 22 25 1) , 2000 , none,  242
2020.08.23-20.28.34,v1.05-10-g166922a,77 , 41 , (5 16 22 25 1) , 1059 , ((25 + 22) - (1 + 5)) , 73
2020.08.23-20.28.34,v1.05-10-g166922a,78 , 41 , (5 16 22 25 1) , 2000 , none,  355
2020.08.23-20.28.34,v1.05-10-g166922a,79 , 41 , (5 16 22 25 1) , 2000 , none,  322
2020.08.23-20.28.34,v1.05-10-g166922a,80 , 41 , (5 16 22 25 1) , 2000 , none,  311
2020.08.23-20.28.34,v1.05-10-g166922a,81 , 41 , (5 16 22 25 1) , 207 , (16 + 25) , 10
2020.08.23-20.28.34,v1.05-10-g166922a,82 , 41 , (5 16 22 25 1) , 1291 , (25 + 16) , 142
2020.08.23-20.28.34,v1.05-10-g166922a,83 , 41 , (5 16 22 25 1) , 2000 , none,  342
2020.08.23-20.28.34,v1.05-10-g166922a,84 , 41 , (5 16 22 25 1) , 2000 , none,  216
2020.08.23-20.28.34,v1.05-10-g166922a,85 , 41 , (5 16 22 25 1) , 39 , (25 + 16) , 4
2020.08.23-20.28.34,v1.05-10-g166922a,86 , 41 , (5 16 22 25 1) , 1509 , (25 + 16) , 160
2020.08.23-20.28.34,v1.05-10-g166922a,87 , 41 , (5 16 22 25 1) , 48 , (25 + 16) , 0
2020.08.23-20.28.34,v1.05-10-g166922a,88 , 41 , (5 16 22 25 1) , 1375 , ((22 + 25) - (1 + 5)) , 175
2020.08.23-20.28.34,v1.05-10-g166922a,89 , 41 , (5 16 22 25 1) , 1612 , ((22 + 25) - (1 + 5)) , 155
2020.08.23-20.28.34,v1.05-10-g166922a,90 , 41 , (5 16 22 25 1) , 1009 , (16 + 25) , 148
2020.08.23-20.28.34,v1.05-10-g166922a,91 , 41 , (5 16 22 25 1) , 65 , (25 + 16) , 0
2020.08.23-20.28.34,v1.05-10-g166922a,92 , 41 , (5 16 22 25 1) , 251 , (25 + 16) , 0
2020.08.23-20.28.34,v1.05-10-g166922a,93 , 41 , (5 16 22 25 1) , 1373 , (16 + 25) , 115
2020.08.23-20.28.34,v1.05-10-g166922a,94 , 41 , (5 16 22 25 1) , 703 , (25 + 16) , 33
2020.08.23-20.28.34,v1.05-10-g166922a,95 , 41 , (5 16 22 25 1) , 258 , (16 + 25) , 0
2020.08.23-20.28.34,v1.05-10-g166922a,96 , 41 , (5 16 22 25 1) , 1091 , (16 + 25) , 115
2020.08.23-20.28.34,v1.05-10-g166922a,97 , 41 , (5 16 22 25 1) , 221 , (25 + 16) , 36
2020.08.23-20.28.34,v1.05-10-g166922a,98 , 41 , (5 16 22 25 1) , 2000 , none,  248
2020.08.23-20.28.34,v1.05-10-g166922a,99 , 41 , (5 16 22 25 1) , 130 , ((25 + 22) - (1 + 5)) , 0
