2020.09.10-12.47.50,v1.06-2-gafd7e38,0 , 114 , (11 20 7 1 6) , 2000 , none,  459
2020.09.10-12.47.50,v1.06-2-gafd7e38,1 , 114 , (11 20 7 1 6) , 657 , ((20 * 6) - (7 - 1)) , 101
2020.09.10-12.47.50,v1.06-2-gafd7e38,2 , 114 , (11 20 7 1 6) , 588 , ((20 * 6) - (7 - 1)) , 70
2020.09.10-12.47.50,v1.06-2-gafd7e38,3 , 114 , (11 20 7 1 6) , 329 , ((6 * 20) - (7 - 1)) , 45
2020.09.10-12.47.50,v1.06-2-gafd7e38,4 , 114 , (11 20 7 1 6) , 135 , ((20 * 6) - (7 - 1)) , 7
2020.09.10-12.47.50,v1.06-2-gafd7e38,5 , 114 , (11 20 7 1 6) , 2000 , none,  406
2020.09.10-12.47.50,v1.06-2-gafd7e38,6 , 114 , (11 20 7 1 6) , 429 , ((6 * 20) - (7 - 1)) , 70
2020.09.10-12.47.50,v1.06-2-gafd7e38,7 , 114 , (11 20 7 1 6) , 270 , ((20 * 6) - (7 - 1)) , 54
2020.09.10-12.47.50,v1.06-2-gafd7e38,8 , 114 , (11 20 7 1 6) , 1599 , ((20 * 6) - (7 - 1)) , 117
2020.09.10-12.47.50,v1.06-2-gafd7e38,9 , 114 , (11 20 7 1 6) , 2000 , none,  444
2020.09.10-12.47.50,v1.06-2-gafd7e38,10 , 114 , (11 20 7 1 6) , 1799 , ((6 * 20) - (7 - 1)) , 384
2020.09.10-12.47.50,v1.06-2-gafd7e38,11 , 114 , (11 20 7 1 6) , 821 , ((20 * 6) - (7 - 1)) , 78
2020.09.10-12.47.50,v1.06-2-gafd7e38,12 , 114 , (11 20 7 1 6) , 1924 , ((6 * 20) - (7 - 1)) , 354
2020.09.10-12.47.50,v1.06-2-gafd7e38,13 , 114 , (11 20 7 1 6) , 2000 , none,  439
2020.09.10-12.47.50,v1.06-2-gafd7e38,14 , 114 , (11 20 7 1 6) , 2000 , none,  462
2020.09.10-12.47.50,v1.06-2-gafd7e38,15 , 114 , (11 20 7 1 6) , 356 , ((6 * 20) - (7 - 1)) , 57
2020.09.10-12.47.50,v1.06-2-gafd7e38,16 , 114 , (11 20 7 1 6) , 438 , ((6 * 20) - (7 - 1)) , 37
2020.09.10-12.47.50,v1.06-2-gafd7e38,17 , 114 , (11 20 7 1 6) , 169 , ((6 * 20) - (7 - 1)) , 9
2020.09.10-12.47.50,v1.06-2-gafd7e38,18 , 114 , (11 20 7 1 6) , 141 , ((6 * 20) - (7 - 1)) , 18
2020.09.10-12.47.50,v1.06-2-gafd7e38,19 , 114 , (11 20 7 1 6) , 366 , ((20 * 6) - (7 - 1)) , 57
2020.09.10-12.47.50,v1.06-2-gafd7e38,20 , 114 , (11 20 7 1 6) , 2000 , none,  212
2020.09.10-12.47.50,v1.06-2-gafd7e38,21 , 114 , (11 20 7 1 6) , 430 , ((6 * 20) - (7 - 1)) , 67
2020.09.10-12.47.50,v1.06-2-gafd7e38,22 , 114 , (11 20 7 1 6) , 639 , ((6 * 20) - (7 - 1)) , 95
2020.09.10-12.47.50,v1.06-2-gafd7e38,23 , 114 , (11 20 7 1 6) , 768 , ((6 * 20) - (7 - 1)) , 137
2020.09.10-12.47.50,v1.06-2-gafd7e38,24 , 114 , (11 20 7 1 6) , 1316 , ((20 * 6) - (7 - 1)) , 112
2020.09.10-12.47.50,v1.06-2-gafd7e38,25 , 114 , (11 20 7 1 6) , 399 , ((6 * 20) - (7 - 1)) , 64
2020.09.10-12.47.50,v1.06-2-gafd7e38,26 , 114 , (11 20 7 1 6) , 1699 , ((20 * 6) - (7 - 1)) , 280
2020.09.10-12.47.50,v1.06-2-gafd7e38,27 , 114 , (11 20 7 1 6) , 142 , ((6 * 20) - (7 - 1)) , 10
2020.09.10-12.47.50,v1.06-2-gafd7e38,28 , 114 , (11 20 7 1 6) , 2000 , none,  400
2020.09.10-12.47.50,v1.06-2-gafd7e38,29 , 114 , (11 20 7 1 6) , 1485 , ((6 * 20) - (7 - 1)) , 265
2020.09.10-12.47.50,v1.06-2-gafd7e38,30 , 114 , (11 20 7 1 6) , 2000 , none,  455
2020.09.10-12.47.50,v1.06-2-gafd7e38,31 , 114 , (11 20 7 1 6) , 159 , ((6 * 20) - (7 - 1)) , 12
2020.09.10-12.47.50,v1.06-2-gafd7e38,32 , 114 , (11 20 7 1 6) , 576 , ((6 * 20) - (7 - 1)) , 29
2020.09.10-12.47.50,v1.06-2-gafd7e38,33 , 114 , (11 20 7 1 6) , 302 , ((6 * 20) - (7 - 1)) , 28
2020.09.10-12.47.50,v1.06-2-gafd7e38,34 , 114 , (11 20 7 1 6) , 548 , ((20 * 6) - (7 - 1)) , 107
2020.09.10-12.47.50,v1.06-2-gafd7e38,35 , 114 , (11 20 7 1 6) , 2000 , none,  465
2020.09.10-12.47.50,v1.06-2-gafd7e38,36 , 114 , (11 20 7 1 6) , 2000 , none,  437
2020.09.10-12.47.50,v1.06-2-gafd7e38,37 , 114 , (11 20 7 1 6) , 1087 , ((6 * 20) - (7 - 1)) , 148
2020.09.10-12.47.50,v1.06-2-gafd7e38,38 , 114 , (11 20 7 1 6) , 120 , ((20 * 6) - (7 - 1)) , 9
2020.09.10-12.47.50,v1.06-2-gafd7e38,39 , 114 , (11 20 7 1 6) , 564 , ((6 * 20) - (7 - 1)) , 21
2020.09.10-12.47.50,v1.06-2-gafd7e38,40 , 114 , (11 20 7 1 6) , 590 , ((20 * 6) - (7 - 1)) , 44
2020.09.10-12.47.50,v1.06-2-gafd7e38,41 , 114 , (11 20 7 1 6) , 368 , ((6 * 20) - (7 - 1)) , 52
2020.09.10-12.47.50,v1.06-2-gafd7e38,42 , 114 , (11 20 7 1 6) , 243 , ((20 * 6) - (7 - 1)) , 51
2020.09.10-12.47.50,v1.06-2-gafd7e38,43 , 114 , (11 20 7 1 6) , 542 , ((6 * 20) - (7 - 1)) , 44
2020.09.10-12.47.50,v1.06-2-gafd7e38,44 , 114 , (11 20 7 1 6) , 296 , ((20 * 6) - (7 - 1)) , 24
2020.09.10-12.47.50,v1.06-2-gafd7e38,45 , 114 , (11 20 7 1 6) , 78 , ((6 * 20) - (7 - 1)) , 10
2020.09.10-12.47.50,v1.06-2-gafd7e38,46 , 114 , (11 20 7 1 6) , 798 , ((20 * 6) - (7 - 1)) , 70
2020.09.10-12.47.50,v1.06-2-gafd7e38,47 , 114 , (11 20 7 1 6) , 158 , ((6 * 20) - (7 - 1)) , 4
2020.09.10-12.47.50,v1.06-2-gafd7e38,48 , 114 , (11 20 7 1 6) , 635 , ((20 * 6) - (7 - 1)) , 89
2020.09.10-12.47.50,v1.06-2-gafd7e38,49 , 114 , (11 20 7 1 6) , 878 , ((20 * 6) - (7 - 1)) , 112
2020.09.10-12.47.50,v1.06-2-gafd7e38,50 , 114 , (11 20 7 1 6) , 2000 , none,  210
2020.09.10-12.47.50,v1.06-2-gafd7e38,51 , 114 , (11 20 7 1 6) , 2000 , none,  439
2020.09.10-12.47.50,v1.06-2-gafd7e38,52 , 114 , (11 20 7 1 6) , 312 , ((6 * 20) - (7 - 1)) , 25
2020.09.10-12.47.50,v1.06-2-gafd7e38,53 , 114 , (11 20 7 1 6) , 588 , ((20 * 6) - (7 - 1)) , 74
2020.09.10-12.47.50,v1.06-2-gafd7e38,54 , 114 , (11 20 7 1 6) , 1338 , ((20 * 6) - (7 - 1)) , 127
2020.09.10-12.47.50,v1.06-2-gafd7e38,55 , 114 , (11 20 7 1 6) , 272 , ((6 * 20) - (7 - 1)) , 15
2020.09.10-12.47.50,v1.06-2-gafd7e38,56 , 114 , (11 20 7 1 6) , 1279 , ((6 * 20) - (7 - 1)) , 143
2020.09.10-12.47.50,v1.06-2-gafd7e38,57 , 114 , (11 20 7 1 6) , 899 , ((6 * 20) - (7 - 1)) , 129
2020.09.10-12.47.50,v1.06-2-gafd7e38,58 , 114 , (11 20 7 1 6) , 478 , ((6 * 20) - (7 - 1)) , 70
2020.09.10-12.47.50,v1.06-2-gafd7e38,59 , 114 , (11 20 7 1 6) , 909 , ((6 * 20) - (7 - 1)) , 50
2020.09.10-12.47.50,v1.06-2-gafd7e38,60 , 114 , (11 20 7 1 6) , 850 , ((6 * 20) - (7 - 1)) , 135
2020.09.10-12.47.50,v1.06-2-gafd7e38,61 , 114 , (11 20 7 1 6) , 867 , ((6 * 20) - (7 - 1)) , 161
2020.09.10-12.47.50,v1.06-2-gafd7e38,62 , 114 , (11 20 7 1 6) , 219 , ((20 * 6) - (7 - 1)) , 18
2020.09.10-12.47.50,v1.06-2-gafd7e38,63 , 114 , (11 20 7 1 6) , 488 , ((6 * 20) - (7 - 1)) , 54
2020.09.10-12.47.50,v1.06-2-gafd7e38,64 , 114 , (11 20 7 1 6) , 305 , ((20 * 6) - (7 - 1)) , 29
2020.09.10-12.47.50,v1.06-2-gafd7e38,65 , 114 , (11 20 7 1 6) , 1087 , ((20 * 6) - (7 - 1)) , 109
2020.09.10-12.47.50,v1.06-2-gafd7e38,66 , 114 , (11 20 7 1 6) , 977 , ((20 * 6) - (7 - 1)) , 195
2020.09.10-12.47.50,v1.06-2-gafd7e38,67 , 114 , (11 20 7 1 6) , 2000 , none,  204
2020.09.10-12.47.50,v1.06-2-gafd7e38,68 , 114 , (11 20 7 1 6) , 1184 , ((6 * 20) - (7 - 1)) , 303
2020.09.10-12.47.50,v1.06-2-gafd7e38,69 , 114 , (11 20 7 1 6) , 462 , ((6 * 20) - (7 - 1)) , 70
2020.09.10-12.47.50,v1.06-2-gafd7e38,70 , 114 , (11 20 7 1 6) , 1854 , ((6 * 20) - (7 - 1)) , 376
2020.09.10-12.47.50,v1.06-2-gafd7e38,71 , 114 , (11 20 7 1 6) , 148 , ((6 * 20) - (7 - 1)) , 2
2020.09.10-12.47.50,v1.06-2-gafd7e38,72 , 114 , (11 20 7 1 6) , 1678 , ((6 * 20) - (7 - 1)) , 321
2020.09.10-12.47.50,v1.06-2-gafd7e38,73 , 114 , (11 20 7 1 6) , 911 , ((20 * 6) - (7 - 1)) , 146
2020.09.10-12.47.50,v1.06-2-gafd7e38,74 , 114 , (11 20 7 1 6) , 46 , ((6 * 20) - (7 - 1)) , 0
2020.09.10-12.47.50,v1.06-2-gafd7e38,75 , 114 , (11 20 7 1 6) , 2000 , none,  476
2020.09.10-12.47.50,v1.06-2-gafd7e38,76 , 114 , (11 20 7 1 6) , 480 , ((20 * 6) - (7 - 1)) , 63
2020.09.10-12.47.50,v1.06-2-gafd7e38,77 , 114 , (11 20 7 1 6) , 1054 , ((6 * 20) - (7 - 1)) , 112
2020.09.10-12.47.50,v1.06-2-gafd7e38,78 , 114 , (11 20 7 1 6) , 221 , ((6 * 20) - (7 - 1)) , 22
2020.09.10-12.47.50,v1.06-2-gafd7e38,79 , 114 , (11 20 7 1 6) , 477 , ((6 * 20) - (7 - 1)) , 50
2020.09.10-12.47.50,v1.06-2-gafd7e38,80 , 114 , (11 20 7 1 6) , 122 , ((6 * 20) - (7 - 1)) , 4
2020.09.10-12.47.50,v1.06-2-gafd7e38,81 , 114 , (11 20 7 1 6) , 2000 , none,  440
2020.09.10-12.47.50,v1.06-2-gafd7e38,82 , 114 , (11 20 7 1 6) , 938 , ((6 * 20) - (7 - 1)) , 60
2020.09.10-12.47.50,v1.06-2-gafd7e38,83 , 114 , (11 20 7 1 6) , 860 , ((20 * 6) - (7 - 1)) , 78
2020.09.10-12.47.50,v1.06-2-gafd7e38,84 , 114 , (11 20 7 1 6) , 520 , ((20 * 6) - (7 - 1)) , 81
2020.09.10-12.47.50,v1.06-2-gafd7e38,85 , 114 , (11 20 7 1 6) , 68 , ((20 * 6) - (7 - 1)) , 0
2020.09.10-12.47.50,v1.06-2-gafd7e38,86 , 114 , (11 20 7 1 6) , 1518 , ((20 * 6) - (7 - 1)) , 226
2020.09.10-12.47.50,v1.06-2-gafd7e38,87 , 114 , (11 20 7 1 6) , 1063 , ((20 * 6) - (7 - 1)) , 187
2020.09.10-12.47.50,v1.06-2-gafd7e38,88 , 114 , (11 20 7 1 6) , 1025 , ((20 * 6) - (7 - 1)) , 191
2020.09.10-12.47.50,v1.06-2-gafd7e38,89 , 114 , (11 20 7 1 6) , 647 , ((20 * 6) - (7 - 1)) , 80
2020.09.10-12.47.50,v1.06-2-gafd7e38,90 , 114 , (11 20 7 1 6) , 257 , ((20 * 6) - (7 - 1)) , 33
2020.09.10-12.47.50,v1.06-2-gafd7e38,91 , 114 , (11 20 7 1 6) , 2000 , none,  172
2020.09.10-12.47.50,v1.06-2-gafd7e38,92 , 114 , (11 20 7 1 6) , 947 , ((6 * 20) - (7 - 1)) , 106
2020.09.10-12.47.50,v1.06-2-gafd7e38,93 , 114 , (11 20 7 1 6) , 1737 , ((6 * 20) - (7 - 1)) , 291
2020.09.10-12.47.50,v1.06-2-gafd7e38,94 , 114 , (11 20 7 1 6) , 488 , ((20 * 6) - (7 - 1)) , 23
2020.09.10-12.47.50,v1.06-2-gafd7e38,95 , 114 , (11 20 7 1 6) , 1460 , ((6 * 20) - (7 - 1)) , 262
2020.09.10-12.47.50,v1.06-2-gafd7e38,96 , 114 , (11 20 7 1 6) , 1028 , ((20 * 6) - (7 - 1)) , 123
2020.09.10-12.47.50,v1.06-2-gafd7e38,97 , 114 , (11 20 7 1 6) , 2000 , none,  260
2020.09.10-12.47.50,v1.06-2-gafd7e38,98 , 114 , (11 20 7 1 6) , 1329 , ((6 * 20) - (7 - 1)) , 207
2020.09.10-12.47.50,v1.06-2-gafd7e38,99 , 114 , (11 20 7 1 6) , 2000 , none,  185
2020.09.10-12.47.50,v1.06-2-gafd7e38,0 , 87 , (8 3 9 10 7) , 58 , ((8 * 10) + 7) , 0
2020.09.10-12.47.50,v1.06-2-gafd7e38,1 , 87 , (8 3 9 10 7) , 2000 , none,  343
2020.09.10-12.47.50,v1.06-2-gafd7e38,2 , 87 , (8 3 9 10 7) , 1964 , ((10 * 9) - 3) , 288
2020.09.10-12.47.50,v1.06-2-gafd7e38,3 , 87 , (8 3 9 10 7) , 1093 , ((10 * 8) + 7) , 154
2020.09.10-12.47.50,v1.06-2-gafd7e38,4 , 87 , (8 3 9 10 7) , 45 , ((9 * 10) - 3) , 0
2020.09.10-12.47.50,v1.06-2-gafd7e38,5 , 87 , (8 3 9 10 7) , 2000 , none,  498
2020.09.10-12.47.50,v1.06-2-gafd7e38,6 , 87 , (8 3 9 10 7) , 859 , ((10 * 9) - 3) , 102
2020.09.10-12.47.50,v1.06-2-gafd7e38,7 , 87 , (8 3 9 10 7) , 200 , ((10 * 9) - 3) , 17
2020.09.10-12.47.50,v1.06-2-gafd7e38,8 , 87 , (8 3 9 10 7) , 328 , ((9 * 10) - 3) , 15
2020.09.10-12.47.50,v1.06-2-gafd7e38,9 , 87 , (8 3 9 10 7) , 1489 , ((9 * 10) - 3) , 170
2020.09.10-12.47.50,v1.06-2-gafd7e38,10 , 87 , (8 3 9 10 7) , 1426 , ((9 * 10) - 3) , 183
2020.09.10-12.47.50,v1.06-2-gafd7e38,11 , 87 , (8 3 9 10 7) , 1005 , ((10 * 9) - 3) , 149
2020.09.10-12.47.50,v1.06-2-gafd7e38,12 , 87 , (8 3 9 10 7) , 52 , ((10 * 9) - 3) , 0
2020.09.10-12.47.50,v1.06-2-gafd7e38,13 , 87 , (8 3 9 10 7) , 412 , ((10 * 8) + 7) , 42
2020.09.10-12.47.50,v1.06-2-gafd7e38,14 , 87 , (8 3 9 10 7) , 501 , ((10 * 9) - 3) , 69
2020.09.10-12.47.50,v1.06-2-gafd7e38,15 , 87 , (8 3 9 10 7) , 2000 , none,  436
2020.09.10-12.47.50,v1.06-2-gafd7e38,16 , 87 , (8 3 9 10 7) , 552 , ((10 * 8) + 7) , 67
2020.09.10-12.47.50,v1.06-2-gafd7e38,17 , 87 , (8 3 9 10 7) , 56 , ((10 * 9) - 3) , 0
2020.09.10-12.47.50,v1.06-2-gafd7e38,18 , 87 , (8 3 9 10 7) , 2000 , none,  375
2020.09.10-12.47.50,v1.06-2-gafd7e38,19 , 87 , (8 3 9 10 7) , 758 , ((9 * 10) - 3) , 93
2020.09.10-12.47.50,v1.06-2-gafd7e38,20 , 87 , (8 3 9 10 7) , 196 , ((9 * 10) - 3) , 23
2020.09.10-12.47.50,v1.06-2-gafd7e38,21 , 87 , (8 3 9 10 7) , 1587 , ((10 * 7) + (8 + 9)) , 195
2020.09.10-12.47.50,v1.06-2-gafd7e38,22 , 87 , (8 3 9 10 7) , 784 , ((10 * 9) - 3) , 126
2020.09.10-12.47.50,v1.06-2-gafd7e38,23 , 87 , (8 3 9 10 7) , 159 , ((10 * 9) - 3) , 18
2020.09.10-12.47.50,v1.06-2-gafd7e38,24 , 87 , (8 3 9 10 7) , 344 , ((9 * 10) - 3) , 68
2020.09.10-12.47.50,v1.06-2-gafd7e38,25 , 87 , (8 3 9 10 7) , 509 , ((9 * 10) - 3) , 108
2020.09.10-12.47.50,v1.06-2-gafd7e38,26 , 87 , (8 3 9 10 7) , 1608 , ((9 * 10) - 3) , 343
2020.09.10-12.47.50,v1.06-2-gafd7e38,27 , 87 , (8 3 9 10 7) , 250 , ((9 * 10) - 3) , 37
2020.09.10-12.47.50,v1.06-2-gafd7e38,28 , 87 , (8 3 9 10 7) , 1888 , ((10 * 9) - 3) , 261
2020.09.10-12.47.50,v1.06-2-gafd7e38,29 , 87 , (8 3 9 10 7) , 191 , ((9 * 10) - 3) , 24
2020.09.10-12.47.50,v1.06-2-gafd7e38,30 , 87 , (8 3 9 10 7) , 326 , ((9 * 10) - 3) , 48
2020.09.10-12.47.50,v1.06-2-gafd7e38,31 , 87 , (8 3 9 10 7) , 501 , ((8 * 10) + 7) , 85
2020.09.10-12.47.50,v1.06-2-gafd7e38,32 , 87 , (8 3 9 10 7) , 124 , ((10 * 8) + 7) , 2
2020.09.10-12.47.50,v1.06-2-gafd7e38,33 , 87 , (8 3 9 10 7) , 118 , ((7 * 10) + (8 + 9)) , 6
2020.09.10-12.47.50,v1.06-2-gafd7e38,34 , 87 , (8 3 9 10 7) , 787 , ((9 * 10) - 3) , 207
2020.09.10-12.47.50,v1.06-2-gafd7e38,35 , 87 , (8 3 9 10 7) , 1766 , ((10 * 9) - 3) , 303
2020.09.10-12.47.50,v1.06-2-gafd7e38,36 , 87 , (8 3 9 10 7) , 1235 , ((9 * 10) - 3) , 258
2020.09.10-12.47.50,v1.06-2-gafd7e38,37 , 87 , (8 3 9 10 7) , 638 , ((10 * 8) + 7) , 124
2020.09.10-12.47.50,v1.06-2-gafd7e38,38 , 87 , (8 3 9 10 7) , 72 , ((9 * 10) - 3) , 1
2020.09.10-12.47.50,v1.06-2-gafd7e38,39 , 87 , (8 3 9 10 7) , 1185 , ((9 * 10) - 3) , 242
2020.09.10-12.47.50,v1.06-2-gafd7e38,40 , 87 , (8 3 9 10 7) , 1750 , ((10 * 9) - 3) , 415
2020.09.10-12.47.50,v1.06-2-gafd7e38,41 , 87 , (8 3 9 10 7) , 1521 , ((10 * 9) - 3) , 225
2020.09.10-12.47.50,v1.06-2-gafd7e38,42 , 87 , (8 3 9 10 7) , 1663 , ((9 * 10) - 3) , 368
2020.09.10-12.47.50,v1.06-2-gafd7e38,43 , 87 , (8 3 9 10 7) , 55 , ((10 * 9) - 3) , 0
2020.09.10-12.47.50,v1.06-2-gafd7e38,44 , 87 , (8 3 9 10 7) , 1538 , ((10 * 9) - 3) , 367
2020.09.10-12.47.50,v1.06-2-gafd7e38,45 , 87 , (8 3 9 10 7) , 527 , ((7 * 9) + (8 * 3)) , 65
2020.09.10-12.47.50,v1.06-2-gafd7e38,46 , 87 , (8 3 9 10 7) , 279 , ((9 * 10) - 3) , 32
2020.09.10-12.47.50,v1.06-2-gafd7e38,47 , 87 , (8 3 9 10 7) , 398 , ((9 * 10) - 3) , 79
2020.09.10-12.47.50,v1.06-2-gafd7e38,48 , 87 , (8 3 9 10 7) , 720 , ((10 * 7) + (8 + 9)) , 88
2020.09.10-12.47.50,v1.06-2-gafd7e38,49 , 87 , (8 3 9 10 7) , 348 , ((8 * 10) + 7) , 72
2020.09.10-12.47.50,v1.06-2-gafd7e38,50 , 87 , (8 3 9 10 7) , 2000 , none,  485
2020.09.10-12.47.50,v1.06-2-gafd7e38,51 , 87 , (8 3 9 10 7) , 1258 , ((10 * 8) + 7) , 265
2020.09.10-12.47.50,v1.06-2-gafd7e38,52 , 87 , (8 3 9 10 7) , 834 , ((9 * 10) - 3) , 183
2020.09.10-12.47.50,v1.06-2-gafd7e38,53 , 87 , (8 3 9 10 7) , 1408 , ((10 * 9) - 3) , 272
2020.09.10-12.47.50,v1.06-2-gafd7e38,54 , 87 , (8 3 9 10 7) , 905 , ((10 * 9) - 3) , 206
2020.09.10-12.47.50,v1.06-2-gafd7e38,55 , 87 , (8 3 9 10 7) , 247 , ((10 * 9) - 3) , 46
2020.09.10-12.47.50,v1.06-2-gafd7e38,56 , 87 , (8 3 9 10 7) , 527 , ((7 * 9) + (3 * 8)) , 44
2020.09.10-12.47.50,v1.06-2-gafd7e38,57 , 87 , (8 3 9 10 7) , 557 , ((9 * 10) - 3) , 75
2020.09.10-12.47.50,v1.06-2-gafd7e38,58 , 87 , (8 3 9 10 7) , 107 , ((10 * 9) - 3) , 8
2020.09.10-12.47.50,v1.06-2-gafd7e38,59 , 87 , (8 3 9 10 7) , 1609 , ((9 * 10) - 3) , 222
2020.09.10-12.47.50,v1.06-2-gafd7e38,60 , 87 , (8 3 9 10 7) , 889 , ((9 * 10) - 3) , 85
2020.09.10-12.47.50,v1.06-2-gafd7e38,61 , 87 , (8 3 9 10 7) , 2000 , none,  282
2020.09.10-12.47.50,v1.06-2-gafd7e38,62 , 87 , (8 3 9 10 7) , 449 , ((10 * 9) - 3) , 43
2020.09.10-12.47.50,v1.06-2-gafd7e38,63 , 87 , (8 3 9 10 7) , 1901 , ((10 * 8) + 7) , 439
2020.09.10-12.47.50,v1.06-2-gafd7e38,64 , 87 , (8 3 9 10 7) , 1468 , ((10 * 7) + (8 + 9)) , 201
2020.09.10-12.47.50,v1.06-2-gafd7e38,65 , 87 , (8 3 9 10 7) , 1105 , ((10 * 8) + 7) , 217
2020.09.10-12.47.50,v1.06-2-gafd7e38,66 , 87 , (8 3 9 10 7) , 2000 , none,  496
2020.09.10-12.47.50,v1.06-2-gafd7e38,67 , 87 , (8 3 9 10 7) , 833 , ((10 * 9) - 3) , 199
2020.09.10-12.47.50,v1.06-2-gafd7e38,68 , 87 , (8 3 9 10 7) , 1461 , ((10 * 9) - 3) , 210
2020.09.10-12.47.50,v1.06-2-gafd7e38,69 , 87 , (8 3 9 10 7) , 133 , ((8 * 10) + 7) , 12
2020.09.10-12.47.50,v1.06-2-gafd7e38,70 , 87 , (8 3 9 10 7) , 257 , ((9 * 10) - 3) , 35
2020.09.10-12.47.50,v1.06-2-gafd7e38,71 , 87 , (8 3 9 10 7) , 873 , ((9 * 10) - 3) , 189
2020.09.10-12.47.50,v1.06-2-gafd7e38,72 , 87 , (8 3 9 10 7) , 1998 , ((9 * 10) - 3) , 398
2020.09.10-12.47.50,v1.06-2-gafd7e38,73 , 87 , (8 3 9 10 7) , 697 , ((10 * 9) - 3) , 170
2020.09.10-12.47.50,v1.06-2-gafd7e38,74 , 87 , (8 3 9 10 7) , 475 , ((10 * 9) - 3) , 83
2020.09.10-12.47.50,v1.06-2-gafd7e38,75 , 87 , (8 3 9 10 7) , 420 , ((9 * 10) - 3) , 23
2020.09.10-12.47.50,v1.06-2-gafd7e38,76 , 87 , (8 3 9 10 7) , 987 , ((8 * 10) + 7) , 137
2020.09.10-12.47.50,v1.06-2-gafd7e38,77 , 87 , (8 3 9 10 7) , 1028 , ((10 * 9) - 3) , 228
2020.09.10-12.47.50,v1.06-2-gafd7e38,78 , 87 , (8 3 9 10 7) , 2000 , none,  434
2020.09.10-12.47.50,v1.06-2-gafd7e38,79 , 87 , (8 3 9 10 7) , 438 , ((9 * 10) - 3) , 67
2020.09.10-12.47.50,v1.06-2-gafd7e38,80 , 87 , (8 3 9 10 7) , 1993 , ((9 * 10) - 3) , 345
2020.09.10-12.47.50,v1.06-2-gafd7e38,81 , 87 , (8 3 9 10 7) , 65 , ((9 * 10) - 3) , 1
2020.09.10-12.47.50,v1.06-2-gafd7e38,82 , 87 , (8 3 9 10 7) , 317 , ((10 * 8) + 7) , 60
2020.09.10-12.47.50,v1.06-2-gafd7e38,83 , 87 , (8 3 9 10 7) , 411 , ((10 * 9) - 3) , 76
2020.09.10-12.47.50,v1.06-2-gafd7e38,84 , 87 , (8 3 9 10 7) , 834 , ((10 * 9) - 3) , 88
2020.09.10-12.47.50,v1.06-2-gafd7e38,85 , 87 , (8 3 9 10 7) , 2000 , none,  378
2020.09.10-12.47.50,v1.06-2-gafd7e38,86 , 87 , (8 3 9 10 7) , 757 , ((10 * 9) - 3) , 101
2020.09.10-12.47.50,v1.06-2-gafd7e38,87 , 87 , (8 3 9 10 7) , 656 , ((10 * 7) + (8 + 9)) , 79
2020.09.10-12.47.50,v1.06-2-gafd7e38,88 , 87 , (8 3 9 10 7) , 770 , ((10 * 9) - 3) , 159
2020.09.10-12.47.50,v1.06-2-gafd7e38,89 , 87 , (8 3 9 10 7) , 2000 , none,  289
2020.09.10-12.47.50,v1.06-2-gafd7e38,90 , 87 , (8 3 9 10 7) , 2000 , none,  473
2020.09.10-12.47.50,v1.06-2-gafd7e38,91 , 87 , (8 3 9 10 7) , 438 , ((10 * 8) + 7) , 58
2020.09.10-12.47.50,v1.06-2-gafd7e38,92 , 87 , (8 3 9 10 7) , 257 , ((9 * 7) + (3 * 8)) , 28
2020.09.10-12.47.50,v1.06-2-gafd7e38,93 , 87 , (8 3 9 10 7) , 959 , ((10 * 9) - 3) , 211
2020.09.10-12.47.50,v1.06-2-gafd7e38,94 , 87 , (8 3 9 10 7) , 57 , ((9 * 10) - 3) , 0
2020.09.10-12.47.50,v1.06-2-gafd7e38,95 , 87 , (8 3 9 10 7) , 316 , ((10 * 9) - 3) , 38
2020.09.10-12.47.50,v1.06-2-gafd7e38,96 , 87 , (8 3 9 10 7) , 80 , ((7 * 9) + (3 * 8)) , 0
2020.09.10-12.47.50,v1.06-2-gafd7e38,97 , 87 , (8 3 9 10 7) , 2000 , none,  515
2020.09.10-12.47.50,v1.06-2-gafd7e38,98 , 87 , (8 3 9 10 7) , 2000 , none,  273
2020.09.10-12.47.50,v1.06-2-gafd7e38,99 , 87 , (8 3 9 10 7) , 2000 , none,  462
2020.09.10-12.47.50,v1.06-2-gafd7e38,0 , 31 , (3 5 24 3 14) , 2000 , none,  337
2020.09.10-12.47.50,v1.06-2-gafd7e38,1 , 31 , (3 5 24 3 14) , 2000 , none,  306
2020.09.10-12.47.50,v1.06-2-gafd7e38,2 , 31 , (3 5 24 3 14) , 2000 , none,  351
2020.09.10-12.47.50,v1.06-2-gafd7e38,3 , 31 , (3 5 24 3 14) , 2000 , none,  359
2020.09.10-12.47.50,v1.06-2-gafd7e38,4 , 31 , (3 5 24 3 14) , 2000 , none,  298
2020.09.10-12.47.50,v1.06-2-gafd7e38,5 , 31 , (3 5 24 3 14) , 2000 , none,  339
2020.09.10-12.47.50,v1.06-2-gafd7e38,6 , 31 , (3 5 24 3 14) , 2000 , none,  365
2020.09.10-12.47.50,v1.06-2-gafd7e38,7 , 31 , (3 5 24 3 14) , 2000 , none,  274
2020.09.10-12.47.50,v1.06-2-gafd7e38,8 , 31 , (3 5 24 3 14) , 2000 , none,  286
2020.09.10-12.47.50,v1.06-2-gafd7e38,9 , 31 , (3 5 24 3 14) , 2000 , none,  284
2020.09.10-12.47.50,v1.06-2-gafd7e38,10 , 31 , (3 5 24 3 14) , 2000 , none,  321
2020.09.10-12.47.50,v1.06-2-gafd7e38,11 , 31 , (3 5 24 3 14) , 2000 , none,  241
2020.09.10-12.47.50,v1.06-2-gafd7e38,12 , 31 , (3 5 24 3 14) , 2000 , none,  410
2020.09.10-12.47.50,v1.06-2-gafd7e38,13 , 31 , (3 5 24 3 14) , 2000 , none,  301
2020.09.10-12.47.50,v1.06-2-gafd7e38,14 , 31 , (3 5 24 3 14) , 2000 , none,  321
2020.09.10-12.47.50,v1.06-2-gafd7e38,15 , 31 , (3 5 24 3 14) , 2000 , none,  356
2020.09.10-12.47.50,v1.06-2-gafd7e38,16 , 31 , (3 5 24 3 14) , 2000 , none,  305
2020.09.10-12.47.50,v1.06-2-gafd7e38,17 , 31 , (3 5 24 3 14) , 2000 , none,  335
2020.09.10-12.47.50,v1.06-2-gafd7e38,18 , 31 , (3 5 24 3 14) , 2000 , none,  346
2020.09.10-12.47.50,v1.06-2-gafd7e38,19 , 31 , (3 5 24 3 14) , 2000 , none,  314
2020.09.10-12.47.50,v1.06-2-gafd7e38,20 , 31 , (3 5 24 3 14) , 2000 , none,  319
2020.09.10-12.47.50,v1.06-2-gafd7e38,21 , 31 , (3 5 24 3 14) , 2000 , none,  318
2020.09.10-12.47.50,v1.06-2-gafd7e38,22 , 31 , (3 5 24 3 14) , 2000 , none,  305
2020.09.10-12.47.50,v1.06-2-gafd7e38,23 , 31 , (3 5 24 3 14) , 2000 , none,  334
2020.09.10-12.47.50,v1.06-2-gafd7e38,24 , 31 , (3 5 24 3 14) , 2000 , none,  380
2020.09.10-12.47.50,v1.06-2-gafd7e38,25 , 31 , (3 5 24 3 14) , 2000 , none,  290
2020.09.10-12.47.50,v1.06-2-gafd7e38,26 , 31 , (3 5 24 3 14) , 2000 , none,  343
2020.09.10-12.47.50,v1.06-2-gafd7e38,27 , 31 , (3 5 24 3 14) , 2000 , none,  342
2020.09.10-12.47.50,v1.06-2-gafd7e38,28 , 31 , (3 5 24 3 14) , 2000 , none,  322
2020.09.10-12.47.50,v1.06-2-gafd7e38,29 , 31 , (3 5 24 3 14) , 2000 , none,  311
2020.09.10-12.47.50,v1.06-2-gafd7e38,30 , 31 , (3 5 24 3 14) , 2000 , none,  302
2020.09.10-12.47.50,v1.06-2-gafd7e38,31 , 31 , (3 5 24 3 14) , 2000 , none,  352
2020.09.10-12.47.50,v1.06-2-gafd7e38,32 , 31 , (3 5 24 3 14) , 2000 , none,  406
2020.09.10-12.47.50,v1.06-2-gafd7e38,33 , 31 , (3 5 24 3 14) , 2000 , none,  364
2020.09.10-12.47.50,v1.06-2-gafd7e38,34 , 31 , (3 5 24 3 14) , 2000 , none,  270
2020.09.10-12.47.50,v1.06-2-gafd7e38,35 , 31 , (3 5 24 3 14) , 2000 , none,  371
2020.09.10-12.47.50,v1.06-2-gafd7e38,36 , 31 , (3 5 24 3 14) , 2000 , none,  326
2020.09.10-12.47.50,v1.06-2-gafd7e38,37 , 31 , (3 5 24 3 14) , 2000 , none,  300
2020.09.10-12.47.50,v1.06-2-gafd7e38,38 , 31 , (3 5 24 3 14) , 2000 , none,  372
2020.09.10-12.47.50,v1.06-2-gafd7e38,39 , 31 , (3 5 24 3 14) , 2000 , none,  323
2020.09.10-12.47.50,v1.06-2-gafd7e38,40 , 31 , (3 5 24 3 14) , 2000 , none,  349
2020.09.10-12.47.50,v1.06-2-gafd7e38,41 , 31 , (3 5 24 3 14) , 2000 , none,  283
2020.09.10-12.47.50,v1.06-2-gafd7e38,42 , 31 , (3 5 24 3 14) , 2000 , none,  374
2020.09.10-12.47.50,v1.06-2-gafd7e38,43 , 31 , (3 5 24 3 14) , 2000 , none,  316
2020.09.10-12.47.50,v1.06-2-gafd7e38,44 , 31 , (3 5 24 3 14) , 2000 , none,  327
2020.09.10-12.47.50,v1.06-2-gafd7e38,45 , 31 , (3 5 24 3 14) , 2000 , none,  328
2020.09.10-12.47.50,v1.06-2-gafd7e38,46 , 31 , (3 5 24 3 14) , 2000 , none,  362
2020.09.10-12.47.50,v1.06-2-gafd7e38,47 , 31 , (3 5 24 3 14) , 2000 , none,  375
2020.09.10-12.47.50,v1.06-2-gafd7e38,48 , 31 , (3 5 24 3 14) , 2000 , none,  305
2020.09.10-12.47.50,v1.06-2-gafd7e38,49 , 31 , (3 5 24 3 14) , 2000 , none,  395
2020.09.10-12.47.50,v1.06-2-gafd7e38,50 , 31 , (3 5 24 3 14) , 2000 , none,  318
2020.09.10-12.47.50,v1.06-2-gafd7e38,51 , 31 , (3 5 24 3 14) , 2000 , none,  195
2020.09.10-12.47.50,v1.06-2-gafd7e38,52 , 31 , (3 5 24 3 14) , 2000 , none,  320
2020.09.10-12.47.50,v1.06-2-gafd7e38,53 , 31 , (3 5 24 3 14) , 2000 , none,  304
2020.09.10-12.47.50,v1.06-2-gafd7e38,54 , 31 , (3 5 24 3 14) , 2000 , none,  346
2020.09.10-12.47.50,v1.06-2-gafd7e38,55 , 31 , (3 5 24 3 14) , 2000 , none,  398
2020.09.10-12.47.50,v1.06-2-gafd7e38,56 , 31 , (3 5 24 3 14) , 2000 , none,  245
2020.09.10-12.47.50,v1.06-2-gafd7e38,57 , 31 , (3 5 24 3 14) , 2000 , none,  270
2020.09.10-12.47.50,v1.06-2-gafd7e38,58 , 31 , (3 5 24 3 14) , 2000 , none,  295
2020.09.10-12.47.50,v1.06-2-gafd7e38,59 , 31 , (3 5 24 3 14) , 2000 , none,  317
2020.09.10-12.47.50,v1.06-2-gafd7e38,60 , 31 , (3 5 24 3 14) , 2000 , none,  335
2020.09.10-12.47.50,v1.06-2-gafd7e38,61 , 31 , (3 5 24 3 14) , 2000 , none,  357
2020.09.10-12.47.50,v1.06-2-gafd7e38,62 , 31 , (3 5 24 3 14) , 2000 , none,  298
2020.09.10-12.47.50,v1.06-2-gafd7e38,63 , 31 , (3 5 24 3 14) , 2000 , none,  301
2020.09.10-12.47.50,v1.06-2-gafd7e38,64 , 31 , (3 5 24 3 14) , 2000 , none,  273
2020.09.10-12.47.50,v1.06-2-gafd7e38,65 , 31 , (3 5 24 3 14) , 2000 , none,  304
2020.09.10-12.47.50,v1.06-2-gafd7e38,66 , 31 , (3 5 24 3 14) , 2000 , none,  347
2020.09.10-12.47.50,v1.06-2-gafd7e38,67 , 31 , (3 5 24 3 14) , 2000 , none,  321
2020.09.10-12.47.50,v1.06-2-gafd7e38,68 , 31 , (3 5 24 3 14) , 2000 , none,  396
2020.09.10-12.47.50,v1.06-2-gafd7e38,69 , 31 , (3 5 24 3 14) , 2000 , none,  344
2020.09.10-12.47.50,v1.06-2-gafd7e38,70 , 31 , (3 5 24 3 14) , 2000 , none,  344
2020.09.10-12.47.50,v1.06-2-gafd7e38,71 , 31 , (3 5 24 3 14) , 2000 , none,  305
2020.09.10-12.47.50,v1.06-2-gafd7e38,72 , 31 , (3 5 24 3 14) , 2000 , none,  367
2020.09.10-12.47.50,v1.06-2-gafd7e38,73 , 31 , (3 5 24 3 14) , 2000 , none,  331
2020.09.10-12.47.50,v1.06-2-gafd7e38,74 , 31 , (3 5 24 3 14) , 2000 , none,  331
2020.09.10-12.47.50,v1.06-2-gafd7e38,75 , 31 , (3 5 24 3 14) , 2000 , none,  352
2020.09.10-12.47.50,v1.06-2-gafd7e38,76 , 31 , (3 5 24 3 14) , 2000 , none,  297
2020.09.10-12.47.50,v1.06-2-gafd7e38,77 , 31 , (3 5 24 3 14) , 2000 , none,  303
2020.09.10-12.47.50,v1.06-2-gafd7e38,78 , 31 , (3 5 24 3 14) , 2000 , none,  360
2020.09.10-12.47.50,v1.06-2-gafd7e38,79 , 31 , (3 5 24 3 14) , 2000 , none,  327
2020.09.10-12.47.50,v1.06-2-gafd7e38,80 , 31 , (3 5 24 3 14) , 2000 , none,  305
2020.09.10-12.47.50,v1.06-2-gafd7e38,81 , 31 , (3 5 24 3 14) , 2000 , none,  319
2020.09.10-12.47.50,v1.06-2-gafd7e38,82 , 31 , (3 5 24 3 14) , 2000 , none,  296
2020.09.10-12.47.50,v1.06-2-gafd7e38,83 , 31 , (3 5 24 3 14) , 2000 , none,  347
2020.09.10-12.47.50,v1.06-2-gafd7e38,84 , 31 , (3 5 24 3 14) , 2000 , none,  393
2020.09.10-12.47.50,v1.06-2-gafd7e38,85 , 31 , (3 5 24 3 14) , 2000 , none,  323
2020.09.10-12.47.50,v1.06-2-gafd7e38,86 , 31 , (3 5 24 3 14) , 2000 , none,  323
2020.09.10-12.47.50,v1.06-2-gafd7e38,87 , 31 , (3 5 24 3 14) , 2000 , none,  322
2020.09.10-12.47.50,v1.06-2-gafd7e38,88 , 31 , (3 5 24 3 14) , 2000 , none,  342
2020.09.10-12.47.50,v1.06-2-gafd7e38,89 , 31 , (3 5 24 3 14) , 2000 , none,  317
2020.09.10-12.47.50,v1.06-2-gafd7e38,90 , 31 , (3 5 24 3 14) , 2000 , none,  259
2020.09.10-12.47.50,v1.06-2-gafd7e38,91 , 31 , (3 5 24 3 14) , 2000 , none,  350
2020.09.10-12.47.50,v1.06-2-gafd7e38,92 , 31 , (3 5 24 3 14) , 2000 , none,  307
2020.09.10-12.47.50,v1.06-2-gafd7e38,93 , 31 , (3 5 24 3 14) , 2000 , none,  275
2020.09.10-12.47.50,v1.06-2-gafd7e38,94 , 31 , (3 5 24 3 14) , 2000 , none,  309
2020.09.10-12.47.50,v1.06-2-gafd7e38,95 , 31 , (3 5 24 3 14) , 2000 , none,  299
2020.09.10-12.47.50,v1.06-2-gafd7e38,96 , 31 , (3 5 24 3 14) , 2000 , none,  316
2020.09.10-12.47.50,v1.06-2-gafd7e38,97 , 31 , (3 5 24 3 14) , 2000 , none,  339
2020.09.10-12.47.50,v1.06-2-gafd7e38,98 , 31 , (3 5 24 3 14) , 2000 , none,  307
2020.09.10-12.47.50,v1.06-2-gafd7e38,99 , 31 , (3 5 24 3 14) , 2000 , none,  363
2020.09.10-12.47.50,v1.06-2-gafd7e38,0 , 25 , (8 5 5 11 2) , 28 , (5 * 5) , 0
2020.09.10-12.47.50,v1.06-2-gafd7e38,1 , 25 , (8 5 5 11 2) , 19 , (5 * 5) , 0
2020.09.10-12.47.50,v1.06-2-gafd7e38,2 , 25 , (8 5 5 11 2) , 74 , (5 * 5) , 9
2020.09.10-12.47.50,v1.06-2-gafd7e38,3 , 25 , (8 5 5 11 2) , 346 , (5 * 5) , 31
2020.09.10-12.47.50,v1.06-2-gafd7e38,4 , 25 , (8 5 5 11 2) , 52 , (5 * 5) , 0
2020.09.10-12.47.50,v1.06-2-gafd7e38,5 , 25 , (8 5 5 11 2) , 17 , (5 * 5) , 0
2020.09.10-12.47.50,v1.06-2-gafd7e38,6 , 25 , (8 5 5 11 2) , 101 , (5 * 5) , 2
2020.09.10-12.47.50,v1.06-2-gafd7e38,7 , 25 , (8 5 5 11 2) , 325 , (5 * 5) , 42
2020.09.10-12.47.50,v1.06-2-gafd7e38,8 , 25 , (8 5 5 11 2) , 85 , (5 * 5) , 5
2020.09.10-12.47.50,v1.06-2-gafd7e38,9 , 25 , (8 5 5 11 2) , 84 , (5 * 5) , 8
2020.09.10-12.47.50,v1.06-2-gafd7e38,10 , 25 , (8 5 5 11 2) , 855 , (5 * 5) , 130
2020.09.10-12.47.50,v1.06-2-gafd7e38,11 , 25 , (8 5 5 11 2) , 27 , (5 * 5) , 0
2020.09.10-12.47.50,v1.06-2-gafd7e38,12 , 25 , (8 5 5 11 2) , 176 , (5 * 5) , 18
2020.09.10-12.47.50,v1.06-2-gafd7e38,13 , 25 , (8 5 5 11 2) , 60 , (5 * 5) , 8
2020.09.10-12.47.50,v1.06-2-gafd7e38,14 , 25 , (8 5 5 11 2) , 23 , (5 * 5) , 0
2020.09.10-12.47.50,v1.06-2-gafd7e38,15 , 25 , (8 5 5 11 2) , 798 , (5 * 5) , 84
2020.09.10-12.47.50,v1.06-2-gafd7e38,16 , 25 , (8 5 5 11 2) , 668 , (5 * 5) , 93
2020.09.10-12.47.50,v1.06-2-gafd7e38,17 , 25 , (8 5 5 11 2) , 136 , (5 * 5) , 12
2020.09.10-12.47.50,v1.06-2-gafd7e38,18 , 25 , (8 5 5 11 2) , 69 , (5 * 5) , 2
2020.09.10-12.47.50,v1.06-2-gafd7e38,19 , 25 , (8 5 5 11 2) , 174 , (5 * 5) , 10
2020.09.10-12.47.50,v1.06-2-gafd7e38,20 , 25 , (8 5 5 11 2) , 23 , (5 * 5) , 0
2020.09.10-12.47.50,v1.06-2-gafd7e38,21 , 25 , (8 5 5 11 2) , 79 , (5 * 5) , 8
2020.09.10-12.47.50,v1.06-2-gafd7e38,22 , 25 , (8 5 5 11 2) , 81 , (5 * 5) , 3
2020.09.10-12.47.50,v1.06-2-gafd7e38,23 , 25 , (8 5 5 11 2) , 194 , (5 * 5) , 26
2020.09.10-12.47.50,v1.06-2-gafd7e38,24 , 25 , (8 5 5 11 2) , 79 , (5 * 5) , 0
2020.09.10-12.47.50,v1.06-2-gafd7e38,25 , 25 , (8 5 5 11 2) , 1036 , (5 * 5) , 123
2020.09.10-12.47.50,v1.06-2-gafd7e38,26 , 25 , (8 5 5 11 2) , 355 , (5 * 5) , 31
2020.09.10-12.47.50,v1.06-2-gafd7e38,27 , 25 , (8 5 5 11 2) , 85 , (5 * 5) , 1
2020.09.10-12.47.50,v1.06-2-gafd7e38,28 , 25 , (8 5 5 11 2) , 190 , (5 * 5) , 17
2020.09.10-12.47.50,v1.06-2-gafd7e38,29 , 25 , (8 5 5 11 2) , 19 , (5 * 5) , 0
2020.09.10-12.47.50,v1.06-2-gafd7e38,30 , 25 , (8 5 5 11 2) , 547 , ((2 * 11) + (8 - 5)) , 21
2020.09.10-12.47.50,v1.06-2-gafd7e38,31 , 25 , (8 5 5 11 2) , 23 , (5 * 5) , 0
2020.09.10-12.47.50,v1.06-2-gafd7e38,32 , 25 , (8 5 5 11 2) , 38 , (5 * 5) , 0
2020.09.10-12.47.50,v1.06-2-gafd7e38,33 , 25 , (8 5 5 11 2) , 654 , (5 * 5) , 68
2020.09.10-12.47.50,v1.06-2-gafd7e38,34 , 25 , (8 5 5 11 2) , 25 , (5 * 5) , 0
2020.09.10-12.47.50,v1.06-2-gafd7e38,35 , 25 , (8 5 5 11 2) , 465 , (5 * 5) , 87
2020.09.10-12.47.50,v1.06-2-gafd7e38,36 , 25 , (8 5 5 11 2) , 909 , (5 * 5) , 101
2020.09.10-12.47.50,v1.06-2-gafd7e38,37 , 25 , (8 5 5 11 2) , 25 , (5 * 5) , 0
2020.09.10-12.47.50,v1.06-2-gafd7e38,38 , 25 , (8 5 5 11 2) , 30 , (5 * 5) , 0
2020.09.10-12.47.50,v1.06-2-gafd7e38,39 , 25 , (8 5 5 11 2) , 839 , (5 * 5) , 111
2020.09.10-12.47.50,v1.06-2-gafd7e38,40 , 25 , (8 5 5 11 2) , 66 , (5 * 5) , 0
2020.09.10-12.47.50,v1.06-2-gafd7e38,41 , 25 , (8 5 5 11 2) , 179 , (5 * 5) , 6
2020.09.10-12.47.50,v1.06-2-gafd7e38,42 , 25 , (8 5 5 11 2) , 21 , (5 * 5) , 0
2020.09.10-12.47.50,v1.06-2-gafd7e38,43 , 25 , (8 5 5 11 2) , 27 , (5 * 5) , 0
2020.09.10-12.47.50,v1.06-2-gafd7e38,44 , 25 , (8 5 5 11 2) , 198 , (5 * 5) , 0
2020.09.10-12.47.50,v1.06-2-gafd7e38,45 , 25 , (8 5 5 11 2) , 383 , (5 * 5) , 40
2020.09.10-12.47.50,v1.06-2-gafd7e38,46 , 25 , (8 5 5 11 2) , 175 , (5 * 5) , 7
2020.09.10-12.47.50,v1.06-2-gafd7e38,47 , 25 , (8 5 5 11 2) , 367 , (5 * 5) , 33
2020.09.10-12.47.50,v1.06-2-gafd7e38,48 , 25 , (8 5 5 11 2) , 293 , (5 * 5) , 38
2020.09.10-12.47.50,v1.06-2-gafd7e38,49 , 25 , (8 5 5 11 2) , 64 , (5 * 5) , 5
2020.09.10-12.47.50,v1.06-2-gafd7e38,50 , 25 , (8 5 5 11 2) , 78 , (5 * 5) , 0
2020.09.10-12.47.50,v1.06-2-gafd7e38,51 , 25 , (8 5 5 11 2) , 1476 , (5 * 5) , 158
2020.09.10-12.47.50,v1.06-2-gafd7e38,52 , 25 , (8 5 5 11 2) , 200 , ((2 * 11) + (8 - 5)) , 32
2020.09.10-12.47.50,v1.06-2-gafd7e38,53 , 25 , (8 5 5 11 2) , 482 , (5 * 5) , 32
2020.09.10-12.47.50,v1.06-2-gafd7e38,54 , 25 , (8 5 5 11 2) , 1628 , ((11 * 2) + (8 - 5)) , 197
2020.09.10-12.47.50,v1.06-2-gafd7e38,55 , 25 , (8 5 5 11 2) , 365 , (5 * 5) , 52
2020.09.10-12.47.50,v1.06-2-gafd7e38,56 , 25 , (8 5 5 11 2) , 315 , (5 * 5) , 20
2020.09.10-12.47.50,v1.06-2-gafd7e38,57 , 25 , (8 5 5 11 2) , 128 , (5 * 5) , 9
2020.09.10-12.47.50,v1.06-2-gafd7e38,58 , 25 , (8 5 5 11 2) , 117 , (5 * 5) , 3
2020.09.10-12.47.50,v1.06-2-gafd7e38,59 , 25 , (8 5 5 11 2) , 44 , (5 * 5) , 0
2020.09.10-12.47.50,v1.06-2-gafd7e38,60 , 25 , (8 5 5 11 2) , 975 , (5 * 5) , 107
2020.09.10-12.47.50,v1.06-2-gafd7e38,61 , 25 , (8 5 5 11 2) , 116 , (5 * 5) , 11
2020.09.10-12.47.50,v1.06-2-gafd7e38,62 , 25 , (8 5 5 11 2) , 506 , (5 * 5) , 30
2020.09.10-12.47.50,v1.06-2-gafd7e38,63 , 25 , (8 5 5 11 2) , 47 , (5 * 5) , 2
2020.09.10-12.47.50,v1.06-2-gafd7e38,64 , 25 , (8 5 5 11 2) , 327 , (5 * 5) , 40
2020.09.10-12.47.50,v1.06-2-gafd7e38,65 , 25 , (8 5 5 11 2) , 76 , (5 * 5) , 5
2020.09.10-12.47.50,v1.06-2-gafd7e38,66 , 25 , (8 5 5 11 2) , 666 , (5 * 5) , 55
2020.09.10-12.47.50,v1.06-2-gafd7e38,67 , 25 , (8 5 5 11 2) , 25 , (5 * 5) , 0
2020.09.10-12.47.50,v1.06-2-gafd7e38,68 , 25 , (8 5 5 11 2) , 71 , (5 * 5) , 0
2020.09.10-12.47.50,v1.06-2-gafd7e38,69 , 25 , (8 5 5 11 2) , 777 , (5 * 5) , 76
2020.09.10-12.47.50,v1.06-2-gafd7e38,70 , 25 , (8 5 5 11 2) , 276 , (5 * 5) , 42
2020.09.10-12.47.50,v1.06-2-gafd7e38,71 , 25 , (8 5 5 11 2) , 64 , (5 * 5) , 4
2020.09.10-12.47.50,v1.06-2-gafd7e38,72 , 25 , (8 5 5 11 2) , 175 , (5 * 5) , 29
2020.09.10-12.47.50,v1.06-2-gafd7e38,73 , 25 , (8 5 5 11 2) , 28 , (5 * 5) , 0
2020.09.10-12.47.50,v1.06-2-gafd7e38,74 , 25 , (8 5 5 11 2) , 275 , (5 * 5) , 36
2020.09.10-12.47.50,v1.06-2-gafd7e38,75 , 25 , (8 5 5 11 2) , 20 , (5 * 5) , 0
2020.09.10-12.47.50,v1.06-2-gafd7e38,76 , 25 , (8 5 5 11 2) , 451 , ((2 * 11) + (8 - 5)) , 45
2020.09.10-12.47.50,v1.06-2-gafd7e38,77 , 25 , (8 5 5 11 2) , 1257 , (5 * 5) , 161
2020.09.10-12.47.50,v1.06-2-gafd7e38,78 , 25 , (8 5 5 11 2) , 97 , (5 * 5) , 13
2020.09.10-12.47.50,v1.06-2-gafd7e38,79 , 25 , (8 5 5 11 2) , 695 , (5 * 5) , 91
2020.09.10-12.47.50,v1.06-2-gafd7e38,80 , 25 , (8 5 5 11 2) , 35 , (5 * 5) , 0
2020.09.10-12.47.50,v1.06-2-gafd7e38,81 , 25 , (8 5 5 11 2) , 589 , (5 * 5) , 20
2020.09.10-12.47.50,v1.06-2-gafd7e38,82 , 25 , (8 5 5 11 2) , 107 , (5 * 5) , 4
2020.09.10-12.47.50,v1.06-2-gafd7e38,83 , 25 , (8 5 5 11 2) , 958 , (5 * 5) , 85
2020.09.10-12.47.50,v1.06-2-gafd7e38,84 , 25 , (8 5 5 11 2) , 145 , (5 * 5) , 1
2020.09.10-12.47.50,v1.06-2-gafd7e38,85 , 25 , (8 5 5 11 2) , 97 , (5 * 5) , 10
2020.09.10-12.47.50,v1.06-2-gafd7e38,86 , 25 , (8 5 5 11 2) , 306 , (5 * 5) , 36
2020.09.10-12.47.50,v1.06-2-gafd7e38,87 , 25 , (8 5 5 11 2) , 97 , (5 * 5) , 0
2020.09.10-12.47.50,v1.06-2-gafd7e38,88 , 25 , (8 5 5 11 2) , 1065 , (5 * 5) , 96
2020.09.10-12.47.50,v1.06-2-gafd7e38,89 , 25 , (8 5 5 11 2) , 365 , (5 * 5) , 25
2020.09.10-12.47.50,v1.06-2-gafd7e38,90 , 25 , (8 5 5 11 2) , 35 , (5 * 5) , 0
2020.09.10-12.47.50,v1.06-2-gafd7e38,91 , 25 , (8 5 5 11 2) , 46 , (5 * 5) , 0
2020.09.10-12.47.50,v1.06-2-gafd7e38,92 , 25 , (8 5 5 11 2) , 54 , (5 * 5) , 0
2020.09.10-12.47.50,v1.06-2-gafd7e38,93 , 25 , (8 5 5 11 2) , 17 , (5 * 5) , 0
2020.09.10-12.47.50,v1.06-2-gafd7e38,94 , 25 , (8 5 5 11 2) , 406 , (5 * 5) , 34
2020.09.10-12.47.50,v1.06-2-gafd7e38,95 , 25 , (8 5 5 11 2) , 78 , (5 * 5) , 0
2020.09.10-12.47.50,v1.06-2-gafd7e38,96 , 25 , (8 5 5 11 2) , 1179 , (5 * 5) , 88
2020.09.10-12.47.50,v1.06-2-gafd7e38,97 , 25 , (8 5 5 11 2) , 1105 , (5 * 5) , 94
2020.09.10-12.47.50,v1.06-2-gafd7e38,98 , 25 , (8 5 5 11 2) , 23 , (5 * 5) , 0
2020.09.10-12.47.50,v1.06-2-gafd7e38,99 , 25 , (8 5 5 11 2) , 197 , (5 * 5) , 8
2020.09.10-12.47.50,v1.06-2-gafd7e38,0 , 81 , (9 7 2 25 18) , 97 , ((9 * 7) + 18) , 4
2020.09.10-12.47.50,v1.06-2-gafd7e38,1 , 81 , (9 7 2 25 18) , 378 , ((9 * 7) + 18) , 82
2020.09.10-12.47.50,v1.06-2-gafd7e38,2 , 81 , (9 7 2 25 18) , 183 , ((7 * 9) + 18) , 35
2020.09.10-12.47.50,v1.06-2-gafd7e38,3 , 81 , (9 7 2 25 18) , 928 , ((7 * 9) + 18) , 213
2020.09.10-12.47.50,v1.06-2-gafd7e38,4 , 81 , (9 7 2 25 18) , 401 , ((7 * 9) + 18) , 129
2020.09.10-12.47.50,v1.06-2-gafd7e38,5 , 81 , (9 7 2 25 18) , 1754 , ((7 * 9) + 18) , 719
2020.09.10-12.47.50,v1.06-2-gafd7e38,6 , 81 , (9 7 2 25 18) , 883 , ((9 * 7) + 18) , 308
2020.09.10-12.47.50,v1.06-2-gafd7e38,7 , 81 , (9 7 2 25 18) , 908 , ((7 * 9) + 18) , 275
2020.09.10-12.47.50,v1.06-2-gafd7e38,8 , 81 , (9 7 2 25 18) , 1039 , ((7 * 9) + 18) , 298
2020.09.10-12.47.50,v1.06-2-gafd7e38,9 , 81 , (9 7 2 25 18) , 1085 , ((9 * 7) + 18) , 272
2020.09.10-12.47.50,v1.06-2-gafd7e38,10 , 81 , (9 7 2 25 18) , 1358 , ((7 * 9) + 18) , 461
2020.09.10-12.47.50,v1.06-2-gafd7e38,11 , 81 , (9 7 2 25 18) , 404 , ((9 * 7) + 18) , 97
2020.09.10-12.47.50,v1.06-2-gafd7e38,12 , 81 , (9 7 2 25 18) , 665 , ((7 * 9) + 18) , 156
2020.09.10-12.47.50,v1.06-2-gafd7e38,13 , 81 , (9 7 2 25 18) , 72 , ((9 * 7) + 18) , 7
2020.09.10-12.47.50,v1.06-2-gafd7e38,14 , 81 , (9 7 2 25 18) , 1023 , ((9 * 7) + 18) , 259
2020.09.10-12.47.50,v1.06-2-gafd7e38,15 , 81 , (9 7 2 25 18) , 587 , ((9 * 7) + 18) , 166
2020.09.10-12.47.50,v1.06-2-gafd7e38,16 , 81 , (9 7 2 25 18) , 199 , ((7 * 9) + 18) , 43
2020.09.10-12.47.50,v1.06-2-gafd7e38,17 , 81 , (9 7 2 25 18) , 530 , ((9 * 7) + 18) , 188
2020.09.10-12.47.50,v1.06-2-gafd7e38,18 , 81 , (9 7 2 25 18) , 1069 , ((7 * 9) + 18) , 233
2020.09.10-12.47.50,v1.06-2-gafd7e38,19 , 81 , (9 7 2 25 18) , 2000 , none,  483
2020.09.10-12.47.50,v1.06-2-gafd7e38,20 , 81 , (9 7 2 25 18) , 1647 , ((7 * 9) + 18) , 507
2020.09.10-12.47.50,v1.06-2-gafd7e38,21 , 81 , (9 7 2 25 18) , 75 , ((7 * 9) + 18) , 9
2020.09.10-12.47.50,v1.06-2-gafd7e38,22 , 81 , (9 7 2 25 18) , 388 , ((9 * 7) + 18) , 107
2020.09.10-12.47.50,v1.06-2-gafd7e38,23 , 81 , (9 7 2 25 18) , 385 , ((9 * 7) + 18) , 91
2020.09.10-12.47.50,v1.06-2-gafd7e38,24 , 81 , (9 7 2 25 18) , 786 , ((9 * 7) + 18) , 195
2020.09.10-12.47.50,v1.06-2-gafd7e38,25 , 81 , (9 7 2 25 18) , 188 , ((9 * 7) + 18) , 26
2020.09.10-12.47.50,v1.06-2-gafd7e38,26 , 81 , (9 7 2 25 18) , 310 , ((9 * 7) + 18) , 74
2020.09.10-12.47.50,v1.06-2-gafd7e38,27 , 81 , (9 7 2 25 18) , 153 , ((9 * 7) + 18) , 17
2020.09.10-12.47.50,v1.06-2-gafd7e38,28 , 81 , (9 7 2 25 18) , 1867 , ((7 * 9) + 18) , 579
2020.09.10-12.47.50,v1.06-2-gafd7e38,29 , 81 , (9 7 2 25 18) , 1237 , ((9 * 7) + 18) , 414
2020.09.10-12.47.50,v1.06-2-gafd7e38,30 , 81 , (9 7 2 25 18) , 354 , ((9 * 7) + 18) , 85
2020.09.10-12.47.50,v1.06-2-gafd7e38,31 , 81 , (9 7 2 25 18) , 924 , ((9 * 7) + 18) , 219
2020.09.10-12.47.50,v1.06-2-gafd7e38,32 , 81 , (9 7 2 25 18) , 292 , ((9 * 7) + 18) , 56
2020.09.10-12.47.50,v1.06-2-gafd7e38,33 , 81 , (9 7 2 25 18) , 230 , ((9 * 7) + 18) , 66
2020.09.10-12.47.50,v1.06-2-gafd7e38,34 , 81 , (9 7 2 25 18) , 585 , ((9 * 7) + 18) , 128
2020.09.10-12.47.50,v1.06-2-gafd7e38,35 , 81 , (9 7 2 25 18) , 273 , ((9 * 7) + 18) , 69
2020.09.10-12.47.50,v1.06-2-gafd7e38,36 , 81 , (9 7 2 25 18) , 2000 , none,  717
2020.09.10-12.47.50,v1.06-2-gafd7e38,37 , 81 , (9 7 2 25 18) , 1056 , ((9 * 7) + 18) , 274
2020.09.10-12.47.50,v1.06-2-gafd7e38,38 , 81 , (9 7 2 25 18) , 149 , ((7 * 9) + 18) , 0
2020.09.10-12.47.50,v1.06-2-gafd7e38,39 , 81 , (9 7 2 25 18) , 371 , ((9 * 7) + 18) , 119
2020.09.10-12.47.50,v1.06-2-gafd7e38,40 , 81 , (9 7 2 25 18) , 2000 , none,  486
2020.09.10-12.47.50,v1.06-2-gafd7e38,41 , 81 , (9 7 2 25 18) , 291 , ((9 * 7) + 18) , 62
2020.09.10-12.47.50,v1.06-2-gafd7e38,42 , 81 , (9 7 2 25 18) , 198 , ((9 * 7) + 18) , 44
2020.09.10-12.47.50,v1.06-2-gafd7e38,43 , 81 , (9 7 2 25 18) , 1073 , ((7 * 9) + 18) , 399
2020.09.10-12.47.50,v1.06-2-gafd7e38,44 , 81 , (9 7 2 25 18) , 1375 , ((9 * 7) + 18) , 481
2020.09.10-12.47.50,v1.06-2-gafd7e38,45 , 81 , (9 7 2 25 18) , 303 , ((9 * 7) + 18) , 67
2020.09.10-12.47.50,v1.06-2-gafd7e38,46 , 81 , (9 7 2 25 18) , 422 , ((7 * 9) + 18) , 162
2020.09.10-12.47.50,v1.06-2-gafd7e38,47 , 81 , (9 7 2 25 18) , 195 , ((9 * 7) + 18) , 27
2020.09.10-12.47.50,v1.06-2-gafd7e38,48 , 81 , (9 7 2 25 18) , 36 , ((9 * 7) + 18) , 2
2020.09.10-12.47.50,v1.06-2-gafd7e38,49 , 81 , (9 7 2 25 18) , 498 , ((7 * 9) + 18) , 153
2020.09.10-12.47.50,v1.06-2-gafd7e38,50 , 81 , (9 7 2 25 18) , 359 , ((9 * 7) + 18) , 71
2020.09.10-12.47.50,v1.06-2-gafd7e38,51 , 81 , (9 7 2 25 18) , 168 , ((9 * 7) + 18) , 40
2020.09.10-12.47.50,v1.06-2-gafd7e38,52 , 81 , (9 7 2 25 18) , 374 , ((7 * 9) + 18) , 113
2020.09.10-12.47.50,v1.06-2-gafd7e38,53 , 81 , (9 7 2 25 18) , 65 , ((9 * 7) + 18) , 4
2020.09.10-12.47.50,v1.06-2-gafd7e38,54 , 81 , (9 7 2 25 18) , 804 , ((7 * 9) + 18) , 322
2020.09.10-12.47.50,v1.06-2-gafd7e38,55 , 81 , (9 7 2 25 18) , 187 , ((9 * 7) + 18) , 31
2020.09.10-12.47.50,v1.06-2-gafd7e38,56 , 81 , (9 7 2 25 18) , 1954 , ((7 * 9) + 18) , 645
2020.09.10-12.47.50,v1.06-2-gafd7e38,57 , 81 , (9 7 2 25 18) , 2000 , none,  544
2020.09.10-12.47.50,v1.06-2-gafd7e38,58 , 81 , (9 7 2 25 18) , 144 , ((7 * 9) + 18) , 0
2020.09.10-12.47.50,v1.06-2-gafd7e38,59 , 81 , (9 7 2 25 18) , 42 , ((9 * 7) + 18) , 1
2020.09.10-12.47.50,v1.06-2-gafd7e38,60 , 81 , (9 7 2 25 18) , 98 , ((7 * 9) + 18) , 26
2020.09.10-12.47.50,v1.06-2-gafd7e38,61 , 81 , (9 7 2 25 18) , 686 , ((9 * 7) + 18) , 165
2020.09.10-12.47.50,v1.06-2-gafd7e38,62 , 81 , (9 7 2 25 18) , 100 , ((9 * 7) + 18) , 0
2020.09.10-12.47.50,v1.06-2-gafd7e38,63 , 81 , (9 7 2 25 18) , 72 , ((7 * 9) + 18) , 0
2020.09.10-12.47.50,v1.06-2-gafd7e38,64 , 81 , (9 7 2 25 18) , 913 , ((9 * 7) + 18) , 237
2020.09.10-12.47.50,v1.06-2-gafd7e38,65 , 81 , (9 7 2 25 18) , 606 , ((7 * 9) + 18) , 179
2020.09.10-12.47.50,v1.06-2-gafd7e38,66 , 81 , (9 7 2 25 18) , 664 , ((9 * 7) + 18) , 130
2020.09.10-12.47.50,v1.06-2-gafd7e38,67 , 81 , (9 7 2 25 18) , 329 , ((7 * 9) + 18) , 58
2020.09.10-12.47.50,v1.06-2-gafd7e38,68 , 81 , (9 7 2 25 18) , 2000 , none,  746
2020.09.10-12.47.50,v1.06-2-gafd7e38,69 , 81 , (9 7 2 25 18) , 278 , ((9 * 7) + 18) , 71
2020.09.10-12.47.50,v1.06-2-gafd7e38,70 , 81 , (9 7 2 25 18) , 1125 , ((9 * 7) + 18) , 276
2020.09.10-12.47.50,v1.06-2-gafd7e38,71 , 81 , (9 7 2 25 18) , 370 , ((9 * 7) + 18) , 65
2020.09.10-12.47.50,v1.06-2-gafd7e38,72 , 81 , (9 7 2 25 18) , 485 , ((7 * 9) + 18) , 145
2020.09.10-12.47.50,v1.06-2-gafd7e38,73 , 81 , (9 7 2 25 18) , 1094 , ((7 * 9) + 18) , 254
2020.09.10-12.47.50,v1.06-2-gafd7e38,74 , 81 , (9 7 2 25 18) , 1018 , ((7 * 9) + 18) , 340
2020.09.10-12.47.50,v1.06-2-gafd7e38,75 , 81 , (9 7 2 25 18) , 1080 , ((9 * 7) + 18) , 269
2020.09.10-12.47.50,v1.06-2-gafd7e38,76 , 81 , (9 7 2 25 18) , 458 , ((7 * 9) + 18) , 158
2020.09.10-12.47.50,v1.06-2-gafd7e38,77 , 81 , (9 7 2 25 18) , 1904 , ((7 * 9) + 18) , 491
2020.09.10-12.47.50,v1.06-2-gafd7e38,78 , 81 , (9 7 2 25 18) , 31 , ((9 * 7) + 18) , 2
2020.09.10-12.47.50,v1.06-2-gafd7e38,79 , 81 , (9 7 2 25 18) , 1640 , ((7 * 9) + 18) , 510
2020.09.10-12.47.50,v1.06-2-gafd7e38,80 , 81 , (9 7 2 25 18) , 339 , ((9 * 7) + 18) , 76
2020.09.10-12.47.50,v1.06-2-gafd7e38,81 , 81 , (9 7 2 25 18) , 2000 , none,  682
2020.09.10-12.47.50,v1.06-2-gafd7e38,82 , 81 , (9 7 2 25 18) , 850 , ((7 * 9) + 18) , 193
2020.09.10-12.47.50,v1.06-2-gafd7e38,83 , 81 , (9 7 2 25 18) , 2000 , none,  678
2020.09.10-12.47.50,v1.06-2-gafd7e38,84 , 81 , (9 7 2 25 18) , 2000 , none,  555
2020.09.10-12.47.50,v1.06-2-gafd7e38,85 , 81 , (9 7 2 25 18) , 1127 , ((9 * 7) + 18) , 296
2020.09.10-12.47.50,v1.06-2-gafd7e38,86 , 81 , (9 7 2 25 18) , 137 , ((9 * 7) + 18) , 36
2020.09.10-12.47.50,v1.06-2-gafd7e38,87 , 81 , (9 7 2 25 18) , 657 , ((9 * 7) + 18) , 147
2020.09.10-12.47.50,v1.06-2-gafd7e38,88 , 81 , (9 7 2 25 18) , 729 , ((9 * 7) + 18) , 165
2020.09.10-12.47.50,v1.06-2-gafd7e38,89 , 81 , (9 7 2 25 18) , 937 , ((9 * 7) + 18) , 315
2020.09.10-12.47.50,v1.06-2-gafd7e38,90 , 81 , (9 7 2 25 18) , 144 , ((9 * 7) + 18) , 13
2020.09.10-12.47.50,v1.06-2-gafd7e38,91 , 81 , (9 7 2 25 18) , 109 , ((9 * 7) + 18) , 12
2020.09.10-12.47.50,v1.06-2-gafd7e38,92 , 81 , (9 7 2 25 18) , 1902 , ((7 * 9) + 18) , 563
2020.09.10-12.47.50,v1.06-2-gafd7e38,93 , 81 , (9 7 2 25 18) , 43 , ((9 * 7) + 18) , 0
2020.09.10-12.47.50,v1.06-2-gafd7e38,94 , 81 , (9 7 2 25 18) , 1253 , ((9 * 7) + 18) , 447
2020.09.10-12.47.50,v1.06-2-gafd7e38,95 , 81 , (9 7 2 25 18) , 839 , ((7 * 9) + 18) , 170
2020.09.10-12.47.50,v1.06-2-gafd7e38,96 , 81 , (9 7 2 25 18) , 525 , ((9 * 7) + 18) , 140
2020.09.10-12.47.50,v1.06-2-gafd7e38,97 , 81 , (9 7 2 25 18) , 1076 , ((9 * 7) + 18) , 256
2020.09.10-12.47.50,v1.06-2-gafd7e38,98 , 81 , (9 7 2 25 18) , 390 , ((7 * 9) + 18) , 90
2020.09.10-12.47.50,v1.06-2-gafd7e38,99 , 81 , (9 7 2 25 18) , 39 , ((9 * 7) + 18) , 2
2020.09.10-12.47.50,v1.06-2-gafd7e38,0 , 6 , (3 3 17 11 22) , 28 , (3 + 3) , 0
2020.09.10-12.47.50,v1.06-2-gafd7e38,1 , 6 , (3 3 17 11 22) , 74 , (3 + 3) , 2
2020.09.10-12.47.50,v1.06-2-gafd7e38,2 , 6 , (3 3 17 11 22) , 28 , (3 + 3) , 0
2020.09.10-12.47.50,v1.06-2-gafd7e38,3 , 6 , (3 3 17 11 22) , 75 , (3 + 3) , 1
2020.09.10-12.47.50,v1.06-2-gafd7e38,4 , 6 , (3 3 17 11 22) , 504 , (3 + 3) , 87
2020.09.10-12.47.50,v1.06-2-gafd7e38,5 , 6 , (3 3 17 11 22) , 245 , (3 + 3) , 38
2020.09.10-12.47.50,v1.06-2-gafd7e38,6 , 6 , (3 3 17 11 22) , 37 , (3 + 3) , 0
2020.09.10-12.47.50,v1.06-2-gafd7e38,7 , 6 , (3 3 17 11 22) , 265 , (3 + 3) , 30
2020.09.10-12.47.50,v1.06-2-gafd7e38,8 , 6 , (3 3 17 11 22) , 29 , (3 + 3) , 0
2020.09.10-12.47.50,v1.06-2-gafd7e38,9 , 6 , (3 3 17 11 22) , 26 , (3 + 3) , 1
2020.09.10-12.47.50,v1.06-2-gafd7e38,10 , 6 , (3 3 17 11 22) , 36 , (3 + 3) , 0
2020.09.10-12.47.50,v1.06-2-gafd7e38,11 , 6 , (3 3 17 11 22) , 213 , (3 + 3) , 34
2020.09.10-12.47.50,v1.06-2-gafd7e38,12 , 6 , (3 3 17 11 22) , 22 , (3 + 3) , 0
2020.09.10-12.47.50,v1.06-2-gafd7e38,13 , 6 , (3 3 17 11 22) , 26 , (3 + 3) , 0
2020.09.10-12.47.50,v1.06-2-gafd7e38,14 , 6 , (3 3 17 11 22) , 425 , (3 + 3) , 65
2020.09.10-12.47.50,v1.06-2-gafd7e38,15 , 6 , (3 3 17 11 22) , 25 , (3 + 3) , 2
2020.09.10-12.47.50,v1.06-2-gafd7e38,16 , 6 , (3 3 17 11 22) , 125 , (3 + 3) , 4
2020.09.10-12.47.50,v1.06-2-gafd7e38,17 , 6 , (3 3 17 11 22) , 127 , (3 + 3) , 28
2020.09.10-12.47.50,v1.06-2-gafd7e38,18 , 6 , (3 3 17 11 22) , 21 , (3 + 3) , 0
2020.09.10-12.47.50,v1.06-2-gafd7e38,19 , 6 , (3 3 17 11 22) , 347 , (3 + 3) , 54
2020.09.10-12.47.50,v1.06-2-gafd7e38,20 , 6 , (3 3 17 11 22) , 144 , (3 + 3) , 10
2020.09.10-12.47.50,v1.06-2-gafd7e38,21 , 6 , (3 3 17 11 22) , 107 , (3 + 3) , 15
2020.09.10-12.47.50,v1.06-2-gafd7e38,22 , 6 , (3 3 17 11 22) , 38 , (3 + 3) , 0
2020.09.10-12.47.50,v1.06-2-gafd7e38,23 , 6 , (3 3 17 11 22) , 25 , (3 + 3) , 0
2020.09.10-12.47.50,v1.06-2-gafd7e38,24 , 6 , (3 3 17 11 22) , 45 , (3 + 3) , 8
2020.09.10-12.47.50,v1.06-2-gafd7e38,25 , 6 , (3 3 17 11 22) , 44 , (3 + 3) , 1
2020.09.10-12.47.50,v1.06-2-gafd7e38,26 , 6 , (3 3 17 11 22) , 14 , (3 + 3) , 0
2020.09.10-12.47.50,v1.06-2-gafd7e38,27 , 6 , (3 3 17 11 22) , 64 , (3 + 3) , 4
2020.09.10-12.47.50,v1.06-2-gafd7e38,28 , 6 , (3 3 17 11 22) , 225 , (3 + 3) , 19
2020.09.10-12.47.50,v1.06-2-gafd7e38,29 , 6 , (3 3 17 11 22) , 154 , (3 + 3) , 23
2020.09.10-12.47.50,v1.06-2-gafd7e38,30 , 6 , (3 3 17 11 22) , 37 , (3 + 3) , 0
2020.09.10-12.47.50,v1.06-2-gafd7e38,31 , 6 , (3 3 17 11 22) , 24 , (3 + 3) , 0
2020.09.10-12.47.50,v1.06-2-gafd7e38,32 , 6 , (3 3 17 11 22) , 43 , (3 + 3) , 2
2020.09.10-12.47.50,v1.06-2-gafd7e38,33 , 6 , (3 3 17 11 22) , 85 , (3 + 3) , 16
2020.09.10-12.47.50,v1.06-2-gafd7e38,34 , 6 , (3 3 17 11 22) , 127 , (3 + 3) , 15
2020.09.10-12.47.50,v1.06-2-gafd7e38,35 , 6 , (3 3 17 11 22) , 37 , (3 + 3) , 0
2020.09.10-12.47.50,v1.06-2-gafd7e38,36 , 6 , (3 3 17 11 22) , 20 , (3 + 3) , 0
2020.09.10-12.47.50,v1.06-2-gafd7e38,37 , 6 , (3 3 17 11 22) , 25 , (3 + 3) , 0
2020.09.10-12.47.50,v1.06-2-gafd7e38,38 , 6 , (3 3 17 11 22) , 113 , (3 + 3) , 22
2020.09.10-12.47.50,v1.06-2-gafd7e38,39 , 6 , (3 3 17 11 22) , 256 , (3 + 3) , 44
2020.09.10-12.47.50,v1.06-2-gafd7e38,40 , 6 , (3 3 17 11 22) , 45 , (3 + 3) , 0
2020.09.10-12.47.50,v1.06-2-gafd7e38,41 , 6 , (3 3 17 11 22) , 24 , (3 + 3) , 1
2020.09.10-12.47.50,v1.06-2-gafd7e38,42 , 6 , (3 3 17 11 22) , 35 , (3 + 3) , 0
2020.09.10-12.47.50,v1.06-2-gafd7e38,43 , 6 , (3 3 17 11 22) , 45 , (3 + 3) , 2
2020.09.10-12.47.50,v1.06-2-gafd7e38,44 , 6 , (3 3 17 11 22) , 165 , (3 + 3) , 26
2020.09.10-12.47.50,v1.06-2-gafd7e38,45 , 6 , (3 3 17 11 22) , 19 , (3 + 3) , 0
2020.09.10-12.47.50,v1.06-2-gafd7e38,46 , 6 , (3 3 17 11 22) , 24 , (3 + 3) , 0
2020.09.10-12.47.50,v1.06-2-gafd7e38,47 , 6 , (3 3 17 11 22) , 32 , (3 + 3) , 0
2020.09.10-12.47.50,v1.06-2-gafd7e38,48 , 6 , (3 3 17 11 22) , 125 , (3 + 3) , 1
2020.09.10-12.47.50,v1.06-2-gafd7e38,49 , 6 , (3 3 17 11 22) , 135 , (3 + 3) , 17
2020.09.10-12.47.50,v1.06-2-gafd7e38,50 , 6 , (3 3 17 11 22) , 27 , (3 + 3) , 0
2020.09.10-12.47.50,v1.06-2-gafd7e38,51 , 6 , (3 3 17 11 22) , 554 , (3 + 3) , 79
2020.09.10-12.47.50,v1.06-2-gafd7e38,52 , 6 , (3 3 17 11 22) , 226 , (3 + 3) , 23
2020.09.10-12.47.50,v1.06-2-gafd7e38,53 , 6 , (3 3 17 11 22) , 29 , (3 + 3) , 0
2020.09.10-12.47.50,v1.06-2-gafd7e38,54 , 6 , (3 3 17 11 22) , 27 , (3 + 3) , 0
2020.09.10-12.47.50,v1.06-2-gafd7e38,55 , 6 , (3 3 17 11 22) , 98 , (3 + 3) , 0
2020.09.10-12.47.50,v1.06-2-gafd7e38,56 , 6 , (3 3 17 11 22) , 359 , (3 + 3) , 54
2020.09.10-12.47.50,v1.06-2-gafd7e38,57 , 6 , (3 3 17 11 22) , 235 , (3 + 3) , 41
2020.09.10-12.47.50,v1.06-2-gafd7e38,58 , 6 , (3 3 17 11 22) , 65 , (3 + 3) , 4
2020.09.10-12.47.50,v1.06-2-gafd7e38,59 , 6 , (3 3 17 11 22) , 175 , (3 + 3) , 33
2020.09.10-12.47.50,v1.06-2-gafd7e38,60 , 6 , (3 3 17 11 22) , 20 , (3 + 3) , 0
2020.09.10-12.47.50,v1.06-2-gafd7e38,61 , 6 , (3 3 17 11 22) , 34 , (3 + 3) , 0
2020.09.10-12.47.50,v1.06-2-gafd7e38,62 , 6 , (3 3 17 11 22) , 118 , (3 + 3) , 14
2020.09.10-12.47.50,v1.06-2-gafd7e38,63 , 6 , (3 3 17 11 22) , 27 , (3 + 3) , 0
2020.09.10-12.47.50,v1.06-2-gafd7e38,64 , 6 , (3 3 17 11 22) , 23 , (3 + 3) , 0
2020.09.10-12.47.50,v1.06-2-gafd7e38,65 , 6 , (3 3 17 11 22) , 28 , (3 + 3) , 0
2020.09.10-12.47.50,v1.06-2-gafd7e38,66 , 6 , (3 3 17 11 22) , 85 , (3 + 3) , 15
2020.09.10-12.47.50,v1.06-2-gafd7e38,67 , 6 , (3 3 17 11 22) , 89 , (3 + 3) , 13
2020.09.10-12.47.50,v1.06-2-gafd7e38,68 , 6 , (3 3 17 11 22) , 234 , (3 + 3) , 44
2020.09.10-12.47.50,v1.06-2-gafd7e38,69 , 6 , (3 3 17 11 22) , 115 , (3 + 3) , 13
2020.09.10-12.47.50,v1.06-2-gafd7e38,70 , 6 , (3 3 17 11 22) , 259 , (3 + 3) , 55
2020.09.10-12.47.50,v1.06-2-gafd7e38,71 , 6 , (3 3 17 11 22) , 99 , (3 + 3) , 14
2020.09.10-12.47.50,v1.06-2-gafd7e38,72 , 6 , (3 3 17 11 22) , 26 , (3 + 3) , 0
2020.09.10-12.47.50,v1.06-2-gafd7e38,73 , 6 , (3 3 17 11 22) , 46 , (3 + 3) , 0
2020.09.10-12.47.50,v1.06-2-gafd7e38,74 , 6 , (3 3 17 11 22) , 20 , (3 + 3) , 0
2020.09.10-12.47.50,v1.06-2-gafd7e38,75 , 6 , (3 3 17 11 22) , 17 , (3 + 3) , 0
2020.09.10-12.47.50,v1.06-2-gafd7e38,76 , 6 , (3 3 17 11 22) , 16 , (3 + 3) , 0
2020.09.10-12.47.50,v1.06-2-gafd7e38,77 , 6 , (3 3 17 11 22) , 26 , (3 + 3) , 0
2020.09.10-12.47.50,v1.06-2-gafd7e38,78 , 6 , (3 3 17 11 22) , 224 , (3 + 3) , 43
2020.09.10-12.47.50,v1.06-2-gafd7e38,79 , 6 , (3 3 17 11 22) , 275 , (3 + 3) , 55
2020.09.10-12.47.50,v1.06-2-gafd7e38,80 , 6 , (3 3 17 11 22) , 27 , (3 + 3) , 0
2020.09.10-12.47.50,v1.06-2-gafd7e38,81 , 6 , (3 3 17 11 22) , 75 , (3 + 3) , 10
2020.09.10-12.47.50,v1.06-2-gafd7e38,82 , 6 , (3 3 17 11 22) , 21 , (3 + 3) , 0
2020.09.10-12.47.50,v1.06-2-gafd7e38,83 , 6 , (3 3 17 11 22) , 26 , (3 + 3) , 0
2020.09.10-12.47.50,v1.06-2-gafd7e38,84 , 6 , (3 3 17 11 22) , 27 , (3 + 3) , 0
2020.09.10-12.47.50,v1.06-2-gafd7e38,85 , 6 , (3 3 17 11 22) , 24 , (3 + 3) , 0
2020.09.10-12.47.50,v1.06-2-gafd7e38,86 , 6 , (3 3 17 11 22) , 69 , (3 + 3) , 0
2020.09.10-12.47.50,v1.06-2-gafd7e38,87 , 6 , (3 3 17 11 22) , 49 , (3 + 3) , 0
2020.09.10-12.47.50,v1.06-2-gafd7e38,88 , 6 , (3 3 17 11 22) , 102 , (3 + 3) , 6
2020.09.10-12.47.50,v1.06-2-gafd7e38,89 , 6 , (3 3 17 11 22) , 50 , (3 + 3) , 0
2020.09.10-12.47.50,v1.06-2-gafd7e38,90 , 6 , (3 3 17 11 22) , 24 , (3 + 3) , 0
2020.09.10-12.47.50,v1.06-2-gafd7e38,91 , 6 , (3 3 17 11 22) , 138 , (3 + 3) , 25
2020.09.10-12.47.50,v1.06-2-gafd7e38,92 , 6 , (3 3 17 11 22) , 23 , (3 + 3) , 0
2020.09.10-12.47.50,v1.06-2-gafd7e38,93 , 6 , (3 3 17 11 22) , 73 , (3 + 3) , 0
2020.09.10-12.47.50,v1.06-2-gafd7e38,94 , 6 , (3 3 17 11 22) , 49 , (3 + 3) , 1
2020.09.10-12.47.50,v1.06-2-gafd7e38,95 , 6 , (3 3 17 11 22) , 245 , (3 + 3) , 44
2020.09.10-12.47.50,v1.06-2-gafd7e38,96 , 6 , (3 3 17 11 22) , 29 , (3 + 3) , 0
2020.09.10-12.47.50,v1.06-2-gafd7e38,97 , 6 , (3 3 17 11 22) , 37 , (3 + 3) , 0
2020.09.10-12.47.50,v1.06-2-gafd7e38,98 , 6 , (3 3 17 11 22) , 46 , (3 + 3) , 0
2020.09.10-12.47.50,v1.06-2-gafd7e38,99 , 6 , (3 3 17 11 22) , 19 , (3 + 3) , 0
2020.09.10-12.47.50,v1.06-2-gafd7e38,0 , 11 , (2 5 1 25 23) , 177 , ((5 * 2) + 1) , 33
2020.09.10-12.47.50,v1.06-2-gafd7e38,1 , 11 , (2 5 1 25 23) , 68 , ((5 * 2) + 1) , 0
2020.09.10-12.47.50,v1.06-2-gafd7e38,2 , 11 , (2 5 1 25 23) , 124 , ((2 * 5) + 1) , 23
2020.09.10-12.47.50,v1.06-2-gafd7e38,3 , 11 , (2 5 1 25 23) , 498 , ((5 * 2) + 1) , 100
2020.09.10-12.47.50,v1.06-2-gafd7e38,4 , 11 , (2 5 1 25 23) , 50 , ((5 * 2) + 1) , 0
2020.09.10-12.47.50,v1.06-2-gafd7e38,5 , 11 , (2 5 1 25 23) , 136 , ((5 * 2) + 1) , 28
2020.09.10-12.47.50,v1.06-2-gafd7e38,6 , 11 , (2 5 1 25 23) , 50 , ((2 * 5) + 1) , 1
2020.09.10-12.47.50,v1.06-2-gafd7e38,7 , 11 , (2 5 1 25 23) , 136 , ((2 * 5) + 1) , 20
2020.09.10-12.47.50,v1.06-2-gafd7e38,8 , 11 , (2 5 1 25 23) , 79 , ((2 * 5) + 1) , 13
2020.09.10-12.47.50,v1.06-2-gafd7e38,9 , 11 , (2 5 1 25 23) , 237 , ((5 * 2) + 1) , 49
2020.09.10-12.47.50,v1.06-2-gafd7e38,10 , 11 , (2 5 1 25 23) , 62 , ((5 * 2) + 1) , 0
2020.09.10-12.47.50,v1.06-2-gafd7e38,11 , 11 , (2 5 1 25 23) , 68 , ((2 * 5) + 1) , 9
2020.09.10-12.47.50,v1.06-2-gafd7e38,12 , 11 , (2 5 1 25 23) , 235 , ((2 * 5) + 1) , 29
2020.09.10-12.47.50,v1.06-2-gafd7e38,13 , 11 , (2 5 1 25 23) , 47 , ((5 * 2) + 1) , 0
2020.09.10-12.47.50,v1.06-2-gafd7e38,14 , 11 , (2 5 1 25 23) , 79 , ((2 * 5) + 1) , 9
2020.09.10-12.47.50,v1.06-2-gafd7e38,15 , 11 , (2 5 1 25 23) , 65 , ((5 * 2) + 1) , 2
2020.09.10-12.47.50,v1.06-2-gafd7e38,16 , 11 , (2 5 1 25 23) , 33 , ((5 * 2) + 1) , 0
2020.09.10-12.47.50,v1.06-2-gafd7e38,17 , 11 , (2 5 1 25 23) , 60 , ((2 * 5) + 1) , 0
2020.09.10-12.47.50,v1.06-2-gafd7e38,18 , 11 , (2 5 1 25 23) , 58 , ((2 * 5) + 1) , 0
2020.09.10-12.47.50,v1.06-2-gafd7e38,19 , 11 , (2 5 1 25 23) , 319 , ((5 * 2) + 1) , 44
2020.09.10-12.47.50,v1.06-2-gafd7e38,20 , 11 , (2 5 1 25 23) , 134 , ((2 * 5) + 1) , 22
2020.09.10-12.47.50,v1.06-2-gafd7e38,21 , 11 , (2 5 1 25 23) , 49 , ((5 * 2) + 1) , 0
2020.09.10-12.47.50,v1.06-2-gafd7e38,22 , 11 , (2 5 1 25 23) , 38 , ((5 * 2) + 1) , 0
2020.09.10-12.47.50,v1.06-2-gafd7e38,23 , 11 , (2 5 1 25 23) , 1707 , ((5 * 2) + 1) , 416
2020.09.10-12.47.50,v1.06-2-gafd7e38,24 , 11 , (2 5 1 25 23) , 630 , ((5 * 2) + 1) , 114
2020.09.10-12.47.50,v1.06-2-gafd7e38,25 , 11 , (2 5 1 25 23) , 1596 , ((5 * 2) + 1) , 363
2020.09.10-12.47.50,v1.06-2-gafd7e38,26 , 11 , (2 5 1 25 23) , 59 , ((5 * 2) + 1) , 0
2020.09.10-12.47.50,v1.06-2-gafd7e38,27 , 11 , (2 5 1 25 23) , 80 , ((5 * 2) + 1) , 0
2020.09.10-12.47.50,v1.06-2-gafd7e38,28 , 11 , (2 5 1 25 23) , 39 , ((5 * 2) + 1) , 1
2020.09.10-12.47.50,v1.06-2-gafd7e38,29 , 11 , (2 5 1 25 23) , 99 , ((5 * 2) + 1) , 6
2020.09.10-12.47.50,v1.06-2-gafd7e38,30 , 11 , (2 5 1 25 23) , 77 , ((5 * 2) + 1) , 7
2020.09.10-12.47.50,v1.06-2-gafd7e38,31 , 11 , (2 5 1 25 23) , 43 , ((5 * 2) + 1) , 0
2020.09.10-12.47.50,v1.06-2-gafd7e38,32 , 11 , (2 5 1 25 23) , 40 , ((5 * 2) + 1) , 0
2020.09.10-12.47.50,v1.06-2-gafd7e38,33 , 11 , (2 5 1 25 23) , 37 , ((5 * 2) + 1) , 3
2020.09.10-12.47.50,v1.06-2-gafd7e38,34 , 11 , (2 5 1 25 23) , 66 , ((5 * 2) + 1) , 6
2020.09.10-12.47.50,v1.06-2-gafd7e38,35 , 11 , (2 5 1 25 23) , 46 , ((5 * 2) + 1) , 0
2020.09.10-12.47.50,v1.06-2-gafd7e38,36 , 11 , (2 5 1 25 23) , 138 , ((5 * 2) + 1) , 22
2020.09.10-12.47.50,v1.06-2-gafd7e38,37 , 11 , (2 5 1 25 23) , 36 , ((5 * 2) + 1) , 0
2020.09.10-12.47.50,v1.06-2-gafd7e38,38 , 11 , (2 5 1 25 23) , 144 , ((5 * 2) + 1) , 4
2020.09.10-12.47.50,v1.06-2-gafd7e38,39 , 11 , (2 5 1 25 23) , 134 , ((2 * 5) + 1) , 8
2020.09.10-12.47.50,v1.06-2-gafd7e38,40 , 11 , (2 5 1 25 23) , 47 , ((5 * 2) + 1) , 0
2020.09.10-12.47.50,v1.06-2-gafd7e38,41 , 11 , (2 5 1 25 23) , 127 , ((5 * 2) + 1) , 13
2020.09.10-12.47.50,v1.06-2-gafd7e38,42 , 11 , (2 5 1 25 23) , 96 , ((2 * 5) + 1) , 11
2020.09.10-12.47.50,v1.06-2-gafd7e38,43 , 11 , (2 5 1 25 23) , 75 , ((5 * 2) + 1) , 10
2020.09.10-12.47.50,v1.06-2-gafd7e38,44 , 11 , (2 5 1 25 23) , 53 , ((2 * 5) + 1) , 1
2020.09.10-12.47.50,v1.06-2-gafd7e38,45 , 11 , (2 5 1 25 23) , 50 , ((2 * 5) + 1) , 0
2020.09.10-12.47.50,v1.06-2-gafd7e38,46 , 11 , (2 5 1 25 23) , 58 , ((5 * 2) + 1) , 2
2020.09.10-12.47.50,v1.06-2-gafd7e38,47 , 11 , (2 5 1 25 23) , 95 , ((5 * 2) + 1) , 15
2020.09.10-12.47.50,v1.06-2-gafd7e38,48 , 11 , (2 5 1 25 23) , 75 , ((2 * 5) + 1) , 3
2020.09.10-12.47.50,v1.06-2-gafd7e38,49 , 11 , (2 5 1 25 23) , 39 , ((5 * 2) + 1) , 0
2020.09.10-12.47.50,v1.06-2-gafd7e38,50 , 11 , (2 5 1 25 23) , 49 , ((5 * 2) + 1) , 0
2020.09.10-12.47.50,v1.06-2-gafd7e38,51 , 11 , (2 5 1 25 23) , 1463 , ((5 * 2) + 1) , 333
2020.09.10-12.47.50,v1.06-2-gafd7e38,52 , 11 , (2 5 1 25 23) , 58 , ((2 * 5) + 1) , 0
2020.09.10-12.47.50,v1.06-2-gafd7e38,53 , 11 , (2 5 1 25 23) , 367 , ((2 * 5) + 1) , 91
2020.09.10-12.47.50,v1.06-2-gafd7e38,54 , 11 , (2 5 1 25 23) , 51 , ((5 * 2) + 1) , 1
2020.09.10-12.47.50,v1.06-2-gafd7e38,55 , 11 , (2 5 1 25 23) , 297 , ((5 * 2) + 1) , 47
2020.09.10-12.47.50,v1.06-2-gafd7e38,56 , 11 , (2 5 1 25 23) , 55 , ((5 * 2) + 1) , 7
2020.09.10-12.47.50,v1.06-2-gafd7e38,57 , 11 , (2 5 1 25 23) , 648 , ((2 * 5) + 1) , 146
2020.09.10-12.47.50,v1.06-2-gafd7e38,58 , 11 , (2 5 1 25 23) , 526 , ((2 * 5) + 1) , 119
2020.09.10-12.47.50,v1.06-2-gafd7e38,59 , 11 , (2 5 1 25 23) , 60 , ((5 * 2) + 1) , 0
2020.09.10-12.47.50,v1.06-2-gafd7e38,60 , 11 , (2 5 1 25 23) , 67 , ((5 * 2) + 1) , 3
2020.09.10-12.47.50,v1.06-2-gafd7e38,61 , 11 , (2 5 1 25 23) , 90 , ((2 * 5) + 1) , 5
2020.09.10-12.47.50,v1.06-2-gafd7e38,62 , 11 , (2 5 1 25 23) , 168 , ((2 * 5) + 1) , 27
2020.09.10-12.47.50,v1.06-2-gafd7e38,63 , 11 , (2 5 1 25 23) , 254 , ((5 * 2) + 1) , 35
2020.09.10-12.47.50,v1.06-2-gafd7e38,64 , 11 , (2 5 1 25 23) , 89 , ((2 * 5) + 1) , 4
2020.09.10-12.47.50,v1.06-2-gafd7e38,65 , 11 , (2 5 1 25 23) , 38 , ((5 * 2) + 1) , 3
2020.09.10-12.47.50,v1.06-2-gafd7e38,66 , 11 , (2 5 1 25 23) , 119 , ((5 * 2) + 1) , 27
2020.09.10-12.47.50,v1.06-2-gafd7e38,67 , 11 , (2 5 1 25 23) , 51 , ((2 * 5) + 1) , 0
2020.09.10-12.47.50,v1.06-2-gafd7e38,68 , 11 , (2 5 1 25 23) , 113 , ((5 * 2) + 1) , 11
2020.09.10-12.47.50,v1.06-2-gafd7e38,69 , 11 , (2 5 1 25 23) , 49 , ((2 * 5) + 1) , 0
2020.09.10-12.47.50,v1.06-2-gafd7e38,70 , 11 , (2 5 1 25 23) , 619 , ((5 * 2) + 1) , 145
2020.09.10-12.47.50,v1.06-2-gafd7e38,71 , 11 , (2 5 1 25 23) , 64 , ((5 * 2) + 1) , 1
2020.09.10-12.47.50,v1.06-2-gafd7e38,72 , 11 , (2 5 1 25 23) , 74 , ((2 * 5) + 1) , 12
2020.09.10-12.47.50,v1.06-2-gafd7e38,73 , 11 , (2 5 1 25 23) , 333 , ((5 * 2) + 1) , 47
2020.09.10-12.47.50,v1.06-2-gafd7e38,74 , 11 , (2 5 1 25 23) , 234 , ((2 * 5) + 1) , 33
2020.09.10-12.47.50,v1.06-2-gafd7e38,75 , 11 , (2 5 1 25 23) , 74 , ((2 * 5) + 1) , 5
2020.09.10-12.47.50,v1.06-2-gafd7e38,76 , 11 , (2 5 1 25 23) , 39 , ((5 * 2) + 1) , 0
2020.09.10-12.47.50,v1.06-2-gafd7e38,77 , 11 , (2 5 1 25 23) , 216 , ((5 * 2) + 1) , 49
2020.09.10-12.47.50,v1.06-2-gafd7e38,78 , 11 , (2 5 1 25 23) , 56 , ((5 * 2) + 1) , 0
2020.09.10-12.47.50,v1.06-2-gafd7e38,79 , 11 , (2 5 1 25 23) , 54 , ((2 * 5) + 1) , 9
2020.09.10-12.47.50,v1.06-2-gafd7e38,80 , 11 , (2 5 1 25 23) , 46 , ((5 * 2) + 1) , 0
2020.09.10-12.47.50,v1.06-2-gafd7e38,81 , 11 , (2 5 1 25 23) , 47 , ((5 * 2) + 1) , 0
2020.09.10-12.47.50,v1.06-2-gafd7e38,82 , 11 , (2 5 1 25 23) , 35 , ((5 * 2) + 1) , 0
2020.09.10-12.47.50,v1.06-2-gafd7e38,83 , 11 , (2 5 1 25 23) , 125 , ((5 * 2) + 1) , 4
2020.09.10-12.47.50,v1.06-2-gafd7e38,84 , 11 , (2 5 1 25 23) , 45 , ((2 * 5) + 1) , 0
2020.09.10-12.47.50,v1.06-2-gafd7e38,85 , 11 , (2 5 1 25 23) , 188 , ((2 * 5) + 1) , 36
2020.09.10-12.47.50,v1.06-2-gafd7e38,86 , 11 , (2 5 1 25 23) , 50 , ((5 * 2) + 1) , 0
2020.09.10-12.47.50,v1.06-2-gafd7e38,87 , 11 , (2 5 1 25 23) , 306 , ((2 * 5) + 1) , 58
2020.09.10-12.47.50,v1.06-2-gafd7e38,88 , 11 , (2 5 1 25 23) , 49 , ((5 * 2) + 1) , 0
2020.09.10-12.47.50,v1.06-2-gafd7e38,89 , 11 , (2 5 1 25 23) , 58 , ((5 * 2) + 1) , 7
2020.09.10-12.47.50,v1.06-2-gafd7e38,90 , 11 , (2 5 1 25 23) , 57 , ((5 * 2) + 1) , 5
2020.09.10-12.47.50,v1.06-2-gafd7e38,91 , 11 , (2 5 1 25 23) , 55 , ((2 * 5) + 1) , 0
2020.09.10-12.47.50,v1.06-2-gafd7e38,92 , 11 , (2 5 1 25 23) , 34 , ((5 * 2) + 1) , 0
2020.09.10-12.47.50,v1.06-2-gafd7e38,93 , 11 , (2 5 1 25 23) , 229 , ((5 * 2) + 1) , 52
2020.09.10-12.47.50,v1.06-2-gafd7e38,94 , 11 , (2 5 1 25 23) , 174 , ((5 * 2) + 1) , 35
2020.09.10-12.47.50,v1.06-2-gafd7e38,95 , 11 , (2 5 1 25 23) , 173 , ((5 * 2) + 1) , 38
2020.09.10-12.47.50,v1.06-2-gafd7e38,96 , 11 , (2 5 1 25 23) , 53 , ((5 * 2) + 1) , 0
2020.09.10-12.47.50,v1.06-2-gafd7e38,97 , 11 , (2 5 1 25 23) , 50 , ((5 * 2) + 1) , 0
2020.09.10-12.47.50,v1.06-2-gafd7e38,98 , 11 , (2 5 1 25 23) , 110 , ((2 * 5) + 1) , 15
2020.09.10-12.47.50,v1.06-2-gafd7e38,99 , 11 , (2 5 1 25 23) , 41 , ((2 * 5) + 1) , 0
2020.09.10-12.47.50,v1.06-2-gafd7e38,0 , 116 , (20 2 16 14 6) , 1664 , ((6 * 14) + (2 * 16)) , 349
2020.09.10-12.47.50,v1.06-2-gafd7e38,1 , 116 , (20 2 16 14 6) , 92 , ((6 * 14) + (16 * 2)) , 0
2020.09.10-12.47.50,v1.06-2-gafd7e38,2 , 116 , (20 2 16 14 6) , 49 , ((14 * 6) + (2 * 16)) , 2
2020.09.10-12.47.50,v1.06-2-gafd7e38,3 , 116 , (20 2 16 14 6) , 1136 , ((6 * 14) + (16 * 2)) , 241
2020.09.10-12.47.50,v1.06-2-gafd7e38,4 , 116 , (20 2 16 14 6) , 721 , ((6 * 14) + (2 * 16)) , 124
2020.09.10-12.47.50,v1.06-2-gafd7e38,5 , 116 , (20 2 16 14 6) , 319 , ((6 * 14) + (2 * 16)) , 52
2020.09.10-12.47.50,v1.06-2-gafd7e38,6 , 116 , (20 2 16 14 6) , 308 , ((6 * 14) + (16 * 2)) , 64
2020.09.10-12.47.50,v1.06-2-gafd7e38,7 , 116 , (20 2 16 14 6) , 867 , ((6 * 14) + (16 * 2)) , 181
2020.09.10-12.47.50,v1.06-2-gafd7e38,8 , 116 , (20 2 16 14 6) , 288 , ((14 * 6) + (2 * 16)) , 33
2020.09.10-12.47.50,v1.06-2-gafd7e38,9 , 116 , (20 2 16 14 6) , 1057 , ((14 * 6) + (16 * 2)) , 200
2020.09.10-12.47.50,v1.06-2-gafd7e38,10 , 116 , (20 2 16 14 6) , 344 , ((6 * 14) + (2 * 16)) , 43
2020.09.10-12.47.50,v1.06-2-gafd7e38,11 , 116 , (20 2 16 14 6) , 94 , ((6 * 14) + (2 * 16)) , 0
2020.09.10-12.47.50,v1.06-2-gafd7e38,12 , 116 , (20 2 16 14 6) , 1543 , ((6 * 14) + (16 * 2)) , 334
2020.09.10-12.47.50,v1.06-2-gafd7e38,13 , 116 , (20 2 16 14 6) , 620 , ((14 * 6) + (2 * 16)) , 128
2020.09.10-12.47.50,v1.06-2-gafd7e38,14 , 116 , (20 2 16 14 6) , 194 , ((6 * 14) + (2 * 16)) , 20
2020.09.10-12.47.50,v1.06-2-gafd7e38,15 , 116 , (20 2 16 14 6) , 119 , ((6 * 14) + (16 * 2)) , 21
2020.09.10-12.47.50,v1.06-2-gafd7e38,16 , 116 , (20 2 16 14 6) , 456 , ((14 * 6) + (16 * 2)) , 96
2020.09.10-12.47.50,v1.06-2-gafd7e38,17 , 116 , (20 2 16 14 6) , 1699 , ((6 * 14) + (2 * 16)) , 348
2020.09.10-12.47.50,v1.06-2-gafd7e38,18 , 116 , (20 2 16 14 6) , 33 , ((6 * 16) + 20) , 0
2020.09.10-12.47.50,v1.06-2-gafd7e38,19 , 116 , (20 2 16 14 6) , 67 , ((6 * 14) + (16 * 2)) , 0
2020.09.10-12.47.50,v1.06-2-gafd7e38,20 , 116 , (20 2 16 14 6) , 1602 , ((6 * 14) + (2 * 16)) , 303
2020.09.10-12.47.50,v1.06-2-gafd7e38,21 , 116 , (20 2 16 14 6) , 206 , ((6 * 14) + (2 * 16)) , 39
2020.09.10-12.47.50,v1.06-2-gafd7e38,22 , 116 , (20 2 16 14 6) , 1088 , ((6 * 14) + (16 * 2)) , 173
2020.09.10-12.47.50,v1.06-2-gafd7e38,23 , 116 , (20 2 16 14 6) , 2000 , none,  422
2020.09.10-12.47.50,v1.06-2-gafd7e38,24 , 116 , (20 2 16 14 6) , 388 , ((6 * 14) + (16 * 2)) , 90
2020.09.10-12.47.50,v1.06-2-gafd7e38,25 , 116 , (20 2 16 14 6) , 74 , ((6 * 14) + (2 * 16)) , 15
2020.09.10-12.47.50,v1.06-2-gafd7e38,26 , 116 , (20 2 16 14 6) , 1508 , ((14 * 6) + (2 * 16)) , 327
2020.09.10-12.47.50,v1.06-2-gafd7e38,27 , 116 , (20 2 16 14 6) , 80 , ((6 * 14) + (16 * 2)) , 5
2020.09.10-12.47.50,v1.06-2-gafd7e38,28 , 116 , (20 2 16 14 6) , 731 , ((6 * 16) + 20) , 146
2020.09.10-12.47.50,v1.06-2-gafd7e38,29 , 116 , (20 2 16 14 6) , 87 , ((14 * 6) + (16 * 2)) , 4
2020.09.10-12.47.50,v1.06-2-gafd7e38,30 , 116 , (20 2 16 14 6) , 138 , ((14 * 6) + (2 * 16)) , 15
2020.09.10-12.47.50,v1.06-2-gafd7e38,31 , 116 , (20 2 16 14 6) , 236 , ((14 * 6) + (16 * 2)) , 28
2020.09.10-12.47.50,v1.06-2-gafd7e38,32 , 116 , (20 2 16 14 6) , 229 , ((6 * 14) + (16 * 2)) , 42
2020.09.10-12.47.50,v1.06-2-gafd7e38,33 , 116 , (20 2 16 14 6) , 927 , ((6 * 14) + (16 * 2)) , 150
2020.09.10-12.47.50,v1.06-2-gafd7e38,34 , 116 , (20 2 16 14 6) , 602 , ((6 * 14) + (2 * 16)) , 133
2020.09.10-12.47.50,v1.06-2-gafd7e38,35 , 116 , (20 2 16 14 6) , 218 , ((6 * 14) + (2 * 16)) , 46
2020.09.10-12.47.50,v1.06-2-gafd7e38,36 , 116 , (20 2 16 14 6) , 77 , ((6 * 14) + (16 * 2)) , 0
2020.09.10-12.47.50,v1.06-2-gafd7e38,37 , 116 , (20 2 16 14 6) , 95 , ((6 * 14) + (2 * 16)) , 0
2020.09.10-12.47.50,v1.06-2-gafd7e38,38 , 116 , (20 2 16 14 6) , 108 , ((6 * 14) + (2 * 16)) , 10
2020.09.10-12.47.50,v1.06-2-gafd7e38,39 , 116 , (20 2 16 14 6) , 138 , ((6 * 14) + (16 * 2)) , 12
2020.09.10-12.47.50,v1.06-2-gafd7e38,40 , 116 , (20 2 16 14 6) , 188 , ((6 * 16) + 20) , 25
2020.09.10-12.47.50,v1.06-2-gafd7e38,41 , 116 , (20 2 16 14 6) , 299 , ((6 * 14) + (16 * 2)) , 59
2020.09.10-12.47.50,v1.06-2-gafd7e38,42 , 116 , (20 2 16 14 6) , 92 , ((6 * 14) + (16 * 2)) , 12
2020.09.10-12.47.50,v1.06-2-gafd7e38,43 , 116 , (20 2 16 14 6) , 33 , ((6 * 16) + 20) , 0
2020.09.10-12.47.50,v1.06-2-gafd7e38,44 , 116 , (20 2 16 14 6) , 79 , ((6 * 14) + (2 * 16)) , 0
2020.09.10-12.47.50,v1.06-2-gafd7e38,45 , 116 , (20 2 16 14 6) , 149 , ((6 * 14) + (16 * 2)) , 23
2020.09.10-12.47.50,v1.06-2-gafd7e38,46 , 116 , (20 2 16 14 6) , 727 , ((6 * 14) + (2 * 16)) , 162
2020.09.10-12.47.50,v1.06-2-gafd7e38,47 , 116 , (20 2 16 14 6) , 68 , ((6 * 14) + (2 * 16)) , 3
2020.09.10-12.47.50,v1.06-2-gafd7e38,48 , 116 , (20 2 16 14 6) , 337 , ((6 * 14) + (2 * 16)) , 44
2020.09.10-12.47.50,v1.06-2-gafd7e38,49 , 116 , (20 2 16 14 6) , 1592 , ((6 * 16) + 20) , 343
2020.09.10-12.47.50,v1.06-2-gafd7e38,50 , 116 , (20 2 16 14 6) , 227 , ((6 * 14) + (2 * 16)) , 29
2020.09.10-12.47.50,v1.06-2-gafd7e38,51 , 116 , (20 2 16 14 6) , 117 , ((6 * 14) + (16 * 2)) , 8
2020.09.10-12.47.50,v1.06-2-gafd7e38,52 , 116 , (20 2 16 14 6) , 560 , ((6 * 14) + (2 * 16)) , 94
2020.09.10-12.47.50,v1.06-2-gafd7e38,53 , 116 , (20 2 16 14 6) , 312 , ((6 * 16) + 20) , 43
2020.09.10-12.47.50,v1.06-2-gafd7e38,54 , 116 , (20 2 16 14 6) , 1751 , ((14 * 6) + (16 * 2)) , 374
2020.09.10-12.47.50,v1.06-2-gafd7e38,55 , 116 , (20 2 16 14 6) , 1399 , ((6 * 14) + (2 * 16)) , 267
2020.09.10-12.47.50,v1.06-2-gafd7e38,56 , 116 , (20 2 16 14 6) , 110 , ((6 * 14) + (16 * 2)) , 8
2020.09.10-12.47.50,v1.06-2-gafd7e38,57 , 116 , (20 2 16 14 6) , 2000 , none,  413
2020.09.10-12.47.50,v1.06-2-gafd7e38,58 , 116 , (20 2 16 14 6) , 155 , ((6 * 16) + 20) , 16
2020.09.10-12.47.50,v1.06-2-gafd7e38,59 , 116 , (20 2 16 14 6) , 880 , ((6 * 14) + (2 * 16)) , 210
2020.09.10-12.47.50,v1.06-2-gafd7e38,60 , 116 , (20 2 16 14 6) , 471 , ((14 * 6) + (16 * 2)) , 105
2020.09.10-12.47.50,v1.06-2-gafd7e38,61 , 116 , (20 2 16 14 6) , 109 , ((6 * 14) + (2 * 16)) , 22
2020.09.10-12.47.50,v1.06-2-gafd7e38,62 , 116 , (20 2 16 14 6) , 40 , ((16 * 6) + 20) , 0
2020.09.10-12.47.50,v1.06-2-gafd7e38,63 , 116 , (20 2 16 14 6) , 43 , ((16 * 6) + 20) , 0
2020.09.10-12.47.50,v1.06-2-gafd7e38,64 , 116 , (20 2 16 14 6) , 228 , ((6 * 14) + (2 * 16)) , 16
2020.09.10-12.47.50,v1.06-2-gafd7e38,65 , 116 , (20 2 16 14 6) , 868 , ((14 * 6) + (2 * 16)) , 193
2020.09.10-12.47.50,v1.06-2-gafd7e38,66 , 116 , (20 2 16 14 6) , 89 , ((6 * 14) + (16 * 2)) , 4
2020.09.10-12.47.50,v1.06-2-gafd7e38,67 , 116 , (20 2 16 14 6) , 46 , ((6 * 14) + (2 * 16)) , 0
2020.09.10-12.47.50,v1.06-2-gafd7e38,68 , 116 , (20 2 16 14 6) , 886 , ((6 * 16) + 20) , 175
2020.09.10-12.47.50,v1.06-2-gafd7e38,69 , 116 , (20 2 16 14 6) , 59 , ((6 * 14) + (16 * 2)) , 0
2020.09.10-12.47.50,v1.06-2-gafd7e38,70 , 116 , (20 2 16 14 6) , 1037 , ((6 * 14) + (2 * 16)) , 241
2020.09.10-12.47.50,v1.06-2-gafd7e38,71 , 116 , (20 2 16 14 6) , 2000 , none,  434
2020.09.10-12.47.50,v1.06-2-gafd7e38,72 , 116 , (20 2 16 14 6) , 1906 , ((6 * 14) + (16 * 2)) , 336
2020.09.10-12.47.50,v1.06-2-gafd7e38,73 , 116 , (20 2 16 14 6) , 1079 , ((6 * 14) + (16 * 2)) , 197
2020.09.10-12.47.50,v1.06-2-gafd7e38,74 , 116 , (20 2 16 14 6) , 61 , ((14 * 6) + (2 * 16)) , 0
2020.09.10-12.47.50,v1.06-2-gafd7e38,75 , 116 , (20 2 16 14 6) , 1159 , ((6 * 14) + (2 * 16)) , 240
2020.09.10-12.47.50,v1.06-2-gafd7e38,76 , 116 , (20 2 16 14 6) , 707 , ((6 * 14) + (16 * 2)) , 107
2020.09.10-12.47.50,v1.06-2-gafd7e38,77 , 116 , (20 2 16 14 6) , 560 , ((14 * 6) + (16 * 2)) , 121
2020.09.10-12.47.50,v1.06-2-gafd7e38,78 , 116 , (20 2 16 14 6) , 769 , ((6 * 14) + (16 * 2)) , 148
2020.09.10-12.47.50,v1.06-2-gafd7e38,79 , 116 , (20 2 16 14 6) , 338 , ((6 * 14) + (2 * 16)) , 67
2020.09.10-12.47.50,v1.06-2-gafd7e38,80 , 116 , (20 2 16 14 6) , 227 , ((6 * 14) + (2 * 16)) , 22
2020.09.10-12.47.50,v1.06-2-gafd7e38,81 , 116 , (20 2 16 14 6) , 244 , ((16 * 6) + 20) , 49
2020.09.10-12.47.50,v1.06-2-gafd7e38,82 , 116 , (20 2 16 14 6) , 68 , ((6 * 14) + (2 * 16)) , 1
2020.09.10-12.47.50,v1.06-2-gafd7e38,83 , 116 , (20 2 16 14 6) , 938 , ((6 * 14) + (16 * 2)) , 161
2020.09.10-12.47.50,v1.06-2-gafd7e38,84 , 116 , (20 2 16 14 6) , 409 , ((14 * 6) + (16 * 2)) , 73
2020.09.10-12.47.50,v1.06-2-gafd7e38,85 , 116 , (20 2 16 14 6) , 73 , ((6 * 14) + (2 * 16)) , 5
2020.09.10-12.47.50,v1.06-2-gafd7e38,86 , 116 , (20 2 16 14 6) , 722 , ((6 * 16) + 20) , 166
2020.09.10-12.47.50,v1.06-2-gafd7e38,87 , 116 , (20 2 16 14 6) , 128 , ((6 * 14) + (2 * 16)) , 3
2020.09.10-12.47.50,v1.06-2-gafd7e38,88 , 116 , (20 2 16 14 6) , 138 , ((14 * 6) + (2 * 16)) , 18
2020.09.10-12.47.50,v1.06-2-gafd7e38,89 , 116 , (20 2 16 14 6) , 78 , ((14 * 6) + (2 * 16)) , 1
2020.09.10-12.47.50,v1.06-2-gafd7e38,90 , 116 , (20 2 16 14 6) , 1157 , ((6 * 14) + (2 * 16)) , 288
2020.09.10-12.47.50,v1.06-2-gafd7e38,91 , 116 , (20 2 16 14 6) , 55 , ((6 * 16) + 20) , 0
2020.09.10-12.47.50,v1.06-2-gafd7e38,92 , 116 , (20 2 16 14 6) , 333 , ((6 * 14) + (2 * 16)) , 64
2020.09.10-12.47.50,v1.06-2-gafd7e38,93 , 116 , (20 2 16 14 6) , 106 , ((6 * 14) + (16 * 2)) , 14
2020.09.10-12.47.50,v1.06-2-gafd7e38,94 , 116 , (20 2 16 14 6) , 917 , ((14 * 6) + (2 * 16)) , 187
2020.09.10-12.47.50,v1.06-2-gafd7e38,95 , 116 , (20 2 16 14 6) , 80 , ((6 * 14) + (2 * 16)) , 0
2020.09.10-12.47.50,v1.06-2-gafd7e38,96 , 116 , (20 2 16 14 6) , 63 , ((6 * 14) + (16 * 2)) , 0
2020.09.10-12.47.50,v1.06-2-gafd7e38,97 , 116 , (20 2 16 14 6) , 1059 , ((6 * 16) + 20) , 218
2020.09.10-12.47.50,v1.06-2-gafd7e38,98 , 116 , (20 2 16 14 6) , 2000 , none,  385
2020.09.10-12.47.50,v1.06-2-gafd7e38,99 , 116 , (20 2 16 14 6) , 877 , ((6 * 16) + 20) , 185
2020.09.10-12.47.50,v1.06-2-gafd7e38,0 , 127 , (7 6 4 22 25) , 2000 , none,  314
2020.09.10-12.47.50,v1.06-2-gafd7e38,1 , 127 , (7 6 4 22 25) , 2000 , none,  341
2020.09.10-12.47.50,v1.06-2-gafd7e38,2 , 127 , (7 6 4 22 25) , 2000 , none,  283
2020.09.10-12.47.50,v1.06-2-gafd7e38,3 , 127 , (7 6 4 22 25) , 2000 , none,  272
2020.09.10-12.47.50,v1.06-2-gafd7e38,4 , 127 , (7 6 4 22 25) , 2000 , none,  332
2020.09.10-12.47.50,v1.06-2-gafd7e38,5 , 127 , (7 6 4 22 25) , 2000 , none,  312
2020.09.10-12.47.50,v1.06-2-gafd7e38,6 , 127 , (7 6 4 22 25) , 2000 , none,  257
2020.09.10-12.47.50,v1.06-2-gafd7e38,7 , 127 , (7 6 4 22 25) , 2000 , none,  339
2020.09.10-12.47.50,v1.06-2-gafd7e38,8 , 127 , (7 6 4 22 25) , 2000 , none,  261
2020.09.10-12.47.50,v1.06-2-gafd7e38,9 , 127 , (7 6 4 22 25) , 2000 , none,  301
2020.09.10-12.47.50,v1.06-2-gafd7e38,10 , 127 , (7 6 4 22 25) , 2000 , none,  277
2020.09.10-12.47.50,v1.06-2-gafd7e38,11 , 127 , (7 6 4 22 25) , 2000 , none,  278
2020.09.10-12.47.50,v1.06-2-gafd7e38,12 , 127 , (7 6 4 22 25) , 2000 , none,  309
2020.09.10-12.47.50,v1.06-2-gafd7e38,13 , 127 , (7 6 4 22 25) , 2000 , none,  331
2020.09.10-12.47.50,v1.06-2-gafd7e38,14 , 127 , (7 6 4 22 25) , 2000 , none,  334
2020.09.10-12.47.50,v1.06-2-gafd7e38,15 , 127 , (7 6 4 22 25) , 2000 , none,  317
2020.09.10-12.47.50,v1.06-2-gafd7e38,16 , 127 , (7 6 4 22 25) , 2000 , none,  296
2020.09.10-12.47.50,v1.06-2-gafd7e38,17 , 127 , (7 6 4 22 25) , 2000 , none,  413
2020.09.10-12.47.50,v1.06-2-gafd7e38,18 , 127 , (7 6 4 22 25) , 2000 , none,  298
2020.09.10-12.47.50,v1.06-2-gafd7e38,19 , 127 , (7 6 4 22 25) , 2000 , none,  348
2020.09.10-12.47.50,v1.06-2-gafd7e38,20 , 127 , (7 6 4 22 25) , 2000 , none,  355
2020.09.10-12.47.50,v1.06-2-gafd7e38,21 , 127 , (7 6 4 22 25) , 2000 , none,  275
2020.09.10-12.47.50,v1.06-2-gafd7e38,22 , 127 , (7 6 4 22 25) , 2000 , none,  294
2020.09.10-12.47.50,v1.06-2-gafd7e38,23 , 127 , (7 6 4 22 25) , 2000 , none,  354
2020.09.10-12.47.50,v1.06-2-gafd7e38,24 , 127 , (7 6 4 22 25) , 2000 , none,  260
2020.09.10-12.47.50,v1.06-2-gafd7e38,25 , 127 , (7 6 4 22 25) , 2000 , none,  247
2020.09.10-12.47.50,v1.06-2-gafd7e38,26 , 127 , (7 6 4 22 25) , 2000 , none,  329
2020.09.10-12.47.50,v1.06-2-gafd7e38,27 , 127 , (7 6 4 22 25) , 2000 , none,  339
2020.09.10-12.47.50,v1.06-2-gafd7e38,28 , 127 , (7 6 4 22 25) , 2000 , none,  317
2020.09.10-12.47.50,v1.06-2-gafd7e38,29 , 127 , (7 6 4 22 25) , 2000 , none,  292
2020.09.10-12.47.50,v1.06-2-gafd7e38,30 , 127 , (7 6 4 22 25) , 2000 , none,  366
2020.09.10-12.47.50,v1.06-2-gafd7e38,31 , 127 , (7 6 4 22 25) , 2000 , none,  318
2020.09.10-12.47.50,v1.06-2-gafd7e38,32 , 127 , (7 6 4 22 25) , 2000 , none,  359
2020.09.10-12.47.50,v1.06-2-gafd7e38,33 , 127 , (7 6 4 22 25) , 2000 , none,  328
2020.09.10-12.47.50,v1.06-2-gafd7e38,34 , 127 , (7 6 4 22 25) , 2000 , none,  373
2020.09.10-12.47.50,v1.06-2-gafd7e38,35 , 127 , (7 6 4 22 25) , 2000 , none,  305
2020.09.10-12.47.50,v1.06-2-gafd7e38,36 , 127 , (7 6 4 22 25) , 2000 , none,  303
2020.09.10-12.47.50,v1.06-2-gafd7e38,37 , 127 , (7 6 4 22 25) , 2000 , none,  273
2020.09.10-12.47.50,v1.06-2-gafd7e38,38 , 127 , (7 6 4 22 25) , 2000 , none,  315
2020.09.10-12.47.50,v1.06-2-gafd7e38,39 , 127 , (7 6 4 22 25) , 2000 , none,  300
2020.09.10-12.47.50,v1.06-2-gafd7e38,40 , 127 , (7 6 4 22 25) , 2000 , none,  345
2020.09.10-12.47.50,v1.06-2-gafd7e38,41 , 127 , (7 6 4 22 25) , 2000 , none,  340
2020.09.10-12.47.50,v1.06-2-gafd7e38,42 , 127 , (7 6 4 22 25) , 2000 , none,  338
2020.09.10-12.47.50,v1.06-2-gafd7e38,43 , 127 , (7 6 4 22 25) , 2000 , none,  289
2020.09.10-12.47.50,v1.06-2-gafd7e38,44 , 127 , (7 6 4 22 25) , 2000 , none,  348
2020.09.10-12.47.50,v1.06-2-gafd7e38,45 , 127 , (7 6 4 22 25) , 2000 , none,  327
2020.09.10-12.47.50,v1.06-2-gafd7e38,46 , 127 , (7 6 4 22 25) , 2000 , none,  347
2020.09.10-12.47.50,v1.06-2-gafd7e38,47 , 127 , (7 6 4 22 25) , 2000 , none,  288
2020.09.10-12.47.50,v1.06-2-gafd7e38,48 , 127 , (7 6 4 22 25) , 2000 , none,  283
2020.09.10-12.47.50,v1.06-2-gafd7e38,49 , 127 , (7 6 4 22 25) , 2000 , none,  316
2020.09.10-12.47.50,v1.06-2-gafd7e38,50 , 127 , (7 6 4 22 25) , 2000 , none,  300
2020.09.10-12.47.50,v1.06-2-gafd7e38,51 , 127 , (7 6 4 22 25) , 2000 , none,  367
2020.09.10-12.47.50,v1.06-2-gafd7e38,52 , 127 , (7 6 4 22 25) , 2000 , none,  283
2020.09.10-12.47.50,v1.06-2-gafd7e38,53 , 127 , (7 6 4 22 25) , 2000 , none,  267
2020.09.10-12.47.50,v1.06-2-gafd7e38,54 , 127 , (7 6 4 22 25) , 2000 , none,  301
2020.09.10-12.47.50,v1.06-2-gafd7e38,55 , 127 , (7 6 4 22 25) , 2000 , none,  373
2020.09.10-12.47.50,v1.06-2-gafd7e38,56 , 127 , (7 6 4 22 25) , 2000 , none,  352
2020.09.10-12.47.50,v1.06-2-gafd7e38,57 , 127 , (7 6 4 22 25) , 2000 , none,  325
2020.09.10-12.47.50,v1.06-2-gafd7e38,58 , 127 , (7 6 4 22 25) , 2000 , none,  321
2020.09.10-12.47.50,v1.06-2-gafd7e38,59 , 127 , (7 6 4 22 25) , 2000 , none,  321
2020.09.10-12.47.50,v1.06-2-gafd7e38,60 , 127 , (7 6 4 22 25) , 2000 , none,  319
2020.09.10-12.47.50,v1.06-2-gafd7e38,61 , 127 , (7 6 4 22 25) , 2000 , none,  304
2020.09.10-12.47.50,v1.06-2-gafd7e38,62 , 127 , (7 6 4 22 25) , 2000 , none,  300
2020.09.10-12.47.50,v1.06-2-gafd7e38,63 , 127 , (7 6 4 22 25) , 2000 , none,  258
2020.09.10-12.47.50,v1.06-2-gafd7e38,64 , 127 , (7 6 4 22 25) , 2000 , none,  296
2020.09.10-12.47.50,v1.06-2-gafd7e38,65 , 127 , (7 6 4 22 25) , 2000 , none,  361
2020.09.10-12.47.50,v1.06-2-gafd7e38,66 , 127 , (7 6 4 22 25) , 2000 , none,  335
2020.09.10-12.47.50,v1.06-2-gafd7e38,67 , 127 , (7 6 4 22 25) , 2000 , none,  364
2020.09.10-12.47.50,v1.06-2-gafd7e38,68 , 127 , (7 6 4 22 25) , 2000 , none,  333
2020.09.10-12.47.50,v1.06-2-gafd7e38,69 , 127 , (7 6 4 22 25) , 2000 , none,  363
2020.09.10-12.47.50,v1.06-2-gafd7e38,70 , 127 , (7 6 4 22 25) , 2000 , none,  319
2020.09.10-12.47.50,v1.06-2-gafd7e38,71 , 127 , (7 6 4 22 25) , 2000 , none,  363
2020.09.10-12.47.50,v1.06-2-gafd7e38,72 , 127 , (7 6 4 22 25) , 2000 , none,  307
2020.09.10-12.47.50,v1.06-2-gafd7e38,73 , 127 , (7 6 4 22 25) , 2000 , none,  327
2020.09.10-12.47.50,v1.06-2-gafd7e38,74 , 127 , (7 6 4 22 25) , 2000 , none,  271
2020.09.10-12.47.50,v1.06-2-gafd7e38,75 , 127 , (7 6 4 22 25) , 2000 , none,  270
2020.09.10-12.47.50,v1.06-2-gafd7e38,76 , 127 , (7 6 4 22 25) , 2000 , none,  361
2020.09.10-12.47.50,v1.06-2-gafd7e38,77 , 127 , (7 6 4 22 25) , 2000 , none,  269
2020.09.10-12.47.50,v1.06-2-gafd7e38,78 , 127 , (7 6 4 22 25) , 2000 , none,  346
2020.09.10-12.47.50,v1.06-2-gafd7e38,79 , 127 , (7 6 4 22 25) , 2000 , none,  380
2020.09.10-12.47.50,v1.06-2-gafd7e38,80 , 127 , (7 6 4 22 25) , 2000 , none,  300
2020.09.10-12.47.50,v1.06-2-gafd7e38,81 , 127 , (7 6 4 22 25) , 2000 , none,  321
2020.09.10-12.47.50,v1.06-2-gafd7e38,82 , 127 , (7 6 4 22 25) , 2000 , none,  318
2020.09.10-12.47.50,v1.06-2-gafd7e38,83 , 127 , (7 6 4 22 25) , 2000 , none,  242
2020.09.10-12.47.50,v1.06-2-gafd7e38,84 , 127 , (7 6 4 22 25) , 2000 , none,  294
2020.09.10-12.47.50,v1.06-2-gafd7e38,85 , 127 , (7 6 4 22 25) , 2000 , none,  302
2020.09.10-12.47.50,v1.06-2-gafd7e38,86 , 127 , (7 6 4 22 25) , 2000 , none,  310
2020.09.10-12.47.50,v1.06-2-gafd7e38,87 , 127 , (7 6 4 22 25) , 2000 , none,  303
2020.09.10-12.47.50,v1.06-2-gafd7e38,88 , 127 , (7 6 4 22 25) , 2000 , none,  327
2020.09.10-12.47.50,v1.06-2-gafd7e38,89 , 127 , (7 6 4 22 25) , 2000 , none,  376
2020.09.10-12.47.50,v1.06-2-gafd7e38,90 , 127 , (7 6 4 22 25) , 2000 , none,  276
2020.09.10-12.47.50,v1.06-2-gafd7e38,91 , 127 , (7 6 4 22 25) , 2000 , none,  316
2020.09.10-12.47.50,v1.06-2-gafd7e38,92 , 127 , (7 6 4 22 25) , 2000 , none,  333
2020.09.10-12.47.50,v1.06-2-gafd7e38,93 , 127 , (7 6 4 22 25) , 2000 , none,  278
2020.09.10-12.47.50,v1.06-2-gafd7e38,94 , 127 , (7 6 4 22 25) , 2000 , none,  328
2020.09.10-12.47.50,v1.06-2-gafd7e38,95 , 127 , (7 6 4 22 25) , 2000 , none,  362
2020.09.10-12.47.50,v1.06-2-gafd7e38,96 , 127 , (7 6 4 22 25) , 2000 , none,  324
2020.09.10-12.47.50,v1.06-2-gafd7e38,97 , 127 , (7 6 4 22 25) , 2000 , none,  300
2020.09.10-12.47.50,v1.06-2-gafd7e38,98 , 127 , (7 6 4 22 25) , 2000 , none,  322
2020.09.10-12.47.50,v1.06-2-gafd7e38,99 , 127 , (7 6 4 22 25) , 2000 , none,  348
2020.09.10-12.47.50,v1.06-2-gafd7e38,0 , 41 , (5 16 22 25 1) , 2000 , none,  335
2020.09.10-12.47.50,v1.06-2-gafd7e38,1 , 41 , (5 16 22 25 1) , 2000 , none,  254
2020.09.10-12.47.50,v1.06-2-gafd7e38,2 , 41 , (5 16 22 25 1) , 2000 , none,  277
2020.09.10-12.47.50,v1.06-2-gafd7e38,3 , 41 , (5 16 22 25 1) , 2000 , none,  224
2020.09.10-12.47.50,v1.06-2-gafd7e38,4 , 41 , (5 16 22 25 1) , 2000 , none,  257
2020.09.10-12.47.50,v1.06-2-gafd7e38,5 , 41 , (5 16 22 25 1) , 2000 , none,  345
2020.09.10-12.47.50,v1.06-2-gafd7e38,6 , 41 , (5 16 22 25 1) , 2000 , none,  266
2020.09.10-12.47.50,v1.06-2-gafd7e38,7 , 41 , (5 16 22 25 1) , 2000 , none,  259
2020.09.10-12.47.50,v1.06-2-gafd7e38,8 , 41 , (5 16 22 25 1) , 2000 , none,  249
2020.09.10-12.47.50,v1.06-2-gafd7e38,9 , 41 , (5 16 22 25 1) , 2000 , none,  243
2020.09.10-12.47.50,v1.06-2-gafd7e38,10 , 41 , (5 16 22 25 1) , 2000 , none,  198
2020.09.10-12.47.50,v1.06-2-gafd7e38,11 , 41 , (5 16 22 25 1) , 2000 , none,  255
2020.09.10-12.47.50,v1.06-2-gafd7e38,12 , 41 , (5 16 22 25 1) , 2000 , none,  290
2020.09.10-12.47.50,v1.06-2-gafd7e38,13 , 41 , (5 16 22 25 1) , 2000 , none,  259
2020.09.10-12.47.50,v1.06-2-gafd7e38,14 , 41 , (5 16 22 25 1) , 2000 , none,  307
2020.09.10-12.47.50,v1.06-2-gafd7e38,15 , 41 , (5 16 22 25 1) , 2000 , none,  244
2020.09.10-12.47.50,v1.06-2-gafd7e38,16 , 41 , (5 16 22 25 1) , 2000 , none,  307
2020.09.10-12.47.50,v1.06-2-gafd7e38,17 , 41 , (5 16 22 25 1) , 2000 , none,  203
2020.09.10-12.47.50,v1.06-2-gafd7e38,18 , 41 , (5 16 22 25 1) , 2000 , none,  359
2020.09.10-12.47.50,v1.06-2-gafd7e38,19 , 41 , (5 16 22 25 1) , 2000 , none,  289
2020.09.10-12.47.50,v1.06-2-gafd7e38,20 , 41 , (5 16 22 25 1) , 2000 , none,  334
2020.09.10-12.47.50,v1.06-2-gafd7e38,21 , 41 , (5 16 22 25 1) , 2000 , none,  325
2020.09.10-12.47.50,v1.06-2-gafd7e38,22 , 41 , (5 16 22 25 1) , 2000 , none,  280
2020.09.10-12.47.50,v1.06-2-gafd7e38,23 , 41 , (5 16 22 25 1) , 2000 , none,  291
2020.09.10-12.47.50,v1.06-2-gafd7e38,24 , 41 , (5 16 22 25 1) , 574 , ((22 + 25) - (1 + 5)) , 51
2020.09.10-12.47.50,v1.06-2-gafd7e38,25 , 41 , (5 16 22 25 1) , 2000 , none,  300
2020.09.10-12.47.50,v1.06-2-gafd7e38,26 , 41 , (5 16 22 25 1) , 2000 , none,  245
2020.09.10-12.47.50,v1.06-2-gafd7e38,27 , 41 , (5 16 22 25 1) , 2000 , none,  228
2020.09.10-12.47.50,v1.06-2-gafd7e38,28 , 41 , (5 16 22 25 1) , 2000 , none,  207
2020.09.10-12.47.50,v1.06-2-gafd7e38,29 , 41 , (5 16 22 25 1) , 2000 , none,  233
2020.09.10-12.47.50,v1.06-2-gafd7e38,30 , 41 , (5 16 22 25 1) , 2000 , none,  281
2020.09.10-12.47.50,v1.06-2-gafd7e38,31 , 41 , (5 16 22 25 1) , 2000 , none,  284
2020.09.10-12.47.50,v1.06-2-gafd7e38,32 , 41 , (5 16 22 25 1) , 2000 , none,  225
2020.09.10-12.47.50,v1.06-2-gafd7e38,33 , 41 , (5 16 22 25 1) , 334 , ((22 + 25) - (5 + 1)) , 42
2020.09.10-12.47.50,v1.06-2-gafd7e38,34 , 41 , (5 16 22 25 1) , 2000 , none,  330
2020.09.10-12.47.50,v1.06-2-gafd7e38,35 , 41 , (5 16 22 25 1) , 2000 , none,  275
2020.09.10-12.47.50,v1.06-2-gafd7e38,36 , 41 , (5 16 22 25 1) , 2000 , none,  315
2020.09.10-12.47.50,v1.06-2-gafd7e38,37 , 41 , (5 16 22 25 1) , 2000 , none,  275
2020.09.10-12.47.50,v1.06-2-gafd7e38,38 , 41 , (5 16 22 25 1) , 2000 , none,  304
2020.09.10-12.47.50,v1.06-2-gafd7e38,39 , 41 , (5 16 22 25 1) , 2000 , none,  277
2020.09.10-12.47.50,v1.06-2-gafd7e38,40 , 41 , (5 16 22 25 1) , 2000 , none,  263
2020.09.10-12.47.50,v1.06-2-gafd7e38,41 , 41 , (5 16 22 25 1) , 2000 , none,  251
2020.09.10-12.47.50,v1.06-2-gafd7e38,42 , 41 , (5 16 22 25 1) , 2000 , none,  306
2020.09.10-12.47.50,v1.06-2-gafd7e38,43 , 41 , (5 16 22 25 1) , 2000 , none,  212
2020.09.10-12.47.50,v1.06-2-gafd7e38,44 , 41 , (5 16 22 25 1) , 200 , ((22 + 25) - (5 + 1)) , 22
2020.09.10-12.47.50,v1.06-2-gafd7e38,45 , 41 , (5 16 22 25 1) , 2000 , none,  218
2020.09.10-12.47.50,v1.06-2-gafd7e38,46 , 41 , (5 16 22 25 1) , 2000 , none,  299
2020.09.10-12.47.50,v1.06-2-gafd7e38,47 , 41 , (5 16 22 25 1) , 2000 , none,  383
2020.09.10-12.47.50,v1.06-2-gafd7e38,48 , 41 , (5 16 22 25 1) , 2000 , none,  258
2020.09.10-12.47.50,v1.06-2-gafd7e38,49 , 41 , (5 16 22 25 1) , 2000 , none,  279
2020.09.10-12.47.50,v1.06-2-gafd7e38,50 , 41 , (5 16 22 25 1) , 2000 , none,  312
2020.09.10-12.47.50,v1.06-2-gafd7e38,51 , 41 , (5 16 22 25 1) , 2000 , none,  282
2020.09.10-12.47.50,v1.06-2-gafd7e38,52 , 41 , (5 16 22 25 1) , 2000 , none,  311
2020.09.10-12.47.50,v1.06-2-gafd7e38,53 , 41 , (5 16 22 25 1) , 2000 , none,  301
2020.09.10-12.47.50,v1.06-2-gafd7e38,54 , 41 , (5 16 22 25 1) , 1429 , ((22 + 25) - (5 + 1)) , 171
2020.09.10-12.47.50,v1.06-2-gafd7e38,55 , 41 , (5 16 22 25 1) , 2000 , none,  246
2020.09.10-12.47.50,v1.06-2-gafd7e38,56 , 41 , (5 16 22 25 1) , 2000 , none,  222
2020.09.10-12.47.50,v1.06-2-gafd7e38,57 , 41 , (5 16 22 25 1) , 2000 , none,  253
2020.09.10-12.47.50,v1.06-2-gafd7e38,58 , 41 , (5 16 22 25 1) , 2000 , none,  215
2020.09.10-12.47.50,v1.06-2-gafd7e38,59 , 41 , (5 16 22 25 1) , 2000 , none,  268
2020.09.10-12.47.50,v1.06-2-gafd7e38,60 , 41 , (5 16 22 25 1) , 2000 , none,  282
2020.09.10-12.47.50,v1.06-2-gafd7e38,61 , 41 , (5 16 22 25 1) , 2000 , none,  191
2020.09.10-12.47.50,v1.06-2-gafd7e38,62 , 41 , (5 16 22 25 1) , 2000 , none,  225
2020.09.10-12.47.50,v1.06-2-gafd7e38,63 , 41 , (5 16 22 25 1) , 2000 , none,  195
2020.09.10-12.47.50,v1.06-2-gafd7e38,64 , 41 , (5 16 22 25 1) , 2000 , none,  343
2020.09.10-12.47.50,v1.06-2-gafd7e38,65 , 41 , (5 16 22 25 1) , 1869 , ((22 + 25) - (5 + 1)) , 246
2020.09.10-12.47.50,v1.06-2-gafd7e38,66 , 41 , (5 16 22 25 1) , 2000 , none,  314
2020.09.10-12.47.50,v1.06-2-gafd7e38,67 , 41 , (5 16 22 25 1) , 2000 , none,  259
2020.09.10-12.47.50,v1.06-2-gafd7e38,68 , 41 , (5 16 22 25 1) , 2000 , none,  269
2020.09.10-12.47.50,v1.06-2-gafd7e38,69 , 41 , (5 16 22 25 1) , 2000 , none,  291
2020.09.10-12.47.50,v1.06-2-gafd7e38,70 , 41 , (5 16 22 25 1) , 2000 , none,  246
2020.09.10-12.47.50,v1.06-2-gafd7e38,71 , 41 , (5 16 22 25 1) , 2000 , none,  263
2020.09.10-12.47.50,v1.06-2-gafd7e38,72 , 41 , (5 16 22 25 1) , 2000 , none,  243
2020.09.10-12.47.50,v1.06-2-gafd7e38,73 , 41 , (5 16 22 25 1) , 2000 , none,  237
2020.09.10-12.47.50,v1.06-2-gafd7e38,74 , 41 , (5 16 22 25 1) , 2000 , none,  299
2020.09.10-12.47.50,v1.06-2-gafd7e38,75 , 41 , (5 16 22 25 1) , 2000 , none,  236
2020.09.10-12.47.50,v1.06-2-gafd7e38,76 , 41 , (5 16 22 25 1) , 2000 , none,  279
2020.09.10-12.47.50,v1.06-2-gafd7e38,77 , 41 , (5 16 22 25 1) , 2000 , none,  268
2020.09.10-12.47.50,v1.06-2-gafd7e38,78 , 41 , (5 16 22 25 1) , 2000 , none,  295
2020.09.10-12.47.50,v1.06-2-gafd7e38,79 , 41 , (5 16 22 25 1) , 2000 , none,  281
2020.09.10-12.47.50,v1.06-2-gafd7e38,80 , 41 , (5 16 22 25 1) , 2000 , none,  384
2020.09.10-12.47.50,v1.06-2-gafd7e38,81 , 41 , (5 16 22 25 1) , 2000 , none,  229
2020.09.10-12.47.50,v1.06-2-gafd7e38,82 , 41 , (5 16 22 25 1) , 2000 , none,  310
2020.09.10-12.47.50,v1.06-2-gafd7e38,83 , 41 , (5 16 22 25 1) , 2000 , none,  287
2020.09.10-12.47.50,v1.06-2-gafd7e38,84 , 41 , (5 16 22 25 1) , 2000 , none,  219
2020.09.10-12.47.50,v1.06-2-gafd7e38,85 , 41 , (5 16 22 25 1) , 2000 , none,  337
2020.09.10-12.47.50,v1.06-2-gafd7e38,86 , 41 , (5 16 22 25 1) , 2000 , none,  350
2020.09.10-12.47.50,v1.06-2-gafd7e38,87 , 41 , (5 16 22 25 1) , 2000 , none,  235
2020.09.10-12.47.50,v1.06-2-gafd7e38,88 , 41 , (5 16 22 25 1) , 2000 , none,  260
2020.09.10-12.47.50,v1.06-2-gafd7e38,89 , 41 , (5 16 22 25 1) , 158 , ((22 + 25) - (1 + 5)) , 9
2020.09.10-12.47.50,v1.06-2-gafd7e38,90 , 41 , (5 16 22 25 1) , 2000 , none,  277
2020.09.10-12.47.50,v1.06-2-gafd7e38,91 , 41 , (5 16 22 25 1) , 2000 , none,  187
2020.09.10-12.47.50,v1.06-2-gafd7e38,92 , 41 , (5 16 22 25 1) , 2000 , none,  242
2020.09.10-12.47.50,v1.06-2-gafd7e38,93 , 41 , (5 16 22 25 1) , 2000 , none,  261
2020.09.10-12.47.50,v1.06-2-gafd7e38,94 , 41 , (5 16 22 25 1) , 2000 , none,  310
2020.09.10-12.47.50,v1.06-2-gafd7e38,95 , 41 , (5 16 22 25 1) , 2000 , none,  257
2020.09.10-12.47.50,v1.06-2-gafd7e38,96 , 41 , (5 16 22 25 1) , 2000 , none,  300
2020.09.10-12.47.50,v1.06-2-gafd7e38,97 , 41 , (5 16 22 25 1) , 2000 , none,  325
2020.09.10-12.47.50,v1.06-2-gafd7e38,98 , 41 , (5 16 22 25 1) , 2000 , none,  295
2020.09.10-12.47.50,v1.06-2-gafd7e38,99 , 41 , (5 16 22 25 1) , 2000 , none,  342
