2020.09.10-10.52.25,v1.06-1-g6e06c66,0 , 114 , (11 20 7 1 6) , 898 , ((6 * 20) - (7 - 1)) , 101
2020.09.10-10.52.25,v1.06-1-g6e06c66,1 , 114 , (11 20 7 1 6) , 389 , ((6 * 20) - (7 - 1)) , 68
2020.09.10-10.52.25,v1.06-1-g6e06c66,2 , 114 , (11 20 7 1 6) , 630 , ((6 * 20) - (7 - 1)) , 139
2020.09.10-10.52.25,v1.06-1-g6e06c66,3 , 114 , (11 20 7 1 6) , 2000 , none,  273
2020.09.10-10.52.25,v1.06-1-g6e06c66,4 , 114 , (11 20 7 1 6) , 250 , ((6 * 20) - (7 - 1)) , 42
2020.09.10-10.52.25,v1.06-1-g6e06c66,5 , 114 , (11 20 7 1 6) , 109 , ((20 * 6) - (7 - 1)) , 8
2020.09.10-10.52.25,v1.06-1-g6e06c66,6 , 114 , (11 20 7 1 6) , 330 , ((6 * 20) - (7 - 1)) , 34
2020.09.10-10.52.25,v1.06-1-g6e06c66,7 , 114 , (11 20 7 1 6) , 1458 , ((6 * 20) - (7 - 1)) , 236
2020.09.10-10.52.25,v1.06-1-g6e06c66,8 , 114 , (11 20 7 1 6) , 607 , ((20 * 6) - (7 - 1)) , 102
2020.09.10-10.52.25,v1.06-1-g6e06c66,9 , 114 , (11 20 7 1 6) , 2000 , none,  360
2020.09.10-10.52.25,v1.06-1-g6e06c66,10 , 114 , (11 20 7 1 6) , 178 , ((20 * 6) - (7 - 1)) , 23
2020.09.10-10.52.25,v1.06-1-g6e06c66,11 , 114 , (11 20 7 1 6) , 2000 , none,  347
2020.09.10-10.52.25,v1.06-1-g6e06c66,12 , 114 , (11 20 7 1 6) , 640 , ((6 * 20) - (7 - 1)) , 74
2020.09.10-10.52.25,v1.06-1-g6e06c66,13 , 114 , (11 20 7 1 6) , 508 , ((20 * 6) - (7 - 1)) , 31
2020.09.10-10.52.25,v1.06-1-g6e06c66,14 , 114 , (11 20 7 1 6) , 878 , ((6 * 20) - (7 - 1)) , 118
2020.09.10-10.52.25,v1.06-1-g6e06c66,15 , 114 , (11 20 7 1 6) , 348 , ((20 * 6) - (7 - 1)) , 51
2020.09.10-10.52.25,v1.06-1-g6e06c66,16 , 114 , (11 20 7 1 6) , 1882 , ((20 * 6) - 6) , 364
2020.09.10-10.52.25,v1.06-1-g6e06c66,17 , 114 , (11 20 7 1 6) , 1110 , ((6 * 20) - 6) , 166
2020.09.10-10.52.25,v1.06-1-g6e06c66,18 , 114 , (11 20 7 1 6) , 1200 , ((20 * 6) - 6) , 172
2020.09.10-10.52.25,v1.06-1-g6e06c66,19 , 114 , (11 20 7 1 6) , 899 , ((20 * 6) - (7 - 1)) , 149
2020.09.10-10.52.25,v1.06-1-g6e06c66,20 , 114 , (11 20 7 1 6) , 97 , ((20 * 6) - (7 - 1)) , 15
2020.09.10-10.52.25,v1.06-1-g6e06c66,21 , 114 , (11 20 7 1 6) , 1119 , ((6 * 20) - (7 - 1)) , 200
2020.09.10-10.52.25,v1.06-1-g6e06c66,22 , 114 , (11 20 7 1 6) , 670 , ((6 * 20) - (7 - 1)) , 53
2020.09.10-10.52.25,v1.06-1-g6e06c66,23 , 114 , (11 20 7 1 6) , 1015 , ((6 * 20) - (7 - 1)) , 202
2020.09.10-10.52.25,v1.06-1-g6e06c66,24 , 114 , (11 20 7 1 6) , 1608 , ((20 * 6) - (7 - 1)) , 196
2020.09.10-10.52.25,v1.06-1-g6e06c66,25 , 114 , (11 20 7 1 6) , 180 , ((20 * 6) - (7 - 1)) , 24
2020.09.10-10.52.25,v1.06-1-g6e06c66,26 , 114 , (11 20 7 1 6) , 1598 , ((20 * 6) - (7 - 1)) , 210
2020.09.10-10.52.25,v1.06-1-g6e06c66,27 , 114 , (11 20 7 1 6) , 1682 , ((20 * 6) - (7 - 1)) , 188
2020.09.10-10.52.25,v1.06-1-g6e06c66,28 , 114 , (11 20 7 1 6) , 467 , ((6 * 20) - (7 - 1)) , 63
2020.09.10-10.52.25,v1.06-1-g6e06c66,29 , 114 , (11 20 7 1 6) , 757 , ((20 * 6) - (7 - 1)) , 82
2020.09.10-10.52.25,v1.06-1-g6e06c66,30 , 114 , (11 20 7 1 6) , 368 , ((6 * 20) - (7 - 1)) , 92
2020.09.10-10.52.25,v1.06-1-g6e06c66,31 , 114 , (11 20 7 1 6) , 368 , ((20 * 6) - (7 - 1)) , 69
2020.09.10-10.52.25,v1.06-1-g6e06c66,32 , 114 , (11 20 7 1 6) , 189 , ((6 * 20) - (7 - 1)) , 14
2020.09.10-10.52.25,v1.06-1-g6e06c66,33 , 114 , (11 20 7 1 6) , 447 , ((6 * 20) - (7 - 1)) , 62
2020.09.10-10.52.25,v1.06-1-g6e06c66,34 , 114 , (11 20 7 1 6) , 899 , ((20 * 6) - (7 - 1)) , 72
2020.09.10-10.52.25,v1.06-1-g6e06c66,35 , 114 , (11 20 7 1 6) , 317 , ((6 * 20) - (7 - 1)) , 41
2020.09.10-10.52.25,v1.06-1-g6e06c66,36 , 114 , (11 20 7 1 6) , 563 , ((20 * 6) - 6) , 130
2020.09.10-10.52.25,v1.06-1-g6e06c66,37 , 114 , (11 20 7 1 6) , 228 , ((20 * 6) - (7 - 1)) , 11
2020.09.10-10.52.25,v1.06-1-g6e06c66,38 , 114 , (11 20 7 1 6) , 369 , ((6 * 20) - 6) , 82
2020.09.10-10.52.25,v1.06-1-g6e06c66,39 , 114 , (11 20 7 1 6) , 188 , ((6 * 20) - (7 - 1)) , 15
2020.09.10-10.52.25,v1.06-1-g6e06c66,40 , 114 , (11 20 7 1 6) , 1128 , ((6 * 20) - (7 - 1)) , 158
2020.09.10-10.52.25,v1.06-1-g6e06c66,41 , 114 , (11 20 7 1 6) , 506 , ((6 * 20) - (7 - 1)) , 56
2020.09.10-10.52.25,v1.06-1-g6e06c66,42 , 114 , (11 20 7 1 6) , 1167 , ((20 * 6) - 6) , 215
2020.09.10-10.52.25,v1.06-1-g6e06c66,43 , 114 , (11 20 7 1 6) , 1469 , ((6 * 20) - 6) , 186
2020.09.10-10.52.25,v1.06-1-g6e06c66,44 , 114 , (11 20 7 1 6) , 289 , ((6 * 20) - (7 - 1)) , 35
2020.09.10-10.52.25,v1.06-1-g6e06c66,45 , 114 , (11 20 7 1 6) , 116 , ((6 * 20) - (7 - 1)) , 2
2020.09.10-10.52.25,v1.06-1-g6e06c66,46 , 114 , (11 20 7 1 6) , 127 , ((20 * 6) - (7 - 1)) , 10
2020.09.10-10.52.25,v1.06-1-g6e06c66,47 , 114 , (11 20 7 1 6) , 698 , ((6 * 20) - (7 - 1)) , 96
2020.09.10-10.52.25,v1.06-1-g6e06c66,48 , 114 , (11 20 7 1 6) , 1490 , ((20 * 6) - 6) , 278
2020.09.10-10.52.25,v1.06-1-g6e06c66,49 , 114 , (11 20 7 1 6) , 928 , ((20 * 6) - (7 - 1)) , 109
2020.09.10-10.52.25,v1.06-1-g6e06c66,50 , 114 , (11 20 7 1 6) , 668 , ((20 * 6) - (7 - 1)) , 66
2020.09.10-10.52.25,v1.06-1-g6e06c66,51 , 114 , (11 20 7 1 6) , 340 , ((20 * 6) - (7 - 1)) , 40
2020.09.10-10.52.25,v1.06-1-g6e06c66,52 , 114 , (11 20 7 1 6) , 233 , ((6 * 20) - (7 - 1)) , 19
2020.09.10-10.52.25,v1.06-1-g6e06c66,53 , 114 , (11 20 7 1 6) , 220 , ((20 * 6) - (7 - 1)) , 5
2020.09.10-10.52.25,v1.06-1-g6e06c66,54 , 114 , (11 20 7 1 6) , 1006 , ((20 * 6) - (7 - 1)) , 166
2020.09.10-10.52.25,v1.06-1-g6e06c66,55 , 114 , (11 20 7 1 6) , 308 , ((20 * 6) - 6) , 77
2020.09.10-10.52.25,v1.06-1-g6e06c66,56 , 114 , (11 20 7 1 6) , 835 , ((20 * 6) - (7 - 1)) , 83
2020.09.10-10.52.25,v1.06-1-g6e06c66,57 , 114 , (11 20 7 1 6) , 2000 , none,  385
2020.09.10-10.52.25,v1.06-1-g6e06c66,58 , 114 , (11 20 7 1 6) , 175 , ((6 * 20) - (7 - 1)) , 18
2020.09.10-10.52.25,v1.06-1-g6e06c66,59 , 114 , (11 20 7 1 6) , 286 , ((6 * 20) - (7 - 1)) , 23
2020.09.10-10.52.25,v1.06-1-g6e06c66,60 , 114 , (11 20 7 1 6) , 1955 , ((6 * 20) - (7 - 1)) , 203
2020.09.10-10.52.25,v1.06-1-g6e06c66,61 , 114 , (11 20 7 1 6) , 1254 , ((20 * 6) - (7 - 1)) , 273
2020.09.10-10.52.25,v1.06-1-g6e06c66,62 , 114 , (11 20 7 1 6) , 450 , ((6 * 20) - (7 - 1)) , 43
2020.09.10-10.52.25,v1.06-1-g6e06c66,63 , 114 , (11 20 7 1 6) , 2000 , none,  214
2020.09.10-10.52.25,v1.06-1-g6e06c66,64 , 114 , (11 20 7 1 6) , 392 , ((20 * 6) - (7 - 1)) , 43
2020.09.10-10.52.25,v1.06-1-g6e06c66,65 , 114 , (11 20 7 1 6) , 260 , ((6 * 20) - (7 - 1)) , 27
2020.09.10-10.52.25,v1.06-1-g6e06c66,66 , 114 , (11 20 7 1 6) , 261 , ((6 * 20) - 6) , 18
2020.09.10-10.52.25,v1.06-1-g6e06c66,67 , 114 , (11 20 7 1 6) , 509 , ((6 * 20) - (7 - 1)) , 43
2020.09.10-10.52.25,v1.06-1-g6e06c66,68 , 114 , (11 20 7 1 6) , 1668 , ((6 * 20) - (7 - 1)) , 382
2020.09.10-10.52.25,v1.06-1-g6e06c66,69 , 114 , (11 20 7 1 6) , 427 , ((20 * 6) - (7 - 1)) , 20
2020.09.10-10.52.25,v1.06-1-g6e06c66,70 , 114 , (11 20 7 1 6) , 409 , ((20 * 6) - (7 - 1)) , 31
2020.09.10-10.52.25,v1.06-1-g6e06c66,71 , 114 , (11 20 7 1 6) , 130 , ((20 * 6) - (7 - 1)) , 25
2020.09.10-10.52.25,v1.06-1-g6e06c66,72 , 114 , (11 20 7 1 6) , 299 , ((6 * 20) - (7 - 1)) , 14
2020.09.10-10.52.25,v1.06-1-g6e06c66,73 , 114 , (11 20 7 1 6) , 830 , ((6 * 20) - (7 - 1)) , 158
2020.09.10-10.52.25,v1.06-1-g6e06c66,74 , 114 , (11 20 7 1 6) , 537 , ((20 * 6) - (7 - 1)) , 34
2020.09.10-10.52.25,v1.06-1-g6e06c66,75 , 114 , (11 20 7 1 6) , 209 , ((6 * 20) - (7 - 1)) , 27
2020.09.10-10.52.25,v1.06-1-g6e06c66,76 , 114 , (11 20 7 1 6) , 287 , ((6 * 20) - (7 - 1)) , 38
2020.09.10-10.52.25,v1.06-1-g6e06c66,77 , 114 , (11 20 7 1 6) , 2000 , none,  325
2020.09.10-10.52.25,v1.06-1-g6e06c66,78 , 114 , (11 20 7 1 6) , 756 , ((6 * 20) - (7 - 1)) , 72
2020.09.10-10.52.25,v1.06-1-g6e06c66,79 , 114 , (11 20 7 1 6) , 110 , ((20 * 6) - (7 - 1)) , 8
2020.09.10-10.52.25,v1.06-1-g6e06c66,80 , 114 , (11 20 7 1 6) , 1346 , ((6 * 20) - (7 - 1)) , 245
2020.09.10-10.52.25,v1.06-1-g6e06c66,81 , 114 , (11 20 7 1 6) , 1668 , ((6 * 20) - (7 - 1)) , 338
2020.09.10-10.52.25,v1.06-1-g6e06c66,82 , 114 , (11 20 7 1 6) , 1328 , ((6 * 20) - (7 - 1)) , 155
2020.09.10-10.52.25,v1.06-1-g6e06c66,83 , 114 , (11 20 7 1 6) , 2000 , none,  365
2020.09.10-10.52.25,v1.06-1-g6e06c66,84 , 114 , (11 20 7 1 6) , 159 , ((6 * 20) - (7 - 1)) , 3
2020.09.10-10.52.25,v1.06-1-g6e06c66,85 , 114 , (11 20 7 1 6) , 336 , ((6 * 20) - (7 - 1)) , 30
2020.09.10-10.52.25,v1.06-1-g6e06c66,86 , 114 , (11 20 7 1 6) , 132 , ((6 * 20) - (7 - 1)) , 23
2020.09.10-10.52.25,v1.06-1-g6e06c66,87 , 114 , (11 20 7 1 6) , 428 , ((6 * 20) - (7 - 1)) , 84
2020.09.10-10.52.25,v1.06-1-g6e06c66,88 , 114 , (11 20 7 1 6) , 1639 , ((20 * 6) - (7 - 1)) , 319
2020.09.10-10.52.25,v1.06-1-g6e06c66,89 , 114 , (11 20 7 1 6) , 2000 , none,  338
2020.09.10-10.52.25,v1.06-1-g6e06c66,90 , 114 , (11 20 7 1 6) , 390 , ((6 * 20) - (7 - 1)) , 88
2020.09.10-10.52.25,v1.06-1-g6e06c66,91 , 114 , (11 20 7 1 6) , 1077 , ((6 * 20) - (7 - 1)) , 177
2020.09.10-10.52.25,v1.06-1-g6e06c66,92 , 114 , (11 20 7 1 6) , 1848 , ((20 * 6) - (7 - 1)) , 192
2020.09.10-10.52.25,v1.06-1-g6e06c66,93 , 114 , (11 20 7 1 6) , 729 , ((6 * 20) - (7 - 1)) , 101
2020.09.10-10.52.25,v1.06-1-g6e06c66,94 , 114 , (11 20 7 1 6) , 118 , ((6 * 20) - (7 - 1)) , 11
2020.09.10-10.52.25,v1.06-1-g6e06c66,95 , 114 , (11 20 7 1 6) , 2000 , none,  274
2020.09.10-10.52.25,v1.06-1-g6e06c66,96 , 114 , (11 20 7 1 6) , 2000 , none,  260
2020.09.10-10.52.25,v1.06-1-g6e06c66,97 , 114 , (11 20 7 1 6) , 1027 , ((20 * 6) - (7 - 1)) , 114
2020.09.10-10.52.25,v1.06-1-g6e06c66,98 , 114 , (11 20 7 1 6) , 2000 , none,  248
2020.09.10-10.52.25,v1.06-1-g6e06c66,99 , 114 , (11 20 7 1 6) , 1425 , ((6 * 20) - (7 - 1)) , 136
2020.09.10-10.52.25,v1.06-1-g6e06c66,0 , 87 , (8 3 9 10 7) , 1380 , ((9 * 10) - 3) , 162
2020.09.10-10.52.25,v1.06-1-g6e06c66,1 , 87 , (8 3 9 10 7) , 1533 , ((10 * 9) - 3) , 223
2020.09.10-10.52.25,v1.06-1-g6e06c66,2 , 87 , (8 3 9 10 7) , 770 , ((10 * 9) - 3) , 180
2020.09.10-10.52.25,v1.06-1-g6e06c66,3 , 87 , (8 3 9 10 7) , 770 , ((9 * 10) - 3) , 161
2020.09.10-10.52.25,v1.06-1-g6e06c66,4 , 87 , (8 3 9 10 7) , 729 , ((10 * 9) - 3) , 128
2020.09.10-10.52.25,v1.06-1-g6e06c66,5 , 87 , (8 3 9 10 7) , 37 , ((10 * 8) + 7) , 0
2020.09.10-10.52.25,v1.06-1-g6e06c66,6 , 87 , (8 3 9 10 7) , 1010 , ((10 * 8) + 7) , 172
2020.09.10-10.52.25,v1.06-1-g6e06c66,7 , 87 , (8 3 9 10 7) , 2000 , none,  438
2020.09.10-10.52.25,v1.06-1-g6e06c66,8 , 87 , (8 3 9 10 7) , 156 , ((10 * 9) - 3) , 17
2020.09.10-10.52.25,v1.06-1-g6e06c66,9 , 87 , (8 3 9 10 7) , 271 , ((10 * 8) + 7) , 39
2020.09.10-10.52.25,v1.06-1-g6e06c66,10 , 87 , (8 3 9 10 7) , 48 , ((9 * 10) - 3) , 0
2020.09.10-10.52.25,v1.06-1-g6e06c66,11 , 87 , (8 3 9 10 7) , 1464 , ((9 * 10) - 3) , 278
2020.09.10-10.52.25,v1.06-1-g6e06c66,12 , 87 , (8 3 9 10 7) , 385 , ((9 * 10) - 3) , 92
2020.09.10-10.52.25,v1.06-1-g6e06c66,13 , 87 , (8 3 9 10 7) , 1849 , ((10 * 7) + (8 + 9)) , 255
2020.09.10-10.52.25,v1.06-1-g6e06c66,14 , 87 , (8 3 9 10 7) , 1347 , ((9 * 10) - 3) , 312
2020.09.10-10.52.25,v1.06-1-g6e06c66,15 , 87 , (8 3 9 10 7) , 636 , ((10 * 9) - 3) , 101
2020.09.10-10.52.25,v1.06-1-g6e06c66,16 , 87 , (8 3 9 10 7) , 2000 , none,  274
2020.09.10-10.52.25,v1.06-1-g6e06c66,17 , 87 , (8 3 9 10 7) , 2000 , none,  307
2020.09.10-10.52.25,v1.06-1-g6e06c66,18 , 87 , (8 3 9 10 7) , 1870 , ((10 * 9) - 3) , 428
2020.09.10-10.52.25,v1.06-1-g6e06c66,19 , 87 , (8 3 9 10 7) , 309 , ((10 * 7) + (8 + 9)) , 32
2020.09.10-10.52.25,v1.06-1-g6e06c66,20 , 87 , (8 3 9 10 7) , 77 , ((10 * 9) - 3) , 0
2020.09.10-10.52.25,v1.06-1-g6e06c66,21 , 87 , (8 3 9 10 7) , 1687 , ((10 * 9) - 3) , 258
2020.09.10-10.52.25,v1.06-1-g6e06c66,22 , 87 , (8 3 9 10 7) , 109 , ((10 * 9) - 3) , 13
2020.09.10-10.52.25,v1.06-1-g6e06c66,23 , 87 , (8 3 9 10 7) , 860 , ((10 * 8) + 7) , 200
2020.09.10-10.52.25,v1.06-1-g6e06c66,24 , 87 , (8 3 9 10 7) , 394 , ((10 * 9) - 3) , 41
2020.09.10-10.52.25,v1.06-1-g6e06c66,25 , 87 , (8 3 9 10 7) , 1826 , ((10 * 9) - 3) , 291
2020.09.10-10.52.25,v1.06-1-g6e06c66,26 , 87 , (8 3 9 10 7) , 1277 , ((9 * 10) - 3) , 268
2020.09.10-10.52.25,v1.06-1-g6e06c66,27 , 87 , (8 3 9 10 7) , 957 , ((10 * 8) + 7) , 146
2020.09.10-10.52.25,v1.06-1-g6e06c66,28 , 87 , (8 3 9 10 7) , 2000 , none,  458
2020.09.10-10.52.25,v1.06-1-g6e06c66,29 , 87 , (8 3 9 10 7) , 1225 , ((10 * 9) - 3) , 264
2020.09.10-10.52.25,v1.06-1-g6e06c66,30 , 87 , (8 3 9 10 7) , 407 , ((10 * 8) + 7) , 69
2020.09.10-10.52.25,v1.06-1-g6e06c66,31 , 87 , (8 3 9 10 7) , 52 , ((10 * 9) - 3) , 0
2020.09.10-10.52.25,v1.06-1-g6e06c66,32 , 87 , (8 3 9 10 7) , 362 , ((10 * 9) - 3) , 72
2020.09.10-10.52.25,v1.06-1-g6e06c66,33 , 87 , (8 3 9 10 7) , 2000 , none,  398
2020.09.10-10.52.25,v1.06-1-g6e06c66,34 , 87 , (8 3 9 10 7) , 2000 , none,  499
2020.09.10-10.52.25,v1.06-1-g6e06c66,35 , 87 , (8 3 9 10 7) , 2000 , none,  368
2020.09.10-10.52.25,v1.06-1-g6e06c66,36 , 87 , (8 3 9 10 7) , 57 , ((10 * 9) - 3) , 0
2020.09.10-10.52.25,v1.06-1-g6e06c66,37 , 87 , (8 3 9 10 7) , 840 , ((10 * 9) - 3) , 195
2020.09.10-10.52.25,v1.06-1-g6e06c66,38 , 87 , (8 3 9 10 7) , 52 , ((8 * 10) + 7) , 0
2020.09.10-10.52.25,v1.06-1-g6e06c66,39 , 87 , (8 3 9 10 7) , 150 , ((10 * 7) + (8 + 9)) , 11
2020.09.10-10.52.25,v1.06-1-g6e06c66,40 , 87 , (8 3 9 10 7) , 1957 , ((10 * 9) - 3) , 454
2020.09.10-10.52.25,v1.06-1-g6e06c66,41 , 87 , (8 3 9 10 7) , 214 , ((10 * 8) + 7) , 32
2020.09.10-10.52.25,v1.06-1-g6e06c66,42 , 87 , (8 3 9 10 7) , 56 , ((10 * 9) - 3) , 4
2020.09.10-10.52.25,v1.06-1-g6e06c66,43 , 87 , (8 3 9 10 7) , 789 , ((7 * 10) + (8 + 9)) , 103
2020.09.10-10.52.25,v1.06-1-g6e06c66,44 , 87 , (8 3 9 10 7) , 850 , ((10 * 9) - 3) , 209
2020.09.10-10.52.25,v1.06-1-g6e06c66,45 , 87 , (8 3 9 10 7) , 1007 , ((8 * 10) + 7) , 157
2020.09.10-10.52.25,v1.06-1-g6e06c66,46 , 87 , (8 3 9 10 7) , 2000 , none,  309
2020.09.10-10.52.25,v1.06-1-g6e06c66,47 , 87 , (8 3 9 10 7) , 258 , ((9 * 10) - 3) , 22
2020.09.10-10.52.25,v1.06-1-g6e06c66,48 , 87 , (8 3 9 10 7) , 466 , ((10 * 8) + 7) , 89
2020.09.10-10.52.25,v1.06-1-g6e06c66,49 , 87 , (8 3 9 10 7) , 2000 , none,  453
2020.09.10-10.52.25,v1.06-1-g6e06c66,50 , 87 , (8 3 9 10 7) , 53 , ((10 * 9) - 3) , 0
2020.09.10-10.52.25,v1.06-1-g6e06c66,51 , 87 , (8 3 9 10 7) , 2000 , none,  414
2020.09.10-10.52.25,v1.06-1-g6e06c66,52 , 87 , (8 3 9 10 7) , 57 , ((9 * 10) - 3) , 0
2020.09.10-10.52.25,v1.06-1-g6e06c66,53 , 87 , (8 3 9 10 7) , 316 , ((10 * 8) + 7) , 55
2020.09.10-10.52.25,v1.06-1-g6e06c66,54 , 87 , (8 3 9 10 7) , 54 , ((9 * 10) - 3) , 0
2020.09.10-10.52.25,v1.06-1-g6e06c66,55 , 87 , (8 3 9 10 7) , 2000 , none,  300
2020.09.10-10.52.25,v1.06-1-g6e06c66,56 , 87 , (8 3 9 10 7) , 1944 , ((10 * 9) - 3) , 286
2020.09.10-10.52.25,v1.06-1-g6e06c66,57 , 87 , (8 3 9 10 7) , 1489 , ((9 * 10) - 3) , 325
2020.09.10-10.52.25,v1.06-1-g6e06c66,58 , 87 , (8 3 9 10 7) , 1005 , ((10 * 8) + 7) , 149
2020.09.10-10.52.25,v1.06-1-g6e06c66,59 , 87 , (8 3 9 10 7) , 734 , ((9 * 10) - 3) , 174
2020.09.10-10.52.25,v1.06-1-g6e06c66,60 , 87 , (8 3 9 10 7) , 1734 , ((10 * 8) + 7) , 275
2020.09.10-10.52.25,v1.06-1-g6e06c66,61 , 87 , (8 3 9 10 7) , 883 , ((9 * 10) - 3) , 203
2020.09.10-10.52.25,v1.06-1-g6e06c66,62 , 87 , (8 3 9 10 7) , 2000 , none,  475
2020.09.10-10.52.25,v1.06-1-g6e06c66,63 , 87 , (8 3 9 10 7) , 1652 , ((9 * 10) - 3) , 404
2020.09.10-10.52.25,v1.06-1-g6e06c66,64 , 87 , (8 3 9 10 7) , 2000 , none,  276
2020.09.10-10.52.25,v1.06-1-g6e06c66,65 , 87 , (8 3 9 10 7) , 2000 , none,  420
2020.09.10-10.52.25,v1.06-1-g6e06c66,66 , 87 , (8 3 9 10 7) , 237 , ((9 * 10) - 3) , 22
2020.09.10-10.52.25,v1.06-1-g6e06c66,67 , 87 , (8 3 9 10 7) , 70 , ((10 * 8) + 7) , 8
2020.09.10-10.52.25,v1.06-1-g6e06c66,68 , 87 , (8 3 9 10 7) , 206 , ((10 * 9) - 3) , 32
2020.09.10-10.52.25,v1.06-1-g6e06c66,69 , 87 , (8 3 9 10 7) , 272 , ((10 * 8) + 7) , 27
2020.09.10-10.52.25,v1.06-1-g6e06c66,70 , 87 , (8 3 9 10 7) , 550 , ((10 * 8) + 7) , 40
2020.09.10-10.52.25,v1.06-1-g6e06c66,71 , 87 , (8 3 9 10 7) , 892 , ((10 * 9) - 3) , 97
2020.09.10-10.52.25,v1.06-1-g6e06c66,72 , 87 , (8 3 9 10 7) , 265 , ((9 * 10) - 3) , 50
2020.09.10-10.52.25,v1.06-1-g6e06c66,73 , 87 , (8 3 9 10 7) , 330 , ((9 * 10) - 3) , 42
2020.09.10-10.52.25,v1.06-1-g6e06c66,74 , 87 , (8 3 9 10 7) , 2000 , none,  460
2020.09.10-10.52.25,v1.06-1-g6e06c66,75 , 87 , (8 3 9 10 7) , 2000 , none,  409
2020.09.10-10.52.25,v1.06-1-g6e06c66,76 , 87 , (8 3 9 10 7) , 1424 , ((10 * 7) + (8 + 9)) , 212
2020.09.10-10.52.25,v1.06-1-g6e06c66,77 , 87 , (8 3 9 10 7) , 2000 , none,  473
2020.09.10-10.52.25,v1.06-1-g6e06c66,78 , 87 , (8 3 9 10 7) , 55 , ((10 * 8) + 7) , 0
2020.09.10-10.52.25,v1.06-1-g6e06c66,79 , 87 , (8 3 9 10 7) , 1160 , ((7 * 10) + (8 + 9)) , 138
2020.09.10-10.52.25,v1.06-1-g6e06c66,80 , 87 , (8 3 9 10 7) , 707 , ((10 * 9) - 3) , 96
2020.09.10-10.52.25,v1.06-1-g6e06c66,81 , 87 , (8 3 9 10 7) , 594 , ((9 * 10) - 3) , 125
2020.09.10-10.52.25,v1.06-1-g6e06c66,82 , 87 , (8 3 9 10 7) , 598 , ((10 * 9) - 3) , 138
2020.09.10-10.52.25,v1.06-1-g6e06c66,83 , 87 , (8 3 9 10 7) , 327 , ((10 * 7) + (9 + 8)) , 52
2020.09.10-10.52.25,v1.06-1-g6e06c66,84 , 87 , (8 3 9 10 7) , 187 , ((10 * 9) - 3) , 24
2020.09.10-10.52.25,v1.06-1-g6e06c66,85 , 87 , (8 3 9 10 7) , 252 , ((9 * 10) - 3) , 53
2020.09.10-10.52.25,v1.06-1-g6e06c66,86 , 87 , (8 3 9 10 7) , 877 , ((9 * 10) - 3) , 111
2020.09.10-10.52.25,v1.06-1-g6e06c66,87 , 87 , (8 3 9 10 7) , 229 , ((9 * 10) - 3) , 27
2020.09.10-10.52.25,v1.06-1-g6e06c66,88 , 87 , (8 3 9 10 7) , 84 , ((9 * 10) - 3) , 0
2020.09.10-10.52.25,v1.06-1-g6e06c66,89 , 87 , (8 3 9 10 7) , 51 , ((10 * 9) - 3) , 1
2020.09.10-10.52.25,v1.06-1-g6e06c66,90 , 87 , (8 3 9 10 7) , 439 , ((10 * 9) - 3) , 71
2020.09.10-10.52.25,v1.06-1-g6e06c66,91 , 87 , (8 3 9 10 7) , 410 , ((9 * 10) - 3) , 64
2020.09.10-10.52.25,v1.06-1-g6e06c66,92 , 87 , (8 3 9 10 7) , 2000 , none,  307
2020.09.10-10.52.25,v1.06-1-g6e06c66,93 , 87 , (8 3 9 10 7) , 203 , ((10 * 8) + 7) , 28
2020.09.10-10.52.25,v1.06-1-g6e06c66,94 , 87 , (8 3 9 10 7) , 301 , ((9 * 7) + (8 * 3)) , 33
2020.09.10-10.52.25,v1.06-1-g6e06c66,95 , 87 , (8 3 9 10 7) , 547 , ((9 * 7) + (8 * 3)) , 85
2020.09.10-10.52.25,v1.06-1-g6e06c66,96 , 87 , (8 3 9 10 7) , 362 , ((10 * 8) + 7) , 42
2020.09.10-10.52.25,v1.06-1-g6e06c66,97 , 87 , (8 3 9 10 7) , 225 , ((9 * 10) - 3) , 29
2020.09.10-10.52.25,v1.06-1-g6e06c66,98 , 87 , (8 3 9 10 7) , 1277 , ((10 * 9) - 3) , 167
2020.09.10-10.52.25,v1.06-1-g6e06c66,99 , 87 , (8 3 9 10 7) , 1263 , ((10 * 9) - 3) , 298
2020.09.10-10.52.25,v1.06-1-g6e06c66,0 , 31 , (3 5 24 3 14) , 2000 , none,  317
2020.09.10-10.52.25,v1.06-1-g6e06c66,1 , 31 , (3 5 24 3 14) , 2000 , none,  416
2020.09.10-10.52.25,v1.06-1-g6e06c66,2 , 31 , (3 5 24 3 14) , 2000 , none,  308
2020.09.10-10.52.25,v1.06-1-g6e06c66,3 , 31 , (3 5 24 3 14) , 2000 , none,  305
2020.09.10-10.52.25,v1.06-1-g6e06c66,4 , 31 , (3 5 24 3 14) , 2000 , none,  323
2020.09.10-10.52.25,v1.06-1-g6e06c66,5 , 31 , (3 5 24 3 14) , 2000 , none,  357
2020.09.10-10.52.25,v1.06-1-g6e06c66,6 , 31 , (3 5 24 3 14) , 2000 , none,  288
2020.09.10-10.52.25,v1.06-1-g6e06c66,7 , 31 , (3 5 24 3 14) , 2000 , none,  327
2020.09.10-10.52.25,v1.06-1-g6e06c66,8 , 31 , (3 5 24 3 14) , 2000 , none,  322
2020.09.10-10.52.25,v1.06-1-g6e06c66,9 , 31 , (3 5 24 3 14) , 2000 , none,  298
2020.09.10-10.52.25,v1.06-1-g6e06c66,10 , 31 , (3 5 24 3 14) , 2000 , none,  294
2020.09.10-10.52.25,v1.06-1-g6e06c66,11 , 31 , (3 5 24 3 14) , 2000 , none,  310
2020.09.10-10.52.25,v1.06-1-g6e06c66,12 , 31 , (3 5 24 3 14) , 2000 , none,  228
2020.09.10-10.52.25,v1.06-1-g6e06c66,13 , 31 , (3 5 24 3 14) , 2000 , none,  362
2020.09.10-10.52.25,v1.06-1-g6e06c66,14 , 31 , (3 5 24 3 14) , 2000 , none,  365
2020.09.10-10.52.25,v1.06-1-g6e06c66,15 , 31 , (3 5 24 3 14) , 2000 , none,  325
2020.09.10-10.52.25,v1.06-1-g6e06c66,16 , 31 , (3 5 24 3 14) , 2000 , none,  332
2020.09.10-10.52.25,v1.06-1-g6e06c66,17 , 31 , (3 5 24 3 14) , 2000 , none,  399
2020.09.10-10.52.25,v1.06-1-g6e06c66,18 , 31 , (3 5 24 3 14) , 2000 , none,  288
2020.09.10-10.52.25,v1.06-1-g6e06c66,19 , 31 , (3 5 24 3 14) , 2000 , none,  241
2020.09.10-10.52.25,v1.06-1-g6e06c66,20 , 31 , (3 5 24 3 14) , 2000 , none,  333
2020.09.10-10.52.25,v1.06-1-g6e06c66,21 , 31 , (3 5 24 3 14) , 2000 , none,  276
2020.09.10-10.52.25,v1.06-1-g6e06c66,22 , 31 , (3 5 24 3 14) , 2000 , none,  306
2020.09.10-10.52.25,v1.06-1-g6e06c66,23 , 31 , (3 5 24 3 14) , 2000 , none,  325
2020.09.10-10.52.25,v1.06-1-g6e06c66,24 , 31 , (3 5 24 3 14) , 2000 , none,  316
2020.09.10-10.52.25,v1.06-1-g6e06c66,25 , 31 , (3 5 24 3 14) , 2000 , none,  349
2020.09.10-10.52.25,v1.06-1-g6e06c66,26 , 31 , (3 5 24 3 14) , 2000 , none,  341
2020.09.10-10.52.25,v1.06-1-g6e06c66,27 , 31 , (3 5 24 3 14) , 2000 , none,  330
2020.09.10-10.52.25,v1.06-1-g6e06c66,28 , 31 , (3 5 24 3 14) , 2000 , none,  304
2020.09.10-10.52.25,v1.06-1-g6e06c66,29 , 31 , (3 5 24 3 14) , 2000 , none,  342
2020.09.10-10.52.25,v1.06-1-g6e06c66,30 , 31 , (3 5 24 3 14) , 2000 , none,  319
2020.09.10-10.52.25,v1.06-1-g6e06c66,31 , 31 , (3 5 24 3 14) , 2000 , none,  337
2020.09.10-10.52.25,v1.06-1-g6e06c66,32 , 31 , (3 5 24 3 14) , 2000 , none,  265
2020.09.10-10.52.25,v1.06-1-g6e06c66,33 , 31 , (3 5 24 3 14) , 2000 , none,  296
2020.09.10-10.52.25,v1.06-1-g6e06c66,34 , 31 , (3 5 24 3 14) , 2000 , none,  285
2020.09.10-10.52.25,v1.06-1-g6e06c66,35 , 31 , (3 5 24 3 14) , 2000 , none,  314
2020.09.10-10.52.25,v1.06-1-g6e06c66,36 , 31 , (3 5 24 3 14) , 2000 , none,  371
2020.09.10-10.52.25,v1.06-1-g6e06c66,37 , 31 , (3 5 24 3 14) , 2000 , none,  301
2020.09.10-10.52.25,v1.06-1-g6e06c66,38 , 31 , (3 5 24 3 14) , 2000 , none,  303
2020.09.10-10.52.25,v1.06-1-g6e06c66,39 , 31 , (3 5 24 3 14) , 2000 , none,  337
2020.09.10-10.52.25,v1.06-1-g6e06c66,40 , 31 , (3 5 24 3 14) , 2000 , none,  343
2020.09.10-10.52.25,v1.06-1-g6e06c66,41 , 31 , (3 5 24 3 14) , 2000 , none,  379
2020.09.10-10.52.25,v1.06-1-g6e06c66,42 , 31 , (3 5 24 3 14) , 2000 , none,  311
2020.09.10-10.52.25,v1.06-1-g6e06c66,43 , 31 , (3 5 24 3 14) , 2000 , none,  419
2020.09.10-10.52.25,v1.06-1-g6e06c66,44 , 31 , (3 5 24 3 14) , 2000 , none,  338
2020.09.10-10.52.25,v1.06-1-g6e06c66,45 , 31 , (3 5 24 3 14) , 2000 , none,  334
2020.09.10-10.52.25,v1.06-1-g6e06c66,46 , 31 , (3 5 24 3 14) , 2000 , none,  342
2020.09.10-10.52.25,v1.06-1-g6e06c66,47 , 31 , (3 5 24 3 14) , 2000 , none,  380
2020.09.10-10.52.25,v1.06-1-g6e06c66,48 , 31 , (3 5 24 3 14) , 2000 , none,  354
2020.09.10-10.52.25,v1.06-1-g6e06c66,49 , 31 , (3 5 24 3 14) , 2000 , none,  324
2020.09.10-10.52.25,v1.06-1-g6e06c66,50 , 31 , (3 5 24 3 14) , 2000 , none,  316
2020.09.10-10.52.25,v1.06-1-g6e06c66,51 , 31 , (3 5 24 3 14) , 2000 , none,  257
2020.09.10-10.52.25,v1.06-1-g6e06c66,52 , 31 , (3 5 24 3 14) , 2000 , none,  313
2020.09.10-10.52.25,v1.06-1-g6e06c66,53 , 31 , (3 5 24 3 14) , 2000 , none,  285
2020.09.10-10.52.25,v1.06-1-g6e06c66,54 , 31 , (3 5 24 3 14) , 2000 , none,  326
2020.09.10-10.52.25,v1.06-1-g6e06c66,55 , 31 , (3 5 24 3 14) , 2000 , none,  275
2020.09.10-10.52.25,v1.06-1-g6e06c66,56 , 31 , (3 5 24 3 14) , 2000 , none,  330
2020.09.10-10.52.25,v1.06-1-g6e06c66,57 , 31 , (3 5 24 3 14) , 2000 , none,  334
2020.09.10-10.52.25,v1.06-1-g6e06c66,58 , 31 , (3 5 24 3 14) , 2000 , none,  324
2020.09.10-10.52.25,v1.06-1-g6e06c66,59 , 31 , (3 5 24 3 14) , 2000 , none,  349
2020.09.10-10.52.25,v1.06-1-g6e06c66,60 , 31 , (3 5 24 3 14) , 2000 , none,  388
2020.09.10-10.52.25,v1.06-1-g6e06c66,61 , 31 , (3 5 24 3 14) , 2000 , none,  375
2020.09.10-10.52.25,v1.06-1-g6e06c66,62 , 31 , (3 5 24 3 14) , 2000 , none,  330
2020.09.10-10.52.25,v1.06-1-g6e06c66,63 , 31 , (3 5 24 3 14) , 2000 , none,  330
2020.09.10-10.52.25,v1.06-1-g6e06c66,64 , 31 , (3 5 24 3 14) , 2000 , none,  324
2020.09.10-10.52.25,v1.06-1-g6e06c66,65 , 31 , (3 5 24 3 14) , 2000 , none,  305
2020.09.10-10.52.25,v1.06-1-g6e06c66,66 , 31 , (3 5 24 3 14) , 2000 , none,  343
2020.09.10-10.52.25,v1.06-1-g6e06c66,67 , 31 , (3 5 24 3 14) , 2000 , none,  316
2020.09.10-10.52.25,v1.06-1-g6e06c66,68 , 31 , (3 5 24 3 14) , 2000 , none,  323
2020.09.10-10.52.25,v1.06-1-g6e06c66,69 , 31 , (3 5 24 3 14) , 2000 , none,  313
2020.09.10-10.52.25,v1.06-1-g6e06c66,70 , 31 , (3 5 24 3 14) , 2000 , none,  308
2020.09.10-10.52.25,v1.06-1-g6e06c66,71 , 31 , (3 5 24 3 14) , 2000 , none,  362
2020.09.10-10.52.25,v1.06-1-g6e06c66,72 , 31 , (3 5 24 3 14) , 2000 , none,  312
2020.09.10-10.52.25,v1.06-1-g6e06c66,73 , 31 , (3 5 24 3 14) , 2000 , none,  281
2020.09.10-10.52.25,v1.06-1-g6e06c66,74 , 31 , (3 5 24 3 14) , 2000 , none,  331
2020.09.10-10.52.25,v1.06-1-g6e06c66,75 , 31 , (3 5 24 3 14) , 2000 , none,  355
2020.09.10-10.52.25,v1.06-1-g6e06c66,76 , 31 , (3 5 24 3 14) , 2000 , none,  219
2020.09.10-10.52.25,v1.06-1-g6e06c66,77 , 31 , (3 5 24 3 14) , 2000 , none,  324
2020.09.10-10.52.25,v1.06-1-g6e06c66,78 , 31 , (3 5 24 3 14) , 2000 , none,  375
2020.09.10-10.52.25,v1.06-1-g6e06c66,79 , 31 , (3 5 24 3 14) , 2000 , none,  363
2020.09.10-10.52.25,v1.06-1-g6e06c66,80 , 31 , (3 5 24 3 14) , 2000 , none,  274
2020.09.10-10.52.25,v1.06-1-g6e06c66,81 , 31 , (3 5 24 3 14) , 2000 , none,  327
2020.09.10-10.52.25,v1.06-1-g6e06c66,82 , 31 , (3 5 24 3 14) , 2000 , none,  308
2020.09.10-10.52.25,v1.06-1-g6e06c66,83 , 31 , (3 5 24 3 14) , 2000 , none,  352
2020.09.10-10.52.25,v1.06-1-g6e06c66,84 , 31 , (3 5 24 3 14) , 2000 , none,  301
2020.09.10-10.52.25,v1.06-1-g6e06c66,85 , 31 , (3 5 24 3 14) , 2000 , none,  321
2020.09.10-10.52.25,v1.06-1-g6e06c66,86 , 31 , (3 5 24 3 14) , 2000 , none,  267
2020.09.10-10.52.25,v1.06-1-g6e06c66,87 , 31 , (3 5 24 3 14) , 2000 , none,  261
2020.09.10-10.52.25,v1.06-1-g6e06c66,88 , 31 , (3 5 24 3 14) , 2000 , none,  347
2020.09.10-10.52.25,v1.06-1-g6e06c66,89 , 31 , (3 5 24 3 14) , 2000 , none,  343
2020.09.10-10.52.25,v1.06-1-g6e06c66,90 , 31 , (3 5 24 3 14) , 2000 , none,  300
2020.09.10-10.52.25,v1.06-1-g6e06c66,91 , 31 , (3 5 24 3 14) , 2000 , none,  327
2020.09.10-10.52.25,v1.06-1-g6e06c66,92 , 31 , (3 5 24 3 14) , 2000 , none,  395
2020.09.10-10.52.25,v1.06-1-g6e06c66,93 , 31 , (3 5 24 3 14) , 2000 , none,  306
2020.09.10-10.52.25,v1.06-1-g6e06c66,94 , 31 , (3 5 24 3 14) , 2000 , none,  346
2020.09.10-10.52.25,v1.06-1-g6e06c66,95 , 31 , (3 5 24 3 14) , 2000 , none,  379
2020.09.10-10.52.25,v1.06-1-g6e06c66,96 , 31 , (3 5 24 3 14) , 2000 , none,  297
2020.09.10-10.52.25,v1.06-1-g6e06c66,97 , 31 , (3 5 24 3 14) , 2000 , none,  389
2020.09.10-10.52.25,v1.06-1-g6e06c66,98 , 31 , (3 5 24 3 14) , 2000 , none,  306
2020.09.10-10.52.25,v1.06-1-g6e06c66,99 , 31 , (3 5 24 3 14) , 2000 , none,  259
2020.09.10-10.52.25,v1.06-1-g6e06c66,0 , 25 , (8 5 5 11 2) , 22 , (5 * 5) , 0
2020.09.10-10.52.25,v1.06-1-g6e06c66,1 , 25 , (8 5 5 11 2) , 1230 , ((2 * 11) + (8 - 5)) , 103
2020.09.10-10.52.25,v1.06-1-g6e06c66,2 , 25 , (8 5 5 11 2) , 245 , (5 * 5) , 36
2020.09.10-10.52.25,v1.06-1-g6e06c66,3 , 25 , (8 5 5 11 2) , 649 , (5 * 5) , 55
2020.09.10-10.52.25,v1.06-1-g6e06c66,4 , 25 , (8 5 5 11 2) , 166 , (5 * 5) , 6
2020.09.10-10.52.25,v1.06-1-g6e06c66,5 , 25 , (8 5 5 11 2) , 516 , (5 * 5) , 32
2020.09.10-10.52.25,v1.06-1-g6e06c66,6 , 25 , (8 5 5 11 2) , 833 , (5 * 5) , 79
2020.09.10-10.52.25,v1.06-1-g6e06c66,7 , 25 , (8 5 5 11 2) , 345 , (5 * 5) , 52
2020.09.10-10.52.25,v1.06-1-g6e06c66,8 , 25 , (8 5 5 11 2) , 174 , (5 * 5) , 22
2020.09.10-10.52.25,v1.06-1-g6e06c66,9 , 25 , (8 5 5 11 2) , 37 , (5 * 5) , 0
2020.09.10-10.52.25,v1.06-1-g6e06c66,10 , 25 , (8 5 5 11 2) , 136 , (5 * 5) , 8
2020.09.10-10.52.25,v1.06-1-g6e06c66,11 , 25 , (8 5 5 11 2) , 444 , (5 * 5) , 20
2020.09.10-10.52.25,v1.06-1-g6e06c66,12 , 25 , (8 5 5 11 2) , 541 , (5 * 5) , 46
2020.09.10-10.52.25,v1.06-1-g6e06c66,13 , 25 , (8 5 5 11 2) , 175 , (5 * 5) , 31
2020.09.10-10.52.25,v1.06-1-g6e06c66,14 , 25 , (8 5 5 11 2) , 54 , (5 * 5) , 13
2020.09.10-10.52.25,v1.06-1-g6e06c66,15 , 25 , (8 5 5 11 2) , 25 , (5 * 5) , 0
2020.09.10-10.52.25,v1.06-1-g6e06c66,16 , 25 , (8 5 5 11 2) , 75 , (5 * 5) , 12
2020.09.10-10.52.25,v1.06-1-g6e06c66,17 , 25 , (8 5 5 11 2) , 106 , (5 * 5) , 13
2020.09.10-10.52.25,v1.06-1-g6e06c66,18 , 25 , (8 5 5 11 2) , 206 , (5 * 5) , 33
2020.09.10-10.52.25,v1.06-1-g6e06c66,19 , 25 , (8 5 5 11 2) , 374 , (5 * 5) , 57
2020.09.10-10.52.25,v1.06-1-g6e06c66,20 , 25 , (8 5 5 11 2) , 49 , (5 * 5) , 0
2020.09.10-10.52.25,v1.06-1-g6e06c66,21 , 25 , (8 5 5 11 2) , 564 , (5 * 5) , 65
2020.09.10-10.52.25,v1.06-1-g6e06c66,22 , 25 , (8 5 5 11 2) , 190 , (5 * 5) , 14
2020.09.10-10.52.25,v1.06-1-g6e06c66,23 , 25 , (8 5 5 11 2) , 77 , (5 * 5) , 5
2020.09.10-10.52.25,v1.06-1-g6e06c66,24 , 25 , (8 5 5 11 2) , 56 , (5 * 5) , 7
2020.09.10-10.52.25,v1.06-1-g6e06c66,25 , 25 , (8 5 5 11 2) , 65 , (5 * 5) , 6
2020.09.10-10.52.25,v1.06-1-g6e06c66,26 , 25 , (8 5 5 11 2) , 255 , (5 * 5) , 20
2020.09.10-10.52.25,v1.06-1-g6e06c66,27 , 25 , (8 5 5 11 2) , 68 , (5 * 5) , 3
2020.09.10-10.52.25,v1.06-1-g6e06c66,28 , 25 , (8 5 5 11 2) , 157 , (5 * 5) , 3
2020.09.10-10.52.25,v1.06-1-g6e06c66,29 , 25 , (8 5 5 11 2) , 217 , (5 * 5) , 29
2020.09.10-10.52.25,v1.06-1-g6e06c66,30 , 25 , (8 5 5 11 2) , 79 , (5 * 5) , 0
2020.09.10-10.52.25,v1.06-1-g6e06c66,31 , 25 , (8 5 5 11 2) , 310 , ((11 * 2) + (8 - 5)) , 57
2020.09.10-10.52.25,v1.06-1-g6e06c66,32 , 25 , (8 5 5 11 2) , 68 , ((2 * 11) + (8 - 5)) , 0
2020.09.10-10.52.25,v1.06-1-g6e06c66,33 , 25 , (8 5 5 11 2) , 964 , (5 * 5) , 74
2020.09.10-10.52.25,v1.06-1-g6e06c66,34 , 25 , (8 5 5 11 2) , 898 , (5 * 5) , 95
2020.09.10-10.52.25,v1.06-1-g6e06c66,35 , 25 , (8 5 5 11 2) , 506 , (5 * 5) , 40
2020.09.10-10.52.25,v1.06-1-g6e06c66,36 , 25 , (8 5 5 11 2) , 321 , (5 * 5) , 41
2020.09.10-10.52.25,v1.06-1-g6e06c66,37 , 25 , (8 5 5 11 2) , 87 , (5 * 5) , 10
2020.09.10-10.52.25,v1.06-1-g6e06c66,38 , 25 , (8 5 5 11 2) , 166 , (5 * 5) , 14
2020.09.10-10.52.25,v1.06-1-g6e06c66,39 , 25 , (8 5 5 11 2) , 138 , (5 * 5) , 23
2020.09.10-10.52.25,v1.06-1-g6e06c66,40 , 25 , (8 5 5 11 2) , 133 , (5 * 5) , 19
2020.09.10-10.52.25,v1.06-1-g6e06c66,41 , 25 , (8 5 5 11 2) , 57 , (5 * 5) , 7
2020.09.10-10.52.25,v1.06-1-g6e06c66,42 , 25 , (8 5 5 11 2) , 78 , (5 * 5) , 0
2020.09.10-10.52.25,v1.06-1-g6e06c66,43 , 25 , (8 5 5 11 2) , 29 , (5 * 5) , 0
2020.09.10-10.52.25,v1.06-1-g6e06c66,44 , 25 , (8 5 5 11 2) , 175 , (5 * 5) , 28
2020.09.10-10.52.25,v1.06-1-g6e06c66,45 , 25 , (8 5 5 11 2) , 66 , (5 * 5) , 7
2020.09.10-10.52.25,v1.06-1-g6e06c66,46 , 25 , (8 5 5 11 2) , 65 , (5 * 5) , 12
2020.09.10-10.52.25,v1.06-1-g6e06c66,47 , 25 , (8 5 5 11 2) , 278 , (5 * 5) , 41
2020.09.10-10.52.25,v1.06-1-g6e06c66,48 , 25 , (8 5 5 11 2) , 654 , (5 * 5) , 71
2020.09.10-10.52.25,v1.06-1-g6e06c66,49 , 25 , (8 5 5 11 2) , 55 , (5 * 5) , 6
2020.09.10-10.52.25,v1.06-1-g6e06c66,50 , 25 , (8 5 5 11 2) , 1720 , (5 * 5) , 182
2020.09.10-10.52.25,v1.06-1-g6e06c66,51 , 25 , (8 5 5 11 2) , 705 , (5 * 5) , 21
2020.09.10-10.52.25,v1.06-1-g6e06c66,52 , 25 , (8 5 5 11 2) , 27 , (5 * 5) , 0
2020.09.10-10.52.25,v1.06-1-g6e06c66,53 , 25 , (8 5 5 11 2) , 1145 , (5 * 5) , 106
2020.09.10-10.52.25,v1.06-1-g6e06c66,54 , 25 , (8 5 5 11 2) , 27 , (5 * 5) , 0
2020.09.10-10.52.25,v1.06-1-g6e06c66,55 , 25 , (8 5 5 11 2) , 22 , (5 * 5) , 0
2020.09.10-10.52.25,v1.06-1-g6e06c66,56 , 25 , (8 5 5 11 2) , 93 , (5 * 5) , 1
2020.09.10-10.52.25,v1.06-1-g6e06c66,57 , 25 , (8 5 5 11 2) , 53 , (5 * 5) , 0
2020.09.10-10.52.25,v1.06-1-g6e06c66,58 , 25 , (8 5 5 11 2) , 46 , (5 * 5) , 2
2020.09.10-10.52.25,v1.06-1-g6e06c66,59 , 25 , (8 5 5 11 2) , 29 , (5 * 5) , 0
2020.09.10-10.52.25,v1.06-1-g6e06c66,60 , 25 , (8 5 5 11 2) , 96 , (5 * 5) , 0
2020.09.10-10.52.25,v1.06-1-g6e06c66,61 , 25 , (8 5 5 11 2) , 297 , (5 * 5) , 27
2020.09.10-10.52.25,v1.06-1-g6e06c66,62 , 25 , (8 5 5 11 2) , 35 , (5 * 5) , 0
2020.09.10-10.52.25,v1.06-1-g6e06c66,63 , 25 , (8 5 5 11 2) , 86 , (5 * 5) , 11
2020.09.10-10.52.25,v1.06-1-g6e06c66,64 , 25 , (8 5 5 11 2) , 66 , (5 * 5) , 5
2020.09.10-10.52.25,v1.06-1-g6e06c66,65 , 25 , (8 5 5 11 2) , 195 , (5 * 5) , 0
2020.09.10-10.52.25,v1.06-1-g6e06c66,66 , 25 , (8 5 5 11 2) , 18 , (5 * 5) , 0
2020.09.10-10.52.25,v1.06-1-g6e06c66,67 , 25 , (8 5 5 11 2) , 674 , (5 * 5) , 5
2020.09.10-10.52.25,v1.06-1-g6e06c66,68 , 25 , (8 5 5 11 2) , 65 , (5 * 5) , 4
2020.09.10-10.52.25,v1.06-1-g6e06c66,69 , 25 , (8 5 5 11 2) , 732 , (5 * 5) , 74
2020.09.10-10.52.25,v1.06-1-g6e06c66,70 , 25 , (8 5 5 11 2) , 278 , ((2 * 11) + (8 - 5)) , 11
2020.09.10-10.52.25,v1.06-1-g6e06c66,71 , 25 , (8 5 5 11 2) , 1086 , (5 * 5) , 94
2020.09.10-10.52.25,v1.06-1-g6e06c66,72 , 25 , (8 5 5 11 2) , 1594 , (5 * 5) , 160
2020.09.10-10.52.25,v1.06-1-g6e06c66,73 , 25 , (8 5 5 11 2) , 1435 , (5 * 5) , 197
2020.09.10-10.52.25,v1.06-1-g6e06c66,74 , 25 , (8 5 5 11 2) , 88 , (5 * 5) , 0
2020.09.10-10.52.25,v1.06-1-g6e06c66,75 , 25 , (8 5 5 11 2) , 144 , (5 * 5) , 14
2020.09.10-10.52.25,v1.06-1-g6e06c66,76 , 25 , (8 5 5 11 2) , 129 , (5 * 5) , 0
2020.09.10-10.52.25,v1.06-1-g6e06c66,77 , 25 , (8 5 5 11 2) , 387 , (5 * 5) , 36
2020.09.10-10.52.25,v1.06-1-g6e06c66,78 , 25 , (8 5 5 11 2) , 87 , (5 * 5) , 8
2020.09.10-10.52.25,v1.06-1-g6e06c66,79 , 25 , (8 5 5 11 2) , 37 , (5 * 5) , 0
2020.09.10-10.52.25,v1.06-1-g6e06c66,80 , 25 , (8 5 5 11 2) , 56 , (5 * 5) , 0
2020.09.10-10.52.25,v1.06-1-g6e06c66,81 , 25 , (8 5 5 11 2) , 144 , (5 * 5) , 3
2020.09.10-10.52.25,v1.06-1-g6e06c66,82 , 25 , (8 5 5 11 2) , 116 , (5 * 5) , 18
2020.09.10-10.52.25,v1.06-1-g6e06c66,83 , 25 , (8 5 5 11 2) , 258 , (5 * 5) , 28
2020.09.10-10.52.25,v1.06-1-g6e06c66,84 , 25 , (8 5 5 11 2) , 177 , (5 * 5) , 16
2020.09.10-10.52.25,v1.06-1-g6e06c66,85 , 25 , (8 5 5 11 2) , 625 , (5 * 5) , 65
2020.09.10-10.52.25,v1.06-1-g6e06c66,86 , 25 , (8 5 5 11 2) , 459 , ((2 * 11) + (8 - 5)) , 42
2020.09.10-10.52.25,v1.06-1-g6e06c66,87 , 25 , (8 5 5 11 2) , 125 , (5 * 5) , 10
2020.09.10-10.52.25,v1.06-1-g6e06c66,88 , 25 , (8 5 5 11 2) , 795 , (5 * 5) , 81
2020.09.10-10.52.25,v1.06-1-g6e06c66,89 , 25 , (8 5 5 11 2) , 75 , (5 * 5) , 3
2020.09.10-10.52.25,v1.06-1-g6e06c66,90 , 25 , (8 5 5 11 2) , 254 , (5 * 5) , 29
2020.09.10-10.52.25,v1.06-1-g6e06c66,91 , 25 , (8 5 5 11 2) , 306 , (5 * 5) , 9
2020.09.10-10.52.25,v1.06-1-g6e06c66,92 , 25 , (8 5 5 11 2) , 64 , (5 * 5) , 1
2020.09.10-10.52.25,v1.06-1-g6e06c66,93 , 25 , (8 5 5 11 2) , 980 , ((11 * 2) + (8 - 5)) , 107
2020.09.10-10.52.25,v1.06-1-g6e06c66,94 , 25 , (8 5 5 11 2) , 115 , (5 * 5) , 0
2020.09.10-10.52.25,v1.06-1-g6e06c66,95 , 25 , (8 5 5 11 2) , 720 , (5 * 5) , 30
2020.09.10-10.52.25,v1.06-1-g6e06c66,96 , 25 , (8 5 5 11 2) , 67 , (5 * 5) , 10
2020.09.10-10.52.25,v1.06-1-g6e06c66,97 , 25 , (8 5 5 11 2) , 187 , (5 * 5) , 0
2020.09.10-10.52.25,v1.06-1-g6e06c66,98 , 25 , (8 5 5 11 2) , 27 , (5 * 5) , 0
2020.09.10-10.52.25,v1.06-1-g6e06c66,99 , 25 , (8 5 5 11 2) , 526 , (5 * 5) , 45
2020.09.10-10.52.25,v1.06-1-g6e06c66,0 , 81 , (9 7 2 25 18) , 322 , ((9 * 7) + 18) , 69
2020.09.10-10.52.25,v1.06-1-g6e06c66,1 , 81 , (9 7 2 25 18) , 95 , (9 * 9) , 14
2020.09.10-10.52.25,v1.06-1-g6e06c66,2 , 81 , (9 7 2 25 18) , 850 , ((9 * 7) + 18) , 231
2020.09.10-10.52.25,v1.06-1-g6e06c66,3 , 81 , (9 7 2 25 18) , 86 , (9 * 9) , 15
2020.09.10-10.52.25,v1.06-1-g6e06c66,4 , 81 , (9 7 2 25 18) , 336 , (9 * 9) , 70
2020.09.10-10.52.25,v1.06-1-g6e06c66,5 , 81 , (9 7 2 25 18) , 1725 , ((9 * 7) + 18) , 430
2020.09.10-10.52.25,v1.06-1-g6e06c66,6 , 81 , (9 7 2 25 18) , 310 , (9 * 9) , 70
2020.09.10-10.52.25,v1.06-1-g6e06c66,7 , 81 , (9 7 2 25 18) , 37 , (9 * 9) , 0
2020.09.10-10.52.25,v1.06-1-g6e06c66,8 , 81 , (9 7 2 25 18) , 145 , (9 * 9) , 37
2020.09.10-10.52.25,v1.06-1-g6e06c66,9 , 81 , (9 7 2 25 18) , 422 , ((7 * 9) + 18) , 74
2020.09.10-10.52.25,v1.06-1-g6e06c66,10 , 81 , (9 7 2 25 18) , 665 , (9 * 9) , 159
2020.09.10-10.52.25,v1.06-1-g6e06c66,11 , 81 , (9 7 2 25 18) , 287 , (9 * 9) , 54
2020.09.10-10.52.25,v1.06-1-g6e06c66,12 , 81 , (9 7 2 25 18) , 139 , ((9 * 7) + 18) , 18
2020.09.10-10.52.25,v1.06-1-g6e06c66,13 , 81 , (9 7 2 25 18) , 286 , ((9 * 7) + 18) , 26
2020.09.10-10.52.25,v1.06-1-g6e06c66,14 , 81 , (9 7 2 25 18) , 76 , (9 * 9) , 12
2020.09.10-10.52.25,v1.06-1-g6e06c66,15 , 81 , (9 7 2 25 18) , 460 , ((9 * 7) + 18) , 108
2020.09.10-10.52.25,v1.06-1-g6e06c66,16 , 81 , (9 7 2 25 18) , 446 , ((9 * 7) + 18) , 92
2020.09.10-10.52.25,v1.06-1-g6e06c66,17 , 81 , (9 7 2 25 18) , 1340 , ((9 * 7) + 18) , 344
2020.09.10-10.52.25,v1.06-1-g6e06c66,18 , 81 , (9 7 2 25 18) , 47 , (9 * 9) , 0
2020.09.10-10.52.25,v1.06-1-g6e06c66,19 , 81 , (9 7 2 25 18) , 802 , ((9 * 7) + 18) , 190
2020.09.10-10.52.25,v1.06-1-g6e06c66,20 , 81 , (9 7 2 25 18) , 24 , (9 * 9) , 0
2020.09.10-10.52.25,v1.06-1-g6e06c66,21 , 81 , (9 7 2 25 18) , 233 , ((9 * 7) + 18) , 35
2020.09.10-10.52.25,v1.06-1-g6e06c66,22 , 81 , (9 7 2 25 18) , 705 , (9 * 9) , 186
2020.09.10-10.52.25,v1.06-1-g6e06c66,23 , 81 , (9 7 2 25 18) , 375 , (9 * 9) , 87
2020.09.10-10.52.25,v1.06-1-g6e06c66,24 , 81 , (9 7 2 25 18) , 336 , ((9 * 7) + 18) , 65
2020.09.10-10.52.25,v1.06-1-g6e06c66,25 , 81 , (9 7 2 25 18) , 1186 , (9 * 9) , 336
2020.09.10-10.52.25,v1.06-1-g6e06c66,26 , 81 , (9 7 2 25 18) , 720 , ((9 * 7) + 18) , 181
2020.09.10-10.52.25,v1.06-1-g6e06c66,27 , 81 , (9 7 2 25 18) , 385 , ((9 * 7) + 18) , 114
2020.09.10-10.52.25,v1.06-1-g6e06c66,28 , 81 , (9 7 2 25 18) , 79 , ((9 * 7) + 18) , 1
2020.09.10-10.52.25,v1.06-1-g6e06c66,29 , 81 , (9 7 2 25 18) , 167 , ((9 * 7) + 18) , 31
2020.09.10-10.52.25,v1.06-1-g6e06c66,30 , 81 , (9 7 2 25 18) , 249 , ((9 * 7) + 18) , 57
2020.09.10-10.52.25,v1.06-1-g6e06c66,31 , 81 , (9 7 2 25 18) , 44 , (9 * 9) , 1
2020.09.10-10.52.25,v1.06-1-g6e06c66,32 , 81 , (9 7 2 25 18) , 246 , ((7 * 9) + 18) , 47
2020.09.10-10.52.25,v1.06-1-g6e06c66,33 , 81 , (9 7 2 25 18) , 98 , ((9 * 7) + 18) , 1
2020.09.10-10.52.25,v1.06-1-g6e06c66,34 , 81 , (9 7 2 25 18) , 108 , (9 * 9) , 12
2020.09.10-10.52.25,v1.06-1-g6e06c66,35 , 81 , (9 7 2 25 18) , 891 , ((7 * 9) + 18) , 203
2020.09.10-10.52.25,v1.06-1-g6e06c66,36 , 81 , (9 7 2 25 18) , 56 , (9 * 9) , 2
2020.09.10-10.52.25,v1.06-1-g6e06c66,37 , 81 , (9 7 2 25 18) , 258 , ((9 * 7) + 18) , 51
2020.09.10-10.52.25,v1.06-1-g6e06c66,38 , 81 , (9 7 2 25 18) , 37 , (9 * 9) , 0
2020.09.10-10.52.25,v1.06-1-g6e06c66,39 , 81 , (9 7 2 25 18) , 81 , ((9 * 7) + 18) , 11
2020.09.10-10.52.25,v1.06-1-g6e06c66,40 , 81 , (9 7 2 25 18) , 707 , (9 * 9) , 164
2020.09.10-10.52.25,v1.06-1-g6e06c66,41 , 81 , (9 7 2 25 18) , 390 , ((9 * 7) + 18) , 84
2020.09.10-10.52.25,v1.06-1-g6e06c66,42 , 81 , (9 7 2 25 18) , 650 , ((9 * 7) + 18) , 170
2020.09.10-10.52.25,v1.06-1-g6e06c66,43 , 81 , (9 7 2 25 18) , 350 , ((9 * 7) + 18) , 61
2020.09.10-10.52.25,v1.06-1-g6e06c66,44 , 81 , (9 7 2 25 18) , 576 , (9 * 9) , 147
2020.09.10-10.52.25,v1.06-1-g6e06c66,45 , 81 , (9 7 2 25 18) , 75 , (9 * 9) , 14
2020.09.10-10.52.25,v1.06-1-g6e06c66,46 , 81 , (9 7 2 25 18) , 269 , ((9 * 7) + 18) , 50
2020.09.10-10.52.25,v1.06-1-g6e06c66,47 , 81 , (9 7 2 25 18) , 727 , ((9 * 7) + 18) , 151
2020.09.10-10.52.25,v1.06-1-g6e06c66,48 , 81 , (9 7 2 25 18) , 55 , (9 * 9) , 8
2020.09.10-10.52.25,v1.06-1-g6e06c66,49 , 81 , (9 7 2 25 18) , 458 , ((7 * 9) + 18) , 101
2020.09.10-10.52.25,v1.06-1-g6e06c66,50 , 81 , (9 7 2 25 18) , 114 , (9 * 9) , 24
2020.09.10-10.52.25,v1.06-1-g6e06c66,51 , 81 , (9 7 2 25 18) , 94 , ((7 * 9) + 18) , 16
2020.09.10-10.52.25,v1.06-1-g6e06c66,52 , 81 , (9 7 2 25 18) , 673 , ((7 * 9) + 18) , 141
2020.09.10-10.52.25,v1.06-1-g6e06c66,53 , 81 , (9 7 2 25 18) , 235 , ((9 * 7) + 18) , 29
2020.09.10-10.52.25,v1.06-1-g6e06c66,54 , 81 , (9 7 2 25 18) , 270 , ((9 * 7) + 18) , 54
2020.09.10-10.52.25,v1.06-1-g6e06c66,55 , 81 , (9 7 2 25 18) , 627 , (9 * 9) , 163
2020.09.10-10.52.25,v1.06-1-g6e06c66,56 , 81 , (9 7 2 25 18) , 306 , ((7 * 9) + 18) , 61
2020.09.10-10.52.25,v1.06-1-g6e06c66,57 , 81 , (9 7 2 25 18) , 44 , (9 * 9) , 1
2020.09.10-10.52.25,v1.06-1-g6e06c66,58 , 81 , (9 7 2 25 18) , 650 , ((9 * 7) + 18) , 151
2020.09.10-10.52.25,v1.06-1-g6e06c66,59 , 81 , (9 7 2 25 18) , 196 , ((9 * 7) + 18) , 45
2020.09.10-10.52.25,v1.06-1-g6e06c66,60 , 81 , (9 7 2 25 18) , 66 , (9 * 9) , 2
2020.09.10-10.52.25,v1.06-1-g6e06c66,61 , 81 , (9 7 2 25 18) , 45 , (9 * 9) , 3
2020.09.10-10.52.25,v1.06-1-g6e06c66,62 , 81 , (9 7 2 25 18) , 79 , ((9 * 7) + 18) , 1
2020.09.10-10.52.25,v1.06-1-g6e06c66,63 , 81 , (9 7 2 25 18) , 28 , (9 * 9) , 0
2020.09.10-10.52.25,v1.06-1-g6e06c66,64 , 81 , (9 7 2 25 18) , 500 , ((7 * 9) + 18) , 118
2020.09.10-10.52.25,v1.06-1-g6e06c66,65 , 81 , (9 7 2 25 18) , 149 , ((7 * 9) + 18) , 17
2020.09.10-10.52.25,v1.06-1-g6e06c66,66 , 81 , (9 7 2 25 18) , 785 , (9 * 9) , 183
2020.09.10-10.52.25,v1.06-1-g6e06c66,67 , 81 , (9 7 2 25 18) , 574 , ((9 * 7) + 18) , 121
2020.09.10-10.52.25,v1.06-1-g6e06c66,68 , 81 , (9 7 2 25 18) , 268 , ((7 * 9) + (2 * 9)) , 80
2020.09.10-10.52.25,v1.06-1-g6e06c66,69 , 81 , (9 7 2 25 18) , 253 , ((9 * 7) + 18) , 49
2020.09.10-10.52.25,v1.06-1-g6e06c66,70 , 81 , (9 7 2 25 18) , 55 , (9 * 9) , 4
2020.09.10-10.52.25,v1.06-1-g6e06c66,71 , 81 , (9 7 2 25 18) , 104 , (9 * 9) , 26
2020.09.10-10.52.25,v1.06-1-g6e06c66,72 , 81 , (9 7 2 25 18) , 226 , ((9 * 7) + 18) , 27
2020.09.10-10.52.25,v1.06-1-g6e06c66,73 , 81 , (9 7 2 25 18) , 1043 , ((9 * 7) + 18) , 248
2020.09.10-10.52.25,v1.06-1-g6e06c66,74 , 81 , (9 7 2 25 18) , 75 , (9 * 9) , 16
2020.09.10-10.52.25,v1.06-1-g6e06c66,75 , 81 , (9 7 2 25 18) , 986 , ((9 * 7) + 18) , 262
2020.09.10-10.52.25,v1.06-1-g6e06c66,76 , 81 , (9 7 2 25 18) , 356 , ((9 * 7) + 18) , 74
2020.09.10-10.52.25,v1.06-1-g6e06c66,77 , 81 , (9 7 2 25 18) , 2000 , none,  540
2020.09.10-10.52.25,v1.06-1-g6e06c66,78 , 81 , (9 7 2 25 18) , 47 , (9 * 9) , 0
2020.09.10-10.52.25,v1.06-1-g6e06c66,79 , 81 , (9 7 2 25 18) , 441 , ((9 * 7) + 18) , 100
2020.09.10-10.52.25,v1.06-1-g6e06c66,80 , 81 , (9 7 2 25 18) , 29 , (9 * 9) , 0
2020.09.10-10.52.25,v1.06-1-g6e06c66,81 , 81 , (9 7 2 25 18) , 529 , ((7 * 9) + 18) , 98
2020.09.10-10.52.25,v1.06-1-g6e06c66,82 , 81 , (9 7 2 25 18) , 46 , (9 * 9) , 2
2020.09.10-10.52.25,v1.06-1-g6e06c66,83 , 81 , (9 7 2 25 18) , 248 , (9 * 9) , 41
2020.09.10-10.52.25,v1.06-1-g6e06c66,84 , 81 , (9 7 2 25 18) , 54 , ((9 * 7) + 18) , 1
2020.09.10-10.52.25,v1.06-1-g6e06c66,85 , 81 , (9 7 2 25 18) , 80 , ((9 * 7) + 18) , 9
2020.09.10-10.52.25,v1.06-1-g6e06c66,86 , 81 , (9 7 2 25 18) , 55 , (9 * 9) , 9
2020.09.10-10.52.25,v1.06-1-g6e06c66,87 , 81 , (9 7 2 25 18) , 105 , (9 * 9) , 21
2020.09.10-10.52.25,v1.06-1-g6e06c66,88 , 81 , (9 7 2 25 18) , 725 , (9 * 9) , 179
2020.09.10-10.52.25,v1.06-1-g6e06c66,89 , 81 , (9 7 2 25 18) , 513 , ((7 * 9) + 18) , 113
2020.09.10-10.52.25,v1.06-1-g6e06c66,90 , 81 , (9 7 2 25 18) , 49 , (9 * 9) , 1
2020.09.10-10.52.25,v1.06-1-g6e06c66,91 , 81 , (9 7 2 25 18) , 124 , ((9 * 7) + 18) , 23
2020.09.10-10.52.25,v1.06-1-g6e06c66,92 , 81 , (9 7 2 25 18) , 275 , (9 * 9) , 53
2020.09.10-10.52.25,v1.06-1-g6e06c66,93 , 81 , (9 7 2 25 18) , 656 , ((9 * 7) + 18) , 156
2020.09.10-10.52.25,v1.06-1-g6e06c66,94 , 81 , (9 7 2 25 18) , 334 , ((9 * 7) + 18) , 66
2020.09.10-10.52.25,v1.06-1-g6e06c66,95 , 81 , (9 7 2 25 18) , 27 , (9 * 9) , 0
2020.09.10-10.52.25,v1.06-1-g6e06c66,96 , 81 , (9 7 2 25 18) , 320 , ((7 * 9) + 18) , 57
2020.09.10-10.52.25,v1.06-1-g6e06c66,97 , 81 , (9 7 2 25 18) , 236 , ((9 * 7) + 18) , 50
2020.09.10-10.52.25,v1.06-1-g6e06c66,98 , 81 , (9 7 2 25 18) , 406 , (9 * 9) , 99
2020.09.10-10.52.25,v1.06-1-g6e06c66,99 , 81 , (9 7 2 25 18) , 797 , ((7 * 9) + 18) , 147
2020.09.10-10.52.25,v1.06-1-g6e06c66,0 , 6 , (3 3 17 11 22) , 57 , (3 + 3) , 2
2020.09.10-10.52.25,v1.06-1-g6e06c66,1 , 6 , (3 3 17 11 22) , 83 , (3 + 3) , 0
2020.09.10-10.52.25,v1.06-1-g6e06c66,2 , 6 , (3 3 17 11 22) , 87 , (3 + 3) , 10
2020.09.10-10.52.25,v1.06-1-g6e06c66,3 , 6 , (3 3 17 11 22) , 285 , (3 + 3) , 48
2020.09.10-10.52.25,v1.06-1-g6e06c66,4 , 6 , (3 3 17 11 22) , 29 , (3 + 3) , 0
2020.09.10-10.52.25,v1.06-1-g6e06c66,5 , 6 , (3 3 17 11 22) , 85 , (3 + 3) , 11
2020.09.10-10.52.25,v1.06-1-g6e06c66,6 , 6 , (3 3 17 11 22) , 23 , (3 + 3) , 0
2020.09.10-10.52.25,v1.06-1-g6e06c66,7 , 6 , (3 3 17 11 22) , 23 , (3 + 3) , 0
2020.09.10-10.52.25,v1.06-1-g6e06c66,8 , 6 , (3 3 17 11 22) , 173 , (3 + 3) , 38
2020.09.10-10.52.25,v1.06-1-g6e06c66,9 , 6 , (3 3 17 11 22) , 268 , (3 + 3) , 36
2020.09.10-10.52.25,v1.06-1-g6e06c66,10 , 6 , (3 3 17 11 22) , 45 , (3 + 3) , 0
2020.09.10-10.52.25,v1.06-1-g6e06c66,11 , 6 , (3 3 17 11 22) , 184 , (3 + 3) , 21
2020.09.10-10.52.25,v1.06-1-g6e06c66,12 , 6 , (3 3 17 11 22) , 29 , (3 + 3) , 0
2020.09.10-10.52.25,v1.06-1-g6e06c66,13 , 6 , (3 3 17 11 22) , 19 , (3 + 3) , 0
2020.09.10-10.52.25,v1.06-1-g6e06c66,14 , 6 , (3 3 17 11 22) , 234 , (3 + 3) , 15
2020.09.10-10.52.25,v1.06-1-g6e06c66,15 , 6 , (3 3 17 11 22) , 27 , (3 + 3) , 0
2020.09.10-10.52.25,v1.06-1-g6e06c66,16 , 6 , (3 3 17 11 22) , 25 , (3 + 3) , 0
2020.09.10-10.52.25,v1.06-1-g6e06c66,17 , 6 , (3 3 17 11 22) , 487 , (3 + 3) , 94
2020.09.10-10.52.25,v1.06-1-g6e06c66,18 , 6 , (3 3 17 11 22) , 20 , (3 + 3) , 0
2020.09.10-10.52.25,v1.06-1-g6e06c66,19 , 6 , (3 3 17 11 22) , 35 , (3 + 3) , 0
2020.09.10-10.52.25,v1.06-1-g6e06c66,20 , 6 , (3 3 17 11 22) , 135 , (3 + 3) , 17
2020.09.10-10.52.25,v1.06-1-g6e06c66,21 , 6 , (3 3 17 11 22) , 93 , (3 + 3) , 10
2020.09.10-10.52.25,v1.06-1-g6e06c66,22 , 6 , (3 3 17 11 22) , 17 , (3 + 3) , 0
2020.09.10-10.52.25,v1.06-1-g6e06c66,23 , 6 , (3 3 17 11 22) , 28 , (3 + 3) , 0
2020.09.10-10.52.25,v1.06-1-g6e06c66,24 , 6 , (3 3 17 11 22) , 124 , (3 + 3) , 5
2020.09.10-10.52.25,v1.06-1-g6e06c66,25 , 6 , (3 3 17 11 22) , 166 , (3 + 3) , 16
2020.09.10-10.52.25,v1.06-1-g6e06c66,26 , 6 , (3 3 17 11 22) , 28 , (3 + 3) , 0
2020.09.10-10.52.25,v1.06-1-g6e06c66,27 , 6 , (3 3 17 11 22) , 84 , (3 + 3) , 5
2020.09.10-10.52.25,v1.06-1-g6e06c66,28 , 6 , (3 3 17 11 22) , 68 , (3 + 3) , 3
2020.09.10-10.52.25,v1.06-1-g6e06c66,29 , 6 , (3 3 17 11 22) , 37 , (3 + 3) , 0
2020.09.10-10.52.25,v1.06-1-g6e06c66,30 , 6 , (3 3 17 11 22) , 37 , (3 + 3) , 0
2020.09.10-10.52.25,v1.06-1-g6e06c66,31 , 6 , (3 3 17 11 22) , 22 , (3 + 3) , 0
2020.09.10-10.52.25,v1.06-1-g6e06c66,32 , 6 , (3 3 17 11 22) , 23 , (3 + 3) , 0
2020.09.10-10.52.25,v1.06-1-g6e06c66,33 , 6 , (3 3 17 11 22) , 25 , (3 + 3) , 0
2020.09.10-10.52.25,v1.06-1-g6e06c66,34 , 6 , (3 3 17 11 22) , 36 , (3 + 3) , 0
2020.09.10-10.52.25,v1.06-1-g6e06c66,35 , 6 , (3 3 17 11 22) , 235 , (3 + 3) , 41
2020.09.10-10.52.25,v1.06-1-g6e06c66,36 , 6 , (3 3 17 11 22) , 24 , (3 + 3) , 0
2020.09.10-10.52.25,v1.06-1-g6e06c66,37 , 6 , (3 3 17 11 22) , 54 , (3 + 3) , 0
2020.09.10-10.52.25,v1.06-1-g6e06c66,38 , 6 , (3 3 17 11 22) , 20 , (3 + 3) , 0
2020.09.10-10.52.25,v1.06-1-g6e06c66,39 , 6 , (3 3 17 11 22) , 23 , (3 + 3) , 0
2020.09.10-10.52.25,v1.06-1-g6e06c66,40 , 6 , (3 3 17 11 22) , 29 , (3 + 3) , 0
2020.09.10-10.52.25,v1.06-1-g6e06c66,41 , 6 , (3 3 17 11 22) , 26 , (3 + 3) , 0
2020.09.10-10.52.25,v1.06-1-g6e06c66,42 , 6 , (3 3 17 11 22) , 37 , (3 + 3) , 0
2020.09.10-10.52.25,v1.06-1-g6e06c66,43 , 6 , (3 3 17 11 22) , 37 , (3 + 3) , 0
2020.09.10-10.52.25,v1.06-1-g6e06c66,44 , 6 , (3 3 17 11 22) , 145 , (3 + 3) , 35
2020.09.10-10.52.25,v1.06-1-g6e06c66,45 , 6 , (3 3 17 11 22) , 185 , (3 + 3) , 34
2020.09.10-10.52.25,v1.06-1-g6e06c66,46 , 6 , (3 3 17 11 22) , 336 , (3 + 3) , 54
2020.09.10-10.52.25,v1.06-1-g6e06c66,47 , 6 , (3 3 17 11 22) , 374 , (3 + 3) , 52
2020.09.10-10.52.25,v1.06-1-g6e06c66,48 , 6 , (3 3 17 11 22) , 260 , (3 + 3) , 48
2020.09.10-10.52.25,v1.06-1-g6e06c66,49 , 6 , (3 3 17 11 22) , 25 , (3 + 3) , 0
2020.09.10-10.52.25,v1.06-1-g6e06c66,50 , 6 , (3 3 17 11 22) , 55 , (3 + 3) , 0
2020.09.10-10.52.25,v1.06-1-g6e06c66,51 , 6 , (3 3 17 11 22) , 555 , (3 + 3) , 89
2020.09.10-10.52.25,v1.06-1-g6e06c66,52 , 6 , (3 3 17 11 22) , 25 , (3 + 3) , 0
2020.09.10-10.52.25,v1.06-1-g6e06c66,53 , 6 , (3 3 17 11 22) , 384 , (3 + 3) , 55
2020.09.10-10.52.25,v1.06-1-g6e06c66,54 , 6 , (3 3 17 11 22) , 219 , (3 + 3) , 17
2020.09.10-10.52.25,v1.06-1-g6e06c66,55 , 6 , (3 3 17 11 22) , 20 , (3 + 3) , 0
2020.09.10-10.52.25,v1.06-1-g6e06c66,56 , 6 , (3 3 17 11 22) , 27 , (3 + 3) , 0
2020.09.10-10.52.25,v1.06-1-g6e06c66,57 , 6 , (3 3 17 11 22) , 76 , (3 + 3) , 0
2020.09.10-10.52.25,v1.06-1-g6e06c66,58 , 6 , (3 3 17 11 22) , 22 , (3 + 3) , 0
2020.09.10-10.52.25,v1.06-1-g6e06c66,59 , 6 , (3 3 17 11 22) , 235 , (3 + 3) , 29
2020.09.10-10.52.25,v1.06-1-g6e06c66,60 , 6 , (3 3 17 11 22) , 63 , (3 + 3) , 5
2020.09.10-10.52.25,v1.06-1-g6e06c66,61 , 6 , (3 3 17 11 22) , 145 , (3 + 3) , 10
2020.09.10-10.52.25,v1.06-1-g6e06c66,62 , 6 , (3 3 17 11 22) , 41 , (3 + 3) , 0
2020.09.10-10.52.25,v1.06-1-g6e06c66,63 , 6 , (3 3 17 11 22) , 25 , (3 + 3) , 0
2020.09.10-10.52.25,v1.06-1-g6e06c66,64 , 6 , (3 3 17 11 22) , 25 , (3 + 3) , 0
2020.09.10-10.52.25,v1.06-1-g6e06c66,65 , 6 , (3 3 17 11 22) , 48 , (3 + 3) , 0
2020.09.10-10.52.25,v1.06-1-g6e06c66,66 , 6 , (3 3 17 11 22) , 45 , (3 + 3) , 2
2020.09.10-10.52.25,v1.06-1-g6e06c66,67 , 6 , (3 3 17 11 22) , 39 , (3 + 3) , 0
2020.09.10-10.52.25,v1.06-1-g6e06c66,68 , 6 , (3 3 17 11 22) , 25 , (3 + 3) , 0
2020.09.10-10.52.25,v1.06-1-g6e06c66,69 , 6 , (3 3 17 11 22) , 105 , (3 + 3) , 13
2020.09.10-10.52.25,v1.06-1-g6e06c66,70 , 6 , (3 3 17 11 22) , 280 , (3 + 3) , 46
2020.09.10-10.52.25,v1.06-1-g6e06c66,71 , 6 , (3 3 17 11 22) , 500 , (3 + 3) , 106
2020.09.10-10.52.25,v1.06-1-g6e06c66,72 , 6 , (3 3 17 11 22) , 49 , (3 + 3) , 0
2020.09.10-10.52.25,v1.06-1-g6e06c66,73 , 6 , (3 3 17 11 22) , 19 , (3 + 3) , 0
2020.09.10-10.52.25,v1.06-1-g6e06c66,74 , 6 , (3 3 17 11 22) , 33 , (3 + 3) , 0
2020.09.10-10.52.25,v1.06-1-g6e06c66,75 , 6 , (3 3 17 11 22) , 495 , (3 + 3) , 101
2020.09.10-10.52.25,v1.06-1-g6e06c66,76 , 6 , (3 3 17 11 22) , 60 , (3 + 3) , 0
2020.09.10-10.52.25,v1.06-1-g6e06c66,77 , 6 , (3 3 17 11 22) , 235 , (3 + 3) , 44
2020.09.10-10.52.25,v1.06-1-g6e06c66,78 , 6 , (3 3 17 11 22) , 30 , (3 + 3) , 0
2020.09.10-10.52.25,v1.06-1-g6e06c66,79 , 6 , (3 3 17 11 22) , 56 , (3 + 3) , 0
2020.09.10-10.52.25,v1.06-1-g6e06c66,80 , 6 , (3 3 17 11 22) , 555 , (3 + 3) , 77
2020.09.10-10.52.25,v1.06-1-g6e06c66,81 , 6 , (3 3 17 11 22) , 69 , (3 + 3) , 2
2020.09.10-10.52.25,v1.06-1-g6e06c66,82 , 6 , (3 3 17 11 22) , 85 , (3 + 3) , 13
2020.09.10-10.52.25,v1.06-1-g6e06c66,83 , 6 , (3 3 17 11 22) , 145 , (3 + 3) , 27
2020.09.10-10.52.25,v1.06-1-g6e06c66,84 , 6 , (3 3 17 11 22) , 29 , (3 + 3) , 0
2020.09.10-10.52.25,v1.06-1-g6e06c66,85 , 6 , (3 3 17 11 22) , 155 , (3 + 3) , 21
2020.09.10-10.52.25,v1.06-1-g6e06c66,86 , 6 , (3 3 17 11 22) , 24 , (3 + 3) , 0
2020.09.10-10.52.25,v1.06-1-g6e06c66,87 , 6 , (3 3 17 11 22) , 31 , (3 + 3) , 0
2020.09.10-10.52.25,v1.06-1-g6e06c66,88 , 6 , (3 3 17 11 22) , 26 , (3 + 3) , 0
2020.09.10-10.52.25,v1.06-1-g6e06c66,89 , 6 , (3 3 17 11 22) , 457 , (3 + 3) , 55
2020.09.10-10.52.25,v1.06-1-g6e06c66,90 , 6 , (3 3 17 11 22) , 45 , (3 + 3) , 2
2020.09.10-10.52.25,v1.06-1-g6e06c66,91 , 6 , (3 3 17 11 22) , 19 , (3 + 3) , 0
2020.09.10-10.52.25,v1.06-1-g6e06c66,92 , 6 , (3 3 17 11 22) , 105 , (3 + 3) , 17
2020.09.10-10.52.25,v1.06-1-g6e06c66,93 , 6 , (3 3 17 11 22) , 25 , (3 + 3) , 0
2020.09.10-10.52.25,v1.06-1-g6e06c66,94 , 6 , (3 3 17 11 22) , 36 , (3 + 3) , 0
2020.09.10-10.52.25,v1.06-1-g6e06c66,95 , 6 , (3 3 17 11 22) , 26 , (3 + 3) , 0
2020.09.10-10.52.25,v1.06-1-g6e06c66,96 , 6 , (3 3 17 11 22) , 20 , (3 + 3) , 0
2020.09.10-10.52.25,v1.06-1-g6e06c66,97 , 6 , (3 3 17 11 22) , 165 , (3 + 3) , 22
2020.09.10-10.52.25,v1.06-1-g6e06c66,98 , 6 , (3 3 17 11 22) , 17 , (3 + 3) , 0
2020.09.10-10.52.25,v1.06-1-g6e06c66,99 , 6 , (3 3 17 11 22) , 596 , (3 + 3) , 120
2020.09.10-10.52.25,v1.06-1-g6e06c66,0 , 11 , (2 5 1 25 23) , 108 , ((2 * 5) + 1) , 10
2020.09.10-10.52.25,v1.06-1-g6e06c66,1 , 11 , (2 5 1 25 23) , 42 , ((5 * 2) + 1) , 3
2020.09.10-10.52.25,v1.06-1-g6e06c66,2 , 11 , (2 5 1 25 23) , 37 , ((2 * 5) + 1) , 0
2020.09.10-10.52.25,v1.06-1-g6e06c66,3 , 11 , (2 5 1 25 23) , 860 , ((5 * 2) + 1) , 193
2020.09.10-10.52.25,v1.06-1-g6e06c66,4 , 11 , (2 5 1 25 23) , 54 , ((2 * 5) + 1) , 1
2020.09.10-10.52.25,v1.06-1-g6e06c66,5 , 11 , (2 5 1 25 23) , 49 , ((5 * 2) + 1) , 0
2020.09.10-10.52.25,v1.06-1-g6e06c66,6 , 11 , (2 5 1 25 23) , 37 , ((5 * 2) + 1) , 0
2020.09.10-10.52.25,v1.06-1-g6e06c66,7 , 11 , (2 5 1 25 23) , 746 , ((2 * 5) + 1) , 132
2020.09.10-10.52.25,v1.06-1-g6e06c66,8 , 11 , (2 5 1 25 23) , 128 , ((5 * 2) + 1) , 25
2020.09.10-10.52.25,v1.06-1-g6e06c66,9 , 11 , (2 5 1 25 23) , 198 , ((5 * 2) + 1) , 29
2020.09.10-10.52.25,v1.06-1-g6e06c66,10 , 11 , (2 5 1 25 23) , 125 , ((5 * 2) + 1) , 20
2020.09.10-10.52.25,v1.06-1-g6e06c66,11 , 11 , (2 5 1 25 23) , 289 , ((2 * 5) + 1) , 48
2020.09.10-10.52.25,v1.06-1-g6e06c66,12 , 11 , (2 5 1 25 23) , 1826 , ((5 * 2) + 1) , 397
2020.09.10-10.52.25,v1.06-1-g6e06c66,13 , 11 , (2 5 1 25 23) , 50 , ((5 * 2) + 1) , 1
2020.09.10-10.52.25,v1.06-1-g6e06c66,14 , 11 , (2 5 1 25 23) , 66 , ((2 * 5) + 1) , 7
2020.09.10-10.52.25,v1.06-1-g6e06c66,15 , 11 , (2 5 1 25 23) , 666 , ((2 * 5) + 1) , 121
2020.09.10-10.52.25,v1.06-1-g6e06c66,16 , 11 , (2 5 1 25 23) , 439 , ((2 * 5) + 1) , 79
2020.09.10-10.52.25,v1.06-1-g6e06c66,17 , 11 , (2 5 1 25 23) , 727 , ((5 * 2) + 1) , 141
2020.09.10-10.52.25,v1.06-1-g6e06c66,18 , 11 , (2 5 1 25 23) , 65 , ((5 * 2) + 1) , 0
2020.09.10-10.52.25,v1.06-1-g6e06c66,19 , 11 , (2 5 1 25 23) , 756 , ((2 * 5) + 1) , 186
2020.09.10-10.52.25,v1.06-1-g6e06c66,20 , 11 , (2 5 1 25 23) , 43 , ((5 * 2) + 1) , 0
2020.09.10-10.52.25,v1.06-1-g6e06c66,21 , 11 , (2 5 1 25 23) , 139 , ((5 * 2) + 1) , 11
2020.09.10-10.52.25,v1.06-1-g6e06c66,22 , 11 , (2 5 1 25 23) , 160 , ((2 * 5) + 1) , 24
2020.09.10-10.52.25,v1.06-1-g6e06c66,23 , 11 , (2 5 1 25 23) , 165 , ((2 * 5) + 1) , 7
2020.09.10-10.52.25,v1.06-1-g6e06c66,24 , 11 , (2 5 1 25 23) , 88 , ((5 * 2) + 1) , 5
2020.09.10-10.52.25,v1.06-1-g6e06c66,25 , 11 , (2 5 1 25 23) , 1708 , ((5 * 2) + 1) , 363
2020.09.10-10.52.25,v1.06-1-g6e06c66,26 , 11 , (2 5 1 25 23) , 46 , ((5 * 2) + 1) , 0
2020.09.10-10.52.25,v1.06-1-g6e06c66,27 , 11 , (2 5 1 25 23) , 77 , ((5 * 2) + 1) , 0
2020.09.10-10.52.25,v1.06-1-g6e06c66,28 , 11 , (2 5 1 25 23) , 88 , ((5 * 2) + 1) , 4
2020.09.10-10.52.25,v1.06-1-g6e06c66,29 , 11 , (2 5 1 25 23) , 51 , ((5 * 2) + 1) , 0
2020.09.10-10.52.25,v1.06-1-g6e06c66,30 , 11 , (2 5 1 25 23) , 55 , ((2 * 5) + 1) , 0
2020.09.10-10.52.25,v1.06-1-g6e06c66,31 , 11 , (2 5 1 25 23) , 141 , ((5 * 2) + 1) , 20
2020.09.10-10.52.25,v1.06-1-g6e06c66,32 , 11 , (2 5 1 25 23) , 530 , ((5 * 2) + 1) , 110
2020.09.10-10.52.25,v1.06-1-g6e06c66,33 , 11 , (2 5 1 25 23) , 58 , ((2 * 5) + 1) , 9
2020.09.10-10.52.25,v1.06-1-g6e06c66,34 , 11 , (2 5 1 25 23) , 59 , ((2 * 5) + 1) , 6
2020.09.10-10.52.25,v1.06-1-g6e06c66,35 , 11 , (2 5 1 25 23) , 305 , ((5 * 2) + 1) , 31
2020.09.10-10.52.25,v1.06-1-g6e06c66,36 , 11 , (2 5 1 25 23) , 50 , ((2 * 5) + 1) , 0
2020.09.10-10.52.25,v1.06-1-g6e06c66,37 , 11 , (2 5 1 25 23) , 560 , ((5 * 2) + 1) , 139
2020.09.10-10.52.25,v1.06-1-g6e06c66,38 , 11 , (2 5 1 25 23) , 67 , ((2 * 5) + 1) , 0
2020.09.10-10.52.25,v1.06-1-g6e06c66,39 , 11 , (2 5 1 25 23) , 253 , ((5 * 2) + 1) , 30
2020.09.10-10.52.25,v1.06-1-g6e06c66,40 , 11 , (2 5 1 25 23) , 790 , ((5 * 2) + 1) , 165
2020.09.10-10.52.25,v1.06-1-g6e06c66,41 , 11 , (2 5 1 25 23) , 291 , ((2 * 5) + 1) , 40
2020.09.10-10.52.25,v1.06-1-g6e06c66,42 , 11 , (2 5 1 25 23) , 55 , ((5 * 2) + 1) , 0
2020.09.10-10.52.25,v1.06-1-g6e06c66,43 , 11 , (2 5 1 25 23) , 413 , ((5 * 2) + 1) , 95
2020.09.10-10.52.25,v1.06-1-g6e06c66,44 , 11 , (2 5 1 25 23) , 138 , ((2 * 5) + 1) , 19
2020.09.10-10.52.25,v1.06-1-g6e06c66,45 , 11 , (2 5 1 25 23) , 198 , ((5 * 2) + 1) , 39
2020.09.10-10.52.25,v1.06-1-g6e06c66,46 , 11 , (2 5 1 25 23) , 178 , ((2 * 5) + 1) , 16
2020.09.10-10.52.25,v1.06-1-g6e06c66,47 , 11 , (2 5 1 25 23) , 87 , ((5 * 2) + 1) , 3
2020.09.10-10.52.25,v1.06-1-g6e06c66,48 , 11 , (2 5 1 25 23) , 128 , ((5 * 2) + 1) , 10
2020.09.10-10.52.25,v1.06-1-g6e06c66,49 , 11 , (2 5 1 25 23) , 127 , ((5 * 2) + 1) , 11
2020.09.10-10.52.25,v1.06-1-g6e06c66,50 , 11 , (2 5 1 25 23) , 270 , ((5 * 2) + 1) , 67
2020.09.10-10.52.25,v1.06-1-g6e06c66,51 , 11 , (2 5 1 25 23) , 77 , ((2 * 5) + 1) , 3
2020.09.10-10.52.25,v1.06-1-g6e06c66,52 , 11 , (2 5 1 25 23) , 430 , ((5 * 2) + 1) , 89
2020.09.10-10.52.25,v1.06-1-g6e06c66,53 , 11 , (2 5 1 25 23) , 47 , ((2 * 5) + 1) , 0
2020.09.10-10.52.25,v1.06-1-g6e06c66,54 , 11 , (2 5 1 25 23) , 256 , ((5 * 2) + 1) , 31
2020.09.10-10.52.25,v1.06-1-g6e06c66,55 , 11 , (2 5 1 25 23) , 70 , ((5 * 2) + 1) , 3
2020.09.10-10.52.25,v1.06-1-g6e06c66,56 , 11 , (2 5 1 25 23) , 868 , ((5 * 2) + 1) , 181
2020.09.10-10.52.25,v1.06-1-g6e06c66,57 , 11 , (2 5 1 25 23) , 58 , ((2 * 5) + 1) , 7
2020.09.10-10.52.25,v1.06-1-g6e06c66,58 , 11 , (2 5 1 25 23) , 158 , ((2 * 5) + 1) , 28
2020.09.10-10.52.25,v1.06-1-g6e06c66,59 , 11 , (2 5 1 25 23) , 43 , ((2 * 5) + 1) , 0
2020.09.10-10.52.25,v1.06-1-g6e06c66,60 , 11 , (2 5 1 25 23) , 31 , ((5 * 2) + 1) , 0
2020.09.10-10.52.25,v1.06-1-g6e06c66,61 , 11 , (2 5 1 25 23) , 115 , ((5 * 2) + 1) , 9
2020.09.10-10.52.25,v1.06-1-g6e06c66,62 , 11 , (2 5 1 25 23) , 890 , ((2 * 5) + 1) , 208
2020.09.10-10.52.25,v1.06-1-g6e06c66,63 , 11 , (2 5 1 25 23) , 636 , ((5 * 2) + 1) , 119
2020.09.10-10.52.25,v1.06-1-g6e06c66,64 , 11 , (2 5 1 25 23) , 65 , ((5 * 2) + 1) , 0
2020.09.10-10.52.25,v1.06-1-g6e06c66,65 , 11 , (2 5 1 25 23) , 683 , ((5 * 2) + 1) , 119
2020.09.10-10.52.25,v1.06-1-g6e06c66,66 , 11 , (2 5 1 25 23) , 55 , ((5 * 2) + 1) , 0
2020.09.10-10.52.25,v1.06-1-g6e06c66,67 , 11 , (2 5 1 25 23) , 28 , ((2 * 5) + 1) , 0
2020.09.10-10.52.25,v1.06-1-g6e06c66,68 , 11 , (2 5 1 25 23) , 248 , ((5 * 2) + 1) , 44
2020.09.10-10.52.25,v1.06-1-g6e06c66,69 , 11 , (2 5 1 25 23) , 183 , ((5 * 2) + 1) , 10
2020.09.10-10.52.25,v1.06-1-g6e06c66,70 , 11 , (2 5 1 25 23) , 72 , ((5 * 2) + 1) , 0
2020.09.10-10.52.25,v1.06-1-g6e06c66,71 , 11 , (2 5 1 25 23) , 619 , ((2 * 5) + 1) , 112
2020.09.10-10.52.25,v1.06-1-g6e06c66,72 , 11 , (2 5 1 25 23) , 64 , ((5 * 2) + 1) , 0
2020.09.10-10.52.25,v1.06-1-g6e06c66,73 , 11 , (2 5 1 25 23) , 100 , ((5 * 2) + 1) , 7
2020.09.10-10.52.25,v1.06-1-g6e06c66,74 , 11 , (2 5 1 25 23) , 61 , ((2 * 5) + 1) , 0
2020.09.10-10.52.25,v1.06-1-g6e06c66,75 , 11 , (2 5 1 25 23) , 456 , ((5 * 2) + 1) , 79
2020.09.10-10.52.25,v1.06-1-g6e06c66,76 , 11 , (2 5 1 25 23) , 1667 , ((5 * 2) + 1) , 353
2020.09.10-10.52.25,v1.06-1-g6e06c66,77 , 11 , (2 5 1 25 23) , 63 , ((5 * 2) + 1) , 0
2020.09.10-10.52.25,v1.06-1-g6e06c66,78 , 11 , (2 5 1 25 23) , 139 , ((5 * 2) + 1) , 16
2020.09.10-10.52.25,v1.06-1-g6e06c66,79 , 11 , (2 5 1 25 23) , 136 , ((5 * 2) + 1) , 15
2020.09.10-10.52.25,v1.06-1-g6e06c66,80 , 11 , (2 5 1 25 23) , 44 , ((5 * 2) + 1) , 0
2020.09.10-10.52.25,v1.06-1-g6e06c66,81 , 11 , (2 5 1 25 23) , 105 , ((2 * 5) + 1) , 0
2020.09.10-10.52.25,v1.06-1-g6e06c66,82 , 11 , (2 5 1 25 23) , 83 , ((5 * 2) + 1) , 0
2020.09.10-10.52.25,v1.06-1-g6e06c66,83 , 11 , (2 5 1 25 23) , 137 , ((5 * 2) + 1) , 15
2020.09.10-10.52.25,v1.06-1-g6e06c66,84 , 11 , (2 5 1 25 23) , 69 , ((2 * 5) + 1) , 7
2020.09.10-10.52.25,v1.06-1-g6e06c66,85 , 11 , (2 5 1 25 23) , 95 , ((5 * 2) + 1) , 5
2020.09.10-10.52.25,v1.06-1-g6e06c66,86 , 11 , (2 5 1 25 23) , 95 , ((5 * 2) + 1) , 5
2020.09.10-10.52.25,v1.06-1-g6e06c66,87 , 11 , (2 5 1 25 23) , 429 , ((5 * 2) + 1) , 71
2020.09.10-10.52.25,v1.06-1-g6e06c66,88 , 11 , (2 5 1 25 23) , 149 , ((5 * 2) + 1) , 20
2020.09.10-10.52.25,v1.06-1-g6e06c66,89 , 11 , (2 5 1 25 23) , 67 , ((5 * 2) + 1) , 4
2020.09.10-10.52.25,v1.06-1-g6e06c66,90 , 11 , (2 5 1 25 23) , 50 , ((5 * 2) + 1) , 0
2020.09.10-10.52.25,v1.06-1-g6e06c66,91 , 11 , (2 5 1 25 23) , 69 , ((2 * 5) + 1) , 0
2020.09.10-10.52.25,v1.06-1-g6e06c66,92 , 11 , (2 5 1 25 23) , 1534 , ((5 * 2) + 1) , 355
2020.09.10-10.52.25,v1.06-1-g6e06c66,93 , 11 , (2 5 1 25 23) , 45 , ((5 * 2) + 1) , 8
2020.09.10-10.52.25,v1.06-1-g6e06c66,94 , 11 , (2 5 1 25 23) , 232 , ((5 * 2) + 1) , 38
2020.09.10-10.52.25,v1.06-1-g6e06c66,95 , 11 , (2 5 1 25 23) , 80 , ((5 * 2) + 1) , 12
2020.09.10-10.52.25,v1.06-1-g6e06c66,96 , 11 , (2 5 1 25 23) , 87 , ((2 * 5) + 1) , 3
2020.09.10-10.52.25,v1.06-1-g6e06c66,97 , 11 , (2 5 1 25 23) , 64 , ((2 * 5) + 1) , 2
2020.09.10-10.52.25,v1.06-1-g6e06c66,98 , 11 , (2 5 1 25 23) , 65 , ((2 * 5) + 1) , 0
2020.09.10-10.52.25,v1.06-1-g6e06c66,99 , 11 , (2 5 1 25 23) , 47 , ((5 * 2) + 1) , 0
2020.09.10-10.52.25,v1.06-1-g6e06c66,0 , 116 , (20 2 16 14 6) , 200 , ((6 * 14) + (2 * 16)) , 36
2020.09.10-10.52.25,v1.06-1-g6e06c66,1 , 116 , (20 2 16 14 6) , 498 , ((6 * 14) + (16 * 2)) , 114
2020.09.10-10.52.25,v1.06-1-g6e06c66,2 , 116 , (20 2 16 14 6) , 876 , ((6 * 14) + (16 + 16)) , 156
2020.09.10-10.52.25,v1.06-1-g6e06c66,3 , 116 , (20 2 16 14 6) , 353 , ((14 * 6) + (16 * 2)) , 67
2020.09.10-10.52.25,v1.06-1-g6e06c66,4 , 116 , (20 2 16 14 6) , 1228 , ((6 * 14) + (16 * 2)) , 233
2020.09.10-10.52.25,v1.06-1-g6e06c66,5 , 116 , (20 2 16 14 6) , 357 , ((6 * 14) + (2 * 16)) , 76
2020.09.10-10.52.25,v1.06-1-g6e06c66,6 , 116 , (20 2 16 14 6) , 128 , ((6 * 14) + (2 * 16)) , 12
2020.09.10-10.52.25,v1.06-1-g6e06c66,7 , 116 , (20 2 16 14 6) , 839 , ((6 * 14) + (2 * 16)) , 181
2020.09.10-10.52.25,v1.06-1-g6e06c66,8 , 116 , (20 2 16 14 6) , 97 , ((6 * 14) + (2 * 16)) , 14
2020.09.10-10.52.25,v1.06-1-g6e06c66,9 , 116 , (20 2 16 14 6) , 216 , ((6 * 16) + 20) , 13
2020.09.10-10.52.25,v1.06-1-g6e06c66,10 , 116 , (20 2 16 14 6) , 77 , ((6 * 14) + (16 * 2)) , 0
2020.09.10-10.52.25,v1.06-1-g6e06c66,11 , 116 , (20 2 16 14 6) , 72 , ((6 * 14) + (2 * 16)) , 1
2020.09.10-10.52.25,v1.06-1-g6e06c66,12 , 116 , (20 2 16 14 6) , 686 , ((14 * 6) + (16 + 16)) , 134
2020.09.10-10.52.25,v1.06-1-g6e06c66,13 , 116 , (20 2 16 14 6) , 100 , ((6 * 14) + (16 * 2)) , 20
2020.09.10-10.52.25,v1.06-1-g6e06c66,14 , 116 , (20 2 16 14 6) , 280 , ((6 * 14) + (16 + 16)) , 22
2020.09.10-10.52.25,v1.06-1-g6e06c66,15 , 116 , (20 2 16 14 6) , 299 , ((6 * 14) + (2 * 16)) , 56
2020.09.10-10.52.25,v1.06-1-g6e06c66,16 , 116 , (20 2 16 14 6) , 91 , ((6 * 14) + (16 * 2)) , 5
2020.09.10-10.52.25,v1.06-1-g6e06c66,17 , 116 , (20 2 16 14 6) , 525 , ((14 * 6) + (16 + 16)) , 99
2020.09.10-10.52.25,v1.06-1-g6e06c66,18 , 116 , (20 2 16 14 6) , 130 , ((6 * 14) + (16 * 2)) , 15
2020.09.10-10.52.25,v1.06-1-g6e06c66,19 , 116 , (20 2 16 14 6) , 959 , ((6 * 14) + (16 + 16)) , 194
2020.09.10-10.52.25,v1.06-1-g6e06c66,20 , 116 , (20 2 16 14 6) , 489 , ((6 * 14) + (16 + 16)) , 95
2020.09.10-10.52.25,v1.06-1-g6e06c66,21 , 116 , (20 2 16 14 6) , 150 , ((14 * 6) + (2 * 16)) , 13
2020.09.10-10.52.25,v1.06-1-g6e06c66,22 , 116 , (20 2 16 14 6) , 488 , ((6 * 14) + (16 * 2)) , 86
2020.09.10-10.52.25,v1.06-1-g6e06c66,23 , 116 , (20 2 16 14 6) , 61 , ((6 * 14) + (16 * 2)) , 3
2020.09.10-10.52.25,v1.06-1-g6e06c66,24 , 116 , (20 2 16 14 6) , 47 , ((6 * 16) + 20) , 0
2020.09.10-10.52.25,v1.06-1-g6e06c66,25 , 116 , (20 2 16 14 6) , 139 , ((6 * 14) + (2 * 16)) , 13
2020.09.10-10.52.25,v1.06-1-g6e06c66,26 , 116 , (20 2 16 14 6) , 64 , ((6 * 14) + (16 * 2)) , 0
2020.09.10-10.52.25,v1.06-1-g6e06c66,27 , 116 , (20 2 16 14 6) , 236 , ((6 * 14) + (2 * 16)) , 30
2020.09.10-10.52.25,v1.06-1-g6e06c66,28 , 116 , (20 2 16 14 6) , 1218 , ((6 * 14) + (2 * 16)) , 218
2020.09.10-10.52.25,v1.06-1-g6e06c66,29 , 116 , (20 2 16 14 6) , 860 , ((14 * 6) + (16 * 2)) , 186
2020.09.10-10.52.25,v1.06-1-g6e06c66,30 , 116 , (20 2 16 14 6) , 898 , ((6 * 14) + (16 * 2)) , 223
2020.09.10-10.52.25,v1.06-1-g6e06c66,31 , 116 , (20 2 16 14 6) , 230 , ((6 * 14) + (2 * 16)) , 22
2020.09.10-10.52.25,v1.06-1-g6e06c66,32 , 116 , (20 2 16 14 6) , 55 , ((6 * 14) + (16 * 2)) , 0
2020.09.10-10.52.25,v1.06-1-g6e06c66,33 , 116 , (20 2 16 14 6) , 578 , ((6 * 16) + 20) , 115
2020.09.10-10.52.25,v1.06-1-g6e06c66,34 , 116 , (20 2 16 14 6) , 58 , ((14 * 6) + (16 * 2)) , 0
2020.09.10-10.52.25,v1.06-1-g6e06c66,35 , 116 , (20 2 16 14 6) , 53 , ((14 * 6) + (2 * 16)) , 1
2020.09.10-10.52.25,v1.06-1-g6e06c66,36 , 116 , (20 2 16 14 6) , 290 , ((14 * 6) + (16 * 2)) , 34
2020.09.10-10.52.25,v1.06-1-g6e06c66,37 , 116 , (20 2 16 14 6) , 32 , ((16 * 6) + 20) , 0
2020.09.10-10.52.25,v1.06-1-g6e06c66,38 , 116 , (20 2 16 14 6) , 748 , ((14 * 6) + (2 * 16)) , 154
2020.09.10-10.52.25,v1.06-1-g6e06c66,39 , 116 , (20 2 16 14 6) , 70 , ((6 * 14) + (16 * 2)) , 2
2020.09.10-10.52.25,v1.06-1-g6e06c66,40 , 116 , (20 2 16 14 6) , 1928 , ((14 * 6) + (16 * 2)) , 414
2020.09.10-10.52.25,v1.06-1-g6e06c66,41 , 116 , (20 2 16 14 6) , 278 , ((14 * 6) + (16 + 16)) , 47
2020.09.10-10.52.25,v1.06-1-g6e06c66,42 , 116 , (20 2 16 14 6) , 170 , ((14 * 6) + (16 * 2)) , 38
2020.09.10-10.52.25,v1.06-1-g6e06c66,43 , 116 , (20 2 16 14 6) , 89 , ((6 * 14) + (2 * 16)) , 7
2020.09.10-10.52.25,v1.06-1-g6e06c66,44 , 116 , (20 2 16 14 6) , 76 , ((6 * 16) + 20) , 0
2020.09.10-10.52.25,v1.06-1-g6e06c66,45 , 116 , (20 2 16 14 6) , 133 , ((6 * 14) + (2 * 16)) , 15
2020.09.10-10.52.25,v1.06-1-g6e06c66,46 , 116 , (20 2 16 14 6) , 266 , ((6 * 14) + (2 * 16)) , 45
2020.09.10-10.52.25,v1.06-1-g6e06c66,47 , 116 , (20 2 16 14 6) , 548 , ((6 * 14) + (16 * 2)) , 115
2020.09.10-10.52.25,v1.06-1-g6e06c66,48 , 116 , (20 2 16 14 6) , 69 , ((6 * 14) + (16 * 2)) , 6
2020.09.10-10.52.25,v1.06-1-g6e06c66,49 , 116 , (20 2 16 14 6) , 178 , ((6 * 14) + (16 * 2)) , 24
2020.09.10-10.52.25,v1.06-1-g6e06c66,50 , 116 , (20 2 16 14 6) , 59 , ((6 * 16) + 20) , 0
2020.09.10-10.52.25,v1.06-1-g6e06c66,51 , 116 , (20 2 16 14 6) , 97 , ((6 * 14) + (2 * 16)) , 3
2020.09.10-10.52.25,v1.06-1-g6e06c66,52 , 116 , (20 2 16 14 6) , 364 , ((14 * 6) + (2 * 16)) , 60
2020.09.10-10.52.25,v1.06-1-g6e06c66,53 , 116 , (20 2 16 14 6) , 63 , ((6 * 14) + (16 * 2)) , 0
2020.09.10-10.52.25,v1.06-1-g6e06c66,54 , 116 , (20 2 16 14 6) , 198 , ((6 * 16) + 20) , 25
2020.09.10-10.52.25,v1.06-1-g6e06c66,55 , 116 , (20 2 16 14 6) , 1490 , ((6 * 14) + (16 + 16)) , 254
2020.09.10-10.52.25,v1.06-1-g6e06c66,56 , 116 , (20 2 16 14 6) , 128 , ((6 * 14) + (16 * 2)) , 6
2020.09.10-10.52.25,v1.06-1-g6e06c66,57 , 116 , (20 2 16 14 6) , 1075 , ((6 * 16) + 20) , 210
2020.09.10-10.52.25,v1.06-1-g6e06c66,58 , 116 , (20 2 16 14 6) , 156 , ((6 * 14) + (2 * 16)) , 18
2020.09.10-10.52.25,v1.06-1-g6e06c66,59 , 116 , (20 2 16 14 6) , 289 , ((6 * 14) + (2 * 16)) , 50
2020.09.10-10.52.25,v1.06-1-g6e06c66,60 , 116 , (20 2 16 14 6) , 98 , ((14 * 6) + (2 * 16)) , 0
2020.09.10-10.52.25,v1.06-1-g6e06c66,61 , 116 , (20 2 16 14 6) , 68 , ((6 * 14) + (2 * 16)) , 3
2020.09.10-10.52.25,v1.06-1-g6e06c66,62 , 116 , (20 2 16 14 6) , 250 , ((6 * 16) + 20) , 49
2020.09.10-10.52.25,v1.06-1-g6e06c66,63 , 116 , (20 2 16 14 6) , 412 , ((6 * 14) + (16 + 16)) , 70
2020.09.10-10.52.25,v1.06-1-g6e06c66,64 , 116 , (20 2 16 14 6) , 306 , ((6 * 14) + (2 * 16)) , 47
2020.09.10-10.52.25,v1.06-1-g6e06c66,65 , 116 , (20 2 16 14 6) , 1189 , ((14 * 6) + (2 * 16)) , 223
2020.09.10-10.52.25,v1.06-1-g6e06c66,66 , 116 , (20 2 16 14 6) , 883 , ((6 * 14) + (16 + 16)) , 195
2020.09.10-10.52.25,v1.06-1-g6e06c66,67 , 116 , (20 2 16 14 6) , 298 , ((6 * 14) + (16 * 2)) , 52
2020.09.10-10.52.25,v1.06-1-g6e06c66,68 , 116 , (20 2 16 14 6) , 207 , ((14 * 6) + (16 * 2)) , 15
2020.09.10-10.52.25,v1.06-1-g6e06c66,69 , 116 , (20 2 16 14 6) , 558 , ((6 * 14) + (16 + 16)) , 101
2020.09.10-10.52.25,v1.06-1-g6e06c66,70 , 116 , (20 2 16 14 6) , 318 , ((14 * 6) + (16 + 16)) , 51
2020.09.10-10.52.25,v1.06-1-g6e06c66,71 , 116 , (20 2 16 14 6) , 459 , ((14 * 6) + (16 * 2)) , 57
2020.09.10-10.52.25,v1.06-1-g6e06c66,72 , 116 , (20 2 16 14 6) , 108 , ((14 * 6) + (16 * 2)) , 14
2020.09.10-10.52.25,v1.06-1-g6e06c66,73 , 116 , (20 2 16 14 6) , 158 , ((6 * 14) + (2 * 16)) , 17
2020.09.10-10.52.25,v1.06-1-g6e06c66,74 , 116 , (20 2 16 14 6) , 807 , ((6 * 14) + (2 * 16)) , 154
2020.09.10-10.52.25,v1.06-1-g6e06c66,75 , 116 , (20 2 16 14 6) , 859 , ((6 * 14) + (16 * 2)) , 169
2020.09.10-10.52.25,v1.06-1-g6e06c66,76 , 116 , (20 2 16 14 6) , 95 , ((14 * 6) + (2 * 16)) , 1
2020.09.10-10.52.25,v1.06-1-g6e06c66,77 , 116 , (20 2 16 14 6) , 199 , ((6 * 16) + 20) , 14
2020.09.10-10.52.25,v1.06-1-g6e06c66,78 , 116 , (20 2 16 14 6) , 100 , ((6 * 14) + (2 * 16)) , 16
2020.09.10-10.52.25,v1.06-1-g6e06c66,79 , 116 , (20 2 16 14 6) , 196 , ((6 * 14) + (16 * 2)) , 22
2020.09.10-10.52.25,v1.06-1-g6e06c66,80 , 116 , (20 2 16 14 6) , 408 , ((6 * 14) + (16 * 2)) , 85
2020.09.10-10.52.25,v1.06-1-g6e06c66,81 , 116 , (20 2 16 14 6) , 198 , ((14 * 6) + (2 * 16)) , 19
2020.09.10-10.52.25,v1.06-1-g6e06c66,82 , 116 , (20 2 16 14 6) , 1409 , ((6 * 16) + 20) , 258
2020.09.10-10.52.25,v1.06-1-g6e06c66,83 , 116 , (20 2 16 14 6) , 470 , ((6 * 14) + (16 * 2)) , 82
2020.09.10-10.52.25,v1.06-1-g6e06c66,84 , 116 , (20 2 16 14 6) , 834 , ((6 * 16) + 20) , 217
2020.09.10-10.52.25,v1.06-1-g6e06c66,85 , 116 , (20 2 16 14 6) , 98 , ((6 * 14) + (16 * 2)) , 14
2020.09.10-10.52.25,v1.06-1-g6e06c66,86 , 116 , (20 2 16 14 6) , 899 , ((6 * 14) + (16 * 2)) , 149
2020.09.10-10.52.25,v1.06-1-g6e06c66,87 , 116 , (20 2 16 14 6) , 453 , ((6 * 14) + (16 * 2)) , 49
2020.09.10-10.52.25,v1.06-1-g6e06c66,88 , 116 , (20 2 16 14 6) , 68 , ((6 * 14) + (16 * 2)) , 1
2020.09.10-10.52.25,v1.06-1-g6e06c66,89 , 116 , (20 2 16 14 6) , 1008 , ((6 * 14) + (16 * 2)) , 206
2020.09.10-10.52.25,v1.06-1-g6e06c66,90 , 116 , (20 2 16 14 6) , 659 , ((14 * 6) + (16 + 16)) , 135
2020.09.10-10.52.25,v1.06-1-g6e06c66,91 , 116 , (20 2 16 14 6) , 243 , ((14 * 6) + (16 * 2)) , 35
2020.09.10-10.52.25,v1.06-1-g6e06c66,92 , 116 , (20 2 16 14 6) , 245 , ((14 * 6) + (16 * 2)) , 25
2020.09.10-10.52.25,v1.06-1-g6e06c66,93 , 116 , (20 2 16 14 6) , 394 , ((14 * 6) + (2 * 16)) , 66
2020.09.10-10.52.25,v1.06-1-g6e06c66,94 , 116 , (20 2 16 14 6) , 69 , ((6 * 14) + (16 * 2)) , 1
2020.09.10-10.52.25,v1.06-1-g6e06c66,95 , 116 , (20 2 16 14 6) , 50 , ((14 * 6) + (2 * 16)) , 0
2020.09.10-10.52.25,v1.06-1-g6e06c66,96 , 116 , (20 2 16 14 6) , 74 , ((16 * 6) + 20) , 0
2020.09.10-10.52.25,v1.06-1-g6e06c66,97 , 116 , (20 2 16 14 6) , 119 , ((6 * 14) + (2 * 16)) , 15
2020.09.10-10.52.25,v1.06-1-g6e06c66,98 , 116 , (20 2 16 14 6) , 308 , ((14 * 6) + (2 * 16)) , 46
2020.09.10-10.52.25,v1.06-1-g6e06c66,99 , 116 , (20 2 16 14 6) , 558 , ((14 * 6) + (2 * 16)) , 113
2020.09.10-10.52.25,v1.06-1-g6e06c66,0 , 127 , (7 6 4 22 25) , 2000 , none,  280
2020.09.10-10.52.25,v1.06-1-g6e06c66,1 , 127 , (7 6 4 22 25) , 2000 , none,  387
2020.09.10-10.52.25,v1.06-1-g6e06c66,2 , 127 , (7 6 4 22 25) , 2000 , none,  365
2020.09.10-10.52.25,v1.06-1-g6e06c66,3 , 127 , (7 6 4 22 25) , 2000 , none,  349
2020.09.10-10.52.25,v1.06-1-g6e06c66,4 , 127 , (7 6 4 22 25) , 2000 , none,  332
2020.09.10-10.52.25,v1.06-1-g6e06c66,5 , 127 , (7 6 4 22 25) , 2000 , none,  319
2020.09.10-10.52.25,v1.06-1-g6e06c66,6 , 127 , (7 6 4 22 25) , 2000 , none,  318
2020.09.10-10.52.25,v1.06-1-g6e06c66,7 , 127 , (7 6 4 22 25) , 2000 , none,  207
2020.09.10-10.52.25,v1.06-1-g6e06c66,8 , 127 , (7 6 4 22 25) , 2000 , none,  359
2020.09.10-10.52.25,v1.06-1-g6e06c66,9 , 127 , (7 6 4 22 25) , 2000 , none,  316
2020.09.10-10.52.25,v1.06-1-g6e06c66,10 , 127 , (7 6 4 22 25) , 2000 , none,  402
2020.09.10-10.52.25,v1.06-1-g6e06c66,11 , 127 , (7 6 4 22 25) , 2000 , none,  430
2020.09.10-10.52.25,v1.06-1-g6e06c66,12 , 127 , (7 6 4 22 25) , 2000 , none,  272
2020.09.10-10.52.25,v1.06-1-g6e06c66,13 , 127 , (7 6 4 22 25) , 2000 , none,  385
2020.09.10-10.52.25,v1.06-1-g6e06c66,14 , 127 , (7 6 4 22 25) , 2000 , none,  268
2020.09.10-10.52.25,v1.06-1-g6e06c66,15 , 127 , (7 6 4 22 25) , 2000 , none,  345
2020.09.10-10.52.25,v1.06-1-g6e06c66,16 , 127 , (7 6 4 22 25) , 2000 , none,  305
2020.09.10-10.52.25,v1.06-1-g6e06c66,17 , 127 , (7 6 4 22 25) , 2000 , none,  353
2020.09.10-10.52.25,v1.06-1-g6e06c66,18 , 127 , (7 6 4 22 25) , 2000 , none,  324
2020.09.10-10.52.25,v1.06-1-g6e06c66,19 , 127 , (7 6 4 22 25) , 2000 , none,  355
2020.09.10-10.52.25,v1.06-1-g6e06c66,20 , 127 , (7 6 4 22 25) , 2000 , none,  331
2020.09.10-10.52.25,v1.06-1-g6e06c66,21 , 127 , (7 6 4 22 25) , 2000 , none,  318
2020.09.10-10.52.25,v1.06-1-g6e06c66,22 , 127 , (7 6 4 22 25) , 2000 , none,  305
2020.09.10-10.52.25,v1.06-1-g6e06c66,23 , 127 , (7 6 4 22 25) , 2000 , none,  343
2020.09.10-10.52.25,v1.06-1-g6e06c66,24 , 127 , (7 6 4 22 25) , 2000 , none,  308
2020.09.10-10.52.25,v1.06-1-g6e06c66,25 , 127 , (7 6 4 22 25) , 2000 , none,  304
2020.09.10-10.52.25,v1.06-1-g6e06c66,26 , 127 , (7 6 4 22 25) , 2000 , none,  303
2020.09.10-10.52.25,v1.06-1-g6e06c66,27 , 127 , (7 6 4 22 25) , 2000 , none,  341
2020.09.10-10.52.25,v1.06-1-g6e06c66,28 , 127 , (7 6 4 22 25) , 2000 , none,  379
2020.09.10-10.52.25,v1.06-1-g6e06c66,29 , 127 , (7 6 4 22 25) , 2000 , none,  313
2020.09.10-10.52.25,v1.06-1-g6e06c66,30 , 127 , (7 6 4 22 25) , 2000 , none,  346
2020.09.10-10.52.25,v1.06-1-g6e06c66,31 , 127 , (7 6 4 22 25) , 2000 , none,  339
2020.09.10-10.52.25,v1.06-1-g6e06c66,32 , 127 , (7 6 4 22 25) , 2000 , none,  351
2020.09.10-10.52.25,v1.06-1-g6e06c66,33 , 127 , (7 6 4 22 25) , 2000 , none,  277
2020.09.10-10.52.25,v1.06-1-g6e06c66,34 , 127 , (7 6 4 22 25) , 2000 , none,  310
2020.09.10-10.52.25,v1.06-1-g6e06c66,35 , 127 , (7 6 4 22 25) , 2000 , none,  292
2020.09.10-10.52.25,v1.06-1-g6e06c66,36 , 127 , (7 6 4 22 25) , 2000 , none,  340
2020.09.10-10.52.25,v1.06-1-g6e06c66,37 , 127 , (7 6 4 22 25) , 2000 , none,  311
2020.09.10-10.52.25,v1.06-1-g6e06c66,38 , 127 , (7 6 4 22 25) , 2000 , none,  329
2020.09.10-10.52.25,v1.06-1-g6e06c66,39 , 127 , (7 6 4 22 25) , 2000 , none,  298
2020.09.10-10.52.25,v1.06-1-g6e06c66,40 , 127 , (7 6 4 22 25) , 2000 , none,  311
2020.09.10-10.52.25,v1.06-1-g6e06c66,41 , 127 , (7 6 4 22 25) , 2000 , none,  374
2020.09.10-10.52.25,v1.06-1-g6e06c66,42 , 127 , (7 6 4 22 25) , 2000 , none,  269
2020.09.10-10.52.25,v1.06-1-g6e06c66,43 , 127 , (7 6 4 22 25) , 2000 , none,  375
2020.09.10-10.52.25,v1.06-1-g6e06c66,44 , 127 , (7 6 4 22 25) , 2000 , none,  357
2020.09.10-10.52.25,v1.06-1-g6e06c66,45 , 127 , (7 6 4 22 25) , 2000 , none,  369
2020.09.10-10.52.25,v1.06-1-g6e06c66,46 , 127 , (7 6 4 22 25) , 2000 , none,  372
2020.09.10-10.52.25,v1.06-1-g6e06c66,47 , 127 , (7 6 4 22 25) , 2000 , none,  275
2020.09.10-10.52.25,v1.06-1-g6e06c66,48 , 127 , (7 6 4 22 25) , 2000 , none,  457
2020.09.10-10.52.25,v1.06-1-g6e06c66,49 , 127 , (7 6 4 22 25) , 2000 , none,  313
2020.09.10-10.52.25,v1.06-1-g6e06c66,50 , 127 , (7 6 4 22 25) , 2000 , none,  290
2020.09.10-10.52.25,v1.06-1-g6e06c66,51 , 127 , (7 6 4 22 25) , 2000 , none,  324
2020.09.10-10.52.25,v1.06-1-g6e06c66,52 , 127 , (7 6 4 22 25) , 2000 , none,  379
2020.09.10-10.52.25,v1.06-1-g6e06c66,53 , 127 , (7 6 4 22 25) , 2000 , none,  246
2020.09.10-10.52.25,v1.06-1-g6e06c66,54 , 127 , (7 6 4 22 25) , 2000 , none,  319
2020.09.10-10.52.25,v1.06-1-g6e06c66,55 , 127 , (7 6 4 22 25) , 2000 , none,  299
2020.09.10-10.52.25,v1.06-1-g6e06c66,56 , 127 , (7 6 4 22 25) , 2000 , none,  292
2020.09.10-10.52.25,v1.06-1-g6e06c66,57 , 127 , (7 6 4 22 25) , 2000 , none,  349
2020.09.10-10.52.25,v1.06-1-g6e06c66,58 , 127 , (7 6 4 22 25) , 2000 , none,  318
2020.09.10-10.52.25,v1.06-1-g6e06c66,59 , 127 , (7 6 4 22 25) , 2000 , none,  368
2020.09.10-10.52.25,v1.06-1-g6e06c66,60 , 127 , (7 6 4 22 25) , 2000 , none,  285
2020.09.10-10.52.25,v1.06-1-g6e06c66,61 , 127 , (7 6 4 22 25) , 2000 , none,  387
2020.09.10-10.52.25,v1.06-1-g6e06c66,62 , 127 , (7 6 4 22 25) , 2000 , none,  346
2020.09.10-10.52.25,v1.06-1-g6e06c66,63 , 127 , (7 6 4 22 25) , 2000 , none,  355
2020.09.10-10.52.25,v1.06-1-g6e06c66,64 , 127 , (7 6 4 22 25) , 2000 , none,  366
2020.09.10-10.52.25,v1.06-1-g6e06c66,65 , 127 , (7 6 4 22 25) , 2000 , none,  285
2020.09.10-10.52.25,v1.06-1-g6e06c66,66 , 127 , (7 6 4 22 25) , 2000 , none,  328
2020.09.10-10.52.25,v1.06-1-g6e06c66,67 , 127 , (7 6 4 22 25) , 2000 , none,  346
2020.09.10-10.52.25,v1.06-1-g6e06c66,68 , 127 , (7 6 4 22 25) , 2000 , none,  314
2020.09.10-10.52.25,v1.06-1-g6e06c66,69 , 127 , (7 6 4 22 25) , 2000 , none,  340
2020.09.10-10.52.25,v1.06-1-g6e06c66,70 , 127 , (7 6 4 22 25) , 2000 , none,  364
2020.09.10-10.52.25,v1.06-1-g6e06c66,71 , 127 , (7 6 4 22 25) , 2000 , none,  321
2020.09.10-10.52.25,v1.06-1-g6e06c66,72 , 127 , (7 6 4 22 25) , 2000 , none,  359
2020.09.10-10.52.25,v1.06-1-g6e06c66,73 , 127 , (7 6 4 22 25) , 2000 , none,  270
2020.09.10-10.52.25,v1.06-1-g6e06c66,74 , 127 , (7 6 4 22 25) , 2000 , none,  312
2020.09.10-10.52.25,v1.06-1-g6e06c66,75 , 127 , (7 6 4 22 25) , 2000 , none,  267
2020.09.10-10.52.25,v1.06-1-g6e06c66,76 , 127 , (7 6 4 22 25) , 2000 , none,  371
2020.09.10-10.52.25,v1.06-1-g6e06c66,77 , 127 , (7 6 4 22 25) , 2000 , none,  318
2020.09.10-10.52.25,v1.06-1-g6e06c66,78 , 127 , (7 6 4 22 25) , 2000 , none,  289
2020.09.10-10.52.25,v1.06-1-g6e06c66,79 , 127 , (7 6 4 22 25) , 2000 , none,  294
2020.09.10-10.52.25,v1.06-1-g6e06c66,80 , 127 , (7 6 4 22 25) , 2000 , none,  376
2020.09.10-10.52.25,v1.06-1-g6e06c66,81 , 127 , (7 6 4 22 25) , 2000 , none,  288
2020.09.10-10.52.25,v1.06-1-g6e06c66,82 , 127 , (7 6 4 22 25) , 2000 , none,  327
2020.09.10-10.52.25,v1.06-1-g6e06c66,83 , 127 , (7 6 4 22 25) , 2000 , none,  350
2020.09.10-10.52.25,v1.06-1-g6e06c66,84 , 127 , (7 6 4 22 25) , 2000 , none,  299
2020.09.10-10.52.25,v1.06-1-g6e06c66,85 , 127 , (7 6 4 22 25) , 2000 , none,  408
2020.09.10-10.52.25,v1.06-1-g6e06c66,86 , 127 , (7 6 4 22 25) , 2000 , none,  240
2020.09.10-10.52.25,v1.06-1-g6e06c66,87 , 127 , (7 6 4 22 25) , 2000 , none,  298
2020.09.10-10.52.25,v1.06-1-g6e06c66,88 , 127 , (7 6 4 22 25) , 2000 , none,  325
2020.09.10-10.52.25,v1.06-1-g6e06c66,89 , 127 , (7 6 4 22 25) , 2000 , none,  349
2020.09.10-10.52.25,v1.06-1-g6e06c66,90 , 127 , (7 6 4 22 25) , 2000 , none,  335
2020.09.10-10.52.25,v1.06-1-g6e06c66,91 , 127 , (7 6 4 22 25) , 2000 , none,  338
2020.09.10-10.52.25,v1.06-1-g6e06c66,92 , 127 , (7 6 4 22 25) , 2000 , none,  251
2020.09.10-10.52.25,v1.06-1-g6e06c66,93 , 127 , (7 6 4 22 25) , 2000 , none,  353
2020.09.10-10.52.25,v1.06-1-g6e06c66,94 , 127 , (7 6 4 22 25) , 2000 , none,  312
2020.09.10-10.52.25,v1.06-1-g6e06c66,95 , 127 , (7 6 4 22 25) , 2000 , none,  343
2020.09.10-10.52.25,v1.06-1-g6e06c66,96 , 127 , (7 6 4 22 25) , 2000 , none,  272
2020.09.10-10.52.25,v1.06-1-g6e06c66,97 , 127 , (7 6 4 22 25) , 2000 , none,  349
2020.09.10-10.52.25,v1.06-1-g6e06c66,98 , 127 , (7 6 4 22 25) , 2000 , none,  333
2020.09.10-10.52.25,v1.06-1-g6e06c66,99 , 127 , (7 6 4 22 25) , 2000 , none,  276
2020.09.10-10.52.25,v1.06-1-g6e06c66,0 , 41 , (5 16 22 25 1) , 2000 , none,  205
2020.09.10-10.52.25,v1.06-1-g6e06c66,1 , 41 , (5 16 22 25 1) , 2000 , none,  315
2020.09.10-10.52.25,v1.06-1-g6e06c66,2 , 41 , (5 16 22 25 1) , 2000 , none,  320
2020.09.10-10.52.25,v1.06-1-g6e06c66,3 , 41 , (5 16 22 25 1) , 2000 , none,  299
2020.09.10-10.52.25,v1.06-1-g6e06c66,4 , 41 , (5 16 22 25 1) , 2000 , none,  260
2020.09.10-10.52.25,v1.06-1-g6e06c66,5 , 41 , (5 16 22 25 1) , 2000 , none,  247
2020.09.10-10.52.25,v1.06-1-g6e06c66,6 , 41 , (5 16 22 25 1) , 2000 , none,  189
2020.09.10-10.52.25,v1.06-1-g6e06c66,7 , 41 , (5 16 22 25 1) , 2000 , none,  271
2020.09.10-10.52.25,v1.06-1-g6e06c66,8 , 41 , (5 16 22 25 1) , 2000 , none,  227
2020.09.10-10.52.25,v1.06-1-g6e06c66,9 , 41 , (5 16 22 25 1) , 2000 , none,  255
2020.09.10-10.52.25,v1.06-1-g6e06c66,10 , 41 , (5 16 22 25 1) , 2000 , none,  253
2020.09.10-10.52.25,v1.06-1-g6e06c66,11 , 41 , (5 16 22 25 1) , 2000 , none,  188
2020.09.10-10.52.25,v1.06-1-g6e06c66,12 , 41 , (5 16 22 25 1) , 2000 , none,  296
2020.09.10-10.52.25,v1.06-1-g6e06c66,13 , 41 , (5 16 22 25 1) , 2000 , none,  226
2020.09.10-10.52.25,v1.06-1-g6e06c66,14 , 41 , (5 16 22 25 1) , 2000 , none,  293
2020.09.10-10.52.25,v1.06-1-g6e06c66,15 , 41 , (5 16 22 25 1) , 2000 , none,  287
2020.09.10-10.52.25,v1.06-1-g6e06c66,16 , 41 , (5 16 22 25 1) , 2000 , none,  278
2020.09.10-10.52.25,v1.06-1-g6e06c66,17 , 41 , (5 16 22 25 1) , 2000 , none,  313
2020.09.10-10.52.25,v1.06-1-g6e06c66,18 , 41 , (5 16 22 25 1) , 2000 , none,  311
2020.09.10-10.52.25,v1.06-1-g6e06c66,19 , 41 , (5 16 22 25 1) , 2000 , none,  292
2020.09.10-10.52.25,v1.06-1-g6e06c66,20 , 41 , (5 16 22 25 1) , 2000 , none,  250
2020.09.10-10.52.25,v1.06-1-g6e06c66,21 , 41 , (5 16 22 25 1) , 2000 , none,  249
2020.09.10-10.52.25,v1.06-1-g6e06c66,22 , 41 , (5 16 22 25 1) , 2000 , none,  187
2020.09.10-10.52.25,v1.06-1-g6e06c66,23 , 41 , (5 16 22 25 1) , 2000 , none,  249
2020.09.10-10.52.25,v1.06-1-g6e06c66,24 , 41 , (5 16 22 25 1) , 2000 , none,  264
2020.09.10-10.52.25,v1.06-1-g6e06c66,25 , 41 , (5 16 22 25 1) , 2000 , none,  276
2020.09.10-10.52.25,v1.06-1-g6e06c66,26 , 41 , (5 16 22 25 1) , 2000 , none,  317
2020.09.10-10.52.25,v1.06-1-g6e06c66,27 , 41 , (5 16 22 25 1) , 2000 , none,  317
2020.09.10-10.52.25,v1.06-1-g6e06c66,28 , 41 , (5 16 22 25 1) , 1429 , ((22 + 25) - (5 + 1)) , 203
2020.09.10-10.52.25,v1.06-1-g6e06c66,29 , 41 , (5 16 22 25 1) , 2000 , none,  304
2020.09.10-10.52.25,v1.06-1-g6e06c66,30 , 41 , (5 16 22 25 1) , 2000 , none,  324
2020.09.10-10.52.25,v1.06-1-g6e06c66,31 , 41 , (5 16 22 25 1) , 2000 , none,  294
2020.09.10-10.52.25,v1.06-1-g6e06c66,32 , 41 , (5 16 22 25 1) , 2000 , none,  231
2020.09.10-10.52.25,v1.06-1-g6e06c66,33 , 41 , (5 16 22 25 1) , 2000 , none,  246
2020.09.10-10.52.25,v1.06-1-g6e06c66,34 , 41 , (5 16 22 25 1) , 2000 , none,  245
2020.09.10-10.52.25,v1.06-1-g6e06c66,35 , 41 , (5 16 22 25 1) , 2000 , none,  292
2020.09.10-10.52.25,v1.06-1-g6e06c66,36 , 41 , (5 16 22 25 1) , 2000 , none,  330
2020.09.10-10.52.25,v1.06-1-g6e06c66,37 , 41 , (5 16 22 25 1) , 1271 , ((22 + 25) - (5 + 1)) , 197
2020.09.10-10.52.25,v1.06-1-g6e06c66,38 , 41 , (5 16 22 25 1) , 2000 , none,  309
2020.09.10-10.52.25,v1.06-1-g6e06c66,39 , 41 , (5 16 22 25 1) , 2000 , none,  266
2020.09.10-10.52.25,v1.06-1-g6e06c66,40 , 41 , (5 16 22 25 1) , 2000 , none,  270
2020.09.10-10.52.25,v1.06-1-g6e06c66,41 , 41 , (5 16 22 25 1) , 2000 , none,  307
2020.09.10-10.52.25,v1.06-1-g6e06c66,42 , 41 , (5 16 22 25 1) , 2000 , none,  256
2020.09.10-10.52.25,v1.06-1-g6e06c66,43 , 41 , (5 16 22 25 1) , 2000 , none,  305
2020.09.10-10.52.25,v1.06-1-g6e06c66,44 , 41 , (5 16 22 25 1) , 2000 , none,  289
2020.09.10-10.52.25,v1.06-1-g6e06c66,45 , 41 , (5 16 22 25 1) , 2000 , none,  336
2020.09.10-10.52.25,v1.06-1-g6e06c66,46 , 41 , (5 16 22 25 1) , 2000 , none,  259
2020.09.10-10.52.25,v1.06-1-g6e06c66,47 , 41 , (5 16 22 25 1) , 2000 , none,  314
2020.09.10-10.52.25,v1.06-1-g6e06c66,48 , 41 , (5 16 22 25 1) , 2000 , none,  310
2020.09.10-10.52.25,v1.06-1-g6e06c66,49 , 41 , (5 16 22 25 1) , 2000 , none,  240
2020.09.10-10.52.25,v1.06-1-g6e06c66,50 , 41 , (5 16 22 25 1) , 2000 , none,  255
2020.09.10-10.52.25,v1.06-1-g6e06c66,51 , 41 , (5 16 22 25 1) , 2000 , none,  245
2020.09.10-10.52.25,v1.06-1-g6e06c66,52 , 41 , (5 16 22 25 1) , 2000 , none,  208
2020.09.10-10.52.25,v1.06-1-g6e06c66,53 , 41 , (5 16 22 25 1) , 2000 , none,  309
2020.09.10-10.52.25,v1.06-1-g6e06c66,54 , 41 , (5 16 22 25 1) , 2000 , none,  319
2020.09.10-10.52.25,v1.06-1-g6e06c66,55 , 41 , (5 16 22 25 1) , 2000 , none,  297
2020.09.10-10.52.25,v1.06-1-g6e06c66,56 , 41 , (5 16 22 25 1) , 119 , ((22 + 25) - (1 + 5)) , 0
2020.09.10-10.52.25,v1.06-1-g6e06c66,57 , 41 , (5 16 22 25 1) , 2000 , none,  312
2020.09.10-10.52.25,v1.06-1-g6e06c66,58 , 41 , (5 16 22 25 1) , 2000 , none,  298
2020.09.10-10.52.25,v1.06-1-g6e06c66,59 , 41 , (5 16 22 25 1) , 2000 , none,  343
2020.09.10-10.52.25,v1.06-1-g6e06c66,60 , 41 , (5 16 22 25 1) , 2000 , none,  281
2020.09.10-10.52.25,v1.06-1-g6e06c66,61 , 41 , (5 16 22 25 1) , 2000 , none,  312
2020.09.10-10.52.25,v1.06-1-g6e06c66,62 , 41 , (5 16 22 25 1) , 2000 , none,  302
2020.09.10-10.52.25,v1.06-1-g6e06c66,63 , 41 , (5 16 22 25 1) , 2000 , none,  276
2020.09.10-10.52.25,v1.06-1-g6e06c66,64 , 41 , (5 16 22 25 1) , 2000 , none,  340
2020.09.10-10.52.25,v1.06-1-g6e06c66,65 , 41 , (5 16 22 25 1) , 2000 , none,  311
2020.09.10-10.52.25,v1.06-1-g6e06c66,66 , 41 , (5 16 22 25 1) , 484 , ((22 + 25) - (1 + 5)) , 51
2020.09.10-10.52.25,v1.06-1-g6e06c66,67 , 41 , (5 16 22 25 1) , 2000 , none,  250
2020.09.10-10.52.25,v1.06-1-g6e06c66,68 , 41 , (5 16 22 25 1) , 2000 , none,  309
2020.09.10-10.52.25,v1.06-1-g6e06c66,69 , 41 , (5 16 22 25 1) , 2000 , none,  227
2020.09.10-10.52.25,v1.06-1-g6e06c66,70 , 41 , (5 16 22 25 1) , 1621 , ((22 + 25) - (5 + 1)) , 238
2020.09.10-10.52.25,v1.06-1-g6e06c66,71 , 41 , (5 16 22 25 1) , 2000 , none,  244
2020.09.10-10.52.25,v1.06-1-g6e06c66,72 , 41 , (5 16 22 25 1) , 2000 , none,  300
2020.09.10-10.52.25,v1.06-1-g6e06c66,73 , 41 , (5 16 22 25 1) , 2000 , none,  254
2020.09.10-10.52.25,v1.06-1-g6e06c66,74 , 41 , (5 16 22 25 1) , 2000 , none,  278
2020.09.10-10.52.25,v1.06-1-g6e06c66,75 , 41 , (5 16 22 25 1) , 2000 , none,  237
2020.09.10-10.52.25,v1.06-1-g6e06c66,76 , 41 , (5 16 22 25 1) , 2000 , none,  277
2020.09.10-10.52.25,v1.06-1-g6e06c66,77 , 41 , (5 16 22 25 1) , 2000 , none,  247
2020.09.10-10.52.25,v1.06-1-g6e06c66,78 , 41 , (5 16 22 25 1) , 2000 , none,  291
2020.09.10-10.52.25,v1.06-1-g6e06c66,79 , 41 , (5 16 22 25 1) , 2000 , none,  316
2020.09.10-10.52.25,v1.06-1-g6e06c66,80 , 41 , (5 16 22 25 1) , 2000 , none,  297
2020.09.10-10.52.25,v1.06-1-g6e06c66,81 , 41 , (5 16 22 25 1) , 2000 , none,  226
2020.09.10-10.52.25,v1.06-1-g6e06c66,82 , 41 , (5 16 22 25 1) , 2000 , none,  213
2020.09.10-10.52.25,v1.06-1-g6e06c66,83 , 41 , (5 16 22 25 1) , 1057 , ((22 + 25) - (1 + 5)) , 173
2020.09.10-10.52.25,v1.06-1-g6e06c66,84 , 41 , (5 16 22 25 1) , 2000 , none,  265
2020.09.10-10.52.25,v1.06-1-g6e06c66,85 , 41 , (5 16 22 25 1) , 2000 , none,  225
2020.09.10-10.52.25,v1.06-1-g6e06c66,86 , 41 , (5 16 22 25 1) , 2000 , none,  240
2020.09.10-10.52.25,v1.06-1-g6e06c66,87 , 41 , (5 16 22 25 1) , 2000 , none,  314
2020.09.10-10.52.25,v1.06-1-g6e06c66,88 , 41 , (5 16 22 25 1) , 2000 , none,  250
2020.09.10-10.52.25,v1.06-1-g6e06c66,89 , 41 , (5 16 22 25 1) , 2000 , none,  255
2020.09.10-10.52.25,v1.06-1-g6e06c66,90 , 41 , (5 16 22 25 1) , 2000 , none,  233
2020.09.10-10.52.25,v1.06-1-g6e06c66,91 , 41 , (5 16 22 25 1) , 2000 , none,  290
2020.09.10-10.52.25,v1.06-1-g6e06c66,92 , 41 , (5 16 22 25 1) , 2000 , none,  234
2020.09.10-10.52.25,v1.06-1-g6e06c66,93 , 41 , (5 16 22 25 1) , 2000 , none,  315
2020.09.10-10.52.25,v1.06-1-g6e06c66,94 , 41 , (5 16 22 25 1) , 2000 , none,  304
2020.09.10-10.52.25,v1.06-1-g6e06c66,95 , 41 , (5 16 22 25 1) , 662 , ((22 + 25) - (1 + 5)) , 73
2020.09.10-10.52.25,v1.06-1-g6e06c66,96 , 41 , (5 16 22 25 1) , 2000 , none,  203
2020.09.10-10.52.25,v1.06-1-g6e06c66,97 , 41 , (5 16 22 25 1) , 2000 , none,  286
2020.09.10-10.52.25,v1.06-1-g6e06c66,98 , 41 , (5 16 22 25 1) , 2000 , none,  295
2020.09.10-10.52.25,v1.06-1-g6e06c66,99 , 41 , (5 16 22 25 1) , 2000 , none,  339
