2020.08.22-16.42.16,v1.05-8-g8ea5981,0 , 114 , (11 20 7 1 6) , 1109 , ((6 * 20) - (7 - 1)) , 323
2020.08.22-16.42.16,v1.05-8-g8ea5981,1 , 114 , (11 20 7 1 6) , 2000 , none,  515
2020.08.22-16.42.16,v1.05-8-g8ea5981,2 , 114 , (11 20 7 1 6) , 930 , ((6 * 20) - (7 - 1)) , 257
2020.08.22-16.42.16,v1.05-8-g8ea5981,3 , 114 , (11 20 7 1 6) , 548 , ((6 * 20) - (7 - 1)) , 138
2020.08.22-16.42.16,v1.05-8-g8ea5981,4 , 114 , (11 20 7 1 6) , 688 , ((6 * 20) - (7 - 1)) , 188
2020.08.22-16.42.16,v1.05-8-g8ea5981,5 , 114 , (11 20 7 1 6) , 1692 , ((6 * 20) - (7 - 1)) , 524
2020.08.22-16.42.16,v1.05-8-g8ea5981,6 , 114 , (11 20 7 1 6) , 494 , ((6 * 20) - (7 - 1)) , 164
2020.08.22-16.42.16,v1.05-8-g8ea5981,7 , 114 , (11 20 7 1 6) , 263 , ((6 * 20) - (7 - 1)) , 37
2020.08.22-16.42.16,v1.05-8-g8ea5981,8 , 114 , (11 20 7 1 6) , 2000 , none,  581
2020.08.22-16.42.16,v1.05-8-g8ea5981,9 , 114 , (11 20 7 1 6) , 703 , ((20 * 6) - (7 - 1)) , 227
2020.08.22-16.42.16,v1.05-8-g8ea5981,10 , 114 , (11 20 7 1 6) , 579 , ((20 * 6) - (7 - 1)) , 118
2020.08.22-16.42.16,v1.05-8-g8ea5981,11 , 114 , (11 20 7 1 6) , 489 , ((6 * 20) - (7 - 1)) , 92
2020.08.22-16.42.16,v1.05-8-g8ea5981,12 , 114 , (11 20 7 1 6) , 1703 , ((6 * 20) - (7 - 1)) , 467
2020.08.22-16.42.16,v1.05-8-g8ea5981,13 , 114 , (11 20 7 1 6) , 1183 , ((6 * 20) - (7 - 1)) , 278
2020.08.22-16.42.16,v1.05-8-g8ea5981,14 , 114 , (11 20 7 1 6) , 2000 , none,  565
2020.08.22-16.42.16,v1.05-8-g8ea5981,15 , 114 , (11 20 7 1 6) , 606 , ((6 * 20) - (7 - 1)) , 201
2020.08.22-16.42.16,v1.05-8-g8ea5981,16 , 114 , (11 20 7 1 6) , 608 , ((6 * 20) - (7 - 1)) , 156
2020.08.22-16.42.16,v1.05-8-g8ea5981,17 , 114 , (11 20 7 1 6) , 657 , ((6 * 20) - (7 - 1)) , 147
2020.08.22-16.42.16,v1.05-8-g8ea5981,18 , 114 , (11 20 7 1 6) , 947 , ((20 * 6) - (7 - 1)) , 326
2020.08.22-16.42.16,v1.05-8-g8ea5981,19 , 114 , (11 20 7 1 6) , 97 , ((20 * 6) - (7 - 1)) , 0
2020.08.22-16.42.16,v1.05-8-g8ea5981,20 , 114 , (11 20 7 1 6) , 710 , ((6 * 20) - (7 - 1)) , 218
2020.08.22-16.42.16,v1.05-8-g8ea5981,21 , 114 , (11 20 7 1 6) , 470 , ((20 * 6) - (7 - 1)) , 85
2020.08.22-16.42.16,v1.05-8-g8ea5981,22 , 114 , (11 20 7 1 6) , 729 , ((6 * 20) - (7 - 1)) , 180
2020.08.22-16.42.16,v1.05-8-g8ea5981,23 , 114 , (11 20 7 1 6) , 117 , ((20 * 6) - (7 - 1)) , 5
2020.08.22-16.42.16,v1.05-8-g8ea5981,24 , 114 , (11 20 7 1 6) , 1028 , ((20 * 6) - (7 - 1)) , 291
2020.08.22-16.42.16,v1.05-8-g8ea5981,25 , 114 , (11 20 7 1 6) , 326 , ((6 * 20) - (7 - 1)) , 73
2020.08.22-16.42.16,v1.05-8-g8ea5981,26 , 114 , (11 20 7 1 6) , 250 , ((20 * 6) - (7 - 1)) , 47
2020.08.22-16.42.16,v1.05-8-g8ea5981,27 , 114 , (11 20 7 1 6) , 196 , ((20 * 6) - (7 - 1)) , 28
2020.08.22-16.42.16,v1.05-8-g8ea5981,28 , 114 , (11 20 7 1 6) , 302 , ((6 * 20) - (7 - 1)) , 66
2020.08.22-16.42.16,v1.05-8-g8ea5981,29 , 114 , (11 20 7 1 6) , 610 , ((6 * 20) - (7 - 1)) , 90
2020.08.22-16.42.16,v1.05-8-g8ea5981,30 , 114 , (11 20 7 1 6) , 461 , ((6 * 20) - (7 - 1)) , 113
2020.08.22-16.42.16,v1.05-8-g8ea5981,31 , 114 , (11 20 7 1 6) , 301 , ((6 * 20) - (7 - 1)) , 36
2020.08.22-16.42.16,v1.05-8-g8ea5981,32 , 114 , (11 20 7 1 6) , 443 , ((6 * 20) - (7 - 1)) , 138
2020.08.22-16.42.16,v1.05-8-g8ea5981,33 , 114 , (11 20 7 1 6) , 1087 , ((6 * 20) - (7 - 1)) , 286
2020.08.22-16.42.16,v1.05-8-g8ea5981,34 , 114 , (11 20 7 1 6) , 1754 , ((6 * 20) - (7 - 1)) , 385
2020.08.22-16.42.16,v1.05-8-g8ea5981,35 , 114 , (11 20 7 1 6) , 537 , ((20 * 6) - (7 - 1)) , 108
2020.08.22-16.42.16,v1.05-8-g8ea5981,36 , 114 , (11 20 7 1 6) , 302 , ((6 * 20) - (7 - 1)) , 54
2020.08.22-16.42.16,v1.05-8-g8ea5981,37 , 114 , (11 20 7 1 6) , 331 , ((20 * 6) - (7 - 1)) , 40
2020.08.22-16.42.16,v1.05-8-g8ea5981,38 , 114 , (11 20 7 1 6) , 456 , ((20 * 6) - (7 - 1)) , 84
2020.08.22-16.42.16,v1.05-8-g8ea5981,39 , 114 , (11 20 7 1 6) , 335 , ((6 * 20) - (7 - 1)) , 77
2020.08.22-16.42.16,v1.05-8-g8ea5981,40 , 114 , (11 20 7 1 6) , 199 , ((6 * 20) - (7 - 1)) , 9
2020.08.22-16.42.16,v1.05-8-g8ea5981,41 , 114 , (11 20 7 1 6) , 745 , ((6 * 20) - (7 - 1)) , 221
2020.08.22-16.42.16,v1.05-8-g8ea5981,42 , 114 , (11 20 7 1 6) , 1390 , ((6 * 20) - (7 - 1)) , 498
2020.08.22-16.42.16,v1.05-8-g8ea5981,43 , 114 , (11 20 7 1 6) , 118 , ((6 * 20) - (7 - 1)) , 19
2020.08.22-16.42.16,v1.05-8-g8ea5981,44 , 114 , (11 20 7 1 6) , 160 , ((6 * 20) - (7 - 1)) , 21
2020.08.22-16.42.16,v1.05-8-g8ea5981,45 , 114 , (11 20 7 1 6) , 1120 , ((6 * 20) - (7 - 1)) , 281
2020.08.22-16.42.16,v1.05-8-g8ea5981,46 , 114 , (11 20 7 1 6) , 727 , ((6 * 20) - (7 - 1)) , 206
2020.08.22-16.42.16,v1.05-8-g8ea5981,47 , 114 , (11 20 7 1 6) , 357 , ((6 * 20) - (7 - 1)) , 105
2020.08.22-16.42.16,v1.05-8-g8ea5981,48 , 114 , (11 20 7 1 6) , 1225 , ((6 * 20) - (7 - 1)) , 310
2020.08.22-16.42.16,v1.05-8-g8ea5981,49 , 114 , (11 20 7 1 6) , 2000 , none,  492
2020.08.22-16.42.16,v1.05-8-g8ea5981,50 , 114 , (11 20 7 1 6) , 155 , ((6 * 20) - (7 - 1)) , 39
2020.08.22-16.42.16,v1.05-8-g8ea5981,51 , 114 , (11 20 7 1 6) , 2000 , none,  470
2020.08.22-16.42.16,v1.05-8-g8ea5981,52 , 114 , (11 20 7 1 6) , 86 , ((6 * 20) - (7 - 1)) , 0
2020.08.22-16.42.16,v1.05-8-g8ea5981,53 , 114 , (11 20 7 1 6) , 699 , ((6 * 20) - (7 - 1)) , 198
2020.08.22-16.42.16,v1.05-8-g8ea5981,54 , 114 , (11 20 7 1 6) , 170 , ((6 * 20) - (7 - 1)) , 18
2020.08.22-16.42.16,v1.05-8-g8ea5981,55 , 114 , (11 20 7 1 6) , 141 , ((6 * 20) - (7 - 1)) , 50
2020.08.22-16.42.16,v1.05-8-g8ea5981,56 , 114 , (11 20 7 1 6) , 582 , ((20 * 6) - (7 - 1)) , 191
2020.08.22-16.42.16,v1.05-8-g8ea5981,57 , 114 , (11 20 7 1 6) , 1698 , ((6 * 20) - (7 - 1)) , 463
2020.08.22-16.42.16,v1.05-8-g8ea5981,58 , 114 , (11 20 7 1 6) , 169 , ((6 * 20) - (7 - 1)) , 71
2020.08.22-16.42.16,v1.05-8-g8ea5981,59 , 114 , (11 20 7 1 6) , 100 , ((6 * 20) - (7 - 1)) , 0
2020.08.22-16.42.16,v1.05-8-g8ea5981,60 , 114 , (11 20 7 1 6) , 351 , ((6 * 20) - (7 - 1)) , 74
2020.08.22-16.42.16,v1.05-8-g8ea5981,61 , 114 , (11 20 7 1 6) , 1367 , ((20 * 6) - (7 - 1)) , 421
2020.08.22-16.42.16,v1.05-8-g8ea5981,62 , 114 , (11 20 7 1 6) , 431 , ((6 * 20) - (7 - 1)) , 72
2020.08.22-16.42.16,v1.05-8-g8ea5981,63 , 114 , (11 20 7 1 6) , 252 , ((20 * 6) - (7 - 1)) , 35
2020.08.22-16.42.16,v1.05-8-g8ea5981,64 , 114 , (11 20 7 1 6) , 1656 , ((6 * 20) - (7 - 1)) , 507
2020.08.22-16.42.16,v1.05-8-g8ea5981,65 , 114 , (11 20 7 1 6) , 1251 , ((6 * 20) - (7 - 1)) , 411
2020.08.22-16.42.16,v1.05-8-g8ea5981,66 , 114 , (11 20 7 1 6) , 822 , ((6 * 20) - (7 - 1)) , 257
2020.08.22-16.42.16,v1.05-8-g8ea5981,67 , 114 , (11 20 7 1 6) , 553 , ((6 * 20) - (7 - 1)) , 99
2020.08.22-16.42.16,v1.05-8-g8ea5981,68 , 114 , (11 20 7 1 6) , 410 , ((6 * 20) - (7 - 1)) , 76
2020.08.22-16.42.16,v1.05-8-g8ea5981,69 , 114 , (11 20 7 1 6) , 1065 , ((20 * 6) - (7 - 1)) , 326
2020.08.22-16.42.16,v1.05-8-g8ea5981,70 , 114 , (11 20 7 1 6) , 134 , ((20 * 6) - (7 - 1)) , 25
2020.08.22-16.42.16,v1.05-8-g8ea5981,71 , 114 , (11 20 7 1 6) , 997 , ((6 * 20) - (7 - 1)) , 293
2020.08.22-16.42.16,v1.05-8-g8ea5981,72 , 114 , (11 20 7 1 6) , 467 , ((6 * 20) - (7 - 1)) , 93
2020.08.22-16.42.16,v1.05-8-g8ea5981,73 , 114 , (11 20 7 1 6) , 872 , ((6 * 20) - (7 - 1)) , 231
2020.08.22-16.42.16,v1.05-8-g8ea5981,74 , 114 , (11 20 7 1 6) , 155 , ((6 * 20) - (7 - 1)) , 0
2020.08.22-16.42.16,v1.05-8-g8ea5981,75 , 114 , (11 20 7 1 6) , 231 , ((6 * 20) - (7 - 1)) , 30
2020.08.22-16.42.16,v1.05-8-g8ea5981,76 , 114 , (11 20 7 1 6) , 536 , ((20 * 6) - (7 - 1)) , 165
2020.08.22-16.42.16,v1.05-8-g8ea5981,77 , 114 , (11 20 7 1 6) , 86 , ((6 * 20) - (7 - 1)) , 1
2020.08.22-16.42.16,v1.05-8-g8ea5981,78 , 114 , (11 20 7 1 6) , 278 , ((6 * 20) - (7 - 1)) , 46
2020.08.22-16.42.16,v1.05-8-g8ea5981,79 , 114 , (11 20 7 1 6) , 1030 , ((6 * 20) - (7 - 1)) , 224
2020.08.22-16.42.16,v1.05-8-g8ea5981,80 , 114 , (11 20 7 1 6) , 1898 , ((6 * 20) - (7 - 1)) , 542
2020.08.22-16.42.16,v1.05-8-g8ea5981,81 , 114 , (11 20 7 1 6) , 1150 , ((20 * 6) - (7 - 1)) , 320
2020.08.22-16.42.16,v1.05-8-g8ea5981,82 , 114 , (11 20 7 1 6) , 414 , ((6 * 20) - (7 - 1)) , 104
2020.08.22-16.42.16,v1.05-8-g8ea5981,83 , 114 , (11 20 7 1 6) , 154 , ((6 * 20) - (7 - 1)) , 56
2020.08.22-16.42.16,v1.05-8-g8ea5981,84 , 114 , (11 20 7 1 6) , 889 , ((6 * 20) - (7 - 1)) , 192
2020.08.22-16.42.16,v1.05-8-g8ea5981,85 , 114 , (11 20 7 1 6) , 200 , ((6 * 20) - (7 - 1)) , 19
2020.08.22-16.42.16,v1.05-8-g8ea5981,86 , 114 , (11 20 7 1 6) , 567 , ((6 * 20) - (7 - 1)) , 186
2020.08.22-16.42.16,v1.05-8-g8ea5981,87 , 114 , (11 20 7 1 6) , 199 , ((6 * 20) - (7 - 1)) , 60
2020.08.22-16.42.16,v1.05-8-g8ea5981,88 , 114 , (11 20 7 1 6) , 57 , ((6 * 20) - (7 - 1)) , 0
2020.08.22-16.42.16,v1.05-8-g8ea5981,89 , 114 , (11 20 7 1 6) , 1218 , ((6 * 20) - (7 - 1)) , 294
2020.08.22-16.42.16,v1.05-8-g8ea5981,90 , 114 , (11 20 7 1 6) , 94 , ((6 * 20) - (7 - 1)) , 0
2020.08.22-16.42.16,v1.05-8-g8ea5981,91 , 114 , (11 20 7 1 6) , 560 , ((20 * 6) - (7 - 1)) , 88
2020.08.22-16.42.16,v1.05-8-g8ea5981,92 , 114 , (11 20 7 1 6) , 107 , ((6 * 20) - (7 - 1)) , 0
2020.08.22-16.42.16,v1.05-8-g8ea5981,93 , 114 , (11 20 7 1 6) , 215 , ((6 * 20) - (7 - 1)) , 28
2020.08.22-16.42.16,v1.05-8-g8ea5981,94 , 114 , (11 20 7 1 6) , 1626 , ((20 * 6) - (7 - 1)) , 403
2020.08.22-16.42.16,v1.05-8-g8ea5981,95 , 114 , (11 20 7 1 6) , 1507 , ((6 * 20) - (7 - 1)) , 389
2020.08.22-16.42.16,v1.05-8-g8ea5981,96 , 114 , (11 20 7 1 6) , 1682 , ((6 * 20) - (7 - 1)) , 498
2020.08.22-16.42.16,v1.05-8-g8ea5981,97 , 114 , (11 20 7 1 6) , 1563 , ((6 * 20) - (7 - 1)) , 359
2020.08.22-16.42.16,v1.05-8-g8ea5981,98 , 114 , (11 20 7 1 6) , 2000 , none,  480
2020.08.22-16.42.16,v1.05-8-g8ea5981,99 , 114 , (11 20 7 1 6) , 237 , ((6 * 20) - (7 - 1)) , 17
2020.08.22-16.42.16,v1.05-8-g8ea5981,0 , 87 , (8 3 9 10 7) , 499 , ((8 * 10) + 7) , 145
2020.08.22-16.42.16,v1.05-8-g8ea5981,1 , 87 , (8 3 9 10 7) , 941 , ((9 * 10) - 3) , 271
2020.08.22-16.42.16,v1.05-8-g8ea5981,2 , 87 , (8 3 9 10 7) , 285 , ((9 * 10) - 3) , 69
2020.08.22-16.42.16,v1.05-8-g8ea5981,3 , 87 , (8 3 9 10 7) , 687 , ((8 * 10) + 7) , 100
2020.08.22-16.42.16,v1.05-8-g8ea5981,4 , 87 , (8 3 9 10 7) , 2000 , none,  698
2020.08.22-16.42.16,v1.05-8-g8ea5981,5 , 87 , (8 3 9 10 7) , 761 , ((8 * 10) + 7) , 189
2020.08.22-16.42.16,v1.05-8-g8ea5981,6 , 87 , (8 3 9 10 7) , 430 , ((8 * 10) + 7) , 132
2020.08.22-16.42.16,v1.05-8-g8ea5981,7 , 87 , (8 3 9 10 7) , 819 , ((9 * 10) - 3) , 256
2020.08.22-16.42.16,v1.05-8-g8ea5981,8 , 87 , (8 3 9 10 7) , 1023 , ((9 * 10) - 3) , 235
2020.08.22-16.42.16,v1.05-8-g8ea5981,9 , 87 , (8 3 9 10 7) , 69 , ((10 * 8) + 7) , 27
2020.08.22-16.42.16,v1.05-8-g8ea5981,10 , 87 , (8 3 9 10 7) , 214 , ((10 * 8) + 7) , 38
2020.08.22-16.42.16,v1.05-8-g8ea5981,11 , 87 , (8 3 9 10 7) , 2000 , none,  697
2020.08.22-16.42.16,v1.05-8-g8ea5981,12 , 87 , (8 3 9 10 7) , 2000 , none,  635
2020.08.22-16.42.16,v1.05-8-g8ea5981,13 , 87 , (8 3 9 10 7) , 2000 , none,  624
2020.08.22-16.42.16,v1.05-8-g8ea5981,14 , 87 , (8 3 9 10 7) , 574 , ((8 * 10) + 7) , 195
2020.08.22-16.42.16,v1.05-8-g8ea5981,15 , 87 , (8 3 9 10 7) , 124 , ((9 * 10) - 3) , 59
2020.08.22-16.42.16,v1.05-8-g8ea5981,16 , 87 , (8 3 9 10 7) , 1641 , ((9 * 10) - 3) , 559
2020.08.22-16.42.16,v1.05-8-g8ea5981,17 , 87 , (8 3 9 10 7) , 62 , ((9 * 10) - 3) , 0
2020.08.22-16.42.16,v1.05-8-g8ea5981,18 , 87 , (8 3 9 10 7) , 1391 , ((9 * 10) - 3) , 484
2020.08.22-16.42.16,v1.05-8-g8ea5981,19 , 87 , (8 3 9 10 7) , 766 , ((8 * 10) + 7) , 198
2020.08.22-16.42.16,v1.05-8-g8ea5981,20 , 87 , (8 3 9 10 7) , 1669 , ((9 * 10) - 3) , 539
2020.08.22-16.42.16,v1.05-8-g8ea5981,21 , 87 , (8 3 9 10 7) , 819 , ((9 * 10) - 3) , 270
2020.08.22-16.42.16,v1.05-8-g8ea5981,22 , 87 , (8 3 9 10 7) , 69 , ((9 * 10) - 3) , 2
2020.08.22-16.42.16,v1.05-8-g8ea5981,23 , 87 , (8 3 9 10 7) , 451 , ((10 * 8) + 7) , 106
2020.08.22-16.42.16,v1.05-8-g8ea5981,24 , 87 , (8 3 9 10 7) , 2000 , none,  719
2020.08.22-16.42.16,v1.05-8-g8ea5981,25 , 87 , (8 3 9 10 7) , 212 , ((10 * 8) + 7) , 40
2020.08.22-16.42.16,v1.05-8-g8ea5981,26 , 87 , (8 3 9 10 7) , 2000 , none,  673
2020.08.22-16.42.16,v1.05-8-g8ea5981,27 , 87 , (8 3 9 10 7) , 1946 , ((8 * 10) + 7) , 530
2020.08.22-16.42.16,v1.05-8-g8ea5981,28 , 87 , (8 3 9 10 7) , 2000 , none,  709
2020.08.22-16.42.16,v1.05-8-g8ea5981,29 , 87 , (8 3 9 10 7) , 2000 , none,  700
2020.08.22-16.42.16,v1.05-8-g8ea5981,30 , 87 , (8 3 9 10 7) , 300 , ((9 * 10) - 3) , 70
2020.08.22-16.42.16,v1.05-8-g8ea5981,31 , 87 , (8 3 9 10 7) , 2000 , none,  650
2020.08.22-16.42.16,v1.05-8-g8ea5981,32 , 87 , (8 3 9 10 7) , 1000 , ((10 * 8) + 7) , 344
2020.08.22-16.42.16,v1.05-8-g8ea5981,33 , 87 , (8 3 9 10 7) , 1782 , ((9 * 10) - 3) , 595
2020.08.22-16.42.16,v1.05-8-g8ea5981,34 , 87 , (8 3 9 10 7) , 59 , ((10 * 8) + 7) , 0
2020.08.22-16.42.16,v1.05-8-g8ea5981,35 , 87 , (8 3 9 10 7) , 2000 , none,  640
2020.08.22-16.42.16,v1.05-8-g8ea5981,36 , 87 , (8 3 9 10 7) , 949 , ((9 * 10) - 3) , 294
2020.08.22-16.42.16,v1.05-8-g8ea5981,37 , 87 , (8 3 9 10 7) , 504 , ((8 * 10) + 7) , 155
2020.08.22-16.42.16,v1.05-8-g8ea5981,38 , 87 , (8 3 9 10 7) , 156 , ((9 * 10) - 3) , 18
2020.08.22-16.42.16,v1.05-8-g8ea5981,39 , 87 , (8 3 9 10 7) , 552 , ((9 * 7) + (3 * 8)) , 193
2020.08.22-16.42.16,v1.05-8-g8ea5981,40 , 87 , (8 3 9 10 7) , 1122 , ((9 * 10) - 3) , 262
2020.08.22-16.42.16,v1.05-8-g8ea5981,41 , 87 , (8 3 9 10 7) , 1081 , ((9 * 10) - 3) , 370
2020.08.22-16.42.16,v1.05-8-g8ea5981,42 , 87 , (8 3 9 10 7) , 2000 , none,  589
2020.08.22-16.42.16,v1.05-8-g8ea5981,43 , 87 , (8 3 9 10 7) , 562 , ((9 * 7) + (3 * 8)) , 187
2020.08.22-16.42.16,v1.05-8-g8ea5981,44 , 87 , (8 3 9 10 7) , 2000 , none,  628
2020.08.22-16.42.16,v1.05-8-g8ea5981,45 , 87 , (8 3 9 10 7) , 115 , ((9 * 7) + (3 * 8)) , 4
2020.08.22-16.42.16,v1.05-8-g8ea5981,46 , 87 , (8 3 9 10 7) , 151 , ((9 * 10) - 3) , 17
2020.08.22-16.42.16,v1.05-8-g8ea5981,47 , 87 , (8 3 9 10 7) , 2000 , none,  634
2020.08.22-16.42.16,v1.05-8-g8ea5981,48 , 87 , (8 3 9 10 7) , 55 , ((10 * 9) - 3) , 0
2020.08.22-16.42.16,v1.05-8-g8ea5981,49 , 87 , (8 3 9 10 7) , 2000 , none,  717
2020.08.22-16.42.16,v1.05-8-g8ea5981,50 , 87 , (8 3 9 10 7) , 1380 , ((9 * 10) - 3) , 455
2020.08.22-16.42.16,v1.05-8-g8ea5981,51 , 87 , (8 3 9 10 7) , 728 , ((9 * 10) - 3) , 213
2020.08.22-16.42.16,v1.05-8-g8ea5981,52 , 87 , (8 3 9 10 7) , 263 , ((9 * 10) - 3) , 104
2020.08.22-16.42.16,v1.05-8-g8ea5981,53 , 87 , (8 3 9 10 7) , 699 , ((9 * 10) - 3) , 184
2020.08.22-16.42.16,v1.05-8-g8ea5981,54 , 87 , (8 3 9 10 7) , 1527 , ((9 * 10) - 3) , 442
2020.08.22-16.42.16,v1.05-8-g8ea5981,55 , 87 , (8 3 9 10 7) , 941 , ((8 * 10) + 7) , 193
2020.08.22-16.42.16,v1.05-8-g8ea5981,56 , 87 , (8 3 9 10 7) , 2000 , none,  713
2020.08.22-16.42.16,v1.05-8-g8ea5981,57 , 87 , (8 3 9 10 7) , 230 , ((9 * 10) - 3) , 53
2020.08.22-16.42.16,v1.05-8-g8ea5981,58 , 87 , (8 3 9 10 7) , 2000 , none,  677
2020.08.22-16.42.16,v1.05-8-g8ea5981,59 , 87 , (8 3 9 10 7) , 255 , ((8 * 10) + 7) , 43
2020.08.22-16.42.16,v1.05-8-g8ea5981,60 , 87 , (8 3 9 10 7) , 2000 , none,  711
2020.08.22-16.42.16,v1.05-8-g8ea5981,61 , 87 , (8 3 9 10 7) , 632 , ((8 * 10) + 7) , 132
2020.08.22-16.42.16,v1.05-8-g8ea5981,62 , 87 , (8 3 9 10 7) , 2000 , none,  628
2020.08.22-16.42.16,v1.05-8-g8ea5981,63 , 87 , (8 3 9 10 7) , 1230 , ((9 * 10) - 3) , 294
2020.08.22-16.42.16,v1.05-8-g8ea5981,64 , 87 , (8 3 9 10 7) , 1433 , ((9 * 10) - 3) , 494
2020.08.22-16.42.16,v1.05-8-g8ea5981,65 , 87 , (8 3 9 10 7) , 2000 , none,  693
2020.08.22-16.42.16,v1.05-8-g8ea5981,66 , 87 , (8 3 9 10 7) , 558 , ((9 * 10) - 3) , 175
2020.08.22-16.42.16,v1.05-8-g8ea5981,67 , 87 , (8 3 9 10 7) , 287 , ((9 * 10) - 3) , 81
2020.08.22-16.42.16,v1.05-8-g8ea5981,68 , 87 , (8 3 9 10 7) , 58 , ((9 * 10) - 3) , 1
2020.08.22-16.42.16,v1.05-8-g8ea5981,69 , 87 , (8 3 9 10 7) , 473 , ((7 * 10) + (8 + 9)) , 120
2020.08.22-16.42.16,v1.05-8-g8ea5981,70 , 87 , (8 3 9 10 7) , 600 , ((10 * 9) - 3) , 102
2020.08.22-16.42.16,v1.05-8-g8ea5981,71 , 87 , (8 3 9 10 7) , 456 , ((10 * 8) + 7) , 121
2020.08.22-16.42.16,v1.05-8-g8ea5981,72 , 87 , (8 3 9 10 7) , 2000 , none,  721
2020.08.22-16.42.16,v1.05-8-g8ea5981,73 , 87 , (8 3 9 10 7) , 2000 , none,  711
2020.08.22-16.42.16,v1.05-8-g8ea5981,74 , 87 , (8 3 9 10 7) , 292 , ((9 * 10) - 3) , 81
2020.08.22-16.42.16,v1.05-8-g8ea5981,75 , 87 , (8 3 9 10 7) , 92 , ((8 * 10) + 7) , 0
2020.08.22-16.42.16,v1.05-8-g8ea5981,76 , 87 , (8 3 9 10 7) , 2000 , none,  628
2020.08.22-16.42.16,v1.05-8-g8ea5981,77 , 87 , (8 3 9 10 7) , 70 , ((9 * 10) - 3) , 34
2020.08.22-16.42.16,v1.05-8-g8ea5981,78 , 87 , (8 3 9 10 7) , 1374 , ((9 * 10) - 3) , 389
2020.08.22-16.42.16,v1.05-8-g8ea5981,79 , 87 , (8 3 9 10 7) , 1230 , ((9 * 10) - 3) , 373
2020.08.22-16.42.16,v1.05-8-g8ea5981,80 , 87 , (8 3 9 10 7) , 214 , ((8 * 10) + 7) , 45
2020.08.22-16.42.16,v1.05-8-g8ea5981,81 , 87 , (8 3 9 10 7) , 1756 , ((9 * 10) - 3) , 581
2020.08.22-16.42.16,v1.05-8-g8ea5981,82 , 87 , (8 3 9 10 7) , 247 , ((10 * 7) + (8 + 9)) , 50
2020.08.22-16.42.16,v1.05-8-g8ea5981,83 , 87 , (8 3 9 10 7) , 1507 , ((9 * 10) - 3) , 461
2020.08.22-16.42.16,v1.05-8-g8ea5981,84 , 87 , (8 3 9 10 7) , 59 , ((10 * 9) - 3) , 14
2020.08.22-16.42.16,v1.05-8-g8ea5981,85 , 87 , (8 3 9 10 7) , 1134 , ((9 * 10) - 3) , 387
2020.08.22-16.42.16,v1.05-8-g8ea5981,86 , 87 , (8 3 9 10 7) , 46 , ((8 * 10) + 7) , 0
2020.08.22-16.42.16,v1.05-8-g8ea5981,87 , 87 , (8 3 9 10 7) , 2000 , none,  665
2020.08.22-16.42.16,v1.05-8-g8ea5981,88 , 87 , (8 3 9 10 7) , 984 , ((8 * 10) + 7) , 303
2020.08.22-16.42.16,v1.05-8-g8ea5981,89 , 87 , (8 3 9 10 7) , 472 , ((9 * 10) - 3) , 141
2020.08.22-16.42.16,v1.05-8-g8ea5981,90 , 87 , (8 3 9 10 7) , 499 , ((8 * 10) + 7) , 125
2020.08.22-16.42.16,v1.05-8-g8ea5981,91 , 87 , (8 3 9 10 7) , 90 , ((9 * 10) - 3) , 11
2020.08.22-16.42.16,v1.05-8-g8ea5981,92 , 87 , (8 3 9 10 7) , 407 , ((9 * 10) - 3) , 154
2020.08.22-16.42.16,v1.05-8-g8ea5981,93 , 87 , (8 3 9 10 7) , 75 , ((9 * 10) - 3) , 0
2020.08.22-16.42.16,v1.05-8-g8ea5981,94 , 87 , (8 3 9 10 7) , 1988 , ((9 * 10) - 3) , 685
2020.08.22-16.42.16,v1.05-8-g8ea5981,95 , 87 , (8 3 9 10 7) , 2000 , none,  689
2020.08.22-16.42.16,v1.05-8-g8ea5981,96 , 87 , (8 3 9 10 7) , 35 , ((10 * 9) - 3) , 0
2020.08.22-16.42.16,v1.05-8-g8ea5981,97 , 87 , (8 3 9 10 7) , 108 , ((8 * 10) + 7) , 22
2020.08.22-16.42.16,v1.05-8-g8ea5981,98 , 87 , (8 3 9 10 7) , 772 , ((9 * 10) - 3) , 222
2020.08.22-16.42.16,v1.05-8-g8ea5981,99 , 87 , (8 3 9 10 7) , 435 , ((8 * 10) + 7) , 66
2020.08.22-16.42.16,v1.05-8-g8ea5981,0 , 31 , (3 5 24 3 14) , 2000 , none,  590
2020.08.22-16.42.16,v1.05-8-g8ea5981,1 , 31 , (3 5 24 3 14) , 2000 , none,  583
2020.08.22-16.42.16,v1.05-8-g8ea5981,2 , 31 , (3 5 24 3 14) , 2000 , none,  641
2020.08.22-16.42.16,v1.05-8-g8ea5981,3 , 31 , (3 5 24 3 14) , 2000 , none,  643
2020.08.22-16.42.16,v1.05-8-g8ea5981,4 , 31 , (3 5 24 3 14) , 2000 , none,  652
2020.08.22-16.42.16,v1.05-8-g8ea5981,5 , 31 , (3 5 24 3 14) , 2000 , none,  602
2020.08.22-16.42.16,v1.05-8-g8ea5981,6 , 31 , (3 5 24 3 14) , 2000 , none,  619
2020.08.22-16.42.16,v1.05-8-g8ea5981,7 , 31 , (3 5 24 3 14) , 2000 , none,  583
2020.08.22-16.42.16,v1.05-8-g8ea5981,8 , 31 , (3 5 24 3 14) , 2000 , none,  550
2020.08.22-16.42.16,v1.05-8-g8ea5981,9 , 31 , (3 5 24 3 14) , 2000 , none,  682
2020.08.22-16.42.16,v1.05-8-g8ea5981,10 , 31 , (3 5 24 3 14) , 2000 , none,  650
2020.08.22-16.42.16,v1.05-8-g8ea5981,11 , 31 , (3 5 24 3 14) , 2000 , none,  484
2020.08.22-16.42.16,v1.05-8-g8ea5981,12 , 31 , (3 5 24 3 14) , 2000 , none,  471
2020.08.22-16.42.16,v1.05-8-g8ea5981,13 , 31 , (3 5 24 3 14) , 2000 , none,  595
2020.08.22-16.42.16,v1.05-8-g8ea5981,14 , 31 , (3 5 24 3 14) , 2000 , none,  635
2020.08.22-16.42.16,v1.05-8-g8ea5981,15 , 31 , (3 5 24 3 14) , 2000 , none,  392
2020.08.22-16.42.16,v1.05-8-g8ea5981,16 , 31 , (3 5 24 3 14) , 2000 , none,  687
2020.08.22-16.42.16,v1.05-8-g8ea5981,17 , 31 , (3 5 24 3 14) , 2000 , none,  615
2020.08.22-16.42.16,v1.05-8-g8ea5981,18 , 31 , (3 5 24 3 14) , 2000 , none,  621
2020.08.22-16.42.16,v1.05-8-g8ea5981,19 , 31 , (3 5 24 3 14) , 2000 , none,  677
2020.08.22-16.42.16,v1.05-8-g8ea5981,20 , 31 , (3 5 24 3 14) , 2000 , none,  572
2020.08.22-16.42.16,v1.05-8-g8ea5981,21 , 31 , (3 5 24 3 14) , 2000 , none,  666
2020.08.22-16.42.16,v1.05-8-g8ea5981,22 , 31 , (3 5 24 3 14) , 2000 , none,  665
2020.08.22-16.42.16,v1.05-8-g8ea5981,23 , 31 , (3 5 24 3 14) , 2000 , none,  627
2020.08.22-16.42.16,v1.05-8-g8ea5981,24 , 31 , (3 5 24 3 14) , 2000 , none,  638
2020.08.22-16.42.16,v1.05-8-g8ea5981,25 , 31 , (3 5 24 3 14) , 2000 , none,  568
2020.08.22-16.42.16,v1.05-8-g8ea5981,26 , 31 , (3 5 24 3 14) , 2000 , none,  277
2020.08.22-16.42.16,v1.05-8-g8ea5981,27 , 31 , (3 5 24 3 14) , 2000 , none,  565
2020.08.22-16.42.16,v1.05-8-g8ea5981,28 , 31 , (3 5 24 3 14) , 2000 , none,  581
2020.08.22-16.42.16,v1.05-8-g8ea5981,29 , 31 , (3 5 24 3 14) , 2000 , none,  626
2020.08.22-16.42.16,v1.05-8-g8ea5981,30 , 31 , (3 5 24 3 14) , 2000 , none,  674
2020.08.22-16.42.16,v1.05-8-g8ea5981,31 , 31 , (3 5 24 3 14) , 2000 , none,  588
2020.08.22-16.42.16,v1.05-8-g8ea5981,32 , 31 , (3 5 24 3 14) , 2000 , none,  646
2020.08.22-16.42.16,v1.05-8-g8ea5981,33 , 31 , (3 5 24 3 14) , 2000 , none,  623
2020.08.22-16.42.16,v1.05-8-g8ea5981,34 , 31 , (3 5 24 3 14) , 2000 , none,  538
2020.08.22-16.42.16,v1.05-8-g8ea5981,35 , 31 , (3 5 24 3 14) , 2000 , none,  569
2020.08.22-16.42.16,v1.05-8-g8ea5981,36 , 31 , (3 5 24 3 14) , 2000 , none,  634
2020.08.22-16.42.16,v1.05-8-g8ea5981,37 , 31 , (3 5 24 3 14) , 2000 , none,  660
2020.08.22-16.42.16,v1.05-8-g8ea5981,38 , 31 , (3 5 24 3 14) , 2000 , none,  609
2020.08.22-16.42.16,v1.05-8-g8ea5981,39 , 31 , (3 5 24 3 14) , 2000 , none,  563
2020.08.22-16.42.16,v1.05-8-g8ea5981,40 , 31 , (3 5 24 3 14) , 2000 , none,  666
2020.08.22-16.42.16,v1.05-8-g8ea5981,41 , 31 , (3 5 24 3 14) , 2000 , none,  589
2020.08.22-16.42.16,v1.05-8-g8ea5981,42 , 31 , (3 5 24 3 14) , 2000 , none,  649
2020.08.22-16.42.16,v1.05-8-g8ea5981,43 , 31 , (3 5 24 3 14) , 2000 , none,  565
2020.08.22-16.42.16,v1.05-8-g8ea5981,44 , 31 , (3 5 24 3 14) , 2000 , none,  546
2020.08.22-16.42.16,v1.05-8-g8ea5981,45 , 31 , (3 5 24 3 14) , 2000 , none,  535
2020.08.22-16.42.16,v1.05-8-g8ea5981,46 , 31 , (3 5 24 3 14) , 2000 , none,  656
2020.08.22-16.42.16,v1.05-8-g8ea5981,47 , 31 , (3 5 24 3 14) , 2000 , none,  539
2020.08.22-16.42.16,v1.05-8-g8ea5981,48 , 31 , (3 5 24 3 14) , 2000 , none,  603
2020.08.22-16.42.16,v1.05-8-g8ea5981,49 , 31 , (3 5 24 3 14) , 2000 , none,  559
2020.08.22-16.42.16,v1.05-8-g8ea5981,50 , 31 , (3 5 24 3 14) , 2000 , none,  664
2020.08.22-16.42.16,v1.05-8-g8ea5981,51 , 31 , (3 5 24 3 14) , 2000 , none,  580
2020.08.22-16.42.16,v1.05-8-g8ea5981,52 , 31 , (3 5 24 3 14) , 2000 , none,  641
2020.08.22-16.42.16,v1.05-8-g8ea5981,53 , 31 , (3 5 24 3 14) , 2000 , none,  705
2020.08.22-16.42.16,v1.05-8-g8ea5981,54 , 31 , (3 5 24 3 14) , 2000 , none,  615
2020.08.22-16.42.16,v1.05-8-g8ea5981,55 , 31 , (3 5 24 3 14) , 2000 , none,  667
2020.08.22-16.42.16,v1.05-8-g8ea5981,56 , 31 , (3 5 24 3 14) , 2000 , none,  583
2020.08.22-16.42.16,v1.05-8-g8ea5981,57 , 31 , (3 5 24 3 14) , 2000 , none,  572
2020.08.22-16.42.16,v1.05-8-g8ea5981,58 , 31 , (3 5 24 3 14) , 2000 , none,  569
2020.08.22-16.42.16,v1.05-8-g8ea5981,59 , 31 , (3 5 24 3 14) , 2000 , none,  604
2020.08.22-16.42.16,v1.05-8-g8ea5981,60 , 31 , (3 5 24 3 14) , 2000 , none,  593
2020.08.22-16.42.16,v1.05-8-g8ea5981,61 , 31 , (3 5 24 3 14) , 2000 , none,  561
2020.08.22-16.42.16,v1.05-8-g8ea5981,62 , 31 , (3 5 24 3 14) , 2000 , none,  617
2020.08.22-16.42.16,v1.05-8-g8ea5981,63 , 31 , (3 5 24 3 14) , 2000 , none,  670
2020.08.22-16.42.16,v1.05-8-g8ea5981,64 , 31 , (3 5 24 3 14) , 2000 , none,  368
2020.08.22-16.42.16,v1.05-8-g8ea5981,65 , 31 , (3 5 24 3 14) , 2000 , none,  626
2020.08.22-16.42.16,v1.05-8-g8ea5981,66 , 31 , (3 5 24 3 14) , 2000 , none,  589
2020.08.22-16.42.16,v1.05-8-g8ea5981,67 , 31 , (3 5 24 3 14) , 2000 , none,  483
2020.08.22-16.42.16,v1.05-8-g8ea5981,68 , 31 , (3 5 24 3 14) , 2000 , none,  645
2020.08.22-16.42.16,v1.05-8-g8ea5981,69 , 31 , (3 5 24 3 14) , 2000 , none,  632
2020.08.22-16.42.16,v1.05-8-g8ea5981,70 , 31 , (3 5 24 3 14) , 2000 , none,  581
2020.08.22-16.42.16,v1.05-8-g8ea5981,71 , 31 , (3 5 24 3 14) , 2000 , none,  458
2020.08.22-16.42.16,v1.05-8-g8ea5981,72 , 31 , (3 5 24 3 14) , 2000 , none,  603
2020.08.22-16.42.16,v1.05-8-g8ea5981,73 , 31 , (3 5 24 3 14) , 2000 , none,  567
2020.08.22-16.42.16,v1.05-8-g8ea5981,74 , 31 , (3 5 24 3 14) , 2000 , none,  597
2020.08.22-16.42.16,v1.05-8-g8ea5981,75 , 31 , (3 5 24 3 14) , 2000 , none,  638
2020.08.22-16.42.16,v1.05-8-g8ea5981,76 , 31 , (3 5 24 3 14) , 2000 , none,  583
2020.08.22-16.42.16,v1.05-8-g8ea5981,77 , 31 , (3 5 24 3 14) , 2000 , none,  594
2020.08.22-16.42.16,v1.05-8-g8ea5981,78 , 31 , (3 5 24 3 14) , 2000 , none,  644
2020.08.22-16.42.16,v1.05-8-g8ea5981,79 , 31 , (3 5 24 3 14) , 2000 , none,  696
2020.08.22-16.42.16,v1.05-8-g8ea5981,80 , 31 , (3 5 24 3 14) , 2000 , none,  575
2020.08.22-16.42.16,v1.05-8-g8ea5981,81 , 31 , (3 5 24 3 14) , 2000 , none,  582
2020.08.22-16.42.16,v1.05-8-g8ea5981,82 , 31 , (3 5 24 3 14) , 2000 , none,  588
2020.08.22-16.42.16,v1.05-8-g8ea5981,83 , 31 , (3 5 24 3 14) , 2000 , none,  637
2020.08.22-16.42.16,v1.05-8-g8ea5981,84 , 31 , (3 5 24 3 14) , 2000 , none,  545
2020.08.22-16.42.16,v1.05-8-g8ea5981,85 , 31 , (3 5 24 3 14) , 2000 , none,  620
2020.08.22-16.42.16,v1.05-8-g8ea5981,86 , 31 , (3 5 24 3 14) , 2000 , none,  525
2020.08.22-16.42.16,v1.05-8-g8ea5981,87 , 31 , (3 5 24 3 14) , 2000 , none,  548
2020.08.22-16.42.16,v1.05-8-g8ea5981,88 , 31 , (3 5 24 3 14) , 2000 , none,  643
2020.08.22-16.42.16,v1.05-8-g8ea5981,89 , 31 , (3 5 24 3 14) , 2000 , none,  632
2020.08.22-16.42.16,v1.05-8-g8ea5981,90 , 31 , (3 5 24 3 14) , 2000 , none,  634
2020.08.22-16.42.16,v1.05-8-g8ea5981,91 , 31 , (3 5 24 3 14) , 2000 , none,  717
2020.08.22-16.42.16,v1.05-8-g8ea5981,92 , 31 , (3 5 24 3 14) , 2000 , none,  608
2020.08.22-16.42.16,v1.05-8-g8ea5981,93 , 31 , (3 5 24 3 14) , 2000 , none,  640
2020.08.22-16.42.16,v1.05-8-g8ea5981,94 , 31 , (3 5 24 3 14) , 2000 , none,  624
2020.08.22-16.42.16,v1.05-8-g8ea5981,95 , 31 , (3 5 24 3 14) , 2000 , none,  628
2020.08.22-16.42.16,v1.05-8-g8ea5981,96 , 31 , (3 5 24 3 14) , 2000 , none,  649
2020.08.22-16.42.16,v1.05-8-g8ea5981,97 , 31 , (3 5 24 3 14) , 2000 , none,  717
2020.08.22-16.42.16,v1.05-8-g8ea5981,98 , 31 , (3 5 24 3 14) , 2000 , none,  587
2020.08.22-16.42.16,v1.05-8-g8ea5981,99 , 31 , (3 5 24 3 14) , 2000 , none,  503
2020.08.22-16.42.16,v1.05-8-g8ea5981,0 , 25 , (8 5 5 11 2) , 97 , (5 * 5) , 4
2020.08.22-16.42.16,v1.05-8-g8ea5981,1 , 25 , (8 5 5 11 2) , 958 , (5 * 5) , 256
2020.08.22-16.42.16,v1.05-8-g8ea5981,2 , 25 , (8 5 5 11 2) , 362 , (5 * 5) , 56
2020.08.22-16.42.16,v1.05-8-g8ea5981,3 , 25 , (8 5 5 11 2) , 414 , (5 * 5) , 99
2020.08.22-16.42.16,v1.05-8-g8ea5981,4 , 25 , (8 5 5 11 2) , 115 , (5 * 5) , 16
2020.08.22-16.42.16,v1.05-8-g8ea5981,5 , 25 , (8 5 5 11 2) , 1125 , (5 * 5) , 313
2020.08.22-16.42.16,v1.05-8-g8ea5981,6 , 25 , (8 5 5 11 2) , 737 , (5 * 5) , 165
2020.08.22-16.42.16,v1.05-8-g8ea5981,7 , 25 , (8 5 5 11 2) , 69 , (5 * 5) , 0
2020.08.22-16.42.16,v1.05-8-g8ea5981,8 , 25 , (8 5 5 11 2) , 697 , (5 * 5) , 195
2020.08.22-16.42.16,v1.05-8-g8ea5981,9 , 25 , (8 5 5 11 2) , 70 , (5 * 5) , 9
2020.08.22-16.42.16,v1.05-8-g8ea5981,10 , 25 , (8 5 5 11 2) , 20 , (5 * 5) , 0
2020.08.22-16.42.16,v1.05-8-g8ea5981,11 , 25 , (8 5 5 11 2) , 212 , (5 * 5) , 25
2020.08.22-16.42.16,v1.05-8-g8ea5981,12 , 25 , (8 5 5 11 2) , 105 , (5 * 5) , 27
2020.08.22-16.42.16,v1.05-8-g8ea5981,13 , 25 , (8 5 5 11 2) , 83 , (5 * 5) , 11
2020.08.22-16.42.16,v1.05-8-g8ea5981,14 , 25 , (8 5 5 11 2) , 302 , (5 * 5) , 59
2020.08.22-16.42.16,v1.05-8-g8ea5981,15 , 25 , (8 5 5 11 2) , 1069 , (5 * 5) , 298
2020.08.22-16.42.16,v1.05-8-g8ea5981,16 , 25 , (8 5 5 11 2) , 279 , (5 * 5) , 92
2020.08.22-16.42.16,v1.05-8-g8ea5981,17 , 25 , (8 5 5 11 2) , 515 , (5 * 5) , 164
2020.08.22-16.42.16,v1.05-8-g8ea5981,18 , 25 , (8 5 5 11 2) , 171 , (5 * 5) , 13
2020.08.22-16.42.16,v1.05-8-g8ea5981,19 , 25 , (8 5 5 11 2) , 209 , (5 * 5) , 54
2020.08.22-16.42.16,v1.05-8-g8ea5981,20 , 25 , (8 5 5 11 2) , 64 , (5 * 5) , 0
2020.08.22-16.42.16,v1.05-8-g8ea5981,21 , 25 , (8 5 5 11 2) , 1284 , (5 * 5) , 373
2020.08.22-16.42.16,v1.05-8-g8ea5981,22 , 25 , (8 5 5 11 2) , 1415 , (5 * 5) , 384
2020.08.22-16.42.16,v1.05-8-g8ea5981,23 , 25 , (8 5 5 11 2) , 69 , (5 * 5) , 0
2020.08.22-16.42.16,v1.05-8-g8ea5981,24 , 25 , (8 5 5 11 2) , 1308 , (5 * 5) , 366
2020.08.22-16.42.16,v1.05-8-g8ea5981,25 , 25 , (8 5 5 11 2) , 866 , (5 * 5) , 254
2020.08.22-16.42.16,v1.05-8-g8ea5981,26 , 25 , (8 5 5 11 2) , 366 , (5 * 5) , 51
2020.08.22-16.42.16,v1.05-8-g8ea5981,27 , 25 , (8 5 5 11 2) , 49 , (5 * 5) , 0
2020.08.22-16.42.16,v1.05-8-g8ea5981,28 , 25 , (8 5 5 11 2) , 81 , (5 * 5) , 4
2020.08.22-16.42.16,v1.05-8-g8ea5981,29 , 25 , (8 5 5 11 2) , 24 , (5 * 5) , 0
2020.08.22-16.42.16,v1.05-8-g8ea5981,30 , 25 , (8 5 5 11 2) , 70 , (5 * 5) , 5
2020.08.22-16.42.16,v1.05-8-g8ea5981,31 , 25 , (8 5 5 11 2) , 103 , (5 * 5) , 7
2020.08.22-16.42.16,v1.05-8-g8ea5981,32 , 25 , (8 5 5 11 2) , 178 , (5 * 5) , 21
2020.08.22-16.42.16,v1.05-8-g8ea5981,33 , 25 , (8 5 5 11 2) , 111 , (5 * 5) , 12
2020.08.22-16.42.16,v1.05-8-g8ea5981,34 , 25 , (8 5 5 11 2) , 114 , (5 * 5) , 18
2020.08.22-16.42.16,v1.05-8-g8ea5981,35 , 25 , (8 5 5 11 2) , 111 , (5 * 5) , 0
2020.08.22-16.42.16,v1.05-8-g8ea5981,36 , 25 , (8 5 5 11 2) , 40 , (5 * 5) , 0
2020.08.22-16.42.16,v1.05-8-g8ea5981,37 , 25 , (8 5 5 11 2) , 172 , (5 * 5) , 15
2020.08.22-16.42.16,v1.05-8-g8ea5981,38 , 25 , (8 5 5 11 2) , 59 , (5 * 5) , 0
2020.08.22-16.42.16,v1.05-8-g8ea5981,39 , 25 , (8 5 5 11 2) , 59 , (5 * 5) , 7
2020.08.22-16.42.16,v1.05-8-g8ea5981,40 , 25 , (8 5 5 11 2) , 167 , (5 * 5) , 17
2020.08.22-16.42.16,v1.05-8-g8ea5981,41 , 25 , (8 5 5 11 2) , 212 , (5 * 5) , 23
2020.08.22-16.42.16,v1.05-8-g8ea5981,42 , 25 , (8 5 5 11 2) , 164 , (5 * 5) , 7
2020.08.22-16.42.16,v1.05-8-g8ea5981,43 , 25 , (8 5 5 11 2) , 145 , (5 * 5) , 30
2020.08.22-16.42.16,v1.05-8-g8ea5981,44 , 25 , (8 5 5 11 2) , 52 , (5 * 5) , 9
2020.08.22-16.42.16,v1.05-8-g8ea5981,45 , 25 , (8 5 5 11 2) , 327 , ((2 * 11) + (8 - 5)) , 44
2020.08.22-16.42.16,v1.05-8-g8ea5981,46 , 25 , (8 5 5 11 2) , 1120 , (5 * 5) , 259
2020.08.22-16.42.16,v1.05-8-g8ea5981,47 , 25 , (8 5 5 11 2) , 159 , (5 * 5) , 42
2020.08.22-16.42.16,v1.05-8-g8ea5981,48 , 25 , (8 5 5 11 2) , 44 , (5 * 5) , 0
2020.08.22-16.42.16,v1.05-8-g8ea5981,49 , 25 , (8 5 5 11 2) , 94 , (5 * 5) , 3
2020.08.22-16.42.16,v1.05-8-g8ea5981,50 , 25 , (8 5 5 11 2) , 109 , (5 * 5) , 21
2020.08.22-16.42.16,v1.05-8-g8ea5981,51 , 25 , (8 5 5 11 2) , 89 , (5 * 5) , 0
2020.08.22-16.42.16,v1.05-8-g8ea5981,52 , 25 , (8 5 5 11 2) , 67 , (5 * 5) , 13
2020.08.22-16.42.16,v1.05-8-g8ea5981,53 , 25 , (8 5 5 11 2) , 71 , (5 * 5) , 8
2020.08.22-16.42.16,v1.05-8-g8ea5981,54 , 25 , (8 5 5 11 2) , 136 , (5 * 5) , 52
2020.08.22-16.42.16,v1.05-8-g8ea5981,55 , 25 , (8 5 5 11 2) , 1154 , (5 * 5) , 259
2020.08.22-16.42.16,v1.05-8-g8ea5981,56 , 25 , (8 5 5 11 2) , 150 , (5 * 5) , 35
2020.08.22-16.42.16,v1.05-8-g8ea5981,57 , 25 , (8 5 5 11 2) , 122 , (5 * 5) , 17
2020.08.22-16.42.16,v1.05-8-g8ea5981,58 , 25 , (8 5 5 11 2) , 140 , (5 * 5) , 3
2020.08.22-16.42.16,v1.05-8-g8ea5981,59 , 25 , (8 5 5 11 2) , 55 , (5 * 5) , 0
2020.08.22-16.42.16,v1.05-8-g8ea5981,60 , 25 , (8 5 5 11 2) , 359 , (5 * 5) , 74
2020.08.22-16.42.16,v1.05-8-g8ea5981,61 , 25 , (8 5 5 11 2) , 201 , (5 * 5) , 41
2020.08.22-16.42.16,v1.05-8-g8ea5981,62 , 25 , (8 5 5 11 2) , 116 , (5 * 5) , 14
2020.08.22-16.42.16,v1.05-8-g8ea5981,63 , 25 , (8 5 5 11 2) , 216 , (5 * 5) , 25
2020.08.22-16.42.16,v1.05-8-g8ea5981,64 , 25 , (8 5 5 11 2) , 158 , (5 * 5) , 16
2020.08.22-16.42.16,v1.05-8-g8ea5981,65 , 25 , (8 5 5 11 2) , 259 , (5 * 5) , 47
2020.08.22-16.42.16,v1.05-8-g8ea5981,66 , 25 , (8 5 5 11 2) , 95 , (5 * 5) , 0
2020.08.22-16.42.16,v1.05-8-g8ea5981,67 , 25 , (8 5 5 11 2) , 270 , (5 * 5) , 41
2020.08.22-16.42.16,v1.05-8-g8ea5981,68 , 25 , (8 5 5 11 2) , 232 , (5 * 5) , 37
2020.08.22-16.42.16,v1.05-8-g8ea5981,69 , 25 , (8 5 5 11 2) , 49 , (5 * 5) , 5
2020.08.22-16.42.16,v1.05-8-g8ea5981,70 , 25 , (8 5 5 11 2) , 60 , (5 * 5) , 2
2020.08.22-16.42.16,v1.05-8-g8ea5981,71 , 25 , (8 5 5 11 2) , 45 , (5 * 5) , 0
2020.08.22-16.42.16,v1.05-8-g8ea5981,72 , 25 , (8 5 5 11 2) , 21 , (5 * 5) , 0
2020.08.22-16.42.16,v1.05-8-g8ea5981,73 , 25 , (8 5 5 11 2) , 830 , (5 * 5) , 171
2020.08.22-16.42.16,v1.05-8-g8ea5981,74 , 25 , (8 5 5 11 2) , 190 , (5 * 5) , 40
2020.08.22-16.42.16,v1.05-8-g8ea5981,75 , 25 , (8 5 5 11 2) , 64 , (5 * 5) , 0
2020.08.22-16.42.16,v1.05-8-g8ea5981,76 , 25 , (8 5 5 11 2) , 273 , (5 * 5) , 13
2020.08.22-16.42.16,v1.05-8-g8ea5981,77 , 25 , (8 5 5 11 2) , 370 , (5 * 5) , 73
2020.08.22-16.42.16,v1.05-8-g8ea5981,78 , 25 , (8 5 5 11 2) , 943 , (5 * 5) , 261
2020.08.22-16.42.16,v1.05-8-g8ea5981,79 , 25 , (8 5 5 11 2) , 268 , ((2 * 11) + (8 - 5)) , 52
2020.08.22-16.42.16,v1.05-8-g8ea5981,80 , 25 , (8 5 5 11 2) , 727 , (5 * 5) , 155
2020.08.22-16.42.16,v1.05-8-g8ea5981,81 , 25 , (8 5 5 11 2) , 69 , (5 * 5) , 0
2020.08.22-16.42.16,v1.05-8-g8ea5981,82 , 25 , (8 5 5 11 2) , 389 , (5 * 5) , 77
2020.08.22-16.42.16,v1.05-8-g8ea5981,83 , 25 , (8 5 5 11 2) , 819 , (5 * 5) , 241
2020.08.22-16.42.16,v1.05-8-g8ea5981,84 , 25 , (8 5 5 11 2) , 569 , (5 * 5) , 104
2020.08.22-16.42.16,v1.05-8-g8ea5981,85 , 25 , (8 5 5 11 2) , 88 , (5 * 5) , 0
2020.08.22-16.42.16,v1.05-8-g8ea5981,86 , 25 , (8 5 5 11 2) , 562 , (5 * 5) , 153
2020.08.22-16.42.16,v1.05-8-g8ea5981,87 , 25 , (8 5 5 11 2) , 404 , (5 * 5) , 69
2020.08.22-16.42.16,v1.05-8-g8ea5981,88 , 25 , (8 5 5 11 2) , 1539 , (5 * 5) , 342
2020.08.22-16.42.16,v1.05-8-g8ea5981,89 , 25 , (8 5 5 11 2) , 816 , (5 * 5) , 194
2020.08.22-16.42.16,v1.05-8-g8ea5981,90 , 25 , (8 5 5 11 2) , 35 , (5 * 5) , 0
2020.08.22-16.42.16,v1.05-8-g8ea5981,91 , 25 , (8 5 5 11 2) , 514 , (5 * 5) , 130
2020.08.22-16.42.16,v1.05-8-g8ea5981,92 , 25 , (8 5 5 11 2) , 95 , (5 * 5) , 20
2020.08.22-16.42.16,v1.05-8-g8ea5981,93 , 25 , (8 5 5 11 2) , 259 , (5 * 5) , 31
2020.08.22-16.42.16,v1.05-8-g8ea5981,94 , 25 , (8 5 5 11 2) , 290 , (5 * 5) , 54
2020.08.22-16.42.16,v1.05-8-g8ea5981,95 , 25 , (8 5 5 11 2) , 1108 , (5 * 5) , 223
2020.08.22-16.42.16,v1.05-8-g8ea5981,96 , 25 , (8 5 5 11 2) , 515 , (5 * 5) , 102
2020.08.22-16.42.16,v1.05-8-g8ea5981,97 , 25 , (8 5 5 11 2) , 120 , (5 * 5) , 4
2020.08.22-16.42.16,v1.05-8-g8ea5981,98 , 25 , (8 5 5 11 2) , 114 , (5 * 5) , 14
2020.08.22-16.42.16,v1.05-8-g8ea5981,99 , 25 , (8 5 5 11 2) , 108 , (5 * 5) , 13
2020.08.22-16.42.16,v1.05-8-g8ea5981,0 , 81 , (9 7 2 25 18) , 966 , ((7 * 9) + 18) , 596
2020.08.22-16.42.16,v1.05-8-g8ea5981,1 , 81 , (9 7 2 25 18) , 909 , ((7 * 9) + 18) , 428
2020.08.22-16.42.16,v1.05-8-g8ea5981,2 , 81 , (9 7 2 25 18) , 848 , ((7 * 9) + 18) , 397
2020.08.22-16.42.16,v1.05-8-g8ea5981,3 , 81 , (9 7 2 25 18) , 2000 , none,  961
2020.08.22-16.42.16,v1.05-8-g8ea5981,4 , 81 , (9 7 2 25 18) , 130 , ((7 * 9) + 18) , 50
2020.08.22-16.42.16,v1.05-8-g8ea5981,5 , 81 , (9 7 2 25 18) , 199 , ((7 * 9) + 18) , 96
2020.08.22-16.42.16,v1.05-8-g8ea5981,6 , 81 , (9 7 2 25 18) , 202 , ((7 * 9) + 18) , 71
2020.08.22-16.42.16,v1.05-8-g8ea5981,7 , 81 , (9 7 2 25 18) , 1049 , ((7 * 9) + 18) , 682
2020.08.22-16.42.16,v1.05-8-g8ea5981,8 , 81 , (9 7 2 25 18) , 474 , ((9 * 7) + 18) , 250
2020.08.22-16.42.16,v1.05-8-g8ea5981,9 , 81 , (9 7 2 25 18) , 2000 , none,  1130
2020.08.22-16.42.16,v1.05-8-g8ea5981,10 , 81 , (9 7 2 25 18) , 2000 , none,  1358
2020.08.22-16.42.16,v1.05-8-g8ea5981,11 , 81 , (9 7 2 25 18) , 1343 , ((7 * 9) + 18) , 657
2020.08.22-16.42.16,v1.05-8-g8ea5981,12 , 81 , (9 7 2 25 18) , 150 , ((7 * 9) + 18) , 50
2020.08.22-16.42.16,v1.05-8-g8ea5981,13 , 81 , (9 7 2 25 18) , 108 , ((7 * 9) + 18) , 11
2020.08.22-16.42.16,v1.05-8-g8ea5981,14 , 81 , (9 7 2 25 18) , 1365 , ((7 * 9) + 18) , 781
2020.08.22-16.42.16,v1.05-8-g8ea5981,15 , 81 , (9 7 2 25 18) , 1458 , ((7 * 9) + 18) , 726
2020.08.22-16.42.16,v1.05-8-g8ea5981,16 , 81 , (9 7 2 25 18) , 2000 , none,  1149
2020.08.22-16.42.16,v1.05-8-g8ea5981,17 , 81 , (9 7 2 25 18) , 2000 , none,  1123
2020.08.22-16.42.16,v1.05-8-g8ea5981,18 , 81 , (9 7 2 25 18) , 177 , ((9 * 7) + 18) , 10
2020.08.22-16.42.16,v1.05-8-g8ea5981,19 , 81 , (9 7 2 25 18) , 152 , ((9 * 7) + 18) , 62
2020.08.22-16.42.16,v1.05-8-g8ea5981,20 , 81 , (9 7 2 25 18) , 1351 , ((9 * 7) + 18) , 667
2020.08.22-16.42.16,v1.05-8-g8ea5981,21 , 81 , (9 7 2 25 18) , 110 , ((9 * 7) + 18) , 5
2020.08.22-16.42.16,v1.05-8-g8ea5981,22 , 81 , (9 7 2 25 18) , 2000 , none,  1117
2020.08.22-16.42.16,v1.05-8-g8ea5981,23 , 81 , (9 7 2 25 18) , 2000 , none,  888
2020.08.22-16.42.16,v1.05-8-g8ea5981,24 , 81 , (9 7 2 25 18) , 2000 , none,  1235
2020.08.22-16.42.16,v1.05-8-g8ea5981,25 , 81 , (9 7 2 25 18) , 528 , ((7 * 9) + 18) , 196
2020.08.22-16.42.16,v1.05-8-g8ea5981,26 , 81 , (9 7 2 25 18) , 54 , ((7 * 9) + 18) , 0
2020.08.22-16.42.16,v1.05-8-g8ea5981,27 , 81 , (9 7 2 25 18) , 658 , ((9 * 7) + 18) , 428
2020.08.22-16.42.16,v1.05-8-g8ea5981,28 , 81 , (9 7 2 25 18) , 2000 , none,  1249
2020.08.22-16.42.16,v1.05-8-g8ea5981,29 , 81 , (9 7 2 25 18) , 566 , ((7 * 9) + 18) , 265
2020.08.22-16.42.16,v1.05-8-g8ea5981,30 , 81 , (9 7 2 25 18) , 2000 , ((7 * 9) + 18) , 1351
2020.08.22-16.42.16,v1.05-8-g8ea5981,31 , 81 , (9 7 2 25 18) , 1582 , ((7 * 9) + 18) , 882
2020.08.22-16.42.16,v1.05-8-g8ea5981,32 , 81 , (9 7 2 25 18) , 724 , ((7 * 9) + 18) , 449
2020.08.22-16.42.16,v1.05-8-g8ea5981,33 , 81 , (9 7 2 25 18) , 2000 , none,  1129
2020.08.22-16.42.16,v1.05-8-g8ea5981,34 , 81 , (9 7 2 25 18) , 488 , ((9 * 7) + 18) , 278
2020.08.22-16.42.16,v1.05-8-g8ea5981,35 , 81 , (9 7 2 25 18) , 1661 , ((7 * 9) + 18) , 955
2020.08.22-16.42.16,v1.05-8-g8ea5981,36 , 81 , (9 7 2 25 18) , 2000 , none,  1254
2020.08.22-16.42.16,v1.05-8-g8ea5981,37 , 81 , (9 7 2 25 18) , 1522 , ((9 * 7) + 18) , 890
2020.08.22-16.42.16,v1.05-8-g8ea5981,38 , 81 , (9 7 2 25 18) , 267 , ((7 * 9) + 18) , 79
2020.08.22-16.42.16,v1.05-8-g8ea5981,39 , 81 , (9 7 2 25 18) , 1689 , ((9 * 7) + 18) , 943
2020.08.22-16.42.16,v1.05-8-g8ea5981,40 , 81 , (9 7 2 25 18) , 630 , ((7 * 9) + 18) , 202
2020.08.22-16.42.16,v1.05-8-g8ea5981,41 , 81 , (9 7 2 25 18) , 2000 , none,  1291
2020.08.22-16.42.16,v1.05-8-g8ea5981,42 , 81 , (9 7 2 25 18) , 813 , ((9 * 7) + 18) , 373
2020.08.22-16.42.16,v1.05-8-g8ea5981,43 , 81 , (9 7 2 25 18) , 79 , ((9 * 7) + 18) , 0
2020.08.22-16.42.16,v1.05-8-g8ea5981,44 , 81 , (9 7 2 25 18) , 115 , ((7 * 9) + 18) , 43
2020.08.22-16.42.16,v1.05-8-g8ea5981,45 , 81 , (9 7 2 25 18) , 2000 , none,  1066
2020.08.22-16.42.16,v1.05-8-g8ea5981,46 , 81 , (9 7 2 25 18) , 2000 , none,  1390
2020.08.22-16.42.16,v1.05-8-g8ea5981,47 , 81 , (9 7 2 25 18) , 515 , ((7 * 9) + 18) , 290
2020.08.22-16.42.16,v1.05-8-g8ea5981,48 , 81 , (9 7 2 25 18) , 139 , ((7 * 9) + 18) , 67
2020.08.22-16.42.16,v1.05-8-g8ea5981,49 , 81 , (9 7 2 25 18) , 138 , ((7 * 9) + 18) , 41
2020.08.22-16.42.16,v1.05-8-g8ea5981,50 , 81 , (9 7 2 25 18) , 2000 , none,  996
2020.08.22-16.42.16,v1.05-8-g8ea5981,51 , 81 , (9 7 2 25 18) , 2000 , none,  1284
2020.08.22-16.42.16,v1.05-8-g8ea5981,52 , 81 , (9 7 2 25 18) , 777 , ((7 * 9) + 18) , 365
2020.08.22-16.42.16,v1.05-8-g8ea5981,53 , 81 , (9 7 2 25 18) , 2000 , none,  803
2020.08.22-16.42.16,v1.05-8-g8ea5981,54 , 81 , (9 7 2 25 18) , 1147 , ((9 * 7) + 18) , 750
2020.08.22-16.42.16,v1.05-8-g8ea5981,55 , 81 , (9 7 2 25 18) , 2000 , none,  1165
2020.08.22-16.42.16,v1.05-8-g8ea5981,56 , 81 , (9 7 2 25 18) , 2000 , none,  1284
2020.08.22-16.42.16,v1.05-8-g8ea5981,57 , 81 , (9 7 2 25 18) , 2000 , none,  1306
2020.08.22-16.42.16,v1.05-8-g8ea5981,58 , 81 , (9 7 2 25 18) , 2000 , none,  1091
2020.08.22-16.42.16,v1.05-8-g8ea5981,59 , 81 , (9 7 2 25 18) , 307 , ((9 * 7) + 18) , 163
2020.08.22-16.42.16,v1.05-8-g8ea5981,60 , 81 , (9 7 2 25 18) , 1925 , ((7 * 9) + 18) , 1104
2020.08.22-16.42.16,v1.05-8-g8ea5981,61 , 81 , (9 7 2 25 18) , 429 , ((7 * 9) + 18) , 114
2020.08.22-16.42.16,v1.05-8-g8ea5981,62 , 81 , (9 7 2 25 18) , 2000 , none,  1060
2020.08.22-16.42.16,v1.05-8-g8ea5981,63 , 81 , (9 7 2 25 18) , 946 , ((7 * 9) + 18) , 514
2020.08.22-16.42.16,v1.05-8-g8ea5981,64 , 81 , (9 7 2 25 18) , 2000 , ((7 * 9) + 18) , 1198
2020.08.22-16.42.16,v1.05-8-g8ea5981,65 , 81 , (9 7 2 25 18) , 2000 , none,  1016
2020.08.22-16.42.16,v1.05-8-g8ea5981,66 , 81 , (9 7 2 25 18) , 2000 , none,  1279
2020.08.22-16.42.16,v1.05-8-g8ea5981,67 , 81 , (9 7 2 25 18) , 1004 , ((7 * 9) + 18) , 349
2020.08.22-16.42.16,v1.05-8-g8ea5981,68 , 81 , (9 7 2 25 18) , 2000 , none,  1296
2020.08.22-16.42.16,v1.05-8-g8ea5981,69 , 81 , (9 7 2 25 18) , 2000 , none,  1188
2020.08.22-16.42.16,v1.05-8-g8ea5981,70 , 81 , (9 7 2 25 18) , 2000 , none,  1314
2020.08.22-16.42.16,v1.05-8-g8ea5981,71 , 81 , (9 7 2 25 18) , 308 , ((7 * 9) + 18) , 83
2020.08.22-16.42.16,v1.05-8-g8ea5981,72 , 81 , (9 7 2 25 18) , 2000 , none,  1287
2020.08.22-16.42.16,v1.05-8-g8ea5981,73 , 81 , (9 7 2 25 18) , 681 , ((9 * 7) + 18) , 166
2020.08.22-16.42.16,v1.05-8-g8ea5981,74 , 81 , (9 7 2 25 18) , 2000 , none,  1118
2020.08.22-16.42.16,v1.05-8-g8ea5981,75 , 81 , (9 7 2 25 18) , 2000 , none,  1144
2020.08.22-16.42.16,v1.05-8-g8ea5981,76 , 81 , (9 7 2 25 18) , 687 , ((7 * 9) + 18) , 362
2020.08.22-16.42.16,v1.05-8-g8ea5981,77 , 81 , (9 7 2 25 18) , 2000 , none,  1340
2020.08.22-16.42.16,v1.05-8-g8ea5981,78 , 81 , (9 7 2 25 18) , 1906 , ((7 * 9) + 18) , 1034
2020.08.22-16.42.16,v1.05-8-g8ea5981,79 , 81 , (9 7 2 25 18) , 925 , ((9 * 7) + 18) , 534
2020.08.22-16.42.16,v1.05-8-g8ea5981,80 , 81 , (9 7 2 25 18) , 68 , ((7 * 9) + 18) , 0
2020.08.22-16.42.16,v1.05-8-g8ea5981,81 , 81 , (9 7 2 25 18) , 229 , ((9 * 7) + 18) , 92
2020.08.22-16.42.16,v1.05-8-g8ea5981,82 , 81 , (9 7 2 25 18) , 2000 , none,  1237
2020.08.22-16.42.16,v1.05-8-g8ea5981,83 , 81 , (9 7 2 25 18) , 1543 , ((9 * 7) + 18) , 662
2020.08.22-16.42.16,v1.05-8-g8ea5981,84 , 81 , (9 7 2 25 18) , 2000 , none,  1344
2020.08.22-16.42.16,v1.05-8-g8ea5981,85 , 81 , (9 7 2 25 18) , 233 , ((9 * 7) + 18) , 77
2020.08.22-16.42.16,v1.05-8-g8ea5981,86 , 81 , (9 7 2 25 18) , 2000 , none,  897
2020.08.22-16.42.16,v1.05-8-g8ea5981,87 , 81 , (9 7 2 25 18) , 2000 , none,  1168
2020.08.22-16.42.16,v1.05-8-g8ea5981,88 , 81 , (9 7 2 25 18) , 84 , ((7 * 9) + 18) , 4
2020.08.22-16.42.16,v1.05-8-g8ea5981,89 , 81 , (9 7 2 25 18) , 1700 , ((7 * 9) + 18) , 968
2020.08.22-16.42.16,v1.05-8-g8ea5981,90 , 81 , (9 7 2 25 18) , 2000 , none,  1155
2020.08.22-16.42.16,v1.05-8-g8ea5981,91 , 81 , (9 7 2 25 18) , 2000 , none,  1315
2020.08.22-16.42.16,v1.05-8-g8ea5981,92 , 81 , (9 7 2 25 18) , 68 , ((9 * 7) + 18) , 0
2020.08.22-16.42.16,v1.05-8-g8ea5981,93 , 81 , (9 7 2 25 18) , 165 , ((9 * 7) + 18) , 19
2020.08.22-16.42.16,v1.05-8-g8ea5981,94 , 81 , (9 7 2 25 18) , 921 , ((7 * 9) + 18) , 362
2020.08.22-16.42.16,v1.05-8-g8ea5981,95 , 81 , (9 7 2 25 18) , 1575 , ((7 * 9) + 18) , 998
2020.08.22-16.42.16,v1.05-8-g8ea5981,96 , 81 , (9 7 2 25 18) , 2000 , none,  1332
2020.08.22-16.42.16,v1.05-8-g8ea5981,97 , 81 , (9 7 2 25 18) , 2000 , none,  1224
2020.08.22-16.42.16,v1.05-8-g8ea5981,98 , 81 , (9 7 2 25 18) , 1576 , ((7 * 9) + 18) , 1082
2020.08.22-16.42.16,v1.05-8-g8ea5981,99 , 81 , (9 7 2 25 18) , 2000 , none,  1314
2020.08.22-16.42.16,v1.05-8-g8ea5981,0 , 6 , (3 3 17 11 22) , 58 , (3 + 3) , 0
2020.08.22-16.42.16,v1.05-8-g8ea5981,1 , 6 , (3 3 17 11 22) , 26 , (3 + 3) , 0
2020.08.22-16.42.16,v1.05-8-g8ea5981,2 , 6 , (3 3 17 11 22) , 28 , (3 + 3) , 0
2020.08.22-16.42.16,v1.05-8-g8ea5981,3 , 6 , (3 3 17 11 22) , 74 , (3 + 3) , 0
2020.08.22-16.42.16,v1.05-8-g8ea5981,4 , 6 , (3 3 17 11 22) , 100 , (3 + 3) , 0
2020.08.22-16.42.16,v1.05-8-g8ea5981,5 , 6 , (3 3 17 11 22) , 696 , (3 + 3) , 168
2020.08.22-16.42.16,v1.05-8-g8ea5981,6 , 6 , (3 3 17 11 22) , 19 , (3 + 3) , 0
2020.08.22-16.42.16,v1.05-8-g8ea5981,7 , 6 , (3 3 17 11 22) , 169 , (3 + 3) , 25
2020.08.22-16.42.16,v1.05-8-g8ea5981,8 , 6 , (3 3 17 11 22) , 30 , (3 + 3) , 0
2020.08.22-16.42.16,v1.05-8-g8ea5981,9 , 6 , (3 3 17 11 22) , 74 , (3 + 3) , 9
2020.08.22-16.42.16,v1.05-8-g8ea5981,10 , 6 , (3 3 17 11 22) , 29 , (3 + 3) , 0
2020.08.22-16.42.16,v1.05-8-g8ea5981,11 , 6 , (3 3 17 11 22) , 147 , (3 + 3) , 10
2020.08.22-16.42.16,v1.05-8-g8ea5981,12 , 6 , (3 3 17 11 22) , 87 , (3 + 3) , 0
2020.08.22-16.42.16,v1.05-8-g8ea5981,13 , 6 , (3 3 17 11 22) , 99 , (3 + 3) , 0
2020.08.22-16.42.16,v1.05-8-g8ea5981,14 , 6 , (3 3 17 11 22) , 19 , (3 + 3) , 0
2020.08.22-16.42.16,v1.05-8-g8ea5981,15 , 6 , (3 3 17 11 22) , 105 , (3 + 3) , 36
2020.08.22-16.42.16,v1.05-8-g8ea5981,16 , 6 , (3 3 17 11 22) , 131 , (3 + 3) , 24
2020.08.22-16.42.16,v1.05-8-g8ea5981,17 , 6 , (3 3 17 11 22) , 34 , (3 + 3) , 0
2020.08.22-16.42.16,v1.05-8-g8ea5981,18 , 6 , (3 3 17 11 22) , 50 , (3 + 3) , 0
2020.08.22-16.42.16,v1.05-8-g8ea5981,19 , 6 , (3 3 17 11 22) , 60 , (17 - 11) , 0
2020.08.22-16.42.16,v1.05-8-g8ea5981,20 , 6 , (3 3 17 11 22) , 42 , (3 + 3) , 0
2020.08.22-16.42.16,v1.05-8-g8ea5981,21 , 6 , (3 3 17 11 22) , 36 , (3 + 3) , 0
2020.08.22-16.42.16,v1.05-8-g8ea5981,22 , 6 , (3 3 17 11 22) , 36 , (3 + 3) , 0
2020.08.22-16.42.16,v1.05-8-g8ea5981,23 , 6 , (3 3 17 11 22) , 465 , (3 + 3) , 127
2020.08.22-16.42.16,v1.05-8-g8ea5981,24 , 6 , (3 3 17 11 22) , 95 , (3 + 3) , 4
2020.08.22-16.42.16,v1.05-8-g8ea5981,25 , 6 , (3 3 17 11 22) , 43 , (3 + 3) , 0
2020.08.22-16.42.16,v1.05-8-g8ea5981,26 , 6 , (3 3 17 11 22) , 235 , (3 + 3) , 40
2020.08.22-16.42.16,v1.05-8-g8ea5981,27 , 6 , (3 3 17 11 22) , 38 , (3 + 3) , 0
2020.08.22-16.42.16,v1.05-8-g8ea5981,28 , 6 , (3 3 17 11 22) , 392 , (3 + 3) , 105
2020.08.22-16.42.16,v1.05-8-g8ea5981,29 , 6 , (3 3 17 11 22) , 24 , (3 + 3) , 0
2020.08.22-16.42.16,v1.05-8-g8ea5981,30 , 6 , (3 3 17 11 22) , 32 , (3 + 3) , 0
2020.08.22-16.42.16,v1.05-8-g8ea5981,31 , 6 , (3 3 17 11 22) , 21 , (3 + 3) , 0
2020.08.22-16.42.16,v1.05-8-g8ea5981,32 , 6 , (3 3 17 11 22) , 27 , (3 + 3) , 0
2020.08.22-16.42.16,v1.05-8-g8ea5981,33 , 6 , (3 3 17 11 22) , 29 , (3 + 3) , 0
2020.08.22-16.42.16,v1.05-8-g8ea5981,34 , 6 , (3 3 17 11 22) , 45 , (3 + 3) , 0
2020.08.22-16.42.16,v1.05-8-g8ea5981,35 , 6 , (3 3 17 11 22) , 39 , (3 + 3) , 0
2020.08.22-16.42.16,v1.05-8-g8ea5981,36 , 6 , (3 3 17 11 22) , 28 , (3 + 3) , 0
2020.08.22-16.42.16,v1.05-8-g8ea5981,37 , 6 , (3 3 17 11 22) , 63 , (3 + 3) , 0
2020.08.22-16.42.16,v1.05-8-g8ea5981,38 , 6 , (3 3 17 11 22) , 43 , (17 - 11) , 0
2020.08.22-16.42.16,v1.05-8-g8ea5981,39 , 6 , (3 3 17 11 22) , 18 , (3 + 3) , 0
2020.08.22-16.42.16,v1.05-8-g8ea5981,40 , 6 , (3 3 17 11 22) , 20 , (17 - 11) , 0
2020.08.22-16.42.16,v1.05-8-g8ea5981,41 , 6 , (3 3 17 11 22) , 320 , (3 + 3) , 33
2020.08.22-16.42.16,v1.05-8-g8ea5981,42 , 6 , (3 3 17 11 22) , 123 , (3 + 3) , 0
2020.08.22-16.42.16,v1.05-8-g8ea5981,43 , 6 , (3 3 17 11 22) , 114 , (3 + 3) , 55
2020.08.22-16.42.16,v1.05-8-g8ea5981,44 , 6 , (3 3 17 11 22) , 7 , (3 + 3) , 0
2020.08.22-16.42.16,v1.05-8-g8ea5981,45 , 6 , (3 3 17 11 22) , 240 , (3 + 3) , 53
2020.08.22-16.42.16,v1.05-8-g8ea5981,46 , 6 , (3 3 17 11 22) , 40 , (3 + 3) , 0
2020.08.22-16.42.16,v1.05-8-g8ea5981,47 , 6 , (3 3 17 11 22) , 27 , (3 + 3) , 0
2020.08.22-16.42.16,v1.05-8-g8ea5981,48 , 6 , (3 3 17 11 22) , 22 , (3 + 3) , 0
2020.08.22-16.42.16,v1.05-8-g8ea5981,49 , 6 , (3 3 17 11 22) , 48 , (3 + 3) , 0
2020.08.22-16.42.16,v1.05-8-g8ea5981,50 , 6 , (3 3 17 11 22) , 23 , (3 + 3) , 0
2020.08.22-16.42.16,v1.05-8-g8ea5981,51 , 6 , (3 3 17 11 22) , 222 , (17 - 11) , 53
2020.08.22-16.42.16,v1.05-8-g8ea5981,52 , 6 , (3 3 17 11 22) , 241 , (3 + 3) , 58
2020.08.22-16.42.16,v1.05-8-g8ea5981,53 , 6 , (3 3 17 11 22) , 21 , (17 - 11) , 0
2020.08.22-16.42.16,v1.05-8-g8ea5981,54 , 6 , (3 3 17 11 22) , 116 , (3 + 3) , 8
2020.08.22-16.42.16,v1.05-8-g8ea5981,55 , 6 , (3 3 17 11 22) , 45 , (3 + 3) , 0
2020.08.22-16.42.16,v1.05-8-g8ea5981,56 , 6 , (3 3 17 11 22) , 79 , (3 + 3) , 13
2020.08.22-16.42.16,v1.05-8-g8ea5981,57 , 6 , (3 3 17 11 22) , 128 , (3 + 3) , 33
2020.08.22-16.42.16,v1.05-8-g8ea5981,58 , 6 , (3 3 17 11 22) , 27 , (3 + 3) , 0
2020.08.22-16.42.16,v1.05-8-g8ea5981,59 , 6 , (3 3 17 11 22) , 21 , (3 + 3) , 0
2020.08.22-16.42.16,v1.05-8-g8ea5981,60 , 6 , (3 3 17 11 22) , 336 , (3 + 3) , 101
2020.08.22-16.42.16,v1.05-8-g8ea5981,61 , 6 , (3 3 17 11 22) , 140 , (17 - 11) , 31
2020.08.22-16.42.16,v1.05-8-g8ea5981,62 , 6 , (3 3 17 11 22) , 37 , (3 + 3) , 0
2020.08.22-16.42.16,v1.05-8-g8ea5981,63 , 6 , (3 3 17 11 22) , 115 , (3 + 3) , 15
2020.08.22-16.42.16,v1.05-8-g8ea5981,64 , 6 , (3 3 17 11 22) , 356 , (3 + 3) , 52
2020.08.22-16.42.16,v1.05-8-g8ea5981,65 , 6 , (3 3 17 11 22) , 44 , (3 + 3) , 0
2020.08.22-16.42.16,v1.05-8-g8ea5981,66 , 6 , (3 3 17 11 22) , 23 , (3 + 3) , 0
2020.08.22-16.42.16,v1.05-8-g8ea5981,67 , 6 , (3 3 17 11 22) , 59 , (17 - 11) , 2
2020.08.22-16.42.16,v1.05-8-g8ea5981,68 , 6 , (3 3 17 11 22) , 119 , (3 + 3) , 34
2020.08.22-16.42.16,v1.05-8-g8ea5981,69 , 6 , (3 3 17 11 22) , 44 , (3 + 3) , 0
2020.08.22-16.42.16,v1.05-8-g8ea5981,70 , 6 , (3 3 17 11 22) , 41 , (3 + 3) , 0
2020.08.22-16.42.16,v1.05-8-g8ea5981,71 , 6 , (3 3 17 11 22) , 15 , (3 + 3) , 0
2020.08.22-16.42.16,v1.05-8-g8ea5981,72 , 6 , (3 3 17 11 22) , 85 , (3 + 3) , 32
2020.08.22-16.42.16,v1.05-8-g8ea5981,73 , 6 , (3 3 17 11 22) , 38 , (3 + 3) , 0
2020.08.22-16.42.16,v1.05-8-g8ea5981,74 , 6 , (3 3 17 11 22) , 27 , (3 + 3) , 0
2020.08.22-16.42.16,v1.05-8-g8ea5981,75 , 6 , (3 3 17 11 22) , 179 , (3 + 3) , 30
2020.08.22-16.42.16,v1.05-8-g8ea5981,76 , 6 , (3 3 17 11 22) , 21 , (3 + 3) , 0
2020.08.22-16.42.16,v1.05-8-g8ea5981,77 , 6 , (3 3 17 11 22) , 22 , (3 + 3) , 0
2020.08.22-16.42.16,v1.05-8-g8ea5981,78 , 6 , (3 3 17 11 22) , 38 , (3 + 3) , 0
2020.08.22-16.42.16,v1.05-8-g8ea5981,79 , 6 , (3 3 17 11 22) , 152 , (3 + 3) , 27
2020.08.22-16.42.16,v1.05-8-g8ea5981,80 , 6 , (3 3 17 11 22) , 64 , (3 + 3) , 0
2020.08.22-16.42.16,v1.05-8-g8ea5981,81 , 6 , (3 3 17 11 22) , 52 , (3 + 3) , 0
2020.08.22-16.42.16,v1.05-8-g8ea5981,82 , 6 , (3 3 17 11 22) , 24 , (3 + 3) , 0
2020.08.22-16.42.16,v1.05-8-g8ea5981,83 , 6 , (3 3 17 11 22) , 25 , (3 + 3) , 0
2020.08.22-16.42.16,v1.05-8-g8ea5981,84 , 6 , (3 3 17 11 22) , 69 , (3 + 3) , 0
2020.08.22-16.42.16,v1.05-8-g8ea5981,85 , 6 , (3 3 17 11 22) , 56 , (17 - 11) , 0
2020.08.22-16.42.16,v1.05-8-g8ea5981,86 , 6 , (3 3 17 11 22) , 45 , (3 + 3) , 0
2020.08.22-16.42.16,v1.05-8-g8ea5981,87 , 6 , (3 3 17 11 22) , 490 , (3 + 3) , 90
2020.08.22-16.42.16,v1.05-8-g8ea5981,88 , 6 , (3 3 17 11 22) , 114 , (3 + 3) , 53
2020.08.22-16.42.16,v1.05-8-g8ea5981,89 , 6 , (3 3 17 11 22) , 76 , (3 + 3) , 0
2020.08.22-16.42.16,v1.05-8-g8ea5981,90 , 6 , (3 3 17 11 22) , 679 , (3 + 3) , 146
2020.08.22-16.42.16,v1.05-8-g8ea5981,91 , 6 , (3 3 17 11 22) , 24 , (3 + 3) , 0
2020.08.22-16.42.16,v1.05-8-g8ea5981,92 , 6 , (3 3 17 11 22) , 51 , (3 + 3) , 0
2020.08.22-16.42.16,v1.05-8-g8ea5981,93 , 6 , (3 3 17 11 22) , 37 , (17 - 11) , 3
2020.08.22-16.42.16,v1.05-8-g8ea5981,94 , 6 , (3 3 17 11 22) , 46 , (3 + 3) , 0
2020.08.22-16.42.16,v1.05-8-g8ea5981,95 , 6 , (3 3 17 11 22) , 43 , (3 + 3) , 0
2020.08.22-16.42.16,v1.05-8-g8ea5981,96 , 6 , (3 3 17 11 22) , 19 , (3 + 3) , 0
2020.08.22-16.42.16,v1.05-8-g8ea5981,97 , 6 , (3 3 17 11 22) , 212 , (3 + 3) , 21
2020.08.22-16.42.16,v1.05-8-g8ea5981,98 , 6 , (3 3 17 11 22) , 233 , (3 + 3) , 30
2020.08.22-16.42.16,v1.05-8-g8ea5981,99 , 6 , (3 3 17 11 22) , 558 , (3 + 3) , 106
2020.08.22-16.42.16,v1.05-8-g8ea5981,0 , 11 , (2 5 1 25 23) , 365 , ((2 * 5) + 1) , 89
2020.08.22-16.42.16,v1.05-8-g8ea5981,1 , 11 , (2 5 1 25 23) , 840 , ((2 * 5) + 1) , 188
2020.08.22-16.42.16,v1.05-8-g8ea5981,2 , 11 , (2 5 1 25 23) , 2000 , none,  588
2020.08.22-16.42.16,v1.05-8-g8ea5981,3 , 11 , (2 5 1 25 23) , 2000 , none,  557
2020.08.22-16.42.16,v1.05-8-g8ea5981,4 , 11 , (2 5 1 25 23) , 329 , ((2 * 5) + 1) , 66
2020.08.22-16.42.16,v1.05-8-g8ea5981,5 , 11 , (2 5 1 25 23) , 933 , ((2 * 5) + 1) , 251
2020.08.22-16.42.16,v1.05-8-g8ea5981,6 , 11 , (2 5 1 25 23) , 71 , ((2 * 5) + 1) , 0
2020.08.22-16.42.16,v1.05-8-g8ea5981,7 , 11 , (2 5 1 25 23) , 1345 , ((2 * 5) + 1) , 375
2020.08.22-16.42.16,v1.05-8-g8ea5981,8 , 11 , (2 5 1 25 23) , 37 , ((2 * 5) + 1) , 0
2020.08.22-16.42.16,v1.05-8-g8ea5981,9 , 11 , (2 5 1 25 23) , 1328 , ((2 * 5) + 1) , 329
2020.08.22-16.42.16,v1.05-8-g8ea5981,10 , 11 , (2 5 1 25 23) , 50 , ((2 * 5) + 1) , 0
2020.08.22-16.42.16,v1.05-8-g8ea5981,11 , 11 , (2 5 1 25 23) , 2000 , none,  521
2020.08.22-16.42.16,v1.05-8-g8ea5981,12 , 11 , (2 5 1 25 23) , 312 , ((2 * 5) + 1) , 48
2020.08.22-16.42.16,v1.05-8-g8ea5981,13 , 11 , (2 5 1 25 23) , 263 , ((2 * 5) + 1) , 57
2020.08.22-16.42.16,v1.05-8-g8ea5981,14 , 11 , (2 5 1 25 23) , 442 , ((2 * 5) + 1) , 114
2020.08.22-16.42.16,v1.05-8-g8ea5981,15 , 11 , (2 5 1 25 23) , 1343 , ((2 * 5) + 1) , 418
2020.08.22-16.42.16,v1.05-8-g8ea5981,16 , 11 , (2 5 1 25 23) , 155 , ((2 * 5) + 1) , 45
2020.08.22-16.42.16,v1.05-8-g8ea5981,17 , 11 , (2 5 1 25 23) , 2000 , none,  582
2020.08.22-16.42.16,v1.05-8-g8ea5981,18 , 11 , (2 5 1 25 23) , 1695 , ((2 * 5) + 1) , 515
2020.08.22-16.42.16,v1.05-8-g8ea5981,19 , 11 , (2 5 1 25 23) , 2000 , none,  582
2020.08.22-16.42.16,v1.05-8-g8ea5981,20 , 11 , (2 5 1 25 23) , 269 , ((2 * 5) + 1) , 97
2020.08.22-16.42.16,v1.05-8-g8ea5981,21 , 11 , (2 5 1 25 23) , 80 , ((2 * 5) + 1) , 29
2020.08.22-16.42.16,v1.05-8-g8ea5981,22 , 11 , (2 5 1 25 23) , 490 , ((2 * 5) + 1) , 97
2020.08.22-16.42.16,v1.05-8-g8ea5981,23 , 11 , (2 5 1 25 23) , 363 , ((2 * 5) + 1) , 118
2020.08.22-16.42.16,v1.05-8-g8ea5981,24 , 11 , (2 5 1 25 23) , 2000 , none,  610
2020.08.22-16.42.16,v1.05-8-g8ea5981,25 , 11 , (2 5 1 25 23) , 151 , ((2 * 5) + 1) , 67
2020.08.22-16.42.16,v1.05-8-g8ea5981,26 , 11 , (2 5 1 25 23) , 972 , ((5 * 2) + 1) , 344
2020.08.22-16.42.16,v1.05-8-g8ea5981,27 , 11 , (2 5 1 25 23) , 561 , ((2 * 5) + 1) , 206
2020.08.22-16.42.16,v1.05-8-g8ea5981,28 , 11 , (2 5 1 25 23) , 513 , ((2 * 5) + 1) , 121
2020.08.22-16.42.16,v1.05-8-g8ea5981,29 , 11 , (2 5 1 25 23) , 51 , ((2 * 5) + 1) , 0
2020.08.22-16.42.16,v1.05-8-g8ea5981,30 , 11 , (2 5 1 25 23) , 1723 , ((2 * 5) + 1) , 436
2020.08.22-16.42.16,v1.05-8-g8ea5981,31 , 11 , (2 5 1 25 23) , 1564 , ((2 * 5) + 1) , 480
2020.08.22-16.42.16,v1.05-8-g8ea5981,32 , 11 , (2 5 1 25 23) , 2000 , none,  468
2020.08.22-16.42.16,v1.05-8-g8ea5981,33 , 11 , (2 5 1 25 23) , 44 , ((2 * 5) + 1) , 0
2020.08.22-16.42.16,v1.05-8-g8ea5981,34 , 11 , (2 5 1 25 23) , 427 , ((2 * 5) + 1) , 139
2020.08.22-16.42.16,v1.05-8-g8ea5981,35 , 11 , (2 5 1 25 23) , 1526 , ((5 * 2) + 1) , 395
2020.08.22-16.42.16,v1.05-8-g8ea5981,36 , 11 , (2 5 1 25 23) , 1299 , ((5 * 2) + 1) , 371
2020.08.22-16.42.16,v1.05-8-g8ea5981,37 , 11 , (2 5 1 25 23) , 254 , ((2 * 5) + 1) , 45
2020.08.22-16.42.16,v1.05-8-g8ea5981,38 , 11 , (2 5 1 25 23) , 2000 , none,  603
2020.08.22-16.42.16,v1.05-8-g8ea5981,39 , 11 , (2 5 1 25 23) , 790 , ((5 * 2) + 1) , 325
2020.08.22-16.42.16,v1.05-8-g8ea5981,40 , 11 , (2 5 1 25 23) , 2000 , none,  564
2020.08.22-16.42.16,v1.05-8-g8ea5981,41 , 11 , (2 5 1 25 23) , 348 , ((2 * 5) + 1) , 73
2020.08.22-16.42.16,v1.05-8-g8ea5981,42 , 11 , (2 5 1 25 23) , 144 , ((2 * 5) + 1) , 2
2020.08.22-16.42.16,v1.05-8-g8ea5981,43 , 11 , (2 5 1 25 23) , 2000 , none,  517
2020.08.22-16.42.16,v1.05-8-g8ea5981,44 , 11 , (2 5 1 25 23) , 1657 , ((2 * 5) + 1) , 498
2020.08.22-16.42.16,v1.05-8-g8ea5981,45 , 11 , (2 5 1 25 23) , 804 , ((2 * 5) + 1) , 220
2020.08.22-16.42.16,v1.05-8-g8ea5981,46 , 11 , (2 5 1 25 23) , 315 , ((2 * 5) + 1) , 75
2020.08.22-16.42.16,v1.05-8-g8ea5981,47 , 11 , (2 5 1 25 23) , 183 , ((2 * 5) + 1) , 13
2020.08.22-16.42.16,v1.05-8-g8ea5981,48 , 11 , (2 5 1 25 23) , 1729 , ((2 * 5) + 1) , 503
2020.08.22-16.42.16,v1.05-8-g8ea5981,49 , 11 , (2 5 1 25 23) , 800 , ((2 * 5) + 1) , 291
2020.08.22-16.42.16,v1.05-8-g8ea5981,50 , 11 , (2 5 1 25 23) , 764 , ((2 * 5) + 1) , 196
2020.08.22-16.42.16,v1.05-8-g8ea5981,51 , 11 , (2 5 1 25 23) , 132 , ((5 * 2) + 1) , 19
2020.08.22-16.42.16,v1.05-8-g8ea5981,52 , 11 , (2 5 1 25 23) , 613 , ((2 * 5) + 1) , 131
2020.08.22-16.42.16,v1.05-8-g8ea5981,53 , 11 , (2 5 1 25 23) , 273 , ((2 * 5) + 1) , 47
2020.08.22-16.42.16,v1.05-8-g8ea5981,54 , 11 , (2 5 1 25 23) , 264 , ((2 * 5) + 1) , 43
2020.08.22-16.42.16,v1.05-8-g8ea5981,55 , 11 , (2 5 1 25 23) , 469 , ((2 * 5) + 1) , 107
2020.08.22-16.42.16,v1.05-8-g8ea5981,56 , 11 , (2 5 1 25 23) , 297 , ((2 * 5) + 1) , 81
2020.08.22-16.42.16,v1.05-8-g8ea5981,57 , 11 , (2 5 1 25 23) , 1342 , ((2 * 5) + 1) , 341
2020.08.22-16.42.16,v1.05-8-g8ea5981,58 , 11 , (2 5 1 25 23) , 2000 , none,  563
2020.08.22-16.42.16,v1.05-8-g8ea5981,59 , 11 , (2 5 1 25 23) , 295 , ((2 * 5) + 1) , 95
2020.08.22-16.42.16,v1.05-8-g8ea5981,60 , 11 , (2 5 1 25 23) , 452 , ((2 * 5) + 1) , 135
2020.08.22-16.42.16,v1.05-8-g8ea5981,61 , 11 , (2 5 1 25 23) , 513 , ((5 * 2) + 1) , 148
2020.08.22-16.42.16,v1.05-8-g8ea5981,62 , 11 , (2 5 1 25 23) , 64 , ((5 * 2) + 1) , 0
2020.08.22-16.42.16,v1.05-8-g8ea5981,63 , 11 , (2 5 1 25 23) , 650 , ((2 * 5) + 1) , 164
2020.08.22-16.42.16,v1.05-8-g8ea5981,64 , 11 , (2 5 1 25 23) , 656 , ((2 * 5) + 1) , 149
2020.08.22-16.42.16,v1.05-8-g8ea5981,65 , 11 , (2 5 1 25 23) , 1663 , ((2 * 5) + 1) , 512
2020.08.22-16.42.16,v1.05-8-g8ea5981,66 , 11 , (2 5 1 25 23) , 470 , ((2 * 5) + 1) , 153
2020.08.22-16.42.16,v1.05-8-g8ea5981,67 , 11 , (2 5 1 25 23) , 610 , ((5 * 2) + 1) , 157
2020.08.22-16.42.16,v1.05-8-g8ea5981,68 , 11 , (2 5 1 25 23) , 238 , ((2 * 5) + 1) , 50
2020.08.22-16.42.16,v1.05-8-g8ea5981,69 , 11 , (2 5 1 25 23) , 503 , ((2 * 5) + 1) , 119
2020.08.22-16.42.16,v1.05-8-g8ea5981,70 , 11 , (2 5 1 25 23) , 95 , ((2 * 5) + 1) , 5
2020.08.22-16.42.16,v1.05-8-g8ea5981,71 , 11 , (2 5 1 25 23) , 605 , ((2 * 5) + 1) , 178
2020.08.22-16.42.16,v1.05-8-g8ea5981,72 , 11 , (2 5 1 25 23) , 1874 , ((2 * 5) + 1) , 447
2020.08.22-16.42.16,v1.05-8-g8ea5981,73 , 11 , (2 5 1 25 23) , 2000 , none,  595
2020.08.22-16.42.16,v1.05-8-g8ea5981,74 , 11 , (2 5 1 25 23) , 907 , ((2 * 5) + 1) , 196
2020.08.22-16.42.16,v1.05-8-g8ea5981,75 , 11 , (2 5 1 25 23) , 106 , ((2 * 5) + 1) , 22
2020.08.22-16.42.16,v1.05-8-g8ea5981,76 , 11 , (2 5 1 25 23) , 631 , ((2 * 5) + 1) , 153
2020.08.22-16.42.16,v1.05-8-g8ea5981,77 , 11 , (2 5 1 25 23) , 1578 , ((2 * 5) + 1) , 482
2020.08.22-16.42.16,v1.05-8-g8ea5981,78 , 11 , (2 5 1 25 23) , 1802 , ((2 * 5) + 1) , 610
2020.08.22-16.42.16,v1.05-8-g8ea5981,79 , 11 , (2 5 1 25 23) , 475 , ((2 * 5) + 1) , 125
2020.08.22-16.42.16,v1.05-8-g8ea5981,80 , 11 , (2 5 1 25 23) , 284 , ((2 * 5) + 1) , 35
2020.08.22-16.42.16,v1.05-8-g8ea5981,81 , 11 , (2 5 1 25 23) , 2000 , none,  697
2020.08.22-16.42.16,v1.05-8-g8ea5981,82 , 11 , (2 5 1 25 23) , 70 , ((2 * 5) + 1) , 0
2020.08.22-16.42.16,v1.05-8-g8ea5981,83 , 11 , (2 5 1 25 23) , 323 , ((5 * 2) + 1) , 147
2020.08.22-16.42.16,v1.05-8-g8ea5981,84 , 11 , (2 5 1 25 23) , 520 , ((2 * 5) + 1) , 140
2020.08.22-16.42.16,v1.05-8-g8ea5981,85 , 11 , (2 5 1 25 23) , 2000 , none,  620
2020.08.22-16.42.16,v1.05-8-g8ea5981,86 , 11 , (2 5 1 25 23) , 57 , ((2 * 5) + 1) , 2
2020.08.22-16.42.16,v1.05-8-g8ea5981,87 , 11 , (2 5 1 25 23) , 140 , ((2 * 5) + 1) , 11
2020.08.22-16.42.16,v1.05-8-g8ea5981,88 , 11 , (2 5 1 25 23) , 2000 , none,  572
2020.08.22-16.42.16,v1.05-8-g8ea5981,89 , 11 , (2 5 1 25 23) , 1246 , ((2 * 5) + 1) , 304
2020.08.22-16.42.16,v1.05-8-g8ea5981,90 , 11 , (2 5 1 25 23) , 2000 , none,  613
2020.08.22-16.42.16,v1.05-8-g8ea5981,91 , 11 , (2 5 1 25 23) , 455 , ((2 * 5) + 1) , 144
2020.08.22-16.42.16,v1.05-8-g8ea5981,92 , 11 , (2 5 1 25 23) , 232 , ((2 * 5) + 1) , 32
2020.08.22-16.42.16,v1.05-8-g8ea5981,93 , 11 , (2 5 1 25 23) , 457 , ((2 * 5) + 1) , 109
2020.08.22-16.42.16,v1.05-8-g8ea5981,94 , 11 , (2 5 1 25 23) , 48 , ((2 * 5) + 1) , 0
2020.08.22-16.42.16,v1.05-8-g8ea5981,95 , 11 , (2 5 1 25 23) , 218 , ((2 * 5) + 1) , 43
2020.08.22-16.42.16,v1.05-8-g8ea5981,96 , 11 , (2 5 1 25 23) , 127 , ((2 * 5) + 1) , 33
2020.08.22-16.42.16,v1.05-8-g8ea5981,97 , 11 , (2 5 1 25 23) , 547 , ((5 * 2) + 1) , 182
2020.08.22-16.42.16,v1.05-8-g8ea5981,98 , 11 , (2 5 1 25 23) , 211 , ((2 * 5) + 1) , 40
2020.08.22-16.42.16,v1.05-8-g8ea5981,99 , 11 , (2 5 1 25 23) , 985 , ((2 * 5) + 1) , 286
2020.08.22-16.42.16,v1.05-8-g8ea5981,0 , 116 , (20 2 16 14 6) , 304 , ((6 * 14) + (2 * 16)) , 89
2020.08.22-16.42.16,v1.05-8-g8ea5981,1 , 116 , (20 2 16 14 6) , 747 , ((6 * 14) + (2 * 16)) , 164
2020.08.22-16.42.16,v1.05-8-g8ea5981,2 , 116 , (20 2 16 14 6) , 2000 , none,  485
2020.08.22-16.42.16,v1.05-8-g8ea5981,3 , 116 , (20 2 16 14 6) , 262 , ((6 * 14) + (2 * 16)) , 46
2020.08.22-16.42.16,v1.05-8-g8ea5981,4 , 116 , (20 2 16 14 6) , 2000 , none,  555
2020.08.22-16.42.16,v1.05-8-g8ea5981,5 , 116 , (20 2 16 14 6) , 285 , ((6 * 16) + 20) , 2
2020.08.22-16.42.16,v1.05-8-g8ea5981,6 , 116 , (20 2 16 14 6) , 139 , ((14 * 6) + (2 * 16)) , 3
2020.08.22-16.42.16,v1.05-8-g8ea5981,7 , 116 , (20 2 16 14 6) , 35 , ((6 * 14) + (2 * 16)) , 0
2020.08.22-16.42.16,v1.05-8-g8ea5981,8 , 116 , (20 2 16 14 6) , 1737 , ((6 * 16) + 20) , 496
2020.08.22-16.42.16,v1.05-8-g8ea5981,9 , 116 , (20 2 16 14 6) , 2000 , none,  507
2020.08.22-16.42.16,v1.05-8-g8ea5981,10 , 116 , (20 2 16 14 6) , 60 , ((16 * 6) + 20) , 0
2020.08.22-16.42.16,v1.05-8-g8ea5981,11 , 116 , (20 2 16 14 6) , 2000 , none,  506
2020.08.22-16.42.16,v1.05-8-g8ea5981,12 , 116 , (20 2 16 14 6) , 2000 , none,  512
2020.08.22-16.42.16,v1.05-8-g8ea5981,13 , 116 , (20 2 16 14 6) , 939 , ((6 * 14) + (2 * 16)) , 287
2020.08.22-16.42.16,v1.05-8-g8ea5981,14 , 116 , (20 2 16 14 6) , 2000 , none,  614
2020.08.22-16.42.16,v1.05-8-g8ea5981,15 , 116 , (20 2 16 14 6) , 99 , ((16 * 6) + 20) , 27
2020.08.22-16.42.16,v1.05-8-g8ea5981,16 , 116 , (20 2 16 14 6) , 2000 , none,  629
2020.08.22-16.42.16,v1.05-8-g8ea5981,17 , 116 , (20 2 16 14 6) , 2000 , none,  455
2020.08.22-16.42.16,v1.05-8-g8ea5981,18 , 116 , (20 2 16 14 6) , 2000 , none,  550
2020.08.22-16.42.16,v1.05-8-g8ea5981,19 , 116 , (20 2 16 14 6) , 2000 , none,  585
2020.08.22-16.42.16,v1.05-8-g8ea5981,20 , 116 , (20 2 16 14 6) , 2000 , none,  619
2020.08.22-16.42.16,v1.05-8-g8ea5981,21 , 116 , (20 2 16 14 6) , 1163 , ((6 * 14) + (2 * 16)) , 287
2020.08.22-16.42.16,v1.05-8-g8ea5981,22 , 116 , (20 2 16 14 6) , 1597 , ((6 * 14) + (2 * 16)) , 385
2020.08.22-16.42.16,v1.05-8-g8ea5981,23 , 116 , (20 2 16 14 6) , 2000 , none,  482
2020.08.22-16.42.16,v1.05-8-g8ea5981,24 , 116 , (20 2 16 14 6) , 2000 , none,  623
2020.08.22-16.42.16,v1.05-8-g8ea5981,25 , 116 , (20 2 16 14 6) , 2000 , none,  471
2020.08.22-16.42.16,v1.05-8-g8ea5981,26 , 116 , (20 2 16 14 6) , 678 , ((14 * 6) + (2 * 16)) , 186
2020.08.22-16.42.16,v1.05-8-g8ea5981,27 , 116 , (20 2 16 14 6) , 2000 , none,  498
2020.08.22-16.42.16,v1.05-8-g8ea5981,28 , 116 , (20 2 16 14 6) , 1193 , ((6 * 16) + 20) , 329
2020.08.22-16.42.16,v1.05-8-g8ea5981,29 , 116 , (20 2 16 14 6) , 366 , ((16 * 6) + 20) , 47
2020.08.22-16.42.16,v1.05-8-g8ea5981,30 , 116 , (20 2 16 14 6) , 899 , ((6 * 14) + (2 * 16)) , 193
2020.08.22-16.42.16,v1.05-8-g8ea5981,31 , 116 , (20 2 16 14 6) , 995 , ((6 * 14) + (2 * 16)) , 197
2020.08.22-16.42.16,v1.05-8-g8ea5981,32 , 116 , (20 2 16 14 6) , 2000 , none,  498
2020.08.22-16.42.16,v1.05-8-g8ea5981,33 , 116 , (20 2 16 14 6) , 2000 , none,  464
2020.08.22-16.42.16,v1.05-8-g8ea5981,34 , 116 , (20 2 16 14 6) , 332 , ((16 * 6) + 20) , 66
2020.08.22-16.42.16,v1.05-8-g8ea5981,35 , 116 , (20 2 16 14 6) , 2000 , none,  562
2020.08.22-16.42.16,v1.05-8-g8ea5981,36 , 116 , (20 2 16 14 6) , 2000 , none,  533
2020.08.22-16.42.16,v1.05-8-g8ea5981,37 , 116 , (20 2 16 14 6) , 330 , ((14 * 6) + (2 * 16)) , 81
2020.08.22-16.42.16,v1.05-8-g8ea5981,38 , 116 , (20 2 16 14 6) , 2000 , none,  454
2020.08.22-16.42.16,v1.05-8-g8ea5981,39 , 116 , (20 2 16 14 6) , 1753 , ((6 * 14) + (2 * 16)) , 420
2020.08.22-16.42.16,v1.05-8-g8ea5981,40 , 116 , (20 2 16 14 6) , 320 , ((6 * 14) + (2 * 16)) , 70
2020.08.22-16.42.16,v1.05-8-g8ea5981,41 , 116 , (20 2 16 14 6) , 1355 , ((14 * 6) + (2 * 16)) , 440
2020.08.22-16.42.16,v1.05-8-g8ea5981,42 , 116 , (20 2 16 14 6) , 1202 , ((14 * 6) + (2 * 16)) , 343
2020.08.22-16.42.16,v1.05-8-g8ea5981,43 , 116 , (20 2 16 14 6) , 2000 , none,  484
2020.08.22-16.42.16,v1.05-8-g8ea5981,44 , 116 , (20 2 16 14 6) , 201 , ((6 * 14) + (2 * 16)) , 30
2020.08.22-16.42.16,v1.05-8-g8ea5981,45 , 116 , (20 2 16 14 6) , 2000 , none,  604
2020.08.22-16.42.16,v1.05-8-g8ea5981,46 , 116 , (20 2 16 14 6) , 750 , ((14 * 6) + (2 * 16)) , 206
2020.08.22-16.42.16,v1.05-8-g8ea5981,47 , 116 , (20 2 16 14 6) , 334 , ((14 * 6) + (2 * 16)) , 64
2020.08.22-16.42.16,v1.05-8-g8ea5981,48 , 116 , (20 2 16 14 6) , 1475 , ((6 * 16) + 20) , 369
2020.08.22-16.42.16,v1.05-8-g8ea5981,49 , 116 , (20 2 16 14 6) , 1594 , ((6 * 14) + (16 * 2)) , 399
2020.08.22-16.42.16,v1.05-8-g8ea5981,50 , 116 , (20 2 16 14 6) , 2000 , none,  601
2020.08.22-16.42.16,v1.05-8-g8ea5981,51 , 116 , (20 2 16 14 6) , 1641 , ((6 * 16) + 20) , 513
2020.08.22-16.42.16,v1.05-8-g8ea5981,52 , 116 , (20 2 16 14 6) , 2000 , none,  602
2020.08.22-16.42.16,v1.05-8-g8ea5981,53 , 116 , (20 2 16 14 6) , 2000 , none,  713
2020.08.22-16.42.16,v1.05-8-g8ea5981,54 , 116 , (20 2 16 14 6) , 2000 , none,  608
2020.08.22-16.42.16,v1.05-8-g8ea5981,55 , 116 , (20 2 16 14 6) , 486 , ((6 * 14) + (2 * 16)) , 134
2020.08.22-16.42.16,v1.05-8-g8ea5981,56 , 116 , (20 2 16 14 6) , 1971 , ((6 * 14) + (16 * 2)) , 496
2020.08.22-16.42.16,v1.05-8-g8ea5981,57 , 116 , (20 2 16 14 6) , 45 , ((6 * 16) + 20) , 0
2020.08.22-16.42.16,v1.05-8-g8ea5981,58 , 116 , (20 2 16 14 6) , 282 , ((6 * 16) + 20) , 68
2020.08.22-16.42.16,v1.05-8-g8ea5981,59 , 116 , (20 2 16 14 6) , 519 , ((14 * 6) + (2 * 16)) , 93
2020.08.22-16.42.16,v1.05-8-g8ea5981,60 , 116 , (20 2 16 14 6) , 2000 , none,  531
2020.08.22-16.42.16,v1.05-8-g8ea5981,61 , 116 , (20 2 16 14 6) , 146 , ((14 * 6) + (2 * 16)) , 27
2020.08.22-16.42.16,v1.05-8-g8ea5981,62 , 116 , (20 2 16 14 6) , 497 , ((16 * 6) + 20) , 138
2020.08.22-16.42.16,v1.05-8-g8ea5981,63 , 116 , (20 2 16 14 6) , 2000 , none,  476
2020.08.22-16.42.16,v1.05-8-g8ea5981,64 , 116 , (20 2 16 14 6) , 2000 , none,  503
2020.08.22-16.42.16,v1.05-8-g8ea5981,65 , 116 , (20 2 16 14 6) , 598 , ((6 * 14) + (2 * 16)) , 98
2020.08.22-16.42.16,v1.05-8-g8ea5981,66 , 116 , (20 2 16 14 6) , 2000 , none,  469
2020.08.22-16.42.16,v1.05-8-g8ea5981,67 , 116 , (20 2 16 14 6) , 1792 , ((6 * 14) + (2 * 16)) , 500
2020.08.22-16.42.16,v1.05-8-g8ea5981,68 , 116 , (20 2 16 14 6) , 2000 , none,  541
2020.08.22-16.42.16,v1.05-8-g8ea5981,69 , 116 , (20 2 16 14 6) , 528 , ((6 * 14) + (2 * 16)) , 164
2020.08.22-16.42.16,v1.05-8-g8ea5981,70 , 116 , (20 2 16 14 6) , 2000 , none,  503
2020.08.22-16.42.16,v1.05-8-g8ea5981,71 , 116 , (20 2 16 14 6) , 66 , ((6 * 14) + (16 * 2)) , 0
2020.08.22-16.42.16,v1.05-8-g8ea5981,72 , 116 , (20 2 16 14 6) , 2000 , none,  621
2020.08.22-16.42.16,v1.05-8-g8ea5981,73 , 116 , (20 2 16 14 6) , 1412 , ((6 * 14) + (2 * 16)) , 394
2020.08.22-16.42.16,v1.05-8-g8ea5981,74 , 116 , (20 2 16 14 6) , 2000 , none,  530
2020.08.22-16.42.16,v1.05-8-g8ea5981,75 , 116 , (20 2 16 14 6) , 991 , ((14 * 6) + (2 * 16)) , 238
2020.08.22-16.42.16,v1.05-8-g8ea5981,76 , 116 , (20 2 16 14 6) , 2000 , none,  586
2020.08.22-16.42.16,v1.05-8-g8ea5981,77 , 116 , (20 2 16 14 6) , 2000 , none,  491
2020.08.22-16.42.16,v1.05-8-g8ea5981,78 , 116 , (20 2 16 14 6) , 1615 , ((6 * 14) + (16 * 2)) , 465
2020.08.22-16.42.16,v1.05-8-g8ea5981,79 , 116 , (20 2 16 14 6) , 2000 , none,  601
2020.08.22-16.42.16,v1.05-8-g8ea5981,80 , 116 , (20 2 16 14 6) , 2000 , none,  576
2020.08.22-16.42.16,v1.05-8-g8ea5981,81 , 116 , (20 2 16 14 6) , 2000 , none,  586
2020.08.22-16.42.16,v1.05-8-g8ea5981,82 , 116 , (20 2 16 14 6) , 2000 , none,  556
2020.08.22-16.42.16,v1.05-8-g8ea5981,83 , 116 , (20 2 16 14 6) , 2000 , none,  581
2020.08.22-16.42.16,v1.05-8-g8ea5981,84 , 116 , (20 2 16 14 6) , 449 , ((6 * 14) + (2 * 16)) , 88
2020.08.22-16.42.16,v1.05-8-g8ea5981,85 , 116 , (20 2 16 14 6) , 1263 , ((6 * 14) + (16 * 2)) , 373
2020.08.22-16.42.16,v1.05-8-g8ea5981,86 , 116 , (20 2 16 14 6) , 2000 , none,  522
2020.08.22-16.42.16,v1.05-8-g8ea5981,87 , 116 , (20 2 16 14 6) , 1404 , ((6 * 14) + (2 * 16)) , 385
2020.08.22-16.42.16,v1.05-8-g8ea5981,88 , 116 , (20 2 16 14 6) , 1143 , ((16 * 6) + 20) , 246
2020.08.22-16.42.16,v1.05-8-g8ea5981,89 , 116 , (20 2 16 14 6) , 211 , ((16 * 6) + 20) , 22
2020.08.22-16.42.16,v1.05-8-g8ea5981,90 , 116 , (20 2 16 14 6) , 2000 , none,  549
2020.08.22-16.42.16,v1.05-8-g8ea5981,91 , 116 , (20 2 16 14 6) , 230 , ((6 * 14) + (16 * 2)) , 124
2020.08.22-16.42.16,v1.05-8-g8ea5981,92 , 116 , (20 2 16 14 6) , 2000 , none,  543
2020.08.22-16.42.16,v1.05-8-g8ea5981,93 , 116 , (20 2 16 14 6) , 2000 , none,  510
2020.08.22-16.42.16,v1.05-8-g8ea5981,94 , 116 , (20 2 16 14 6) , 2000 , none,  523
2020.08.22-16.42.16,v1.05-8-g8ea5981,95 , 116 , (20 2 16 14 6) , 721 , ((6 * 14) + (2 * 16)) , 140
2020.08.22-16.42.16,v1.05-8-g8ea5981,96 , 116 , (20 2 16 14 6) , 2000 , none,  474
2020.08.22-16.42.16,v1.05-8-g8ea5981,97 , 116 , (20 2 16 14 6) , 149 , ((6 * 14) + (2 * 16)) , 35
2020.08.22-16.42.16,v1.05-8-g8ea5981,98 , 116 , (20 2 16 14 6) , 869 , ((6 * 14) + (2 * 16)) , 299
2020.08.22-16.42.16,v1.05-8-g8ea5981,99 , 116 , (20 2 16 14 6) , 1298 , ((16 * 6) + 20) , 297
2020.08.22-16.42.16,v1.05-8-g8ea5981,0 , 127 , (7 6 4 22 25) , 2000 , none,  600
2020.08.22-16.42.16,v1.05-8-g8ea5981,1 , 127 , (7 6 4 22 25) , 2000 , none,  586
2020.08.22-16.42.16,v1.05-8-g8ea5981,2 , 127 , (7 6 4 22 25) , 2000 , none,  570
2020.08.22-16.42.16,v1.05-8-g8ea5981,3 , 127 , (7 6 4 22 25) , 2000 , none,  537
2020.08.22-16.42.16,v1.05-8-g8ea5981,4 , 127 , (7 6 4 22 25) , 2000 , none,  532
2020.08.22-16.42.16,v1.05-8-g8ea5981,5 , 127 , (7 6 4 22 25) , 2000 , none,  552
2020.08.22-16.42.16,v1.05-8-g8ea5981,6 , 127 , (7 6 4 22 25) , 2000 , none,  632
2020.08.22-16.42.16,v1.05-8-g8ea5981,7 , 127 , (7 6 4 22 25) , 2000 , none,  550
2020.08.22-16.42.16,v1.05-8-g8ea5981,8 , 127 , (7 6 4 22 25) , 2000 , none,  501
2020.08.22-16.42.16,v1.05-8-g8ea5981,9 , 127 , (7 6 4 22 25) , 2000 , none,  587
2020.08.22-16.42.16,v1.05-8-g8ea5981,10 , 127 , (7 6 4 22 25) , 2000 , none,  477
2020.08.22-16.42.16,v1.05-8-g8ea5981,11 , 127 , (7 6 4 22 25) , 2000 , none,  485
2020.08.22-16.42.16,v1.05-8-g8ea5981,12 , 127 , (7 6 4 22 25) , 2000 , none,  534
2020.08.22-16.42.16,v1.05-8-g8ea5981,13 , 127 , (7 6 4 22 25) , 2000 , none,  574
2020.08.22-16.42.16,v1.05-8-g8ea5981,14 , 127 , (7 6 4 22 25) , 2000 , none,  612
2020.08.22-16.42.16,v1.05-8-g8ea5981,15 , 127 , (7 6 4 22 25) , 2000 , none,  592
2020.08.22-16.42.16,v1.05-8-g8ea5981,16 , 127 , (7 6 4 22 25) , 2000 , none,  585
2020.08.22-16.42.16,v1.05-8-g8ea5981,17 , 127 , (7 6 4 22 25) , 2000 , none,  494
2020.08.22-16.42.16,v1.05-8-g8ea5981,18 , 127 , (7 6 4 22 25) , 2000 , none,  465
2020.08.22-16.42.16,v1.05-8-g8ea5981,19 , 127 , (7 6 4 22 25) , 2000 , none,  458
2020.08.22-16.42.16,v1.05-8-g8ea5981,20 , 127 , (7 6 4 22 25) , 2000 , none,  614
2020.08.22-16.42.16,v1.05-8-g8ea5981,21 , 127 , (7 6 4 22 25) , 2000 , none,  559
2020.08.22-16.42.16,v1.05-8-g8ea5981,22 , 127 , (7 6 4 22 25) , 2000 , none,  612
2020.08.22-16.42.16,v1.05-8-g8ea5981,23 , 127 , (7 6 4 22 25) , 2000 , none,  556
2020.08.22-16.42.16,v1.05-8-g8ea5981,24 , 127 , (7 6 4 22 25) , 2000 , none,  422
2020.08.22-16.42.16,v1.05-8-g8ea5981,25 , 127 , (7 6 4 22 25) , 2000 , none,  500
2020.08.22-16.42.16,v1.05-8-g8ea5981,26 , 127 , (7 6 4 22 25) , 2000 , none,  494
2020.08.22-16.42.16,v1.05-8-g8ea5981,27 , 127 , (7 6 4 22 25) , 2000 , none,  613
2020.08.22-16.42.16,v1.05-8-g8ea5981,28 , 127 , (7 6 4 22 25) , 2000 , none,  578
2020.08.22-16.42.16,v1.05-8-g8ea5981,29 , 127 , (7 6 4 22 25) , 2000 , none,  515
2020.08.22-16.42.16,v1.05-8-g8ea5981,30 , 127 , (7 6 4 22 25) , 2000 , none,  572
2020.08.22-16.42.16,v1.05-8-g8ea5981,31 , 127 , (7 6 4 22 25) , 2000 , none,  502
2020.08.22-16.42.16,v1.05-8-g8ea5981,32 , 127 , (7 6 4 22 25) , 2000 , none,  552
2020.08.22-16.42.16,v1.05-8-g8ea5981,33 , 127 , (7 6 4 22 25) , 2000 , none,  569
2020.08.22-16.42.16,v1.05-8-g8ea5981,34 , 127 , (7 6 4 22 25) , 2000 , none,  549
2020.08.22-16.42.16,v1.05-8-g8ea5981,35 , 127 , (7 6 4 22 25) , 2000 , none,  522
2020.08.22-16.42.16,v1.05-8-g8ea5981,36 , 127 , (7 6 4 22 25) , 2000 , none,  486
2020.08.22-16.42.16,v1.05-8-g8ea5981,37 , 127 , (7 6 4 22 25) , 2000 , none,  498
2020.08.22-16.42.16,v1.05-8-g8ea5981,38 , 127 , (7 6 4 22 25) , 2000 , none,  554
2020.08.22-16.42.16,v1.05-8-g8ea5981,39 , 127 , (7 6 4 22 25) , 2000 , none,  492
2020.08.22-16.42.16,v1.05-8-g8ea5981,40 , 127 , (7 6 4 22 25) , 2000 , none,  573
2020.08.22-16.42.16,v1.05-8-g8ea5981,41 , 127 , (7 6 4 22 25) , 2000 , none,  432
2020.08.22-16.42.16,v1.05-8-g8ea5981,42 , 127 , (7 6 4 22 25) , 2000 , none,  543
2020.08.22-16.42.16,v1.05-8-g8ea5981,43 , 127 , (7 6 4 22 25) , 2000 , none,  560
2020.08.22-16.42.16,v1.05-8-g8ea5981,44 , 127 , (7 6 4 22 25) , 2000 , none,  589
2020.08.22-16.42.16,v1.05-8-g8ea5981,45 , 127 , (7 6 4 22 25) , 2000 , none,  541
2020.08.22-16.42.16,v1.05-8-g8ea5981,46 , 127 , (7 6 4 22 25) , 2000 , none,  480
2020.08.22-16.42.16,v1.05-8-g8ea5981,47 , 127 , (7 6 4 22 25) , 2000 , none,  574
2020.08.22-16.42.16,v1.05-8-g8ea5981,48 , 127 , (7 6 4 22 25) , 2000 , none,  602
2020.08.22-16.42.16,v1.05-8-g8ea5981,49 , 127 , (7 6 4 22 25) , 2000 , none,  548
2020.08.22-16.42.16,v1.05-8-g8ea5981,50 , 127 , (7 6 4 22 25) , 2000 , none,  505
2020.08.22-16.42.16,v1.05-8-g8ea5981,51 , 127 , (7 6 4 22 25) , 2000 , none,  471
2020.08.22-16.42.16,v1.05-8-g8ea5981,52 , 127 , (7 6 4 22 25) , 2000 , none,  578
2020.08.22-16.42.16,v1.05-8-g8ea5981,53 , 127 , (7 6 4 22 25) , 2000 , none,  596
2020.08.22-16.42.16,v1.05-8-g8ea5981,54 , 127 , (7 6 4 22 25) , 2000 , none,  663
2020.08.22-16.42.16,v1.05-8-g8ea5981,55 , 127 , (7 6 4 22 25) , 2000 , none,  554
2020.08.22-16.42.16,v1.05-8-g8ea5981,56 , 127 , (7 6 4 22 25) , 2000 , none,  610
2020.08.22-16.42.16,v1.05-8-g8ea5981,57 , 127 , (7 6 4 22 25) , 2000 , none,  558
2020.08.22-16.42.16,v1.05-8-g8ea5981,58 , 127 , (7 6 4 22 25) , 2000 , none,  539
2020.08.22-16.42.16,v1.05-8-g8ea5981,59 , 127 , (7 6 4 22 25) , 2000 , none,  508
2020.08.22-16.42.16,v1.05-8-g8ea5981,60 , 127 , (7 6 4 22 25) , 2000 , none,  632
2020.08.22-16.42.16,v1.05-8-g8ea5981,61 , 127 , (7 6 4 22 25) , 2000 , none,  604
2020.08.22-16.42.16,v1.05-8-g8ea5981,62 , 127 , (7 6 4 22 25) , 2000 , none,  547
2020.08.22-16.42.16,v1.05-8-g8ea5981,63 , 127 , (7 6 4 22 25) , 2000 , none,  543
2020.08.22-16.42.16,v1.05-8-g8ea5981,64 , 127 , (7 6 4 22 25) , 2000 , none,  622
2020.08.22-16.42.16,v1.05-8-g8ea5981,65 , 127 , (7 6 4 22 25) , 2000 , none,  580
2020.08.22-16.42.16,v1.05-8-g8ea5981,66 , 127 , (7 6 4 22 25) , 2000 , none,  681
2020.08.22-16.42.16,v1.05-8-g8ea5981,67 , 127 , (7 6 4 22 25) , 2000 , none,  504
2020.08.22-16.42.16,v1.05-8-g8ea5981,68 , 127 , (7 6 4 22 25) , 2000 , none,  538
2020.08.22-16.42.16,v1.05-8-g8ea5981,69 , 127 , (7 6 4 22 25) , 2000 , none,  537
2020.08.22-16.42.16,v1.05-8-g8ea5981,70 , 127 , (7 6 4 22 25) , 2000 , none,  528
2020.08.22-16.42.16,v1.05-8-g8ea5981,71 , 127 , (7 6 4 22 25) , 2000 , none,  528
2020.08.22-16.42.16,v1.05-8-g8ea5981,72 , 127 , (7 6 4 22 25) , 2000 , none,  563
2020.08.22-16.42.16,v1.05-8-g8ea5981,73 , 127 , (7 6 4 22 25) , 2000 , none,  537
2020.08.22-16.42.16,v1.05-8-g8ea5981,74 , 127 , (7 6 4 22 25) , 2000 , none,  551
2020.08.22-16.42.16,v1.05-8-g8ea5981,75 , 127 , (7 6 4 22 25) , 2000 , none,  532
2020.08.22-16.42.16,v1.05-8-g8ea5981,76 , 127 , (7 6 4 22 25) , 2000 , none,  627
2020.08.22-16.42.16,v1.05-8-g8ea5981,77 , 127 , (7 6 4 22 25) , 2000 , none,  540
2020.08.22-16.42.16,v1.05-8-g8ea5981,78 , 127 , (7 6 4 22 25) , 2000 , none,  625
2020.08.22-16.42.16,v1.05-8-g8ea5981,79 , 127 , (7 6 4 22 25) , 2000 , none,  527
2020.08.22-16.42.16,v1.05-8-g8ea5981,80 , 127 , (7 6 4 22 25) , 2000 , none,  527
2020.08.22-16.42.16,v1.05-8-g8ea5981,81 , 127 , (7 6 4 22 25) , 2000 , none,  524
2020.08.22-16.42.16,v1.05-8-g8ea5981,82 , 127 , (7 6 4 22 25) , 2000 , none,  582
2020.08.22-16.42.16,v1.05-8-g8ea5981,83 , 127 , (7 6 4 22 25) , 2000 , none,  546
2020.08.22-16.42.16,v1.05-8-g8ea5981,84 , 127 , (7 6 4 22 25) , 2000 , none,  574
2020.08.22-16.42.16,v1.05-8-g8ea5981,85 , 127 , (7 6 4 22 25) , 2000 , none,  562
2020.08.22-16.42.16,v1.05-8-g8ea5981,86 , 127 , (7 6 4 22 25) , 2000 , none,  552
2020.08.22-16.42.16,v1.05-8-g8ea5981,87 , 127 , (7 6 4 22 25) , 2000 , none,  612
2020.08.22-16.42.16,v1.05-8-g8ea5981,88 , 127 , (7 6 4 22 25) , 2000 , none,  487
2020.08.22-16.42.16,v1.05-8-g8ea5981,89 , 127 , (7 6 4 22 25) , 2000 , none,  530
2020.08.22-16.42.16,v1.05-8-g8ea5981,90 , 127 , (7 6 4 22 25) , 2000 , none,  581
2020.08.22-16.42.16,v1.05-8-g8ea5981,91 , 127 , (7 6 4 22 25) , 2000 , none,  646
2020.08.22-16.42.16,v1.05-8-g8ea5981,92 , 127 , (7 6 4 22 25) , 2000 , none,  517
2020.08.22-16.42.16,v1.05-8-g8ea5981,93 , 127 , (7 6 4 22 25) , 2000 , none,  577
2020.08.22-16.42.16,v1.05-8-g8ea5981,94 , 127 , (7 6 4 22 25) , 2000 , none,  540
2020.08.22-16.42.16,v1.05-8-g8ea5981,95 , 127 , (7 6 4 22 25) , 2000 , none,  541
2020.08.22-16.42.16,v1.05-8-g8ea5981,96 , 127 , (7 6 4 22 25) , 2000 , none,  540
2020.08.22-16.42.16,v1.05-8-g8ea5981,97 , 127 , (7 6 4 22 25) , 2000 , none,  540
2020.08.22-16.42.16,v1.05-8-g8ea5981,98 , 127 , (7 6 4 22 25) , 2000 , none,  550
2020.08.22-16.42.16,v1.05-8-g8ea5981,99 , 127 , (7 6 4 22 25) , 2000 , none,  563
2020.08.22-16.42.16,v1.05-8-g8ea5981,0 , 41 , (5 16 22 25 1) , 223 , ((25 + 22) - (1 + 5)) , 42
2020.08.22-16.42.16,v1.05-8-g8ea5981,1 , 41 , (5 16 22 25 1) , 1899 , (25 + 16) , 676
2020.08.22-16.42.16,v1.05-8-g8ea5981,2 , 41 , (5 16 22 25 1) , 33 , (25 + 16) , 0
2020.08.22-16.42.16,v1.05-8-g8ea5981,3 , 41 , (5 16 22 25 1) , 1051 , ((25 + 22) - (1 + 5)) , 286
2020.08.22-16.42.16,v1.05-8-g8ea5981,4 , 41 , (5 16 22 25 1) , 2000 , none,  755
2020.08.22-16.42.16,v1.05-8-g8ea5981,5 , 41 , (5 16 22 25 1) , 1408 , (25 + 16) , 562
2020.08.22-16.42.16,v1.05-8-g8ea5981,6 , 41 , (5 16 22 25 1) , 124 , (16 + 25) , 55
2020.08.22-16.42.16,v1.05-8-g8ea5981,7 , 41 , (5 16 22 25 1) , 87 , ((22 + 25) - (1 + 5)) , 0
2020.08.22-16.42.16,v1.05-8-g8ea5981,8 , 41 , (5 16 22 25 1) , 2000 , none,  610
2020.08.22-16.42.16,v1.05-8-g8ea5981,9 , 41 , (5 16 22 25 1) , 35 , (25 + 16) , 0
2020.08.22-16.42.16,v1.05-8-g8ea5981,10 , 41 , (5 16 22 25 1) , 29 , (16 + 25) , 0
2020.08.22-16.42.16,v1.05-8-g8ea5981,11 , 41 , (5 16 22 25 1) , 2000 , none,  741
2020.08.22-16.42.16,v1.05-8-g8ea5981,12 , 41 , (5 16 22 25 1) , 1797 , (16 + 25) , 577
2020.08.22-16.42.16,v1.05-8-g8ea5981,13 , 41 , (5 16 22 25 1) , 495 , (25 + 16) , 120
2020.08.22-16.42.16,v1.05-8-g8ea5981,14 , 41 , (5 16 22 25 1) , 2000 , none,  905
2020.08.22-16.42.16,v1.05-8-g8ea5981,15 , 41 , (5 16 22 25 1) , 2000 , none,  700
2020.08.22-16.42.16,v1.05-8-g8ea5981,16 , 41 , (5 16 22 25 1) , 94 , ((25 + 22) - (1 + 5)) , 0
2020.08.22-16.42.16,v1.05-8-g8ea5981,17 , 41 , (5 16 22 25 1) , 2000 , none,  653
2020.08.22-16.42.16,v1.05-8-g8ea5981,18 , 41 , (5 16 22 25 1) , 1148 , (16 + 25) , 482
2020.08.22-16.42.16,v1.05-8-g8ea5981,19 , 41 , (5 16 22 25 1) , 2000 , none,  775
2020.08.22-16.42.16,v1.05-8-g8ea5981,20 , 41 , (5 16 22 25 1) , 2000 , none,  884
2020.08.22-16.42.16,v1.05-8-g8ea5981,21 , 41 , (5 16 22 25 1) , 2000 , none,  872
2020.08.22-16.42.16,v1.05-8-g8ea5981,22 , 41 , (5 16 22 25 1) , 2000 , none,  563
2020.08.22-16.42.16,v1.05-8-g8ea5981,23 , 41 , (5 16 22 25 1) , 451 , ((25 + 22) - (1 + 5)) , 202
2020.08.22-16.42.16,v1.05-8-g8ea5981,24 , 41 , (5 16 22 25 1) , 51 , (16 + 25) , 5
2020.08.22-16.42.16,v1.05-8-g8ea5981,25 , 41 , (5 16 22 25 1) , 657 , (25 + 16) , 172
2020.08.22-16.42.16,v1.05-8-g8ea5981,26 , 41 , (5 16 22 25 1) , 2000 , none,  743
2020.08.22-16.42.16,v1.05-8-g8ea5981,27 , 41 , (5 16 22 25 1) , 102 , ((25 + 22) - (1 + 5)) , 9
2020.08.22-16.42.16,v1.05-8-g8ea5981,28 , 41 , (5 16 22 25 1) , 2000 , none,  781
2020.08.22-16.42.16,v1.05-8-g8ea5981,29 , 41 , (5 16 22 25 1) , 33 , (25 + 16) , 0
2020.08.22-16.42.16,v1.05-8-g8ea5981,30 , 41 , (5 16 22 25 1) , 328 , ((25 + 22) - (1 + 5)) , 121
2020.08.22-16.42.16,v1.05-8-g8ea5981,31 , 41 , (5 16 22 25 1) , 2000 , none,  715
2020.08.22-16.42.16,v1.05-8-g8ea5981,32 , 41 , (5 16 22 25 1) , 2000 , none,  727
2020.08.22-16.42.16,v1.05-8-g8ea5981,33 , 41 , (5 16 22 25 1) , 2000 , none,  840
2020.08.22-16.42.16,v1.05-8-g8ea5981,34 , 41 , (5 16 22 25 1) , 2000 , none,  881
2020.08.22-16.42.16,v1.05-8-g8ea5981,35 , 41 , (5 16 22 25 1) , 1486 , (16 + 25) , 698
2020.08.22-16.42.16,v1.05-8-g8ea5981,36 , 41 , (5 16 22 25 1) , 47 , (25 + 16) , 7
2020.08.22-16.42.16,v1.05-8-g8ea5981,37 , 41 , (5 16 22 25 1) , 2000 , none,  695
2020.08.22-16.42.16,v1.05-8-g8ea5981,38 , 41 , (5 16 22 25 1) , 1719 , (25 + 16) , 608
2020.08.22-16.42.16,v1.05-8-g8ea5981,39 , 41 , (5 16 22 25 1) , 2000 , none,  857
2020.08.22-16.42.16,v1.05-8-g8ea5981,40 , 41 , (5 16 22 25 1) , 232 , ((25 + 22) - (1 + 5)) , 97
2020.08.22-16.42.16,v1.05-8-g8ea5981,41 , 41 , (5 16 22 25 1) , 48 , (16 + 25) , 6
2020.08.22-16.42.16,v1.05-8-g8ea5981,42 , 41 , (5 16 22 25 1) , 105 , ((25 + 22) - (1 + 5)) , 24
2020.08.22-16.42.16,v1.05-8-g8ea5981,43 , 41 , (5 16 22 25 1) , 597 , ((25 + 22) - (1 + 5)) , 169
2020.08.22-16.42.16,v1.05-8-g8ea5981,44 , 41 , (5 16 22 25 1) , 355 , ((25 + 22) - (5 + 1)) , 104
2020.08.22-16.42.16,v1.05-8-g8ea5981,45 , 41 , (5 16 22 25 1) , 2000 , none,  854
2020.08.22-16.42.16,v1.05-8-g8ea5981,46 , 41 , (5 16 22 25 1) , 2000 , none,  845
2020.08.22-16.42.16,v1.05-8-g8ea5981,47 , 41 , (5 16 22 25 1) , 2000 , none,  993
2020.08.22-16.42.16,v1.05-8-g8ea5981,48 , 41 , (5 16 22 25 1) , 2000 , none,  660
2020.08.22-16.42.16,v1.05-8-g8ea5981,49 , 41 , (5 16 22 25 1) , 994 , ((22 + 25) - (1 + 5)) , 236
2020.08.22-16.42.16,v1.05-8-g8ea5981,50 , 41 , (5 16 22 25 1) , 2000 , none,  859
2020.08.22-16.42.16,v1.05-8-g8ea5981,51 , 41 , (5 16 22 25 1) , 2000 , none,  683
2020.08.22-16.42.16,v1.05-8-g8ea5981,52 , 41 , (5 16 22 25 1) , 782 , ((25 + 22) - (1 + 5)) , 273
2020.08.22-16.42.16,v1.05-8-g8ea5981,53 , 41 , (5 16 22 25 1) , 846 , (16 + 25) , 291
2020.08.22-16.42.16,v1.05-8-g8ea5981,54 , 41 , (5 16 22 25 1) , 202 , ((25 + 22) - (5 + 1)) , 74
2020.08.22-16.42.16,v1.05-8-g8ea5981,55 , 41 , (5 16 22 25 1) , 1297 , (25 + 16) , 423
2020.08.22-16.42.16,v1.05-8-g8ea5981,56 , 41 , (5 16 22 25 1) , 119 , (25 + 16) , 41
2020.08.22-16.42.16,v1.05-8-g8ea5981,57 , 41 , (5 16 22 25 1) , 2000 , none,  809
2020.08.22-16.42.16,v1.05-8-g8ea5981,58 , 41 , (5 16 22 25 1) , 2000 , none,  730
2020.08.22-16.42.16,v1.05-8-g8ea5981,59 , 41 , (5 16 22 25 1) , 166 , ((22 + 25) - (1 + 5)) , 25
2020.08.22-16.42.16,v1.05-8-g8ea5981,60 , 41 , (5 16 22 25 1) , 2000 , none,  964
2020.08.22-16.42.16,v1.05-8-g8ea5981,61 , 41 , (5 16 22 25 1) , 2000 , none,  786
2020.08.22-16.42.16,v1.05-8-g8ea5981,62 , 41 , (5 16 22 25 1) , 2000 , none,  888
2020.08.22-16.42.16,v1.05-8-g8ea5981,63 , 41 , (5 16 22 25 1) , 1540 , ((22 + 25) - (5 + 1)) , 565
2020.08.22-16.42.16,v1.05-8-g8ea5981,64 , 41 , (5 16 22 25 1) , 2000 , none,  782
2020.08.22-16.42.16,v1.05-8-g8ea5981,65 , 41 , (5 16 22 25 1) , 2000 , none,  780
2020.08.22-16.42.16,v1.05-8-g8ea5981,66 , 41 , (5 16 22 25 1) , 1050 , ((22 + 25) - (5 + 1)) , 417
2020.08.22-16.42.16,v1.05-8-g8ea5981,67 , 41 , (5 16 22 25 1) , 488 , (16 + 25) , 130
2020.08.22-16.42.16,v1.05-8-g8ea5981,68 , 41 , (5 16 22 25 1) , 678 , (25 + 16) , 288
2020.08.22-16.42.16,v1.05-8-g8ea5981,69 , 41 , (5 16 22 25 1) , 317 , (25 + 16) , 158
2020.08.22-16.42.16,v1.05-8-g8ea5981,70 , 41 , (5 16 22 25 1) , 43 , (16 + 25) , 0
2020.08.22-16.42.16,v1.05-8-g8ea5981,71 , 41 , (5 16 22 25 1) , 2000 , none,  662
2020.08.22-16.42.16,v1.05-8-g8ea5981,72 , 41 , (5 16 22 25 1) , 2000 , none,  671
2020.08.22-16.42.16,v1.05-8-g8ea5981,73 , 41 , (5 16 22 25 1) , 751 , ((25 + 22) - (1 + 5)) , 196
2020.08.22-16.42.16,v1.05-8-g8ea5981,74 , 41 , (5 16 22 25 1) , 229 , ((25 + 22) - (1 + 5)) , 33
2020.08.22-16.42.16,v1.05-8-g8ea5981,75 , 41 , (5 16 22 25 1) , 130 , ((22 + 25) - (1 + 5)) , 17
2020.08.22-16.42.16,v1.05-8-g8ea5981,76 , 41 , (5 16 22 25 1) , 58 , (16 + 25) , 0
2020.08.22-16.42.16,v1.05-8-g8ea5981,77 , 41 , (5 16 22 25 1) , 1077 , (25 + 16) , 238
2020.08.22-16.42.16,v1.05-8-g8ea5981,78 , 41 , (5 16 22 25 1) , 105 , ((22 + 25) - (1 + 5)) , 0
2020.08.22-16.42.16,v1.05-8-g8ea5981,79 , 41 , (5 16 22 25 1) , 108 , ((22 + 25) - (1 + 5)) , 24
2020.08.22-16.42.16,v1.05-8-g8ea5981,80 , 41 , (5 16 22 25 1) , 601 , ((25 + 22) - (1 + 5)) , 175
2020.08.22-16.42.16,v1.05-8-g8ea5981,81 , 41 , (5 16 22 25 1) , 1025 , (16 + 25) , 342
2020.08.22-16.42.16,v1.05-8-g8ea5981,82 , 41 , (5 16 22 25 1) , 279 , (25 + 16) , 39
2020.08.22-16.42.16,v1.05-8-g8ea5981,83 , 41 , (5 16 22 25 1) , 31 , (16 + 25) , 0
2020.08.22-16.42.16,v1.05-8-g8ea5981,84 , 41 , (5 16 22 25 1) , 60 , (25 + 16) , 0
2020.08.22-16.42.16,v1.05-8-g8ea5981,85 , 41 , (5 16 22 25 1) , 2000 , none,  704
2020.08.22-16.42.16,v1.05-8-g8ea5981,86 , 41 , (5 16 22 25 1) , 358 , (16 + 25) , 85
2020.08.22-16.42.16,v1.05-8-g8ea5981,87 , 41 , (5 16 22 25 1) , 48 , (16 + 25) , 0
2020.08.22-16.42.16,v1.05-8-g8ea5981,88 , 41 , (5 16 22 25 1) , 84 , ((22 + 25) - (1 + 5)) , 0
2020.08.22-16.42.16,v1.05-8-g8ea5981,89 , 41 , (5 16 22 25 1) , 51 , (25 + 16) , 10
2020.08.22-16.42.16,v1.05-8-g8ea5981,90 , 41 , (5 16 22 25 1) , 1799 , (16 + 25) , 698
2020.08.22-16.42.16,v1.05-8-g8ea5981,91 , 41 , (5 16 22 25 1) , 1128 , ((25 + 22) - (1 + 5)) , 368
2020.08.22-16.42.16,v1.05-8-g8ea5981,92 , 41 , (5 16 22 25 1) , 101 , ((22 + 25) - (1 + 5)) , 10
2020.08.22-16.42.16,v1.05-8-g8ea5981,93 , 41 , (5 16 22 25 1) , 2000 , none,  879
2020.08.22-16.42.16,v1.05-8-g8ea5981,94 , 41 , (5 16 22 25 1) , 1044 , ((25 + 22) - (1 + 5)) , 351
2020.08.22-16.42.16,v1.05-8-g8ea5981,95 , 41 , (5 16 22 25 1) , 521 , ((25 + 22) - (1 + 5)) , 159
2020.08.22-16.42.16,v1.05-8-g8ea5981,96 , 41 , (5 16 22 25 1) , 2000 , none,  702
2020.08.22-16.42.16,v1.05-8-g8ea5981,97 , 41 , (5 16 22 25 1) , 1418 , (16 + 25) , 592
2020.08.22-16.42.16,v1.05-8-g8ea5981,98 , 41 , (5 16 22 25 1) , 42 , (16 + 25) , 13
2020.08.22-16.42.16,v1.05-8-g8ea5981,99 , 41 , (5 16 22 25 1) , 510 , ((22 + 25) - (1 + 5)) , 181
