2020.11.24-08.39.35,,0 , 114 , (11 20 7 1 6) , 950 , ((20*6)-(7-1))=114 , 254
2020.11.24-08.39.35,,1 , 114 , (11 20 7 1 6) , 930 , ((6*20)-(7-1))=114 , 281
2020.11.24-08.39.35,,2 , 114 , (11 20 7 1 6) , 1097 , ((6*20)-(7-1))=114 , 261
2020.11.24-08.39.35,,3 , 114 , (11 20 7 1 6) , 750 , ((6*20)-(7-1))=114 , 215
2020.11.24-08.39.35,,4 , 114 , (11 20 7 1 6) , 470 , ((6*20)-(7-1))=114 , 96
2020.11.24-08.39.35,,5 , 114 , (11 20 7 1 6) , 2000 , none,  594
2020.11.24-08.39.35,,6 , 114 , (11 20 7 1 6) , 2000 , none,  648
2020.11.24-08.39.35,,7 , 114 , (11 20 7 1 6) , 289 , ((20*6)-(7-1))=114 , 81
2020.11.24-08.39.35,,8 , 114 , (11 20 7 1 6) , 1430 , ((20*6)-(7-1))=114 , 391
2020.11.24-08.39.35,,9 , 114 , (11 20 7 1 6) , 2000 , none,  566
2020.11.24-08.39.35,,10 , 114 , (11 20 7 1 6) , 1490 , ((20*6)-(7-1))=114 , 433
2020.11.24-08.39.35,,11 , 114 , (11 20 7 1 6) , 249 , ((20*6)-(7-1))=114 , 58
2020.11.24-08.39.35,,12 , 114 , (11 20 7 1 6) , 1139 , ((6*20)-(7-1))=114 , 272
2020.11.24-08.39.35,,13 , 114 , (11 20 7 1 6) , 2000 , none,  576
2020.11.24-08.39.35,,14 , 114 , (11 20 7 1 6) , 939 , ((6*20)-(7-1))=114 , 237
2020.11.24-08.39.35,,15 , 114 , (11 20 7 1 6) , 2000 , none,  552
2020.11.24-08.39.35,,16 , 114 , (11 20 7 1 6) , 290 , ((6*20)-(7-1))=114 , 72
2020.11.24-08.39.35,,17 , 114 , (11 20 7 1 6) , 1690 , ((20*6)-(7-1))=114 , 498
2020.11.24-08.39.35,,18 , 114 , (11 20 7 1 6) , 600 , ((20*6)-(7-1))=114 , 159
2020.11.24-08.39.35,,19 , 114 , (11 20 7 1 6) , 2000 , none,  548
2020.11.24-08.39.35,,20 , 114 , (11 20 7 1 6) , 2000 , none,  593
2020.11.24-08.39.35,,21 , 114 , (11 20 7 1 6) , 1070 , ((6*20)-(7-1))=114 , 255
2020.11.24-08.39.35,,22 , 114 , (11 20 7 1 6) , 840 , ((20*6)-(7-1))=114 , 285
2020.11.24-08.39.35,,23 , 114 , (11 20 7 1 6) , 1359 , ((20*6)-(7-1))=114 , 360
2020.11.24-08.39.35,,24 , 114 , (11 20 7 1 6) , 600 , ((20*6)-(7-1))=114 , 144
2020.11.24-08.39.35,,25 , 114 , (11 20 7 1 6) , 2000 , none,  583
2020.11.24-08.39.35,,26 , 114 , (11 20 7 1 6) , 1158 , ((6*20)-(7-1))=114 , 338
2020.11.24-08.39.35,,27 , 114 , (11 20 7 1 6) , 2000 , none,  580
2020.11.24-08.39.35,,28 , 114 , (11 20 7 1 6) , 1537 , ((20*6)-(7-1))=114 , 398
2020.11.24-08.39.35,,29 , 114 , (11 20 7 1 6) , 290 , ((20*6)-(7-1))=114 , 78
2020.11.24-08.39.35,,30 , 114 , (11 20 7 1 6) , 199 , ((6*20)-(7-1))=114 , 54
2020.11.24-08.39.35,,31 , 114 , (11 20 7 1 6) , 2000 , none,  572
2020.11.24-08.39.35,,32 , 114 , (11 20 7 1 6) , 2000 , none,  585
2020.11.24-08.39.35,,33 , 114 , (11 20 7 1 6) , 1641 , ((11*(7+1))+(6+20))=114 , 406
2020.11.24-08.39.35,,34 , 114 , (11 20 7 1 6) , 632 , ((6*20)-(7-1))=114 , 156
2020.11.24-08.39.35,,35 , 114 , (11 20 7 1 6) , 1089 , ((6*20)-(7-1))=114 , 301
2020.11.24-08.39.35,,36 , 114 , (11 20 7 1 6) , 767 , ((6*20)-(7-1))=114 , 236
2020.11.24-08.39.35,,37 , 114 , (11 20 7 1 6) , 1746 , ((6*20)-(7-1))=114 , 478
2020.11.24-08.39.35,,38 , 114 , (11 20 7 1 6) , 469 , ((20*6)-(7-1))=114 , 129
2020.11.24-08.39.35,,39 , 114 , (11 20 7 1 6) , 2000 , none,  609
2020.11.24-08.39.35,,40 , 114 , (11 20 7 1 6) , 2000 , none,  624
2020.11.24-08.39.35,,41 , 114 , (11 20 7 1 6) , 439 , ((6*20)-(7-1))=114 , 127
2020.11.24-08.39.35,,42 , 114 , (11 20 7 1 6) , 2000 , none,  538
2020.11.24-08.39.35,,43 , 114 , (11 20 7 1 6) , 368 , ((20*6)-(7-1))=114 , 81
2020.11.24-08.39.35,,44 , 114 , (11 20 7 1 6) , 1019 , ((6*20)-(7-1))=114 , 257
2020.11.24-08.39.35,,45 , 114 , (11 20 7 1 6) , 155 , ((20*6)-(7-1))=114 , 50
2020.11.24-08.39.35,,46 , 114 , (11 20 7 1 6) , 1635 , ((6*20)-(7-1))=114 , 515
2020.11.24-08.39.35,,47 , 114 , (11 20 7 1 6) , 622 , ((6*20)-(7-1))=114 , 118
2020.11.24-08.39.35,,48 , 114 , (11 20 7 1 6) , 1299 , ((6*20)-(7-1))=114 , 460
2020.11.24-08.39.35,,49 , 114 , (11 20 7 1 6) , 1980 , ((6*20)-(7-1))=114 , 613
2020.11.24-08.39.35,,50 , 114 , (11 20 7 1 6) , 2000 , none,  552
2020.11.24-08.39.35,,51 , 114 , (11 20 7 1 6) , 2000 , none,  598
2020.11.24-08.39.35,,52 , 114 , (11 20 7 1 6) , 524 , ((20*6)-(7-1))=114 , 126
2020.11.24-08.39.35,,53 , 114 , (11 20 7 1 6) , 330 , ((6*20)-(7-1))=114 , 97
2020.11.24-08.39.35,,54 , 114 , (11 20 7 1 6) , 1870 , ((20*6)-(7-1))=114 , 518
2020.11.24-08.39.35,,55 , 114 , (11 20 7 1 6) , 2000 , none,  612
2020.11.24-08.39.35,,56 , 114 , (11 20 7 1 6) , 1460 , ((6*20)-(7-1))=114 , 399
2020.11.24-08.39.35,,57 , 114 , (11 20 7 1 6) , 1940 , ((20*6)-(7-1))=114 , 552
2020.11.24-08.39.35,,58 , 114 , (11 20 7 1 6) , 250 , ((6*20)-(7-1))=114 , 49
2020.11.24-08.39.35,,59 , 114 , (11 20 7 1 6) , 1409 , ((20*6)-(7-1))=114 , 407
2020.11.24-08.39.35,,60 , 114 , (11 20 7 1 6) , 736 , ((20*6)-(7-1))=114 , 179
2020.11.24-08.39.35,,61 , 114 , (11 20 7 1 6) , 2000 , none,  537
2020.11.24-08.39.35,,62 , 114 , (11 20 7 1 6) , 2000 , none,  501
2020.11.24-08.39.35,,63 , 114 , (11 20 7 1 6) , 2000 , none,  695
2020.11.24-08.39.35,,64 , 114 , (11 20 7 1 6) , 223 , ((20*6)-(7-1))=114 , 56
2020.11.24-08.39.35,,65 , 114 , (11 20 7 1 6) , 248 , ((6*20)-(7-1))=114 , 76
2020.11.24-08.39.35,,66 , 114 , (11 20 7 1 6) , 2000 , none,  578
2020.11.24-08.39.35,,67 , 114 , (11 20 7 1 6) , 220 , ((6*20)-(7-1))=114 , 60
2020.11.24-08.39.35,,68 , 114 , (11 20 7 1 6) , 1745 , ((20*6)-(7-1))=114 , 493
2020.11.24-08.39.35,,69 , 114 , (11 20 7 1 6) , 140 , ((20*6)-(7-1))=114 , 26
2020.11.24-08.39.35,,70 , 114 , (11 20 7 1 6) , 109 , ((6*20)-(7-1))=114 , 10
2020.11.24-08.39.35,,71 , 114 , (11 20 7 1 6) , 490 , ((6*20)-(7-1))=114 , 165
2020.11.24-08.39.35,,72 , 114 , (11 20 7 1 6) , 968 , ((6*20)-(7-1))=114 , 234
2020.11.24-08.39.35,,73 , 114 , (11 20 7 1 6) , 2000 , none,  623
2020.11.24-08.39.35,,74 , 114 , (11 20 7 1 6) , 2000 , none,  575
2020.11.24-08.39.35,,75 , 114 , (11 20 7 1 6) , 701 , ((6*20)-(7-1))=114 , 219
2020.11.24-08.39.35,,76 , 114 , (11 20 7 1 6) , 2000 , none,  589
2020.11.24-08.39.35,,77 , 114 , (11 20 7 1 6) , 108 , ((20*6)-(7-1))=114 , 20
2020.11.24-08.39.35,,78 , 114 , (11 20 7 1 6) , 1390 , ((6*20)-(7-1))=114 , 499
2020.11.24-08.39.35,,79 , 114 , (11 20 7 1 6) , 804 , ((20*6)-(7-1))=114 , 272
2020.11.24-08.39.35,,80 , 114 , (11 20 7 1 6) , 2000 , none,  637
2020.11.24-08.39.35,,81 , 114 , (11 20 7 1 6) , 2000 , none,  612
2020.11.24-08.39.35,,82 , 114 , (11 20 7 1 6) , 2000 , none,  608
2020.11.24-08.39.35,,83 , 114 , (11 20 7 1 6) , 619 , ((20*6)-(7-1))=114 , 184
2020.11.24-08.39.35,,84 , 114 , (11 20 7 1 6) , 257 , ((6*20)-(7-1))=114 , 77
2020.11.24-08.39.35,,85 , 114 , (11 20 7 1 6) , 892 , ((20*6)-(7-1))=114 , 276
2020.11.24-08.39.35,,86 , 114 , (11 20 7 1 6) , 258 , ((20*6)-(7-1))=114 , 73
2020.11.24-08.39.35,,87 , 114 , (11 20 7 1 6) , 2000 , none,  658
2020.11.24-08.39.35,,88 , 114 , (11 20 7 1 6) , 1418 , ((20*6)-(7-1))=114 , 439
2020.11.24-08.39.35,,89 , 114 , (11 20 7 1 6) , 2000 , none,  641
2020.11.24-08.39.35,,90 , 114 , (11 20 7 1 6) , 1390 , ((20*6)-(7-1))=114 , 490
2020.11.24-08.39.35,,91 , 114 , (11 20 7 1 6) , 1922 , ((6*20)-(7-1))=114 , 560
2020.11.24-08.39.35,,92 , 114 , (11 20 7 1 6) , 2000 , none,  586
2020.11.24-08.39.35,,93 , 114 , (11 20 7 1 6) , 2000 , none,  593
2020.11.24-08.39.35,,94 , 114 , (11 20 7 1 6) , 211 , ((20*6)-(7-1))=114 , 50
2020.11.24-08.39.35,,95 , 114 , (11 20 7 1 6) , 699 , ((6*20)-(7-1))=114 , 218
2020.11.24-08.39.35,,96 , 114 , (11 20 7 1 6) , 210 , ((6*20)-(7-1))=114 , 52
2020.11.24-08.39.35,,97 , 114 , (11 20 7 1 6) , 860 , ((20*6)-(7-1))=114 , 226
2020.11.24-08.39.35,,98 , 114 , (11 20 7 1 6) , 1899 , ((6*20)-(7-1))=114 , 567
2020.11.24-08.39.35,,99 , 114 , (11 20 7 1 6) , 400 , ((20*6)-(7-1))=114 , 103
2020.11.24-08.39.35,,0 , 87 , (8 3 9 10 7) , 317 , ((9*10)-3)=87 , 103
2020.11.24-08.39.35,,1 , 87 , (8 3 9 10 7) , 769 , ((10*8)+7)=87 , 175
2020.11.24-08.39.35,,2 , 87 , (8 3 9 10 7) , 68 , ((9*10)-3)=87 , 10
2020.11.24-08.39.35,,3 , 87 , (8 3 9 10 7) , 48 , ((10*8)+7)=87 , 5
2020.11.24-08.39.35,,4 , 87 , (8 3 9 10 7) , 396 , ((10*9)-3)=87 , 104
2020.11.24-08.39.35,,5 , 87 , (8 3 9 10 7) , 54 , ((9*10)-3)=87 , 0
2020.11.24-08.39.35,,6 , 87 , (8 3 9 10 7) , 2000 , none,  543
2020.11.24-08.39.35,,7 , 87 , (8 3 9 10 7) , 2000 , none,  708
2020.11.24-08.39.35,,8 , 87 , (8 3 9 10 7) , 2000 , none,  670
2020.11.24-08.39.35,,9 , 87 , (8 3 9 10 7) , 368 , ((9*10)-3)=87 , 73
2020.11.24-08.39.35,,10 , 87 , (8 3 9 10 7) , 387 , ((9*10)-3)=87 , 95
2020.11.24-08.39.35,,11 , 87 , (8 3 9 10 7) , 539 , ((10*9)-3)=87 , 132
2020.11.24-08.39.35,,12 , 87 , (8 3 9 10 7) , 1349 , ((10*8)+7)=87 , 380
2020.11.24-08.39.35,,13 , 87 , (8 3 9 10 7) , 1255 , ((9*10)-3)=87 , 415
2020.11.24-08.39.35,,14 , 87 , (8 3 9 10 7) , 1391 , ((9*10)-3)=87 , 440
2020.11.24-08.39.35,,15 , 87 , (8 3 9 10 7) , 377 , ((10*9)-3)=87 , 92
2020.11.24-08.39.35,,16 , 87 , (8 3 9 10 7) , 338 , ((9*10)-3)=87 , 75
2020.11.24-08.39.35,,17 , 87 , (8 3 9 10 7) , 359 , ((10*8)+7)=87 , 76
2020.11.24-08.39.35,,18 , 87 , (8 3 9 10 7) , 287 , ((8*10)+7)=87 , 83
2020.11.24-08.39.35,,19 , 87 , (8 3 9 10 7) , 361 , ((9*10)-3)=87 , 76
2020.11.24-08.39.35,,20 , 87 , (8 3 9 10 7) , 253 , ((9*10)-3)=87 , 68
2020.11.24-08.39.35,,21 , 87 , (8 3 9 10 7) , 388 , ((7*10)+(8+9))=87 , 74
2020.11.24-08.39.35,,22 , 87 , (8 3 9 10 7) , 519 , ((10*8)+7)=87 , 125
2020.11.24-08.39.35,,23 , 87 , (8 3 9 10 7) , 2000 , none,  641
2020.11.24-08.39.35,,24 , 87 , (8 3 9 10 7) , 455 , ((10*9)-3)=87 , 93
2020.11.24-08.39.35,,25 , 87 , (8 3 9 10 7) , 1142 , ((10*9)-3)=87 , 306
2020.11.24-08.39.35,,26 , 87 , (8 3 9 10 7) , 1293 , ((10*9)-3)=87 , 436
2020.11.24-08.39.35,,27 , 87 , (8 3 9 10 7) , 1105 , ((10*8)+7)=87 , 349
2020.11.24-08.39.35,,28 , 87 , (8 3 9 10 7) , 789 , ((10*8)+7)=87 , 186
2020.11.24-08.39.35,,29 , 87 , (8 3 9 10 7) , 569 , ((10*8)+7)=87 , 149
2020.11.24-08.39.35,,30 , 87 , (8 3 9 10 7) , 738 , ((10*8)+7)=87 , 220
2020.11.24-08.39.35,,31 , 87 , (8 3 9 10 7) , 580 , ((10*8)+7)=87 , 174
2020.11.24-08.39.35,,32 , 87 , (8 3 9 10 7) , 2000 , none,  576
2020.11.24-08.39.35,,33 , 87 , (8 3 9 10 7) , 555 , ((9*10)-3)=87 , 157
2020.11.24-08.39.35,,34 , 87 , (8 3 9 10 7) , 1377 , ((8*10)+7)=87 , 392
2020.11.24-08.39.35,,35 , 87 , (8 3 9 10 7) , 287 , ((9*10)-3)=87 , 86
2020.11.24-08.39.35,,36 , 87 , (8 3 9 10 7) , 590 , ((7*10)+(8+9))=87 , 138
2020.11.24-08.39.35,,37 , 87 , (8 3 9 10 7) , 40 , ((10*8)+7)=87 , 2
2020.11.24-08.39.35,,38 , 87 , (8 3 9 10 7) , 1392 , ((10*8)+7)=87 , 364
2020.11.24-08.39.35,,39 , 87 , (8 3 9 10 7) , 594 , ((10*8)+7)=87 , 150
2020.11.24-08.39.35,,40 , 87 , (8 3 9 10 7) , 74 , ((8*10)+7)=87 , 9
2020.11.24-08.39.35,,41 , 87 , (8 3 9 10 7) , 1017 , ((10*9)-3)=87 , 316
2020.11.24-08.39.35,,42 , 87 , (8 3 9 10 7) , 380 , ((10*8)+7)=87 , 81
2020.11.24-08.39.35,,43 , 87 , (8 3 9 10 7) , 289 , ((8*10)+7)=87 , 41
2020.11.24-08.39.35,,44 , 87 , (8 3 9 10 7) , 990 , ((10*8)+7)=87 , 212
2020.11.24-08.39.35,,45 , 87 , (8 3 9 10 7) , 99 , ((10*8)+7)=87 , 20
2020.11.24-08.39.35,,46 , 87 , (8 3 9 10 7) , 1582 , ((10*9)-3)=87 , 415
2020.11.24-08.39.35,,47 , 87 , (8 3 9 10 7) , 74 , ((9*10)-3)=87 , 9
2020.11.24-08.39.35,,48 , 87 , (8 3 9 10 7) , 289 , ((9*7)+(3*8))=87 , 72
2020.11.24-08.39.35,,49 , 87 , (8 3 9 10 7) , 57 , ((10*9)-3)=87 , 0
2020.11.24-08.39.35,,50 , 87 , (8 3 9 10 7) , 1367 , ((10*8)+7)=87 , 308
2020.11.24-08.39.35,,51 , 87 , (8 3 9 10 7) , 222 , ((9*10)-3)=87 , 52
2020.11.24-08.39.35,,52 , 87 , (8 3 9 10 7) , 55 , ((10*9)-3)=87 , 1
2020.11.24-08.39.35,,53 , 87 , (8 3 9 10 7) , 1939 , ((9*10)-3)=87 , 580
2020.11.24-08.39.35,,54 , 87 , (8 3 9 10 7) , 358 , ((10*8)+7)=87 , 44
2020.11.24-08.39.35,,55 , 87 , (8 3 9 10 7) , 234 , ((9*10)-3)=87 , 76
2020.11.24-08.39.35,,56 , 87 , (8 3 9 10 7) , 239 , ((7*10)+(8+9))=87 , 29
2020.11.24-08.39.35,,57 , 87 , (8 3 9 10 7) , 38 , ((10*9)-3)=87 , 2
2020.11.24-08.39.35,,58 , 87 , (8 3 9 10 7) , 717 , ((9*10)-3)=87 , 153
2020.11.24-08.39.35,,59 , 87 , (8 3 9 10 7) , 558 , ((10*9)-3)=87 , 141
2020.11.24-08.39.35,,60 , 87 , (8 3 9 10 7) , 913 , ((10*8)+7)=87 , 225
2020.11.24-08.39.35,,61 , 87 , (8 3 9 10 7) , 42 , ((10*9)-3)=87 , 0
2020.11.24-08.39.35,,62 , 87 , (8 3 9 10 7) , 509 , ((10*9)-3)=87 , 112
2020.11.24-08.39.35,,63 , 87 , (8 3 9 10 7) , 552 , ((10*9)-3)=87 , 153
2020.11.24-08.39.35,,64 , 87 , (8 3 9 10 7) , 1026 , ((10*8)+7)=87 , 237
2020.11.24-08.39.35,,65 , 87 , (8 3 9 10 7) , 706 , ((10*8)+7)=87 , 234
2020.11.24-08.39.35,,66 , 87 , (8 3 9 10 7) , 690 , ((9*10)-3)=87 , 147
2020.11.24-08.39.35,,67 , 87 , (8 3 9 10 7) , 735 , ((9*10)-3)=87 , 199
2020.11.24-08.39.35,,68 , 87 , (8 3 9 10 7) , 293 , ((10*8)+7)=87 , 65
2020.11.24-08.39.35,,69 , 87 , (8 3 9 10 7) , 992 , ((9*10)-3)=87 , 238
2020.11.24-08.39.35,,70 , 87 , (8 3 9 10 7) , 390 , ((9*10)-3)=87 , 124
2020.11.24-08.39.35,,71 , 87 , (8 3 9 10 7) , 457 , ((10*9)-3)=87 , 129
2020.11.24-08.39.35,,72 , 87 , (8 3 9 10 7) , 69 , ((10*9)-3)=87 , 12
2020.11.24-08.39.35,,73 , 87 , (8 3 9 10 7) , 537 , ((10*9)-3)=87 , 170
2020.11.24-08.39.35,,74 , 87 , (8 3 9 10 7) , 1252 , ((10*9)-3)=87 , 327
2020.11.24-08.39.35,,75 , 87 , (8 3 9 10 7) , 625 , ((10*9)-3)=87 , 213
2020.11.24-08.39.35,,76 , 87 , (8 3 9 10 7) , 1079 , ((10*8)+7)=87 , 274
2020.11.24-08.39.35,,77 , 87 , (8 3 9 10 7) , 1190 , ((10*8)+7)=87 , 311
2020.11.24-08.39.35,,78 , 87 , (8 3 9 10 7) , 867 , ((10*9)-3)=87 , 251
2020.11.24-08.39.35,,79 , 87 , (8 3 9 10 7) , 527 , ((9*10)-3)=87 , 164
2020.11.24-08.39.35,,80 , 87 , (8 3 9 10 7) , 779 , ((10*8)+7)=87 , 189
2020.11.24-08.39.35,,81 , 87 , (8 3 9 10 7) , 339 , ((8*10)+7)=87 , 55
2020.11.24-08.39.35,,82 , 87 , (8 3 9 10 7) , 51 , ((10*8)+7)=87 , 7
2020.11.24-08.39.35,,83 , 87 , (8 3 9 10 7) , 1458 , ((10*8)+7)=87 , 514
2020.11.24-08.39.35,,84 , 87 , (8 3 9 10 7) , 1226 , ((10*9)-3)=87 , 343
2020.11.24-08.39.35,,85 , 87 , (8 3 9 10 7) , 1304 , ((9*10)-3)=87 , 361
2020.11.24-08.39.35,,86 , 87 , (8 3 9 10 7) , 536 , ((10*7)+(8+9))=87 , 138
2020.11.24-08.39.35,,87 , 87 , (8 3 9 10 7) , 48 , ((10*9)-3)=87 , 0
2020.11.24-08.39.35,,88 , 87 , (8 3 9 10 7) , 499 , ((9*7)+(3*8))=87 , 101
2020.11.24-08.39.35,,89 , 87 , (8 3 9 10 7) , 57 , ((10*9)-3)=87 , 0
2020.11.24-08.39.35,,90 , 87 , (8 3 9 10 7) , 53 , ((8*10)+7)=87 , 0
2020.11.24-08.39.35,,91 , 87 , (8 3 9 10 7) , 1788 , ((10*9)-3)=87 , 507
2020.11.24-08.39.35,,92 , 87 , (8 3 9 10 7) , 1560 , ((10*8)+7)=87 , 485
2020.11.24-08.39.35,,93 , 87 , (8 3 9 10 7) , 928 , ((10*9)-3)=87 , 236
2020.11.24-08.39.35,,94 , 87 , (8 3 9 10 7) , 76 , ((10*9)-3)=87 , 8
2020.11.24-08.39.35,,95 , 87 , (8 3 9 10 7) , 62 , ((10*9)-3)=87 , 0
2020.11.24-08.39.35,,96 , 87 , (8 3 9 10 7) , 90 , ((9*10)-3)=87 , 17
2020.11.24-08.39.35,,97 , 87 , (8 3 9 10 7) , 239 , ((10*8)+7)=87 , 56
2020.11.24-08.39.35,,98 , 87 , (8 3 9 10 7) , 619 , ((10*8)+7)=87 , 200
2020.11.24-08.39.35,,99 , 87 , (8 3 9 10 7) , 295 , ((10*9)-3)=87 , 49
2020.11.24-08.39.35,,0 , 31 , (3 5 24 3 14) , 558 , ((5*(3*3))-14)=31 , 149
2020.11.24-08.39.35,,1 , 31 , (3 5 24 3 14) , 424 , ((3*(3*5))-14)=31 , 108
2020.11.24-08.39.35,,2 , 31 , (3 5 24 3 14) , 2000 , none,  569
2020.11.24-08.39.35,,3 , 31 , (3 5 24 3 14) , 2000 , none,  623
2020.11.24-08.39.35,,4 , 31 , (3 5 24 3 14) , 2000 , none,  625
2020.11.24-08.39.35,,5 , 31 , (3 5 24 3 14) , 1679 , ((3*(3*5))-14)=31 , 518
2020.11.24-08.39.35,,6 , 31 , (3 5 24 3 14) , 2000 , none,  658
2020.11.24-08.39.35,,7 , 31 , (3 5 24 3 14) , 826 , ((3*(3*5))-14)=31 , 247
2020.11.24-08.39.35,,8 , 31 , (3 5 24 3 14) , 2000 , none,  656
2020.11.24-08.39.35,,9 , 31 , (3 5 24 3 14) , 2000 , none,  612
2020.11.24-08.39.35,,10 , 31 , (3 5 24 3 14) , 2000 , none,  463
2020.11.24-08.39.35,,11 , 31 , (3 5 24 3 14) , 2000 , none,  629
2020.11.24-08.39.35,,12 , 31 , (3 5 24 3 14) , 2000 , none,  650
2020.11.24-08.39.35,,13 , 31 , (3 5 24 3 14) , 2000 , none,  655
2020.11.24-08.39.35,,14 , 31 , (3 5 24 3 14) , 2000 , none,  509
2020.11.24-08.39.35,,15 , 31 , (3 5 24 3 14) , 2000 , none,  461
2020.11.24-08.39.35,,16 , 31 , (3 5 24 3 14) , 2000 , none,  585
2020.11.24-08.39.35,,17 , 31 , (3 5 24 3 14) , 2000 , none,  583
2020.11.24-08.39.35,,18 , 31 , (3 5 24 3 14) , 2000 , none,  579
2020.11.24-08.39.35,,19 , 31 , (3 5 24 3 14) , 2000 , none,  571
2020.11.24-08.39.35,,20 , 31 , (3 5 24 3 14) , 2000 , none,  633
2020.11.24-08.39.35,,21 , 31 , (3 5 24 3 14) , 2000 , none,  617
2020.11.24-08.39.35,,22 , 31 , (3 5 24 3 14) , 2000 , none,  597
2020.11.24-08.39.35,,23 , 31 , (3 5 24 3 14) , 2000 , none,  517
2020.11.24-08.39.35,,24 , 31 , (3 5 24 3 14) , 2000 , none,  616
2020.11.24-08.39.35,,25 , 31 , (3 5 24 3 14) , 2000 , none,  596
2020.11.24-08.39.35,,26 , 31 , (3 5 24 3 14) , 2000 , none,  625
2020.11.24-08.39.35,,27 , 31 , (3 5 24 3 14) , 2000 , none,  646
2020.11.24-08.39.35,,28 , 31 , (3 5 24 3 14) , 2000 , none,  537
2020.11.24-08.39.35,,29 , 31 , (3 5 24 3 14) , 2000 , none,  607
2020.11.24-08.39.35,,30 , 31 , (3 5 24 3 14) , 2000 , none,  656
2020.11.24-08.39.35,,31 , 31 , (3 5 24 3 14) , 2000 , none,  618
2020.11.24-08.39.35,,32 , 31 , (3 5 24 3 14) , 2000 , none,  648
2020.11.24-08.39.35,,33 , 31 , (3 5 24 3 14) , 2000 , none,  452
2020.11.24-08.39.35,,34 , 31 , (3 5 24 3 14) , 2000 , none,  579
2020.11.24-08.39.35,,35 , 31 , (3 5 24 3 14) , 2000 , none,  484
2020.11.24-08.39.35,,36 , 31 , (3 5 24 3 14) , 2000 , none,  542
2020.11.24-08.39.35,,37 , 31 , (3 5 24 3 14) , 2000 , none,  588
2020.11.24-08.39.35,,38 , 31 , (3 5 24 3 14) , 2000 , none,  573
2020.11.24-08.39.35,,39 , 31 , (3 5 24 3 14) , 2000 , none,  656
2020.11.24-08.39.35,,40 , 31 , (3 5 24 3 14) , 886 , (((3*3)*5)-14)=31 , 249
2020.11.24-08.39.35,,41 , 31 , (3 5 24 3 14) , 2000 , none,  560
2020.11.24-08.39.35,,42 , 31 , (3 5 24 3 14) , 2000 , none,  575
2020.11.24-08.39.35,,43 , 31 , (3 5 24 3 14) , 2000 , none,  681
2020.11.24-08.39.35,,44 , 31 , (3 5 24 3 14) , 2000 , none,  633
2020.11.24-08.39.35,,45 , 31 , (3 5 24 3 14) , 2000 , none,  606
2020.11.24-08.39.35,,46 , 31 , (3 5 24 3 14) , 2000 , none,  720
2020.11.24-08.39.35,,47 , 31 , (3 5 24 3 14) , 2000 , none,  577
2020.11.24-08.39.35,,48 , 31 , (3 5 24 3 14) , 2000 , none,  545
2020.11.24-08.39.35,,49 , 31 , (3 5 24 3 14) , 2000 , none,  602
2020.11.24-08.39.35,,50 , 31 , (3 5 24 3 14) , 1707 , ((5*(3*3))-14)=31 , 513
2020.11.24-08.39.35,,51 , 31 , (3 5 24 3 14) , 2000 , none,  647
2020.11.24-08.39.35,,52 , 31 , (3 5 24 3 14) , 2000 , none,  467
2020.11.24-08.39.35,,53 , 31 , (3 5 24 3 14) , 2000 , none,  522
2020.11.24-08.39.35,,54 , 31 , (3 5 24 3 14) , 2000 , none,  591
2020.11.24-08.39.35,,55 , 31 , (3 5 24 3 14) , 2000 , none,  462
2020.11.24-08.39.35,,56 , 31 , (3 5 24 3 14) , 480 , (((3*5)*3)-14)=31 , 106
2020.11.24-08.39.35,,57 , 31 , (3 5 24 3 14) , 2000 , none,  602
2020.11.24-08.39.35,,58 , 31 , (3 5 24 3 14) , 890 , (((5*3)*3)-14)=31 , 250
2020.11.24-08.39.35,,59 , 31 , (3 5 24 3 14) , 2000 , none,  587
2020.11.24-08.39.35,,60 , 31 , (3 5 24 3 14) , 2000 , none,  438
2020.11.24-08.39.35,,61 , 31 , (3 5 24 3 14) , 2000 , none,  612
2020.11.24-08.39.35,,62 , 31 , (3 5 24 3 14) , 2000 , none,  655
2020.11.24-08.39.35,,63 , 31 , (3 5 24 3 14) , 2000 , none,  566
2020.11.24-08.39.35,,64 , 31 , (3 5 24 3 14) , 2000 , none,  662
2020.11.24-08.39.35,,65 , 31 , (3 5 24 3 14) , 2000 , none,  673
2020.11.24-08.39.35,,66 , 31 , (3 5 24 3 14) , 2000 , none,  400
2020.11.24-08.39.35,,67 , 31 , (3 5 24 3 14) , 2000 , none,  683
2020.11.24-08.39.35,,68 , 31 , (3 5 24 3 14) , 2000 , none,  418
2020.11.24-08.39.35,,69 , 31 , (3 5 24 3 14) , 2000 , none,  678
2020.11.24-08.39.35,,70 , 31 , (3 5 24 3 14) , 2000 , none,  450
2020.11.24-08.39.35,,71 , 31 , (3 5 24 3 14) , 2000 , none,  597
2020.11.24-08.39.35,,72 , 31 , (3 5 24 3 14) , 2000 , none,  603
2020.11.24-08.39.35,,73 , 31 , (3 5 24 3 14) , 2000 , none,  532
2020.11.24-08.39.35,,74 , 31 , (3 5 24 3 14) , 2000 , none,  519
2020.11.24-08.39.35,,75 , 31 , (3 5 24 3 14) , 2000 , none,  644
2020.11.24-08.39.35,,76 , 31 , (3 5 24 3 14) , 2000 , none,  602
2020.11.24-08.39.35,,77 , 31 , (3 5 24 3 14) , 2000 , none,  616
2020.11.24-08.39.35,,78 , 31 , (3 5 24 3 14) , 2000 , none,  586
2020.11.24-08.39.35,,79 , 31 , (3 5 24 3 14) , 99 , ((5*(3*3))-14)=31 , 15
2020.11.24-08.39.35,,80 , 31 , (3 5 24 3 14) , 2000 , none,  469
2020.11.24-08.39.35,,81 , 31 , (3 5 24 3 14) , 2000 , none,  555
2020.11.24-08.39.35,,82 , 31 , (3 5 24 3 14) , 2000 , none,  595
2020.11.24-08.39.35,,83 , 31 , (3 5 24 3 14) , 101 , ((3*(3*5))-14)=31 , 23
2020.11.24-08.39.35,,84 , 31 , (3 5 24 3 14) , 2000 , none,  522
2020.11.24-08.39.35,,85 , 31 , (3 5 24 3 14) , 2000 , none,  703
2020.11.24-08.39.35,,86 , 31 , (3 5 24 3 14) , 2000 , none,  587
2020.11.24-08.39.35,,87 , 31 , (3 5 24 3 14) , 2000 , none,  563
2020.11.24-08.39.35,,88 , 31 , (3 5 24 3 14) , 2000 , none,  535
2020.11.24-08.39.35,,89 , 31 , (3 5 24 3 14) , 2000 , none,  682
2020.11.24-08.39.35,,90 , 31 , (3 5 24 3 14) , 2000 , none,  565
2020.11.24-08.39.35,,91 , 31 , (3 5 24 3 14) , 2000 , none,  624
2020.11.24-08.39.35,,92 , 31 , (3 5 24 3 14) , 2000 , none,  606
2020.11.24-08.39.35,,93 , 31 , (3 5 24 3 14) , 2000 , none,  591
2020.11.24-08.39.35,,94 , 31 , (3 5 24 3 14) , 2000 , none,  636
2020.11.24-08.39.35,,95 , 31 , (3 5 24 3 14) , 2000 , none,  571
2020.11.24-08.39.35,,96 , 31 , (3 5 24 3 14) , 2000 , none,  616
2020.11.24-08.39.35,,97 , 31 , (3 5 24 3 14) , 1922 , (((3*5)*3)-14)=31 , 594
2020.11.24-08.39.35,,98 , 31 , (3 5 24 3 14) , 2000 , none,  561
2020.11.24-08.39.35,,99 , 31 , (3 5 24 3 14) , 835 , ((3*(5*3))-14)=31 , 215
2020.11.24-08.39.35,,0 , 25 , (8 5 5 11 2) , 106 , (5*5)=25 , 12
2020.11.24-08.39.35,,1 , 25 , (8 5 5 11 2) , 67 , (5*5)=25 , 4
2020.11.24-08.39.35,,2 , 25 , (8 5 5 11 2) , 85 , (5*5)=25 , 12
2020.11.24-08.39.35,,3 , 25 , (8 5 5 11 2) , 94 , (5*5)=25 , 24
2020.11.24-08.39.35,,4 , 25 , (8 5 5 11 2) , 50 , (5*5)=25 , 6
2020.11.24-08.39.35,,5 , 25 , (8 5 5 11 2) , 118 , (5*5)=25 , 24
2020.11.24-08.39.35,,6 , 25 , (8 5 5 11 2) , 525 , (5*5)=25 , 123
2020.11.24-08.39.35,,7 , 25 , (8 5 5 11 2) , 217 , (5*5)=25 , 57
2020.11.24-08.39.35,,8 , 25 , (8 5 5 11 2) , 34 , (5*5)=25 , 0
2020.11.24-08.39.35,,9 , 25 , (8 5 5 11 2) , 35 , (5*5)=25 , 3
2020.11.24-08.39.35,,10 , 25 , (8 5 5 11 2) , 35 , (5*5)=25 , 3
2020.11.24-08.39.35,,11 , 25 , (8 5 5 11 2) , 55 , (5*5)=25 , 21
2020.11.24-08.39.35,,12 , 25 , (8 5 5 11 2) , 94 , (5*5)=25 , 20
2020.11.24-08.39.35,,13 , 25 , (8 5 5 11 2) , 2000 , none,  600
2020.11.24-08.39.35,,14 , 25 , (8 5 5 11 2) , 259 , (5*5)=25 , 30
2020.11.24-08.39.35,,15 , 25 , (8 5 5 11 2) , 75 , (5*5)=25 , 3
2020.11.24-08.39.35,,16 , 25 , (8 5 5 11 2) , 46 , (5*5)=25 , 2
2020.11.24-08.39.35,,17 , 25 , (8 5 5 11 2) , 90 , (5*5)=25 , 0
2020.11.24-08.39.35,,18 , 25 , (8 5 5 11 2) , 385 , (5*5)=25 , 88
2020.11.24-08.39.35,,19 , 25 , (8 5 5 11 2) , 1111 , (5*5)=25 , 263
2020.11.24-08.39.35,,20 , 25 , (8 5 5 11 2) , 33 , (5*5)=25 , 0
2020.11.24-08.39.35,,21 , 25 , (8 5 5 11 2) , 45 , (5*5)=25 , 2
2020.11.24-08.39.35,,22 , 25 , (8 5 5 11 2) , 155 , (5*5)=25 , 41
2020.11.24-08.39.35,,23 , 25 , (8 5 5 11 2) , 55 , (5*5)=25 , 8
2020.11.24-08.39.35,,24 , 25 , (8 5 5 11 2) , 25 , (5*5)=25 , 0
2020.11.24-08.39.35,,25 , 25 , (8 5 5 11 2) , 2000 , none,  602
2020.11.24-08.39.35,,26 , 25 , (8 5 5 11 2) , 886 , (5*5)=25 , 192
2020.11.24-08.39.35,,27 , 25 , (8 5 5 11 2) , 1446 , (5*5)=25 , 369
2020.11.24-08.39.35,,28 , 25 , (8 5 5 11 2) , 154 , (5*5)=25 , 36
2020.11.24-08.39.35,,29 , 25 , (8 5 5 11 2) , 2000 , none,  630
2020.11.24-08.39.35,,30 , 25 , (8 5 5 11 2) , 106 , (5*5)=25 , 0
2020.11.24-08.39.35,,31 , 25 , (8 5 5 11 2) , 247 , (5*5)=25 , 48
2020.11.24-08.39.35,,32 , 25 , (8 5 5 11 2) , 24 , (5*5)=25 , 0
2020.11.24-08.39.35,,33 , 25 , (8 5 5 11 2) , 334 , (5*5)=25 , 74
2020.11.24-08.39.35,,34 , 25 , (8 5 5 11 2) , 1198 , (5*5)=25 , 271
2020.11.24-08.39.35,,35 , 25 , (8 5 5 11 2) , 55 , (5*5)=25 , 0
2020.11.24-08.39.35,,36 , 25 , (8 5 5 11 2) , 43 , (5*5)=25 , 2
2020.11.24-08.39.35,,37 , 25 , (8 5 5 11 2) , 45 , (5*5)=25 , 11
2020.11.24-08.39.35,,38 , 25 , (8 5 5 11 2) , 24 , (5*5)=25 , 0
2020.11.24-08.39.35,,39 , 25 , (8 5 5 11 2) , 54 , (5*5)=25 , 2
2020.11.24-08.39.35,,40 , 25 , (8 5 5 11 2) , 63 , (5*5)=25 , 15
2020.11.24-08.39.35,,41 , 25 , (8 5 5 11 2) , 86 , (5*5)=25 , 31
2020.11.24-08.39.35,,42 , 25 , (8 5 5 11 2) , 458 , (5*5)=25 , 129
2020.11.24-08.39.35,,43 , 25 , (8 5 5 11 2) , 115 , (5*5)=25 , 23
2020.11.24-08.39.35,,44 , 25 , (8 5 5 11 2) , 27 , (5*5)=25 , 0
2020.11.24-08.39.35,,45 , 25 , (8 5 5 11 2) , 27 , (5*5)=25 , 0
2020.11.24-08.39.35,,46 , 25 , (8 5 5 11 2) , 115 , (5*5)=25 , 14
2020.11.24-08.39.35,,47 , 25 , (8 5 5 11 2) , 75 , (5*5)=25 , 14
2020.11.24-08.39.35,,48 , 25 , (8 5 5 11 2) , 1097 , (5*5)=25 , 260
2020.11.24-08.39.35,,49 , 25 , (8 5 5 11 2) , 57 , (5*5)=25 , 8
2020.11.24-08.39.35,,50 , 25 , (8 5 5 11 2) , 545 , (5*5)=25 , 164
2020.11.24-08.39.35,,51 , 25 , (8 5 5 11 2) , 2000 , none,  518
2020.11.24-08.39.35,,52 , 25 , (8 5 5 11 2) , 411 , (5*5)=25 , 85
2020.11.24-08.39.35,,53 , 25 , (8 5 5 11 2) , 55 , (5*5)=25 , 8
2020.11.24-08.39.35,,54 , 25 , (8 5 5 11 2) , 124 , (5*5)=25 , 40
2020.11.24-08.39.35,,55 , 25 , (8 5 5 11 2) , 2000 , none,  594
2020.11.24-08.39.35,,56 , 25 , (8 5 5 11 2) , 235 , (5*5)=25 , 57
2020.11.24-08.39.35,,57 , 25 , (8 5 5 11 2) , 38 , (5*5)=25 , 0
2020.11.24-08.39.35,,58 , 25 , (8 5 5 11 2) , 155 , (5*5)=25 , 19
2020.11.24-08.39.35,,59 , 25 , (8 5 5 11 2) , 69 , (5*5)=25 , 5
2020.11.24-08.39.35,,60 , 25 , (8 5 5 11 2) , 79 , (5*5)=25 , 0
2020.11.24-08.39.35,,61 , 25 , (8 5 5 11 2) , 95 , (5*5)=25 , 13
2020.11.24-08.39.35,,62 , 25 , (8 5 5 11 2) , 110 , (5*5)=25 , 5
2020.11.24-08.39.35,,63 , 25 , (8 5 5 11 2) , 577 , (5*5)=25 , 154
2020.11.24-08.39.35,,64 , 25 , (8 5 5 11 2) , 33 , (5*5)=25 , 2
2020.11.24-08.39.35,,65 , 25 , (8 5 5 11 2) , 236 , (5*5)=25 , 40
2020.11.24-08.39.35,,66 , 25 , (8 5 5 11 2) , 320 , (5*5)=25 , 83
2020.11.24-08.39.35,,67 , 25 , (8 5 5 11 2) , 185 , (5*5)=25 , 33
2020.11.24-08.39.35,,68 , 25 , (8 5 5 11 2) , 555 , (5*5)=25 , 140
2020.11.24-08.39.35,,69 , 25 , (8 5 5 11 2) , 18 , (5*5)=25 , 0
2020.11.24-08.39.35,,70 , 25 , (8 5 5 11 2) , 105 , (5*5)=25 , 36
2020.11.24-08.39.35,,71 , 25 , (8 5 5 11 2) , 864 , ((5*(8-2))-5)=25 , 184
2020.11.24-08.39.35,,72 , 25 , (8 5 5 11 2) , 275 , (5*5)=25 , 72
2020.11.24-08.39.35,,73 , 25 , (8 5 5 11 2) , 79 , (5*5)=25 , 7
2020.11.24-08.39.35,,74 , 25 , (8 5 5 11 2) , 245 , (5*5)=25 , 25
2020.11.24-08.39.35,,75 , 25 , (8 5 5 11 2) , 1307 , (5*5)=25 , 309
2020.11.24-08.39.35,,76 , 25 , (8 5 5 11 2) , 34 , (5*5)=25 , 0
2020.11.24-08.39.35,,77 , 25 , (8 5 5 11 2) , 2000 , none,  586
2020.11.24-08.39.35,,78 , 25 , (8 5 5 11 2) , 74 , (5*5)=25 , 10
2020.11.24-08.39.35,,79 , 25 , (8 5 5 11 2) , 54 , (5*5)=25 , 10
2020.11.24-08.39.35,,80 , 25 , (8 5 5 11 2) , 24 , (5*5)=25 , 0
2020.11.24-08.39.35,,81 , 25 , (8 5 5 11 2) , 154 , (5*5)=25 , 38
2020.11.24-08.39.35,,82 , 25 , (8 5 5 11 2) , 45 , (5*5)=25 , 6
2020.11.24-08.39.35,,83 , 25 , (8 5 5 11 2) , 2000 , none,  480
2020.11.24-08.39.35,,84 , 25 , (8 5 5 11 2) , 288 , (5*5)=25 , 72
2020.11.24-08.39.35,,85 , 25 , (8 5 5 11 2) , 25 , (5*5)=25 , 0
2020.11.24-08.39.35,,86 , 25 , (8 5 5 11 2) , 235 , (5*5)=25 , 54
2020.11.24-08.39.35,,87 , 25 , (8 5 5 11 2) , 517 , (5*5)=25 , 126
2020.11.24-08.39.35,,88 , 25 , (8 5 5 11 2) , 65 , (5*5)=25 , 0
2020.11.24-08.39.35,,89 , 25 , (8 5 5 11 2) , 65 , (5*5)=25 , 11
2020.11.24-08.39.35,,90 , 25 , (8 5 5 11 2) , 237 , (5*5)=25 , 66
2020.11.24-08.39.35,,91 , 25 , (8 5 5 11 2) , 67 , (5*5)=25 , 5
2020.11.24-08.39.35,,92 , 25 , (8 5 5 11 2) , 1739 , (5*5)=25 , 549
2020.11.24-08.39.35,,93 , 25 , (8 5 5 11 2) , 160 , (5*5)=25 , 32
2020.11.24-08.39.35,,94 , 25 , (8 5 5 11 2) , 2000 , none,  741
2020.11.24-08.39.35,,95 , 25 , (8 5 5 11 2) , 28 , (5*5)=25 , 0
2020.11.24-08.39.35,,96 , 25 , (8 5 5 11 2) , 2000 , none,  540
2020.11.24-08.39.35,,97 , 25 , (8 5 5 11 2) , 125 , (5*5)=25 , 40
2020.11.24-08.39.35,,98 , 25 , (8 5 5 11 2) , 220 , (5*5)=25 , 41
2020.11.24-08.39.35,,99 , 25 , (8 5 5 11 2) , 126 , (5*5)=25 , 34
2020.11.24-08.39.35,,0 , 81 , (9 7 2 25 18) , 1547 , ((7*9)+18)=81 , 593
2020.11.24-08.39.35,,1 , 81 , (9 7 2 25 18) , 2000 , none,  737
2020.11.24-08.39.35,,2 , 81 , (9 7 2 25 18) , 968 , ((7*9)+18)=81 , 303
2020.11.24-08.39.35,,3 , 81 , (9 7 2 25 18) , 443 , ((7*9)+18)=81 , 117
2020.11.24-08.39.35,,4 , 81 , (9 7 2 25 18) , 83 , ((9*7)+18)=81 , 22
2020.11.24-08.39.35,,5 , 81 , (9 7 2 25 18) , 290 , ((7*9)+18)=81 , 99
2020.11.24-08.39.35,,6 , 81 , (9 7 2 25 18) , 263 , ((9*7)+18)=81 , 91
2020.11.24-08.39.35,,7 , 81 , (9 7 2 25 18) , 165 , ((9*7)+18)=81 , 45
2020.11.24-08.39.35,,8 , 81 , (9 7 2 25 18) , 86 , ((7*9)+18)=81 , 7
2020.11.24-08.39.35,,9 , 81 , (9 7 2 25 18) , 569 , ((9*7)+18)=81 , 160
2020.11.24-08.39.35,,10 , 81 , (9 7 2 25 18) , 59 , ((7*9)+18)=81 , 7
2020.11.24-08.39.35,,11 , 81 , (9 7 2 25 18) , 142 , ((9*7)+18)=81 , 42
2020.11.24-08.39.35,,12 , 81 , (9 7 2 25 18) , 703 , ((9*7)+18)=81 , 215
2020.11.24-08.39.35,,13 , 81 , (9 7 2 25 18) , 236 , ((7*9)+18)=81 , 75
2020.11.24-08.39.35,,14 , 81 , (9 7 2 25 18) , 107 , ((9*7)+18)=81 , 29
2020.11.24-08.39.35,,15 , 81 , (9 7 2 25 18) , 137 , ((9*7)+18)=81 , 39
2020.11.24-08.39.35,,16 , 81 , (9 7 2 25 18) , 91 , ((9*7)+18)=81 , 18
2020.11.24-08.39.35,,17 , 81 , (9 7 2 25 18) , 96 , ((7*9)+18)=81 , 22
2020.11.24-08.39.35,,18 , 81 , (9 7 2 25 18) , 467 , ((7*9)+18)=81 , 162
2020.11.24-08.39.35,,19 , 81 , (9 7 2 25 18) , 196 , ((7*9)+18)=81 , 71
2020.11.24-08.39.35,,20 , 81 , (9 7 2 25 18) , 488 , ((9*7)+18)=81 , 183
2020.11.24-08.39.35,,21 , 81 , (9 7 2 25 18) , 1585 , ((9*7)+18)=81 , 543
2020.11.24-08.39.35,,22 , 81 , (9 7 2 25 18) , 320 , ((9*7)+18)=81 , 102
2020.11.24-08.39.35,,23 , 81 , (9 7 2 25 18) , 50 , ((7*9)+18)=81 , 0
2020.11.24-08.39.35,,24 , 81 , (9 7 2 25 18) , 181 , ((9*7)+18)=81 , 43
2020.11.24-08.39.35,,25 , 81 , (9 7 2 25 18) , 288 , ((9*7)+18)=81 , 88
2020.11.24-08.39.35,,26 , 81 , (9 7 2 25 18) , 79 , ((9*7)+18)=81 , 13
2020.11.24-08.39.35,,27 , 81 , (9 7 2 25 18) , 797 , ((9*7)+18)=81 , 301
2020.11.24-08.39.35,,28 , 81 , (9 7 2 25 18) , 66 , ((9*7)+18)=81 , 7
2020.11.24-08.39.35,,29 , 81 , (9 7 2 25 18) , 284 , ((9*7)+18)=81 , 85
2020.11.24-08.39.35,,30 , 81 , (9 7 2 25 18) , 2000 , none,  669
2020.11.24-08.39.35,,31 , 81 , (9 7 2 25 18) , 73 , ((9*7)+18)=81 , 9
2020.11.24-08.39.35,,32 , 81 , (9 7 2 25 18) , 2000 , none,  650
2020.11.24-08.39.35,,33 , 81 , (9 7 2 25 18) , 69 , ((9*7)+18)=81 , 8
2020.11.24-08.39.35,,34 , 81 , (9 7 2 25 18) , 207 , ((9*7)+18)=81 , 71
2020.11.24-08.39.35,,35 , 81 , (9 7 2 25 18) , 458 , ((9*7)+18)=81 , 149
2020.11.24-08.39.35,,36 , 81 , (9 7 2 25 18) , 452 , ((9*7)+18)=81 , 147
2020.11.24-08.39.35,,37 , 81 , (9 7 2 25 18) , 329 , ((9*7)+18)=81 , 103
2020.11.24-08.39.35,,38 , 81 , (9 7 2 25 18) , 266 , ((9*7)+18)=81 , 99
2020.11.24-08.39.35,,39 , 81 , (9 7 2 25 18) , 372 , ((7*9)+18)=81 , 141
2020.11.24-08.39.35,,40 , 81 , (9 7 2 25 18) , 113 , ((9*7)+18)=81 , 13
2020.11.24-08.39.35,,41 , 81 , (9 7 2 25 18) , 319 , ((18*(7-2))-9)=81 , 88
2020.11.24-08.39.35,,42 , 81 , (9 7 2 25 18) , 592 , ((9*7)+18)=81 , 233
2020.11.24-08.39.35,,43 , 81 , (9 7 2 25 18) , 761 , ((7*9)+18)=81 , 289
2020.11.24-08.39.35,,44 , 81 , (9 7 2 25 18) , 154 , ((9*7)+18)=81 , 5
2020.11.24-08.39.35,,45 , 81 , (9 7 2 25 18) , 359 , ((7*9)+18)=81 , 105
2020.11.24-08.39.35,,46 , 81 , (9 7 2 25 18) , 219 , ((9*7)+18)=81 , 91
2020.11.24-08.39.35,,47 , 81 , (9 7 2 25 18) , 196 , ((9*7)+18)=81 , 75
2020.11.24-08.39.35,,48 , 81 , (9 7 2 25 18) , 99 , ((9*7)+18)=81 , 12
2020.11.24-08.39.35,,49 , 81 , (9 7 2 25 18) , 88 , ((7*9)+18)=81 , 9
2020.11.24-08.39.35,,50 , 81 , (9 7 2 25 18) , 113 , ((9*7)+18)=81 , 28
2020.11.24-08.39.35,,51 , 81 , (9 7 2 25 18) , 633 , ((9*7)+18)=81 , 239
2020.11.24-08.39.35,,52 , 81 , (9 7 2 25 18) , 73 , ((9*7)+18)=81 , 11
2020.11.24-08.39.35,,53 , 81 , (9 7 2 25 18) , 125 , ((9*7)+18)=81 , 30
2020.11.24-08.39.35,,54 , 81 , (9 7 2 25 18) , 118 , ((9*7)+18)=81 , 21
2020.11.24-08.39.35,,55 , 81 , (9 7 2 25 18) , 743 , ((9*7)+18)=81 , 316
2020.11.24-08.39.35,,56 , 81 , (9 7 2 25 18) , 2000 , none,  633
2020.11.24-08.39.35,,57 , 81 , (9 7 2 25 18) , 569 , ((9*7)+18)=81 , 189
2020.11.24-08.39.35,,58 , 81 , (9 7 2 25 18) , 300 , ((9*7)+18)=81 , 96
2020.11.24-08.39.35,,59 , 81 , (9 7 2 25 18) , 400 , ((9*7)+18)=81 , 127
2020.11.24-08.39.35,,60 , 81 , (9 7 2 25 18) , 80 , ((9*7)+18)=81 , 20
2020.11.24-08.39.35,,61 , 81 , (9 7 2 25 18) , 100 , ((9*7)+18)=81 , 22
2020.11.24-08.39.35,,62 , 81 , (9 7 2 25 18) , 199 , ((9*7)+18)=81 , 46
2020.11.24-08.39.35,,63 , 81 , (9 7 2 25 18) , 669 , ((7*9)+18)=81 , 245
2020.11.24-08.39.35,,64 , 81 , (9 7 2 25 18) , 469 , ((9*7)+18)=81 , 170
2020.11.24-08.39.35,,65 , 81 , (9 7 2 25 18) , 1160 , ((9*7)+18)=81 , 363
2020.11.24-08.39.35,,66 , 81 , (9 7 2 25 18) , 365 , ((9*7)+18)=81 , 116
2020.11.24-08.39.35,,67 , 81 , (9 7 2 25 18) , 83 , ((9*7)+18)=81 , 4
2020.11.24-08.39.35,,68 , 81 , (9 7 2 25 18) , 67 , ((9*7)+18)=81 , 9
2020.11.24-08.39.35,,69 , 81 , (9 7 2 25 18) , 180 , ((7*9)+18)=81 , 73
2020.11.24-08.39.35,,70 , 81 , (9 7 2 25 18) , 987 , ((9*7)+18)=81 , 390
2020.11.24-08.39.35,,71 , 81 , (9 7 2 25 18) , 429 , ((9*7)+18)=81 , 126
2020.11.24-08.39.35,,72 , 81 , (9 7 2 25 18) , 124 , ((9*7)+18)=81 , 24
2020.11.24-08.39.35,,73 , 81 , (9 7 2 25 18) , 282 , ((7*9)+18)=81 , 96
2020.11.24-08.39.35,,74 , 81 , (9 7 2 25 18) , 156 , ((7*9)+18)=81 , 33
2020.11.24-08.39.35,,75 , 81 , (9 7 2 25 18) , 217 , ((7*9)+18)=81 , 69
2020.11.24-08.39.35,,76 , 81 , (9 7 2 25 18) , 61 , ((9*7)+18)=81 , 6
2020.11.24-08.39.35,,77 , 81 , (9 7 2 25 18) , 159 , ((7*9)+18)=81 , 39
2020.11.24-08.39.35,,78 , 81 , (9 7 2 25 18) , 200 , ((7*9)+18)=81 , 67
2020.11.24-08.39.35,,79 , 81 , (9 7 2 25 18) , 119 , ((7*9)+18)=81 , 25
2020.11.24-08.39.35,,80 , 81 , (9 7 2 25 18) , 301 , ((9*7)+18)=81 , 97
2020.11.24-08.39.35,,81 , 81 , (9 7 2 25 18) , 105 , ((9*7)+18)=81 , 34
2020.11.24-08.39.35,,82 , 81 , (9 7 2 25 18) , 139 , ((7*9)+18)=81 , 52
2020.11.24-08.39.35,,83 , 81 , (9 7 2 25 18) , 223 , ((9*7)+18)=81 , 51
2020.11.24-08.39.35,,84 , 81 , (9 7 2 25 18) , 48 , ((7*9)+18)=81 , 0
2020.11.24-08.39.35,,85 , 81 , (9 7 2 25 18) , 810 , ((9*7)+18)=81 , 329
2020.11.24-08.39.35,,86 , 81 , (9 7 2 25 18) , 441 , ((9*7)+18)=81 , 154
2020.11.24-08.39.35,,87 , 81 , (9 7 2 25 18) , 261 , ((7*9)+18)=81 , 96
2020.11.24-08.39.35,,88 , 81 , (9 7 2 25 18) , 388 , ((9*7)+18)=81 , 109
2020.11.24-08.39.35,,89 , 81 , (9 7 2 25 18) , 196 , ((9*7)+18)=81 , 53
2020.11.24-08.39.35,,90 , 81 , (9 7 2 25 18) , 250 , ((9*7)+18)=81 , 45
2020.11.24-08.39.35,,91 , 81 , (9 7 2 25 18) , 167 , ((9*7)+18)=81 , 50
2020.11.24-08.39.35,,92 , 81 , (9 7 2 25 18) , 117 , ((9*7)+18)=81 , 25
2020.11.24-08.39.35,,93 , 81 , (9 7 2 25 18) , 327 , ((9*7)+18)=81 , 115
2020.11.24-08.39.35,,94 , 81 , (9 7 2 25 18) , 98 , ((9*7)+18)=81 , 14
2020.11.24-08.39.35,,95 , 81 , (9 7 2 25 18) , 109 , ((9*7)+18)=81 , 14
2020.11.24-08.39.35,,96 , 81 , (9 7 2 25 18) , 171 , ((9*7)+18)=81 , 36
2020.11.24-08.39.35,,97 , 81 , (9 7 2 25 18) , 74 , ((9*7)+18)=81 , 17
2020.11.24-08.39.35,,98 , 81 , (9 7 2 25 18) , 110 , ((9*7)+18)=81 , 31
2020.11.24-08.39.35,,99 , 81 , (9 7 2 25 18) , 225 , ((9*7)+18)=81 , 69
2020.11.24-08.39.35,,0 , 6 , (3 3 17 11 22) , 36 , (3+3)=6 , 5
2020.11.24-08.39.35,,1 , 6 , (3 3 17 11 22) , 65 , (3+3)=6 , 16
2020.11.24-08.39.35,,2 , 6 , (3 3 17 11 22) , 36 , (3+3)=6 , 0
2020.11.24-08.39.35,,3 , 6 , (3 3 17 11 22) , 30 , (3+3)=6 , 0
2020.11.24-08.39.35,,4 , 6 , (3 3 17 11 22) , 65 , (3+3)=6 , 13
2020.11.24-08.39.35,,5 , 6 , (3 3 17 11 22) , 25 , (3+3)=6 , 0
2020.11.24-08.39.35,,6 , 6 , (3 3 17 11 22) , 45 , (3+3)=6 , 8
2020.11.24-08.39.35,,7 , 6 , (3 3 17 11 22) , 85 , (3+3)=6 , 8
2020.11.24-08.39.35,,8 , 6 , (3 3 17 11 22) , 45 , (3+3)=6 , 5
2020.11.24-08.39.35,,9 , 6 , (3 3 17 11 22) , 125 , (3+3)=6 , 27
2020.11.24-08.39.35,,10 , 6 , (3 3 17 11 22) , 65 , (3+3)=6 , 18
2020.11.24-08.39.35,,11 , 6 , (3 3 17 11 22) , 35 , (3+3)=6 , 5
2020.11.24-08.39.35,,12 , 6 , (3 3 17 11 22) , 35 , (3+3)=6 , 0
2020.11.24-08.39.35,,13 , 6 , (3 3 17 11 22) , 135 , (3+3)=6 , 56
2020.11.24-08.39.35,,14 , 6 , (3 3 17 11 22) , 45 , (3+3)=6 , 4
2020.11.24-08.39.35,,15 , 6 , (3 3 17 11 22) , 95 , (3+3)=6 , 19
2020.11.24-08.39.35,,16 , 6 , (3 3 17 11 22) , 45 , (3+3)=6 , 9
2020.11.24-08.39.35,,17 , 6 , (3 3 17 11 22) , 55 , (3+3)=6 , 15
2020.11.24-08.39.35,,18 , 6 , (3 3 17 11 22) , 104 , (3+3)=6 , 29
2020.11.24-08.39.35,,19 , 6 , (3 3 17 11 22) , 35 , (3+3)=6 , 2
2020.11.24-08.39.35,,20 , 6 , (3 3 17 11 22) , 63 , (3+3)=6 , 19
2020.11.24-08.39.35,,21 , 6 , (3 3 17 11 22) , 24 , (3+3)=6 , 0
2020.11.24-08.39.35,,22 , 6 , (3 3 17 11 22) , 48 , (3+3)=6 , 0
2020.11.24-08.39.35,,23 , 6 , (3 3 17 11 22) , 77 , (3+3)=6 , 0
2020.11.24-08.39.35,,24 , 6 , (3 3 17 11 22) , 75 , (3+3)=6 , 6
2020.11.24-08.39.35,,25 , 6 , (3 3 17 11 22) , 21 , (3+3)=6 , 0
2020.11.24-08.39.35,,26 , 6 , (3 3 17 11 22) , 145 , (3+3)=6 , 46
2020.11.24-08.39.35,,27 , 6 , (3 3 17 11 22) , 145 , (3+3)=6 , 53
2020.11.24-08.39.35,,28 , 6 , (3 3 17 11 22) , 145 , (3+3)=6 , 52
2020.11.24-08.39.35,,29 , 6 , (3 3 17 11 22) , 27 , (3+3)=6 , 0
2020.11.24-08.39.35,,30 , 6 , (3 3 17 11 22) , 65 , (3+3)=6 , 18
2020.11.24-08.39.35,,31 , 6 , (3 3 17 11 22) , 29 , (3+3)=6 , 0
2020.11.24-08.39.35,,32 , 6 , (3 3 17 11 22) , 115 , (3+3)=6 , 31
2020.11.24-08.39.35,,33 , 6 , (3 3 17 11 22) , 65 , (3+3)=6 , 13
2020.11.24-08.39.35,,34 , 6 , (3 3 17 11 22) , 55 , (3+3)=6 , 8
2020.11.24-08.39.35,,35 , 6 , (3 3 17 11 22) , 115 , (3+3)=6 , 47
2020.11.24-08.39.35,,36 , 6 , (3 3 17 11 22) , 153 , (3+3)=6 , 41
2020.11.24-08.39.35,,37 , 6 , (3 3 17 11 22) , 135 , (3+3)=6 , 47
2020.11.24-08.39.35,,38 , 6 , (3 3 17 11 22) , 69 , (3+3)=6 , 0
2020.11.24-08.39.35,,39 , 6 , (3 3 17 11 22) , 35 , (3+3)=6 , 5
2020.11.24-08.39.35,,40 , 6 , (3 3 17 11 22) , 43 , (3+3)=6 , 7
2020.11.24-08.39.35,,41 , 6 , (3 3 17 11 22) , 164 , (3+3)=6 , 22
2020.11.24-08.39.35,,42 , 6 , (3 3 17 11 22) , 45 , (3+3)=6 , 1
2020.11.24-08.39.35,,43 , 6 , (3 3 17 11 22) , 55 , (3+3)=6 , 10
2020.11.24-08.39.35,,44 , 6 , (3 3 17 11 22) , 37 , (3+3)=6 , 0
2020.11.24-08.39.35,,45 , 6 , (3 3 17 11 22) , 19 , (3+3)=6 , 0
2020.11.24-08.39.35,,46 , 6 , (3 3 17 11 22) , 185 , (3+3)=6 , 60
2020.11.24-08.39.35,,47 , 6 , (3 3 17 11 22) , 265 , (3+3)=6 , 73
2020.11.24-08.39.35,,48 , 6 , (3 3 17 11 22) , 124 , (3+3)=6 , 24
2020.11.24-08.39.35,,49 , 6 , (3 3 17 11 22) , 85 , (3+3)=6 , 28
2020.11.24-08.39.35,,50 , 6 , (3 3 17 11 22) , 25 , (3+3)=6 , 0
2020.11.24-08.39.35,,51 , 6 , (3 3 17 11 22) , 44 , (3+3)=6 , 4
2020.11.24-08.39.35,,52 , 6 , (3 3 17 11 22) , 35 , (3+3)=6 , 1
2020.11.24-08.39.35,,53 , 6 , (3 3 17 11 22) , 25 , (3+3)=6 , 0
2020.11.24-08.39.35,,54 , 6 , (3 3 17 11 22) , 65 , (3+3)=6 , 10
2020.11.24-08.39.35,,55 , 6 , (3 3 17 11 22) , 165 , (3+3)=6 , 45
2020.11.24-08.39.35,,56 , 6 , (3 3 17 11 22) , 44 , (3+3)=6 , 5
2020.11.24-08.39.35,,57 , 6 , (3 3 17 11 22) , 83 , (3+3)=6 , 23
2020.11.24-08.39.35,,58 , 6 , (3 3 17 11 22) , 64 , (3+3)=6 , 17
2020.11.24-08.39.35,,59 , 6 , (3 3 17 11 22) , 45 , (3+3)=6 , 1
2020.11.24-08.39.35,,60 , 6 , (3 3 17 11 22) , 26 , (3+3)=6 , 0
2020.11.24-08.39.35,,61 , 6 , (3 3 17 11 22) , 34 , (3+3)=6 , 1
2020.11.24-08.39.35,,62 , 6 , (3 3 17 11 22) , 96 , (3+3)=6 , 13
2020.11.24-08.39.35,,63 , 6 , (3 3 17 11 22) , 64 , (3+3)=6 , 9
2020.11.24-08.39.35,,64 , 6 , (3 3 17 11 22) , 54 , (3+3)=6 , 15
2020.11.24-08.39.35,,65 , 6 , (3 3 17 11 22) , 55 , (3+3)=6 , 11
2020.11.24-08.39.35,,66 , 6 , (3 3 17 11 22) , 25 , (3+3)=6 , 2
2020.11.24-08.39.35,,67 , 6 , (3 3 17 11 22) , 35 , (3+3)=6 , 2
2020.11.24-08.39.35,,68 , 6 , (3 3 17 11 22) , 75 , (3+3)=6 , 18
2020.11.24-08.39.35,,69 , 6 , (3 3 17 11 22) , 29 , (3+3)=6 , 0
2020.11.24-08.39.35,,70 , 6 , (3 3 17 11 22) , 384 , (3+3)=6 , 130
2020.11.24-08.39.35,,71 , 6 , (3 3 17 11 22) , 54 , (3+3)=6 , 9
2020.11.24-08.39.35,,72 , 6 , (3 3 17 11 22) , 44 , (3+3)=6 , 1
2020.11.24-08.39.35,,73 , 6 , (3 3 17 11 22) , 21 , (3+3)=6 , 0
2020.11.24-08.39.35,,74 , 6 , (3 3 17 11 22) , 125 , (3+3)=6 , 20
2020.11.24-08.39.35,,75 , 6 , (3 3 17 11 22) , 44 , (3+3)=6 , 5
2020.11.24-08.39.35,,76 , 6 , (3 3 17 11 22) , 55 , (3+3)=6 , 14
2020.11.24-08.39.35,,77 , 6 , (3 3 17 11 22) , 2000 , none,  853
2020.11.24-08.39.35,,78 , 6 , (3 3 17 11 22) , 25 , (3+3)=6 , 2
2020.11.24-08.39.35,,79 , 6 , (3 3 17 11 22) , 24 , (3+3)=6 , 0
2020.11.24-08.39.35,,80 , 6 , (3 3 17 11 22) , 146 , (3+3)=6 , 23
2020.11.24-08.39.35,,81 , 6 , (3 3 17 11 22) , 75 , (3+3)=6 , 21
2020.11.24-08.39.35,,82 , 6 , (3 3 17 11 22) , 46 , (3+3)=6 , 11
2020.11.24-08.39.35,,83 , 6 , (3 3 17 11 22) , 55 , (3+3)=6 , 6
2020.11.24-08.39.35,,84 , 6 , (3 3 17 11 22) , 105 , (3+3)=6 , 40
2020.11.24-08.39.35,,85 , 6 , (3 3 17 11 22) , 85 , (3+3)=6 , 18
2020.11.24-08.39.35,,86 , 6 , (3 3 17 11 22) , 115 , (3+3)=6 , 40
2020.11.24-08.39.35,,87 , 6 , (3 3 17 11 22) , 45 , (3+3)=6 , 7
2020.11.24-08.39.35,,88 , 6 , (3 3 17 11 22) , 35 , (3+3)=6 , 3
2020.11.24-08.39.35,,89 , 6 , (3 3 17 11 22) , 64 , (3+3)=6 , 6
2020.11.24-08.39.35,,90 , 6 , (3 3 17 11 22) , 29 , (3+3)=6 , 0
2020.11.24-08.39.35,,91 , 6 , (3 3 17 11 22) , 56 , (3+3)=6 , 8
2020.11.24-08.39.35,,92 , 6 , (3 3 17 11 22) , 96 , (3+3)=6 , 26
2020.11.24-08.39.35,,93 , 6 , (3 3 17 11 22) , 106 , (3+3)=6 , 24
2020.11.24-08.39.35,,94 , 6 , (3 3 17 11 22) , 44 , (3+3)=6 , 5
2020.11.24-08.39.35,,95 , 6 , (3 3 17 11 22) , 27 , (3+3)=6 , 0
2020.11.24-08.39.35,,96 , 6 , (3 3 17 11 22) , 23 , (3+3)=6 , 0
2020.11.24-08.39.35,,97 , 6 , (3 3 17 11 22) , 85 , (3+3)=6 , 13
2020.11.24-08.39.35,,98 , 6 , (3 3 17 11 22) , 23 , (3+3)=6 , 0
2020.11.24-08.39.35,,99 , 6 , (3 3 17 11 22) , 30 , (3+3)=6 , 0
2020.11.24-08.39.35,,0 , 11 , (2 5 1 25 23) , 53 , ((5*2)+1)=11 , 6
2020.11.24-08.39.35,,1 , 11 , (2 5 1 25 23) , 140 , ((5*2)+1)=11 , 51
2020.11.24-08.39.35,,2 , 11 , (2 5 1 25 23) , 244 , ((5*2)+1)=11 , 89
2020.11.24-08.39.35,,3 , 11 , (2 5 1 25 23) , 87 , ((2*5)+1)=11 , 21
2020.11.24-08.39.35,,4 , 11 , (2 5 1 25 23) , 1617 , (1+(5*2))=11 , 598
2020.11.24-08.39.35,,5 , 11 , (2 5 1 25 23) , 56 , ((2*5)+1)=11 , 0
2020.11.24-08.39.35,,6 , 11 , (2 5 1 25 23) , 2000 , none,  583
2020.11.24-08.39.35,,7 , 11 , (2 5 1 25 23) , 1368 , ((2*5)+1)=11 , 524
2020.11.24-08.39.35,,8 , 11 , (2 5 1 25 23) , 107 , ((5*2)+1)=11 , 26
2020.11.24-08.39.35,,9 , 11 , (2 5 1 25 23) , 741 , ((2*5)+1)=11 , 341
2020.11.24-08.39.35,,10 , 11 , (2 5 1 25 23) , 2000 , none,  652
2020.11.24-08.39.35,,11 , 11 , (2 5 1 25 23) , 2000 , none,  761
2020.11.24-08.39.35,,12 , 11 , (2 5 1 25 23) , 1365 , ((2*5)+1)=11 , 533
2020.11.24-08.39.35,,13 , 11 , (2 5 1 25 23) , 2000 , none,  612
2020.11.24-08.39.35,,14 , 11 , (2 5 1 25 23) , 213 , ((2*5)+1)=11 , 75
2020.11.24-08.39.35,,15 , 11 , (2 5 1 25 23) , 909 , ((2*5)+1)=11 , 315
2020.11.24-08.39.35,,16 , 11 , (2 5 1 25 23) , 2000 , none,  621
2020.11.24-08.39.35,,17 , 11 , (2 5 1 25 23) , 2000 , none,  653
2020.11.24-08.39.35,,18 , 11 , (2 5 1 25 23) , 2000 , none,  713
2020.11.24-08.39.35,,19 , 11 , (2 5 1 25 23) , 144 , ((2*5)+1)=11 , 69
2020.11.24-08.39.35,,20 , 11 , (2 5 1 25 23) , 2000 , none,  668
2020.11.24-08.39.35,,21 , 11 , (2 5 1 25 23) , 1003 , ((5*2)+1)=11 , 516
2020.11.24-08.39.35,,22 , 11 , (2 5 1 25 23) , 2000 , none,  607
2020.11.24-08.39.35,,23 , 11 , (2 5 1 25 23) , 2000 , none,  633
2020.11.24-08.39.35,,24 , 11 , (2 5 1 25 23) , 637 , (1+(5*2))=11 , 247
2020.11.24-08.39.35,,25 , 11 , (2 5 1 25 23) , 437 , ((5*2)+1)=11 , 191
2020.11.24-08.39.35,,26 , 11 , (2 5 1 25 23) , 337 , ((2*5)+1)=11 , 114
2020.11.24-08.39.35,,27 , 11 , (2 5 1 25 23) , 185 , ((2*5)+1)=11 , 61
2020.11.24-08.39.35,,28 , 11 , (2 5 1 25 23) , 140 , ((5*2)+1)=11 , 36
2020.11.24-08.39.35,,29 , 11 , (2 5 1 25 23) , 2000 , none,  630
2020.11.24-08.39.35,,30 , 11 , (2 5 1 25 23) , 191 , ((5*2)+1)=11 , 83
2020.11.24-08.39.35,,31 , 11 , (2 5 1 25 23) , 1438 , ((2*5)+1)=11 , 611
2020.11.24-08.39.35,,32 , 11 , (2 5 1 25 23) , 133 , ((2*5)+1)=11 , 46
2020.11.24-08.39.35,,33 , 11 , (2 5 1 25 23) , 261 , ((2*5)+1)=11 , 82
2020.11.24-08.39.35,,34 , 11 , (2 5 1 25 23) , 2000 , none,  634
2020.11.24-08.39.35,,35 , 11 , (2 5 1 25 23) , 339 , ((5*2)+1)=11 , 149
2020.11.24-08.39.35,,36 , 11 , (2 5 1 25 23) , 2000 , none,  609
2020.11.24-08.39.35,,37 , 11 , (2 5 1 25 23) , 617 , ((5*2)+1)=11 , 241
2020.11.24-08.39.35,,38 , 11 , (2 5 1 25 23) , 531 , ((5*2)+1)=11 , 131
2020.11.24-08.39.35,,39 , 11 , (2 5 1 25 23) , 498 , (1+(2*5))=11 , 201
2020.11.24-08.39.35,,40 , 11 , (2 5 1 25 23) , 588 , ((2*5)+1)=11 , 197
2020.11.24-08.39.35,,41 , 11 , (2 5 1 25 23) , 1286 , ((2*5)+1)=11 , 467
2020.11.24-08.39.35,,42 , 11 , (2 5 1 25 23) , 57 , ((5*2)+1)=11 , 0
2020.11.24-08.39.35,,43 , 11 , (2 5 1 25 23) , 2000 , none,  609
2020.11.24-08.39.35,,44 , 11 , (2 5 1 25 23) , 665 , ((5*2)+1)=11 , 307
2020.11.24-08.39.35,,45 , 11 , (2 5 1 25 23) , 270 , ((2*5)+1)=11 , 93
2020.11.24-08.39.35,,46 , 11 , (2 5 1 25 23) , 2000 , none,  609
2020.11.24-08.39.35,,47 , 11 , (2 5 1 25 23) , 96 , ((5*2)+1)=11 , 26
2020.11.24-08.39.35,,48 , 11 , (2 5 1 25 23) , 856 , (1+(5*2))=11 , 347
2020.11.24-08.39.35,,49 , 11 , (2 5 1 25 23) , 1295 , ((5*2)+1)=11 , 608
2020.11.24-08.39.35,,50 , 11 , (2 5 1 25 23) , 249 , ((2*5)+1)=11 , 87
2020.11.24-08.39.35,,51 , 11 , (2 5 1 25 23) , 1461 , ((2*5)+1)=11 , 658
2020.11.24-08.39.35,,52 , 11 , (2 5 1 25 23) , 137 , ((2*5)+1)=11 , 46
2020.11.24-08.39.35,,53 , 11 , (2 5 1 25 23) , 46 , ((2*5)+1)=11 , 1
2020.11.24-08.39.35,,54 , 11 , (2 5 1 25 23) , 255 , ((5*2)+1)=11 , 107
2020.11.24-08.39.35,,55 , 11 , (2 5 1 25 23) , 2000 , none,  744
2020.11.24-08.39.35,,56 , 11 , (2 5 1 25 23) , 1429 , ((2*5)+1)=11 , 631
2020.11.24-08.39.35,,57 , 11 , (2 5 1 25 23) , 2000 , none,  698
2020.11.24-08.39.35,,58 , 11 , (2 5 1 25 23) , 2000 , none,  606
2020.11.24-08.39.35,,59 , 11 , (2 5 1 25 23) , 2000 , none,  734
2020.11.24-08.39.35,,60 , 11 , (2 5 1 25 23) , 289 , ((2*5)+1)=11 , 130
2020.11.24-08.39.35,,61 , 11 , (2 5 1 25 23) , 2000 , none,  714
2020.11.24-08.39.35,,62 , 11 , (2 5 1 25 23) , 1004 , ((5*2)+1)=11 , 435
2020.11.24-08.39.35,,63 , 11 , (2 5 1 25 23) , 158 , ((2*5)+1)=11 , 22
2020.11.24-08.39.35,,64 , 11 , (2 5 1 25 23) , 189 , ((2*5)+1)=11 , 57
2020.11.24-08.39.35,,65 , 11 , (2 5 1 25 23) , 2000 , none,  632
2020.11.24-08.39.35,,66 , 11 , (2 5 1 25 23) , 90 , ((5*2)+1)=11 , 31
2020.11.24-08.39.35,,67 , 11 , (2 5 1 25 23) , 2000 , none,  614
2020.11.24-08.39.35,,68 , 11 , (2 5 1 25 23) , 2000 , none,  581
2020.11.24-08.39.35,,69 , 11 , (2 5 1 25 23) , 2000 , none,  631
2020.11.24-08.39.35,,70 , 11 , (2 5 1 25 23) , 2000 , none,  613
2020.11.24-08.39.35,,71 , 11 , (2 5 1 25 23) , 507 , ((5*2)+1)=11 , 248
2020.11.24-08.39.35,,72 , 11 , (2 5 1 25 23) , 350 , ((2*5)+1)=11 , 133
2020.11.24-08.39.35,,73 , 11 , (2 5 1 25 23) , 1408 , ((2*5)+1)=11 , 578
2020.11.24-08.39.35,,74 , 11 , (2 5 1 25 23) , 2000 , none,  616
2020.11.24-08.39.35,,75 , 11 , (2 5 1 25 23) , 1564 , ((2*5)+1)=11 , 639
2020.11.24-08.39.35,,76 , 11 , (2 5 1 25 23) , 399 , ((5*2)+1)=11 , 192
2020.11.24-08.39.35,,77 , 11 , (2 5 1 25 23) , 806 , ((2*5)+1)=11 , 272
2020.11.24-08.39.35,,78 , 11 , (2 5 1 25 23) , 569 , (1+(2*5))=11 , 188
2020.11.24-08.39.35,,79 , 11 , (2 5 1 25 23) , 2000 , none,  601
2020.11.24-08.39.35,,80 , 11 , (2 5 1 25 23) , 599 , ((2*5)+1)=11 , 268
2020.11.24-08.39.35,,81 , 11 , (2 5 1 25 23) , 2000 , none,  596
2020.11.24-08.39.35,,82 , 11 , (2 5 1 25 23) , 2000 , none,  586
2020.11.24-08.39.35,,83 , 11 , (2 5 1 25 23) , 2000 , none,  593
2020.11.24-08.39.35,,84 , 11 , (2 5 1 25 23) , 768 , ((2*5)+1)=11 , 379
2020.11.24-08.39.35,,85 , 11 , (2 5 1 25 23) , 310 , ((2*5)+1)=11 , 104
2020.11.24-08.39.35,,86 , 11 , (2 5 1 25 23) , 415 , ((2*5)+1)=11 , 131
2020.11.24-08.39.35,,87 , 11 , (2 5 1 25 23) , 118 , ((2*5)+1)=11 , 28
2020.11.24-08.39.35,,88 , 11 , (2 5 1 25 23) , 2000 , none,  613
2020.11.24-08.39.35,,89 , 11 , (2 5 1 25 23) , 2000 , none,  757
2020.11.24-08.39.35,,90 , 11 , (2 5 1 25 23) , 505 , ((2*5)+1)=11 , 254
2020.11.24-08.39.35,,91 , 11 , (2 5 1 25 23) , 2000 , none,  689
2020.11.24-08.39.35,,92 , 11 , (2 5 1 25 23) , 358 , ((2*5)+1)=11 , 168
2020.11.24-08.39.35,,93 , 11 , (2 5 1 25 23) , 392 , ((2*5)+1)=11 , 167
2020.11.24-08.39.35,,94 , 11 , (2 5 1 25 23) , 2000 , none,  669
2020.11.24-08.39.35,,95 , 11 , (2 5 1 25 23) , 159 , ((5*2)+1)=11 , 67
2020.11.24-08.39.35,,96 , 11 , (2 5 1 25 23) , 2000 , none,  562
2020.11.24-08.39.35,,97 , 11 , (2 5 1 25 23) , 149 , ((2*5)+1)=11 , 35
2020.11.24-08.39.35,,98 , 11 , (2 5 1 25 23) , 2000 , none,  608
2020.11.24-08.39.35,,99 , 11 , (2 5 1 25 23) , 326 , ((5*2)+1)=11 , 149
2020.11.24-08.39.35,,0 , 116 , (20 2 16 14 6) , 96 , ((6*16)+20)=116 , 18
2020.11.24-08.39.35,,1 , 116 , (20 2 16 14 6) , 364 , ((14*6)+(16*2))=116 , 90
2020.11.24-08.39.35,,2 , 116 , (20 2 16 14 6) , 241 , ((6*14)+(16*2))=116 , 56
2020.11.24-08.39.35,,3 , 116 , (20 2 16 14 6) , 238 , ((6*16)+20)=116 , 77
2020.11.24-08.39.35,,4 , 116 , (20 2 16 14 6) , 237 , ((6*14)+(16*2))=116 , 64
2020.11.24-08.39.35,,5 , 116 , (20 2 16 14 6) , 1029 , ((14*6)+(2*16))=116 , 292
2020.11.24-08.39.35,,6 , 116 , (20 2 16 14 6) , 1230 , ((6*14)+(2*16))=116 , 404
2020.11.24-08.39.35,,7 , 116 , (20 2 16 14 6) , 300 , ((6*14)+(16*2))=116 , 83
2020.11.24-08.39.35,,8 , 116 , (20 2 16 14 6) , 1596 , ((6*14)+(16*2))=116 , 489
2020.11.24-08.39.35,,9 , 116 , (20 2 16 14 6) , 763 , ((6*16)+20)=116 , 218
2020.11.24-08.39.35,,10 , 116 , (20 2 16 14 6) , 128 , ((6*14)+(2*16))=116 , 27
2020.11.24-08.39.35,,11 , 116 , (20 2 16 14 6) , 70 , ((14*6)+(2*16))=116 , 9
2020.11.24-08.39.35,,12 , 116 , (20 2 16 14 6) , 286 , ((6*16)+20)=116 , 88
2020.11.24-08.39.35,,13 , 116 , (20 2 16 14 6) , 1068 , ((14*6)+(2*16))=116 , 355
2020.11.24-08.39.35,,14 , 116 , (20 2 16 14 6) , 852 , ((14*6)+(16*2))=116 , 222
2020.11.24-08.39.35,,15 , 116 , (20 2 16 14 6) , 118 , ((14*6)+(16*2))=116 , 23
2020.11.24-08.39.35,,16 , 116 , (20 2 16 14 6) , 119 , ((14*6)+(2*16))=116 , 14
2020.11.24-08.39.35,,17 , 116 , (20 2 16 14 6) , 279 , ((16*6)+20)=116 , 93
2020.11.24-08.39.35,,18 , 116 , (20 2 16 14 6) , 224 , ((6*16)+20)=116 , 64
2020.11.24-08.39.35,,19 , 116 , (20 2 16 14 6) , 80 , ((6*14)+(2*16))=116 , 14
2020.11.24-08.39.35,,20 , 116 , (20 2 16 14 6) , 329 , ((6*14)+(16*2))=116 , 96
2020.11.24-08.39.35,,21 , 116 , (20 2 16 14 6) , 431 , ((14*6)+(16*2))=116 , 120
2020.11.24-08.39.35,,22 , 116 , (20 2 16 14 6) , 129 , ((6*14)+(16*2))=116 , 22
2020.11.24-08.39.35,,23 , 116 , (20 2 16 14 6) , 677 , ((6*16)+20)=116 , 197
2020.11.24-08.39.35,,24 , 116 , (20 2 16 14 6) , 258 , ((6*14)+(2*16))=116 , 67
2020.11.24-08.39.35,,25 , 116 , (20 2 16 14 6) , 100 , ((14*6)+(2*16))=116 , 8
2020.11.24-08.39.35,,26 , 116 , (20 2 16 14 6) , 470 , ((14*6)+(16*2))=116 , 123
2020.11.24-08.39.35,,27 , 116 , (20 2 16 14 6) , 119 , ((16*6)+20)=116 , 26
2020.11.24-08.39.35,,28 , 116 , (20 2 16 14 6) , 881 , ((6*16)+20)=116 , 290
2020.11.24-08.39.35,,29 , 116 , (20 2 16 14 6) , 678 , ((6*16)+20)=116 , 158
2020.11.24-08.39.35,,30 , 116 , (20 2 16 14 6) , 873 , ((16*6)+20)=116 , 252
2020.11.24-08.39.35,,31 , 116 , (20 2 16 14 6) , 975 , ((16*6)+20)=116 , 322
2020.11.24-08.39.35,,32 , 116 , (20 2 16 14 6) , 108 , ((14*6)+(16*2))=116 , 8
2020.11.24-08.39.35,,33 , 116 , (20 2 16 14 6) , 159 , ((6*14)+(2*16))=116 , 42
2020.11.24-08.39.35,,34 , 116 , (20 2 16 14 6) , 110 , ((6*14)+(2*16))=116 , 21
2020.11.24-08.39.35,,35 , 116 , (20 2 16 14 6) , 530 , ((6*14)+(2*16))=116 , 126
2020.11.24-08.39.35,,36 , 116 , (20 2 16 14 6) , 820 , ((14*6)+(16*2))=116 , 209
2020.11.24-08.39.35,,37 , 116 , (20 2 16 14 6) , 1500 , ((14*6)+(2*16))=116 , 453
2020.11.24-08.39.35,,38 , 116 , (20 2 16 14 6) , 331 , ((6*16)+20)=116 , 93
2020.11.24-08.39.35,,39 , 116 , (20 2 16 14 6) , 210 , ((16*6)+20)=116 , 30
2020.11.24-08.39.35,,40 , 116 , (20 2 16 14 6) , 429 , ((6*14)+(2*16))=116 , 112
2020.11.24-08.39.35,,41 , 116 , (20 2 16 14 6) , 977 , ((6*16)+20)=116 , 297
2020.11.24-08.39.35,,42 , 116 , (20 2 16 14 6) , 1688 , ((6*16)+20)=116 , 527
2020.11.24-08.39.35,,43 , 116 , (20 2 16 14 6) , 64 , ((6*16)+20)=116 , 3
2020.11.24-08.39.35,,44 , 116 , (20 2 16 14 6) , 859 , ((6*14)+(2*16))=116 , 252
2020.11.24-08.39.35,,45 , 116 , (20 2 16 14 6) , 307 , ((14*6)+(2*16))=116 , 71
2020.11.24-08.39.35,,46 , 116 , (20 2 16 14 6) , 404 , ((6*14)+(2*16))=116 , 135
2020.11.24-08.39.35,,47 , 116 , (20 2 16 14 6) , 1049 , ((6*14)+(2*16))=116 , 307
2020.11.24-08.39.35,,48 , 116 , (20 2 16 14 6) , 179 , ((14*6)+(16*2))=116 , 35
2020.11.24-08.39.35,,49 , 116 , (20 2 16 14 6) , 67 , ((6*16)+20)=116 , 0
2020.11.24-08.39.35,,50 , 116 , (20 2 16 14 6) , 858 , ((6*16)+20)=116 , 253
2020.11.24-08.39.35,,51 , 116 , (20 2 16 14 6) , 69 , ((14*6)+(2*16))=116 , 7
2020.11.24-08.39.35,,52 , 116 , (20 2 16 14 6) , 773 , ((6*14)+(16*2))=116 , 241
2020.11.24-08.39.35,,53 , 116 , (20 2 16 14 6) , 490 , ((6*14)+(2*16))=116 , 100
2020.11.24-08.39.35,,54 , 116 , (20 2 16 14 6) , 139 , ((14*6)+(16*2))=116 , 35
2020.11.24-08.39.35,,55 , 116 , (20 2 16 14 6) , 786 , ((16*6)+20)=116 , 224
2020.11.24-08.39.35,,56 , 116 , (20 2 16 14 6) , 634 , ((14*6)+(16*2))=116 , 177
2020.11.24-08.39.35,,57 , 116 , (20 2 16 14 6) , 102 , ((14*6)+(2*16))=116 , 11
2020.11.24-08.39.35,,58 , 116 , (20 2 16 14 6) , 767 , ((6*16)+20)=116 , 234
2020.11.24-08.39.35,,59 , 116 , (20 2 16 14 6) , 329 , ((6*14)+(2*16))=116 , 74
2020.11.24-08.39.35,,60 , 116 , (20 2 16 14 6) , 240 , ((6*16)+20)=116 , 68
2020.11.24-08.39.35,,61 , 116 , (20 2 16 14 6) , 876 , ((6*16)+20)=116 , 250
2020.11.24-08.39.35,,62 , 116 , (20 2 16 14 6) , 208 , ((6*14)+(2*16))=116 , 49
2020.11.24-08.39.35,,63 , 116 , (20 2 16 14 6) , 450 , ((6*14)+(16*2))=116 , 128
2020.11.24-08.39.35,,64 , 116 , (20 2 16 14 6) , 219 , ((6*16)+20)=116 , 53
2020.11.24-08.39.35,,65 , 116 , (20 2 16 14 6) , 279 , ((14*6)+(16*2))=116 , 93
2020.11.24-08.39.35,,66 , 116 , (20 2 16 14 6) , 628 , ((14*6)+(16*2))=116 , 168
2020.11.24-08.39.35,,67 , 116 , (20 2 16 14 6) , 1539 , ((6*14)+(2*16))=116 , 464
2020.11.24-08.39.35,,68 , 116 , (20 2 16 14 6) , 433 , ((16*6)+20)=116 , 100
2020.11.24-08.39.35,,69 , 116 , (20 2 16 14 6) , 80 , ((14*6)+(16*2))=116 , 3
2020.11.24-08.39.35,,70 , 116 , (20 2 16 14 6) , 454 , ((16*6)+20)=116 , 121
2020.11.24-08.39.35,,71 , 116 , (20 2 16 14 6) , 100 , ((16*6)+20)=116 , 16
2020.11.24-08.39.35,,72 , 116 , (20 2 16 14 6) , 293 , ((6*16)+20)=116 , 72
2020.11.24-08.39.35,,73 , 116 , (20 2 16 14 6) , 345 , ((6*16)+20)=116 , 75
2020.11.24-08.39.35,,74 , 116 , (20 2 16 14 6) , 676 , ((6*14)+(16*2))=116 , 204
2020.11.24-08.39.35,,75 , 116 , (20 2 16 14 6) , 1129 , ((6*14)+(2*16))=116 , 331
2020.11.24-08.39.35,,76 , 116 , (20 2 16 14 6) , 89 , ((6*16)+20)=116 , 12
2020.11.24-08.39.35,,77 , 116 , (20 2 16 14 6) , 79 , ((14*6)+(16*2))=116 , 8
2020.11.24-08.39.35,,78 , 116 , (20 2 16 14 6) , 130 , ((14*6)+(2*16))=116 , 28
2020.11.24-08.39.35,,79 , 116 , (20 2 16 14 6) , 1069 , ((6*14)+(2*16))=116 , 296
2020.11.24-08.39.35,,80 , 116 , (20 2 16 14 6) , 1209 , ((14*6)+(16*2))=116 , 405
2020.11.24-08.39.35,,81 , 116 , (20 2 16 14 6) , 229 , ((6*14)+(2*16))=116 , 69
2020.11.24-08.39.35,,82 , 116 , (20 2 16 14 6) , 389 , ((14*6)+(2*16))=116 , 117
2020.11.24-08.39.35,,83 , 116 , (20 2 16 14 6) , 429 , ((6*14)+(16*2))=116 , 103
2020.11.24-08.39.35,,84 , 116 , (20 2 16 14 6) , 577 , ((6*14)+(2*16))=116 , 207
2020.11.24-08.39.35,,85 , 116 , (20 2 16 14 6) , 410 , ((14*6)+(16*2))=116 , 117
2020.11.24-08.39.35,,86 , 116 , (20 2 16 14 6) , 230 , ((6*14)+(2*16))=116 , 72
2020.11.24-08.39.35,,87 , 116 , (20 2 16 14 6) , 709 , ((6*14)+(2*16))=116 , 242
2020.11.24-08.39.35,,88 , 116 , (20 2 16 14 6) , 643 , ((6*14)+(2*16))=116 , 187
2020.11.24-08.39.35,,89 , 116 , (20 2 16 14 6) , 538 , ((6*16)+20)=116 , 159
2020.11.24-08.39.35,,90 , 116 , (20 2 16 14 6) , 460 , ((6*14)+(16*2))=116 , 138
2020.11.24-08.39.35,,91 , 116 , (20 2 16 14 6) , 99 , ((6*14)+(2*16))=116 , 15
2020.11.24-08.39.35,,92 , 116 , (20 2 16 14 6) , 979 , ((14*6)+(2*16))=116 , 296
2020.11.24-08.39.35,,93 , 116 , (20 2 16 14 6) , 589 , ((14*6)+(16*2))=116 , 192
2020.11.24-08.39.35,,94 , 116 , (20 2 16 14 6) , 478 , ((14*6)+(16*2))=116 , 121
2020.11.24-08.39.35,,95 , 116 , (20 2 16 14 6) , 619 , ((6*14)+(2*16))=116 , 190
2020.11.24-08.39.35,,96 , 116 , (20 2 16 14 6) , 249 , ((6*14)+(2*16))=116 , 60
2020.11.24-08.39.35,,97 , 116 , (20 2 16 14 6) , 83 , ((6*14)+(16*2))=116 , 12
2020.11.24-08.39.35,,98 , 116 , (20 2 16 14 6) , 413 , ((16*6)+20)=116 , 124
2020.11.24-08.39.35,,99 , 116 , (20 2 16 14 6) , 319 , ((6*14)+(16*2))=116 , 94
2020.11.24-08.39.35,,0 , 127 , (7 6 4 22 25) , 2000 , none,  615
2020.11.24-08.39.35,,1 , 127 , (7 6 4 22 25) , 2000 , none,  610
2020.11.24-08.39.35,,2 , 127 , (7 6 4 22 25) , 2000 , none,  634
2020.11.24-08.39.35,,3 , 127 , (7 6 4 22 25) , 2000 , none,  631
2020.11.24-08.39.35,,4 , 127 , (7 6 4 22 25) , 2000 , none,  598
2020.11.24-08.39.35,,5 , 127 , (7 6 4 22 25) , 2000 , none,  620
2020.11.24-08.39.35,,6 , 127 , (7 6 4 22 25) , 2000 , none,  520
2020.11.24-08.39.35,,7 , 127 , (7 6 4 22 25) , 2000 , none,  511
2020.11.24-08.39.35,,8 , 127 , (7 6 4 22 25) , 2000 , none,  645
2020.11.24-08.39.35,,9 , 127 , (7 6 4 22 25) , 2000 , none,  622
2020.11.24-08.39.35,,10 , 127 , (7 6 4 22 25) , 2000 , none,  523
2020.11.24-08.39.35,,11 , 127 , (7 6 4 22 25) , 2000 , none,  710
2020.11.24-08.39.35,,12 , 127 , (7 6 4 22 25) , 2000 , none,  567
2020.11.24-08.39.35,,13 , 127 , (7 6 4 22 25) , 2000 , none,  616
2020.11.24-08.39.35,,14 , 127 , (7 6 4 22 25) , 2000 , none,  553
2020.11.24-08.39.35,,15 , 127 , (7 6 4 22 25) , 2000 , none,  653
2020.11.24-08.39.35,,16 , 127 , (7 6 4 22 25) , 2000 , none,  588
2020.11.24-08.39.35,,17 , 127 , (7 6 4 22 25) , 2000 , none,  574
2020.11.24-08.39.35,,18 , 127 , (7 6 4 22 25) , 2000 , none,  560
2020.11.24-08.39.35,,19 , 127 , (7 6 4 22 25) , 2000 , none,  647
2020.11.24-08.39.35,,20 , 127 , (7 6 4 22 25) , 2000 , none,  581
2020.11.24-08.39.35,,21 , 127 , (7 6 4 22 25) , 2000 , none,  637
2020.11.24-08.39.35,,22 , 127 , (7 6 4 22 25) , 2000 , none,  563
2020.11.24-08.39.35,,23 , 127 , (7 6 4 22 25) , 2000 , none,  602
2020.11.24-08.39.35,,24 , 127 , (7 6 4 22 25) , 2000 , none,  558
2020.11.24-08.39.35,,25 , 127 , (7 6 4 22 25) , 2000 , none,  514
2020.11.24-08.39.35,,26 , 127 , (7 6 4 22 25) , 2000 , none,  607
2020.11.24-08.39.35,,27 , 127 , (7 6 4 22 25) , 2000 , none,  577
2020.11.24-08.39.35,,28 , 127 , (7 6 4 22 25) , 2000 , none,  575
2020.11.24-08.39.35,,29 , 127 , (7 6 4 22 25) , 2000 , none,  601
2020.11.24-08.39.35,,30 , 127 , (7 6 4 22 25) , 2000 , none,  603
2020.11.24-08.39.35,,31 , 127 , (7 6 4 22 25) , 2000 , none,  594
2020.11.24-08.39.35,,32 , 127 , (7 6 4 22 25) , 2000 , none,  570
2020.11.24-08.39.35,,33 , 127 , (7 6 4 22 25) , 2000 , none,  615
2020.11.24-08.39.35,,34 , 127 , (7 6 4 22 25) , 2000 , none,  600
2020.11.24-08.39.35,,35 , 127 , (7 6 4 22 25) , 2000 , none,  634
2020.11.24-08.39.35,,36 , 127 , (7 6 4 22 25) , 2000 , none,  571
2020.11.24-08.39.35,,37 , 127 , (7 6 4 22 25) , 2000 , none,  580
2020.11.24-08.39.35,,38 , 127 , (7 6 4 22 25) , 2000 , none,  599
2020.11.24-08.39.35,,39 , 127 , (7 6 4 22 25) , 2000 , none,  599
2020.11.24-08.39.35,,40 , 127 , (7 6 4 22 25) , 2000 , none,  548
2020.11.24-08.39.35,,41 , 127 , (7 6 4 22 25) , 2000 , none,  555
2020.11.24-08.39.35,,42 , 127 , (7 6 4 22 25) , 2000 , none,  610
2020.11.24-08.39.35,,43 , 127 , (7 6 4 22 25) , 2000 , none,  585
2020.11.24-08.39.35,,44 , 127 , (7 6 4 22 25) , 2000 , none,  613
2020.11.24-08.39.35,,45 , 127 , (7 6 4 22 25) , 2000 , none,  595
2020.11.24-08.39.35,,46 , 127 , (7 6 4 22 25) , 2000 , none,  548
2020.11.24-08.39.35,,47 , 127 , (7 6 4 22 25) , 2000 , none,  581
2020.11.24-08.39.35,,48 , 127 , (7 6 4 22 25) , 2000 , none,  545
2020.11.24-08.39.35,,49 , 127 , (7 6 4 22 25) , 2000 , none,  531
2020.11.24-08.39.35,,50 , 127 , (7 6 4 22 25) , 2000 , none,  572
2020.11.24-08.39.35,,51 , 127 , (7 6 4 22 25) , 2000 , none,  565
2020.11.24-08.39.35,,52 , 127 , (7 6 4 22 25) , 2000 , none,  541
2020.11.24-08.39.35,,53 , 127 , (7 6 4 22 25) , 2000 , none,  627
2020.11.24-08.39.35,,54 , 127 , (7 6 4 22 25) , 2000 , none,  612
2020.11.24-08.39.35,,55 , 127 , (7 6 4 22 25) , 2000 , none,  626
2020.11.24-08.39.35,,56 , 127 , (7 6 4 22 25) , 2000 , none,  539
2020.11.24-08.39.35,,57 , 127 , (7 6 4 22 25) , 2000 , none,  590
2020.11.24-08.39.35,,58 , 127 , (7 6 4 22 25) , 2000 , none,  515
2020.11.24-08.39.35,,59 , 127 , (7 6 4 22 25) , 2000 , none,  577
2020.11.24-08.39.35,,60 , 127 , (7 6 4 22 25) , 2000 , none,  622
2020.11.24-08.39.35,,61 , 127 , (7 6 4 22 25) , 2000 , none,  544
2020.11.24-08.39.35,,62 , 127 , (7 6 4 22 25) , 2000 , none,  535
2020.11.24-08.39.35,,63 , 127 , (7 6 4 22 25) , 2000 , none,  606
2020.11.24-08.39.35,,64 , 127 , (7 6 4 22 25) , 2000 , none,  547
2020.11.24-08.39.35,,65 , 127 , (7 6 4 22 25) , 2000 , none,  539
2020.11.24-08.39.35,,66 , 127 , (7 6 4 22 25) , 2000 , none,  609
2020.11.24-08.39.35,,67 , 127 , (7 6 4 22 25) , 2000 , none,  621
2020.11.24-08.39.35,,68 , 127 , (7 6 4 22 25) , 2000 , none,  580
2020.11.24-08.39.35,,69 , 127 , (7 6 4 22 25) , 2000 , none,  557
2020.11.24-08.39.35,,70 , 127 , (7 6 4 22 25) , 2000 , none,  608
2020.11.24-08.39.35,,71 , 127 , (7 6 4 22 25) , 2000 , none,  650
2020.11.24-08.39.35,,72 , 127 , (7 6 4 22 25) , 2000 , none,  622
2020.11.24-08.39.35,,73 , 127 , (7 6 4 22 25) , 2000 , none,  641
2020.11.24-08.39.35,,74 , 127 , (7 6 4 22 25) , 2000 , none,  630
2020.11.24-08.39.35,,75 , 127 , (7 6 4 22 25) , 2000 , none,  587
2020.11.24-08.39.35,,76 , 127 , (7 6 4 22 25) , 2000 , none,  595
2020.11.24-08.39.35,,77 , 127 , (7 6 4 22 25) , 2000 , none,  596
2020.11.24-08.39.35,,78 , 127 , (7 6 4 22 25) , 2000 , none,  599
2020.11.24-08.39.35,,79 , 127 , (7 6 4 22 25) , 2000 , none,  655
2020.11.24-08.39.35,,80 , 127 , (7 6 4 22 25) , 2000 , none,  605
2020.11.24-08.39.35,,81 , 127 , (7 6 4 22 25) , 2000 , none,  624
2020.11.24-08.39.35,,82 , 127 , (7 6 4 22 25) , 2000 , none,  598
2020.11.24-08.39.35,,83 , 127 , (7 6 4 22 25) , 2000 , none,  581
2020.11.24-08.39.35,,84 , 127 , (7 6 4 22 25) , 2000 , none,  563
2020.11.24-08.39.35,,85 , 127 , (7 6 4 22 25) , 2000 , none,  553
2020.11.24-08.39.35,,86 , 127 , (7 6 4 22 25) , 2000 , none,  553
2020.11.24-08.39.35,,87 , 127 , (7 6 4 22 25) , 2000 , none,  629
2020.11.24-08.39.35,,88 , 127 , (7 6 4 22 25) , 2000 , none,  616
2020.11.24-08.39.35,,89 , 127 , (7 6 4 22 25) , 2000 , none,  570
2020.11.24-08.39.35,,90 , 127 , (7 6 4 22 25) , 2000 , none,  520
2020.11.24-08.39.35,,91 , 127 , (7 6 4 22 25) , 2000 , none,  638
2020.11.24-08.39.35,,92 , 127 , (7 6 4 22 25) , 2000 , none,  581
2020.11.24-08.39.35,,93 , 127 , (7 6 4 22 25) , 2000 , none,  512
2020.11.24-08.39.35,,94 , 127 , (7 6 4 22 25) , 2000 , none,  577
2020.11.24-08.39.35,,95 , 127 , (7 6 4 22 25) , 2000 , none,  549
2020.11.24-08.39.35,,96 , 127 , (7 6 4 22 25) , 2000 , none,  567
2020.11.24-08.39.35,,97 , 127 , (7 6 4 22 25) , 2000 , none,  576
2020.11.24-08.39.35,,98 , 127 , (7 6 4 22 25) , 2000 , none,  599
2020.11.24-08.39.35,,99 , 127 , (7 6 4 22 25) , 2000 , none,  479
2020.11.24-08.39.35,,0 , 41 , (5 16 22 25 1) , 685 , (25+16)=41 , 254
2020.11.24-08.39.35,,1 , 41 , (5 16 22 25 1) , 188 , ((25+22)-(1+5))=41 , 69
2020.11.24-08.39.35,,2 , 41 , (5 16 22 25 1) , 2000 , none,  747
2020.11.24-08.39.35,,3 , 41 , (5 16 22 25 1) , 2000 , none,  772
2020.11.24-08.39.35,,4 , 41 , (5 16 22 25 1) , 1428 , ((22+25)-(1+5))=41 , 542
2020.11.24-08.39.35,,5 , 41 , (5 16 22 25 1) , 174 , ((22+25)-(5+1))=41 , 37
2020.11.24-08.39.35,,6 , 41 , (5 16 22 25 1) , 1179 , ((22+25)-(1+5))=41 , 367
2020.11.24-08.39.35,,7 , 41 , (5 16 22 25 1) , 304 , ((22+25)-(5+1))=41 , 90
2020.11.24-08.39.35,,8 , 41 , (5 16 22 25 1) , 1445 , (16+25)=41 , 519
2020.11.24-08.39.35,,9 , 41 , (5 16 22 25 1) , 22 , (16+25)=41 , 0
2020.11.24-08.39.35,,10 , 41 , (5 16 22 25 1) , 360 , ((22+25)-(5+1))=41 , 106
2020.11.24-08.39.35,,11 , 41 , (5 16 22 25 1) , 195 , ((22+25)-(5+1))=41 , 65
2020.11.24-08.39.35,,12 , 41 , (5 16 22 25 1) , 797 , ((25+22)-(1+5))=41 , 275
2020.11.24-08.39.35,,13 , 41 , (5 16 22 25 1) , 200 , ((25+22)-(1+5))=41 , 81
2020.11.24-08.39.35,,14 , 41 , (5 16 22 25 1) , 35 , (16+25)=41 , 0
2020.11.24-08.39.35,,15 , 41 , (5 16 22 25 1) , 2000 , none,  711
2020.11.24-08.39.35,,16 , 41 , (5 16 22 25 1) , 535 , (16+25)=41 , 227
2020.11.24-08.39.35,,17 , 41 , (5 16 22 25 1) , 2000 , none,  772
2020.11.24-08.39.35,,18 , 41 , (5 16 22 25 1) , 114 , ((22+25)-(1+5))=41 , 19
2020.11.24-08.39.35,,19 , 41 , (5 16 22 25 1) , 2000 , none,  679
2020.11.24-08.39.35,,20 , 41 , (5 16 22 25 1) , 838 , ((22+25)-(5+1))=41 , 319
2020.11.24-08.39.35,,21 , 41 , (5 16 22 25 1) , 155 , (16+25)=41 , 35
2020.11.24-08.39.35,,22 , 41 , (5 16 22 25 1) , 1618 , ((25+22)-(5+1))=41 , 591
2020.11.24-08.39.35,,23 , 41 , (5 16 22 25 1) , 723 , ((22+25)-(1+5))=41 , 245
2020.11.24-08.39.35,,24 , 41 , (5 16 22 25 1) , 65 , (16+25)=41 , 15
2020.11.24-08.39.35,,25 , 41 , (5 16 22 25 1) , 999 , ((22+25)-(5+1))=41 , 359
2020.11.24-08.39.35,,26 , 41 , (5 16 22 25 1) , 2000 , none,  765
2020.11.24-08.39.35,,27 , 41 , (5 16 22 25 1) , 910 , ((25+22)-(5+1))=41 , 314
2020.11.24-08.39.35,,28 , 41 , (5 16 22 25 1) , 1665 , (16+25)=41 , 498
2020.11.24-08.39.35,,29 , 41 , (5 16 22 25 1) , 159 , ((22+25)-(1+5))=41 , 43
2020.11.24-08.39.35,,30 , 41 , (5 16 22 25 1) , 1644 , ((22+25)-(5+1))=41 , 565
2020.11.24-08.39.35,,31 , 41 , (5 16 22 25 1) , 145 , (16+25)=41 , 62
2020.11.24-08.39.35,,32 , 41 , (5 16 22 25 1) , 226 , ((25+22)-(1+5))=41 , 82
2020.11.24-08.39.35,,33 , 41 , (5 16 22 25 1) , 2000 , none,  723
2020.11.24-08.39.35,,34 , 41 , (5 16 22 25 1) , 57 , ((22+25)-(1+5))=41 , 0
2020.11.24-08.39.35,,35 , 41 , (5 16 22 25 1) , 1193 , ((22+25)-(1+5))=41 , 421
2020.11.24-08.39.35,,36 , 41 , (5 16 22 25 1) , 2000 , none,  647
2020.11.24-08.39.35,,37 , 41 , (5 16 22 25 1) , 1169 , ((22+25)-(1+5))=41 , 359
2020.11.24-08.39.35,,38 , 41 , (5 16 22 25 1) , 2000 , none,  742
2020.11.24-08.39.35,,39 , 41 , (5 16 22 25 1) , 367 , ((25+22)-(5+1))=41 , 99
2020.11.24-08.39.35,,40 , 41 , (5 16 22 25 1) , 447 , ((22+25)-(5+1))=41 , 166
2020.11.24-08.39.35,,41 , 41 , (5 16 22 25 1) , 665 , (25+16)=41 , 233
2020.11.24-08.39.35,,42 , 41 , (5 16 22 25 1) , 1660 , ((22+25)-(1+5))=41 , 682
2020.11.24-08.39.35,,43 , 41 , (5 16 22 25 1) , 725 , (16+25)=41 , 250
2020.11.24-08.39.35,,44 , 41 , (5 16 22 25 1) , 405 , ((22+25)-(1+5))=41 , 148
2020.11.24-08.39.35,,45 , 41 , (5 16 22 25 1) , 2000 , none,  630
2020.11.24-08.39.35,,46 , 41 , (5 16 22 25 1) , 666 , ((22+25)-(1+5))=41 , 213
2020.11.24-08.39.35,,47 , 41 , (5 16 22 25 1) , 293 , (16+25)=41 , 84
2020.11.24-08.39.35,,48 , 41 , (5 16 22 25 1) , 349 , ((22+25)-(1+5))=41 , 135
2020.11.24-08.39.35,,49 , 41 , (5 16 22 25 1) , 2000 , none,  685
2020.11.24-08.39.35,,50 , 41 , (5 16 22 25 1) , 160 , ((22+25)-(1+5))=41 , 45
2020.11.24-08.39.35,,51 , 41 , (5 16 22 25 1) , 870 , ((22+25)-(5+1))=41 , 320
2020.11.24-08.39.35,,52 , 41 , (5 16 22 25 1) , 245 , (16+25)=41 , 118
2020.11.24-08.39.35,,53 , 41 , (5 16 22 25 1) , 2000 , none,  662
2020.11.24-08.39.35,,54 , 41 , (5 16 22 25 1) , 676 , (16+25)=41 , 220
2020.11.24-08.39.35,,55 , 41 , (5 16 22 25 1) , 2000 , none,  740
2020.11.24-08.39.35,,56 , 41 , (5 16 22 25 1) , 285 , (16+25)=41 , 80
2020.11.24-08.39.35,,57 , 41 , (5 16 22 25 1) , 2000 , none,  712
2020.11.24-08.39.35,,58 , 41 , (5 16 22 25 1) , 1635 , (16+25)=41 , 714
2020.11.24-08.39.35,,59 , 41 , (5 16 22 25 1) , 85 , (16+25)=41 , 23
2020.11.24-08.39.35,,60 , 41 , (5 16 22 25 1) , 1326 , (16+25)=41 , 397
2020.11.24-08.39.35,,61 , 41 , (5 16 22 25 1) , 1448 , ((25+22)-(1+5))=41 , 497
2020.11.24-08.39.35,,62 , 41 , (5 16 22 25 1) , 309 , ((22+25)-(5+1))=41 , 97
2020.11.24-08.39.35,,63 , 41 , (5 16 22 25 1) , 2000 , none,  748
2020.11.24-08.39.35,,64 , 41 , (5 16 22 25 1) , 1573 , (25+16)=41 , 688
2020.11.24-08.39.35,,65 , 41 , (5 16 22 25 1) , 265 , (16+25)=41 , 80
2020.11.24-08.39.35,,66 , 41 , (5 16 22 25 1) , 195 , (16+25)=41 , 100
2020.11.24-08.39.35,,67 , 41 , (5 16 22 25 1) , 1359 , ((22+25)-(5+1))=41 , 473
2020.11.24-08.39.35,,68 , 41 , (5 16 22 25 1) , 808 , (25+16)=41 , 297
2020.11.24-08.39.35,,69 , 41 , (5 16 22 25 1) , 919 , ((22+25)-(1+5))=41 , 309
2020.11.24-08.39.35,,70 , 41 , (5 16 22 25 1) , 259 , ((25+22)-(5+1))=41 , 55
2020.11.24-08.39.35,,71 , 41 , (5 16 22 25 1) , 2000 , none,  695
2020.11.24-08.39.35,,72 , 41 , (5 16 22 25 1) , 694 , (25+16)=41 , 315
2020.11.24-08.39.35,,73 , 41 , (5 16 22 25 1) , 2000 , none,  639
2020.11.24-08.39.35,,74 , 41 , (5 16 22 25 1) , 465 , (16+25)=41 , 212
2020.11.24-08.39.35,,75 , 41 , (5 16 22 25 1) , 700 , ((25+22)-(1+5))=41 , 250
2020.11.24-08.39.35,,76 , 41 , (5 16 22 25 1) , 2000 , none,  775
2020.11.24-08.39.35,,77 , 41 , (5 16 22 25 1) , 739 , ((22+25)-(5+1))=41 , 309
2020.11.24-08.39.35,,78 , 41 , (5 16 22 25 1) , 2000 , none,  631
2020.11.24-08.39.35,,79 , 41 , (5 16 22 25 1) , 398 , (16+25)=41 , 139
2020.11.24-08.39.35,,80 , 41 , (5 16 22 25 1) , 544 , (16+25)=41 , 211
2020.11.24-08.39.35,,81 , 41 , (5 16 22 25 1) , 2000 , none,  579
2020.11.24-08.39.35,,82 , 41 , (5 16 22 25 1) , 676 , ((22+25)-(1+5))=41 , 256
2020.11.24-08.39.35,,83 , 41 , (5 16 22 25 1) , 210 , ((25+22)-(5+1))=41 , 67
2020.11.24-08.39.35,,84 , 41 , (5 16 22 25 1) , 908 , ((22+25)-(1+5))=41 , 311
2020.11.24-08.39.35,,85 , 41 , (5 16 22 25 1) , 249 , ((22+25)-(1+5))=41 , 84
2020.11.24-08.39.35,,86 , 41 , (5 16 22 25 1) , 615 , (25+16)=41 , 237
2020.11.24-08.39.35,,87 , 41 , (5 16 22 25 1) , 1064 , (16+25)=41 , 263
2020.11.24-08.39.35,,88 , 41 , (5 16 22 25 1) , 2000 , none,  767
2020.11.24-08.39.35,,89 , 41 , (5 16 22 25 1) , 805 , (25+16)=41 , 233
2020.11.24-08.39.35,,90 , 41 , (5 16 22 25 1) , 1027 , ((22+25)-(1+5))=41 , 400
2020.11.24-08.39.35,,91 , 41 , (5 16 22 25 1) , 94 , (25+16)=41 , 39
2020.11.24-08.39.35,,92 , 41 , (5 16 22 25 1) , 90 , ((22+25)-(5+1))=41 , 23
2020.11.24-08.39.35,,93 , 41 , (5 16 22 25 1) , 815 , (16+25)=41 , 355
2020.11.24-08.39.35,,94 , 41 , (5 16 22 25 1) , 99 , ((22+25)-(5+1))=41 , 25
2020.11.24-08.39.35,,95 , 41 , (5 16 22 25 1) , 934 , (25+16)=41 , 368
2020.11.24-08.39.35,,96 , 41 , (5 16 22 25 1) , 1402 , ((22+25)-(1+5))=41 , 512
2020.11.24-08.39.35,,97 , 41 , (5 16 22 25 1) , 1109 , ((25+22)-(1+5))=41 , 425
2020.11.24-08.39.35,,98 , 41 , (5 16 22 25 1) , 138 , ((22+25)-(1+5))=41 , 47
2020.11.24-08.39.35,,99 , 41 , (5 16 22 25 1) , 1195 , (16+25)=41 , 438
