2020.08.23-19.01.00,v1.05-9-g3660ae9,0 , 114 , (11 20 7 1 6) , 76 , ((6 * 20) - (7 - 1)) , 1
2020.08.23-19.01.00,v1.05-9-g3660ae9,1 , 114 , (11 20 7 1 6) , 428 , ((6 * 20) - (7 - 1)) , 117
2020.08.23-19.01.00,v1.05-9-g3660ae9,2 , 114 , (11 20 7 1 6) , 91 , ((6 * 20) - (7 - 1)) , 14
2020.08.23-19.01.00,v1.05-9-g3660ae9,3 , 114 , (11 20 7 1 6) , 1426 , ((6 * 20) - (7 - 1)) , 425
2020.08.23-19.01.00,v1.05-9-g3660ae9,4 , 114 , (11 20 7 1 6) , 738 , ((6 * 20) - (7 - 1)) , 209
2020.08.23-19.01.00,v1.05-9-g3660ae9,5 , 114 , (11 20 7 1 6) , 209 , ((6 * 20) - (7 - 1)) , 56
2020.08.23-19.01.00,v1.05-9-g3660ae9,6 , 114 , (11 20 7 1 6) , 1500 , ((20 * 6) - (7 - 1)) , 453
2020.08.23-19.01.00,v1.05-9-g3660ae9,7 , 114 , (11 20 7 1 6) , 1314 , ((6 * 20) - (7 - 1)) , 411
2020.08.23-19.01.00,v1.05-9-g3660ae9,8 , 114 , (11 20 7 1 6) , 538 , ((6 * 20) - (7 - 1)) , 167
2020.08.23-19.01.00,v1.05-9-g3660ae9,9 , 114 , (11 20 7 1 6) , 1560 , ((6 * 20) - (7 - 1)) , 479
2020.08.23-19.01.00,v1.05-9-g3660ae9,10 , 114 , (11 20 7 1 6) , 82 , ((6 * 20) - (7 - 1)) , 6
2020.08.23-19.01.00,v1.05-9-g3660ae9,11 , 114 , (11 20 7 1 6) , 1047 , ((6 * 20) - (7 - 1)) , 332
2020.08.23-19.01.00,v1.05-9-g3660ae9,12 , 114 , (11 20 7 1 6) , 612 , ((6 * 20) - (7 - 1)) , 170
2020.08.23-19.01.00,v1.05-9-g3660ae9,13 , 114 , (11 20 7 1 6) , 2000 , none,  592
2020.08.23-19.01.00,v1.05-9-g3660ae9,14 , 114 , (11 20 7 1 6) , 599 , ((6 * 20) - (7 - 1)) , 155
2020.08.23-19.01.00,v1.05-9-g3660ae9,15 , 114 , (11 20 7 1 6) , 238 , ((6 * 20) - (7 - 1)) , 31
2020.08.23-19.01.00,v1.05-9-g3660ae9,16 , 114 , (11 20 7 1 6) , 1314 , ((20 * 6) - (7 - 1)) , 403
2020.08.23-19.01.00,v1.05-9-g3660ae9,17 , 114 , (11 20 7 1 6) , 2000 , none,  551
2020.08.23-19.01.00,v1.05-9-g3660ae9,18 , 114 , (11 20 7 1 6) , 2000 , none,  652
2020.08.23-19.01.00,v1.05-9-g3660ae9,19 , 114 , (11 20 7 1 6) , 819 , ((6 * 20) - (7 - 1)) , 237
2020.08.23-19.01.00,v1.05-9-g3660ae9,20 , 114 , (11 20 7 1 6) , 337 , ((6 * 20) - (7 - 1)) , 67
2020.08.23-19.01.00,v1.05-9-g3660ae9,21 , 114 , (11 20 7 1 6) , 99 , ((6 * 20) - (7 - 1)) , 9
2020.08.23-19.01.00,v1.05-9-g3660ae9,22 , 114 , (11 20 7 1 6) , 218 , ((20 * 6) - (7 - 1)) , 45
2020.08.23-19.01.00,v1.05-9-g3660ae9,23 , 114 , (11 20 7 1 6) , 829 , ((6 * 20) - (7 - 1)) , 213
2020.08.23-19.01.00,v1.05-9-g3660ae9,24 , 114 , (11 20 7 1 6) , 480 , ((6 * 20) - (7 - 1)) , 104
2020.08.23-19.01.00,v1.05-9-g3660ae9,25 , 114 , (11 20 7 1 6) , 655 , ((6 * 20) - (7 - 1)) , 167
2020.08.23-19.01.00,v1.05-9-g3660ae9,26 , 114 , (11 20 7 1 6) , 500 , ((20 * 6) - (7 - 1)) , 126
2020.08.23-19.01.00,v1.05-9-g3660ae9,27 , 114 , (11 20 7 1 6) , 720 , ((20 * 6) - (7 - 1)) , 205
2020.08.23-19.01.00,v1.05-9-g3660ae9,28 , 114 , (11 20 7 1 6) , 227 , ((6 * 20) - (7 - 1)) , 56
2020.08.23-19.01.00,v1.05-9-g3660ae9,29 , 114 , (11 20 7 1 6) , 509 , ((6 * 20) - (7 - 1)) , 111
2020.08.23-19.01.00,v1.05-9-g3660ae9,30 , 114 , (11 20 7 1 6) , 467 , ((6 * 20) - (7 - 1)) , 148
2020.08.23-19.01.00,v1.05-9-g3660ae9,31 , 114 , (11 20 7 1 6) , 830 , ((6 * 20) - (7 - 1)) , 220
2020.08.23-19.01.00,v1.05-9-g3660ae9,32 , 114 , (11 20 7 1 6) , 1478 , ((6 * 20) - (7 - 1)) , 456
2020.08.23-19.01.00,v1.05-9-g3660ae9,33 , 114 , (11 20 7 1 6) , 385 , ((20 * 6) - (7 - 1)) , 89
2020.08.23-19.01.00,v1.05-9-g3660ae9,34 , 114 , (11 20 7 1 6) , 247 , ((6 * 20) - (7 - 1)) , 30
2020.08.23-19.01.00,v1.05-9-g3660ae9,35 , 114 , (11 20 7 1 6) , 77 , ((6 * 20) - (7 - 1)) , 1
2020.08.23-19.01.00,v1.05-9-g3660ae9,36 , 114 , (11 20 7 1 6) , 609 , ((6 * 20) - (7 - 1)) , 112
2020.08.23-19.01.00,v1.05-9-g3660ae9,37 , 114 , (11 20 7 1 6) , 372 , ((6 * 20) - (7 - 1)) , 87
2020.08.23-19.01.00,v1.05-9-g3660ae9,38 , 114 , (11 20 7 1 6) , 209 , ((20 * 6) - (7 - 1)) , 45
2020.08.23-19.01.00,v1.05-9-g3660ae9,39 , 114 , (11 20 7 1 6) , 110 , ((6 * 20) - (7 - 1)) , 14
2020.08.23-19.01.00,v1.05-9-g3660ae9,40 , 114 , (11 20 7 1 6) , 1545 , ((20 * 6) - (7 - 1)) , 440
2020.08.23-19.01.00,v1.05-9-g3660ae9,41 , 114 , (11 20 7 1 6) , 306 , ((6 * 20) - (7 - 1)) , 83
2020.08.23-19.01.00,v1.05-9-g3660ae9,42 , 114 , (11 20 7 1 6) , 69 , ((6 * 20) - (7 - 1)) , 0
2020.08.23-19.01.00,v1.05-9-g3660ae9,43 , 114 , (11 20 7 1 6) , 127 , ((6 * 20) - (7 - 1)) , 13
2020.08.23-19.01.00,v1.05-9-g3660ae9,44 , 114 , (11 20 7 1 6) , 235 , ((6 * 20) - (7 - 1)) , 58
2020.08.23-19.01.00,v1.05-9-g3660ae9,45 , 114 , (11 20 7 1 6) , 779 , ((6 * 20) - (7 - 1)) , 205
2020.08.23-19.01.00,v1.05-9-g3660ae9,46 , 114 , (11 20 7 1 6) , 178 , ((6 * 20) - (7 - 1)) , 33
2020.08.23-19.01.00,v1.05-9-g3660ae9,47 , 114 , (11 20 7 1 6) , 653 , ((20 * 6) - (7 - 1)) , 169
2020.08.23-19.01.00,v1.05-9-g3660ae9,48 , 114 , (11 20 7 1 6) , 128 , ((20 * 6) - (7 - 1)) , 19
2020.08.23-19.01.00,v1.05-9-g3660ae9,49 , 114 , (11 20 7 1 6) , 60 , ((6 * 20) - (7 - 1)) , 0
2020.08.23-19.01.00,v1.05-9-g3660ae9,50 , 114 , (11 20 7 1 6) , 896 , ((6 * 20) - (7 - 1)) , 263
2020.08.23-19.01.00,v1.05-9-g3660ae9,51 , 114 , (11 20 7 1 6) , 1030 , ((6 * 20) - (7 - 1)) , 310
2020.08.23-19.01.00,v1.05-9-g3660ae9,52 , 114 , (11 20 7 1 6) , 629 , ((6 * 20) - (7 - 1)) , 168
2020.08.23-19.01.00,v1.05-9-g3660ae9,53 , 114 , (11 20 7 1 6) , 121 , ((6 * 20) - (7 - 1)) , 18
2020.08.23-19.01.00,v1.05-9-g3660ae9,54 , 114 , (11 20 7 1 6) , 483 , ((6 * 20) - (7 - 1)) , 125
2020.08.23-19.01.00,v1.05-9-g3660ae9,55 , 114 , (11 20 7 1 6) , 428 , ((6 * 20) - (7 - 1)) , 121
2020.08.23-19.01.00,v1.05-9-g3660ae9,56 , 114 , (11 20 7 1 6) , 250 , ((6 * 20) - (7 - 1)) , 38
2020.08.23-19.01.00,v1.05-9-g3660ae9,57 , 114 , (11 20 7 1 6) , 468 , ((20 * 6) - (7 - 1)) , 116
2020.08.23-19.01.00,v1.05-9-g3660ae9,58 , 114 , (11 20 7 1 6) , 434 , ((6 * 20) - (7 - 1)) , 85
2020.08.23-19.01.00,v1.05-9-g3660ae9,59 , 114 , (11 20 7 1 6) , 107 , ((6 * 20) - (7 - 1)) , 15
2020.08.23-19.01.00,v1.05-9-g3660ae9,60 , 114 , (11 20 7 1 6) , 418 , ((6 * 20) - (7 - 1)) , 99
2020.08.23-19.01.00,v1.05-9-g3660ae9,61 , 114 , (11 20 7 1 6) , 58 , ((6 * 20) - (7 - 1)) , 0
2020.08.23-19.01.00,v1.05-9-g3660ae9,62 , 114 , (11 20 7 1 6) , 237 , ((6 * 20) - (7 - 1)) , 30
2020.08.23-19.01.00,v1.05-9-g3660ae9,63 , 114 , (11 20 7 1 6) , 897 , ((6 * 20) - (7 - 1)) , 227
2020.08.23-19.01.00,v1.05-9-g3660ae9,64 , 114 , (11 20 7 1 6) , 198 , ((6 * 20) - (7 - 1)) , 38
2020.08.23-19.01.00,v1.05-9-g3660ae9,65 , 114 , (11 20 7 1 6) , 586 , ((6 * 20) - (7 - 1)) , 162
2020.08.23-19.01.00,v1.05-9-g3660ae9,66 , 114 , (11 20 7 1 6) , 158 , ((20 * 6) - (7 - 1)) , 19
2020.08.23-19.01.00,v1.05-9-g3660ae9,67 , 114 , (11 20 7 1 6) , 328 , ((6 * 20) - (7 - 1)) , 85
2020.08.23-19.01.00,v1.05-9-g3660ae9,68 , 114 , (11 20 7 1 6) , 251 , ((20 * 6) - (7 - 1)) , 58
2020.08.23-19.01.00,v1.05-9-g3660ae9,69 , 114 , (11 20 7 1 6) , 118 , ((20 * 6) - (7 - 1)) , 17
2020.08.23-19.01.00,v1.05-9-g3660ae9,70 , 114 , (11 20 7 1 6) , 237 , ((6 * 20) - (7 - 1)) , 52
2020.08.23-19.01.00,v1.05-9-g3660ae9,71 , 114 , (11 20 7 1 6) , 122 , ((6 * 20) - (7 - 1)) , 19
2020.08.23-19.01.00,v1.05-9-g3660ae9,72 , 114 , (11 20 7 1 6) , 278 , ((20 * 6) - (7 - 1)) , 54
2020.08.23-19.01.00,v1.05-9-g3660ae9,73 , 114 , (11 20 7 1 6) , 1029 , ((6 * 20) - (7 - 1)) , 285
2020.08.23-19.01.00,v1.05-9-g3660ae9,74 , 114 , (11 20 7 1 6) , 358 , ((6 * 20) - (7 - 1)) , 100
2020.08.23-19.01.00,v1.05-9-g3660ae9,75 , 114 , (11 20 7 1 6) , 55 , ((6 * 20) - (7 - 1)) , 0
2020.08.23-19.01.00,v1.05-9-g3660ae9,76 , 114 , (11 20 7 1 6) , 368 , ((6 * 20) - (7 - 1)) , 90
2020.08.23-19.01.00,v1.05-9-g3660ae9,77 , 114 , (11 20 7 1 6) , 347 , ((6 * 20) - (7 - 1)) , 82
2020.08.23-19.01.00,v1.05-9-g3660ae9,78 , 114 , (11 20 7 1 6) , 92 , ((6 * 20) - (7 - 1)) , 12
2020.08.23-19.01.00,v1.05-9-g3660ae9,79 , 114 , (11 20 7 1 6) , 207 , ((6 * 20) - (7 - 1)) , 41
2020.08.23-19.01.00,v1.05-9-g3660ae9,80 , 114 , (11 20 7 1 6) , 378 , ((6 * 20) - (7 - 1)) , 114
2020.08.23-19.01.00,v1.05-9-g3660ae9,81 , 114 , (11 20 7 1 6) , 1018 , ((20 * 6) - (7 - 1)) , 327
2020.08.23-19.01.00,v1.05-9-g3660ae9,82 , 114 , (11 20 7 1 6) , 400 , ((6 * 20) - (7 - 1)) , 85
2020.08.23-19.01.00,v1.05-9-g3660ae9,83 , 114 , (11 20 7 1 6) , 69 , ((20 * 6) - (7 - 1)) , 0
2020.08.23-19.01.00,v1.05-9-g3660ae9,84 , 114 , (11 20 7 1 6) , 2000 , none,  625
2020.08.23-19.01.00,v1.05-9-g3660ae9,85 , 114 , (11 20 7 1 6) , 508 , ((6 * 20) - (7 - 1)) , 127
2020.08.23-19.01.00,v1.05-9-g3660ae9,86 , 114 , (11 20 7 1 6) , 1389 , ((6 * 20) - (7 - 1)) , 403
2020.08.23-19.01.00,v1.05-9-g3660ae9,87 , 114 , (11 20 7 1 6) , 439 , ((6 * 20) - (7 - 1)) , 107
2020.08.23-19.01.00,v1.05-9-g3660ae9,88 , 114 , (11 20 7 1 6) , 1009 , ((20 * 6) - (7 - 1)) , 342
2020.08.23-19.01.00,v1.05-9-g3660ae9,89 , 114 , (11 20 7 1 6) , 278 , ((6 * 20) - (7 - 1)) , 66
2020.08.23-19.01.00,v1.05-9-g3660ae9,90 , 114 , (11 20 7 1 6) , 1039 , ((6 * 20) - (7 - 1)) , 280
2020.08.23-19.01.00,v1.05-9-g3660ae9,91 , 114 , (11 20 7 1 6) , 326 , ((6 * 20) - (7 - 1)) , 61
2020.08.23-19.01.00,v1.05-9-g3660ae9,92 , 114 , (11 20 7 1 6) , 2000 , none,  589
2020.08.23-19.01.00,v1.05-9-g3660ae9,93 , 114 , (11 20 7 1 6) , 80 , ((6 * 20) - (7 - 1)) , 13
2020.08.23-19.01.00,v1.05-9-g3660ae9,94 , 114 , (11 20 7 1 6) , 488 , ((6 * 20) - (7 - 1)) , 152
2020.08.23-19.01.00,v1.05-9-g3660ae9,95 , 114 , (11 20 7 1 6) , 91 , ((6 * 20) - (7 - 1)) , 1
2020.08.23-19.01.00,v1.05-9-g3660ae9,96 , 114 , (11 20 7 1 6) , 664 , ((20 * 6) - (7 - 1)) , 178
2020.08.23-19.01.00,v1.05-9-g3660ae9,97 , 114 , (11 20 7 1 6) , 1095 , ((6 * 20) - (7 - 1)) , 317
2020.08.23-19.01.00,v1.05-9-g3660ae9,98 , 114 , (11 20 7 1 6) , 1772 , ((20 * 6) - (7 - 1)) , 544
2020.08.23-19.01.00,v1.05-9-g3660ae9,99 , 114 , (11 20 7 1 6) , 2000 , none,  569
2020.08.23-19.01.00,v1.05-9-g3660ae9,0 , 87 , (8 3 9 10 7) , 2000 , none,  665
2020.08.23-19.01.00,v1.05-9-g3660ae9,1 , 87 , (8 3 9 10 7) , 2000 , none,  671
2020.08.23-19.01.00,v1.05-9-g3660ae9,2 , 87 , (8 3 9 10 7) , 335 , ((8 * 10) + 7) , 93
2020.08.23-19.01.00,v1.05-9-g3660ae9,3 , 87 , (8 3 9 10 7) , 395 , ((9 * 10) - 3) , 85
2020.08.23-19.01.00,v1.05-9-g3660ae9,4 , 87 , (8 3 9 10 7) , 2000 , none,  675
2020.08.23-19.01.00,v1.05-9-g3660ae9,5 , 87 , (8 3 9 10 7) , 2000 , none,  642
2020.08.23-19.01.00,v1.05-9-g3660ae9,6 , 87 , (8 3 9 10 7) , 2000 , none,  651
2020.08.23-19.01.00,v1.05-9-g3660ae9,7 , 87 , (8 3 9 10 7) , 366 , ((9 * 7) + (3 * 8)) , 99
2020.08.23-19.01.00,v1.05-9-g3660ae9,8 , 87 , (8 3 9 10 7) , 167 , ((9 * 10) - 3) , 37
2020.08.23-19.01.00,v1.05-9-g3660ae9,9 , 87 , (8 3 9 10 7) , 374 , ((8 * 10) + 7) , 102
2020.08.23-19.01.00,v1.05-9-g3660ae9,10 , 87 , (8 3 9 10 7) , 166 , ((7 * 10) + (8 + 9)) , 25
2020.08.23-19.01.00,v1.05-9-g3660ae9,11 , 87 , (8 3 9 10 7) , 1078 , ((9 * 10) - 3) , 346
2020.08.23-19.01.00,v1.05-9-g3660ae9,12 , 87 , (8 3 9 10 7) , 387 , ((7 * 10) + (9 + 8)) , 82
2020.08.23-19.01.00,v1.05-9-g3660ae9,13 , 87 , (8 3 9 10 7) , 321 , ((9 * 10) - 3) , 90
2020.08.23-19.01.00,v1.05-9-g3660ae9,14 , 87 , (8 3 9 10 7) , 2000 , none,  683
2020.08.23-19.01.00,v1.05-9-g3660ae9,15 , 87 , (8 3 9 10 7) , 78 , ((9 * 10) - 3) , 0
2020.08.23-19.01.00,v1.05-9-g3660ae9,16 , 87 , (8 3 9 10 7) , 249 , ((9 * 10) - 3) , 58
2020.08.23-19.01.00,v1.05-9-g3660ae9,17 , 87 , (8 3 9 10 7) , 199 , ((9 * 10) - 3) , 20
2020.08.23-19.01.00,v1.05-9-g3660ae9,18 , 87 , (8 3 9 10 7) , 947 , ((9 * 10) - 3) , 306
2020.08.23-19.01.00,v1.05-9-g3660ae9,19 , 87 , (8 3 9 10 7) , 2000 , none,  659
2020.08.23-19.01.00,v1.05-9-g3660ae9,20 , 87 , (8 3 9 10 7) , 255 , ((8 * 10) + 7) , 43
2020.08.23-19.01.00,v1.05-9-g3660ae9,21 , 87 , (8 3 9 10 7) , 2000 , none,  708
2020.08.23-19.01.00,v1.05-9-g3660ae9,22 , 87 , (8 3 9 10 7) , 2000 , none,  697
2020.08.23-19.01.00,v1.05-9-g3660ae9,23 , 87 , (8 3 9 10 7) , 104 , ((9 * 10) - 3) , 18
2020.08.23-19.01.00,v1.05-9-g3660ae9,24 , 87 , (8 3 9 10 7) , 2000 , none,  668
2020.08.23-19.01.00,v1.05-9-g3660ae9,25 , 87 , (8 3 9 10 7) , 2000 , none,  687
2020.08.23-19.01.00,v1.05-9-g3660ae9,26 , 87 , (8 3 9 10 7) , 2000 , none,  679
2020.08.23-19.01.00,v1.05-9-g3660ae9,27 , 87 , (8 3 9 10 7) , 1419 , ((8 * 10) + 7) , 473
2020.08.23-19.01.00,v1.05-9-g3660ae9,28 , 87 , (8 3 9 10 7) , 605 , ((7 * 10) + (8 + 9)) , 188
2020.08.23-19.01.00,v1.05-9-g3660ae9,29 , 87 , (8 3 9 10 7) , 718 , ((9 * 10) - 3) , 189
2020.08.23-19.01.00,v1.05-9-g3660ae9,30 , 87 , (8 3 9 10 7) , 726 , ((9 * 10) - 3) , 154
2020.08.23-19.01.00,v1.05-9-g3660ae9,31 , 87 , (8 3 9 10 7) , 725 , ((10 * 8) + 7) , 198
2020.08.23-19.01.00,v1.05-9-g3660ae9,32 , 87 , (8 3 9 10 7) , 976 , ((9 * 10) - 3) , 281
2020.08.23-19.01.00,v1.05-9-g3660ae9,33 , 87 , (8 3 9 10 7) , 346 , ((8 * 10) + 7) , 65
2020.08.23-19.01.00,v1.05-9-g3660ae9,34 , 87 , (8 3 9 10 7) , 72 , ((7 * 10) + (8 + 9)) , 0
2020.08.23-19.01.00,v1.05-9-g3660ae9,35 , 87 , (8 3 9 10 7) , 2000 , none,  698
2020.08.23-19.01.00,v1.05-9-g3660ae9,36 , 87 , (8 3 9 10 7) , 1066 , ((9 * 10) - 3) , 382
2020.08.23-19.01.00,v1.05-9-g3660ae9,37 , 87 , (8 3 9 10 7) , 753 , ((9 * 10) - 3) , 191
2020.08.23-19.01.00,v1.05-9-g3660ae9,38 , 87 , (8 3 9 10 7) , 2000 , none,  711
2020.08.23-19.01.00,v1.05-9-g3660ae9,39 , 87 , (8 3 9 10 7) , 927 , ((9 * 10) - 3) , 296
2020.08.23-19.01.00,v1.05-9-g3660ae9,40 , 87 , (8 3 9 10 7) , 200 , ((9 * 10) - 3) , 40
2020.08.23-19.01.00,v1.05-9-g3660ae9,41 , 87 , (8 3 9 10 7) , 238 , ((9 * 10) - 3) , 24
2020.08.23-19.01.00,v1.05-9-g3660ae9,42 , 87 , (8 3 9 10 7) , 678 , ((10 * 8) + 7) , 210
2020.08.23-19.01.00,v1.05-9-g3660ae9,43 , 87 , (8 3 9 10 7) , 2000 , none,  709
2020.08.23-19.01.00,v1.05-9-g3660ae9,44 , 87 , (8 3 9 10 7) , 583 , ((9 * 10) - 3) , 178
2020.08.23-19.01.00,v1.05-9-g3660ae9,45 , 87 , (8 3 9 10 7) , 53 , ((7 * 10) + (8 + 9)) , 0
2020.08.23-19.01.00,v1.05-9-g3660ae9,46 , 87 , (8 3 9 10 7) , 1590 , ((9 * 10) - 3) , 548
2020.08.23-19.01.00,v1.05-9-g3660ae9,47 , 87 , (8 3 9 10 7) , 2000 , none,  653
2020.08.23-19.01.00,v1.05-9-g3660ae9,48 , 87 , (8 3 9 10 7) , 2000 , none,  679
2020.08.23-19.01.00,v1.05-9-g3660ae9,49 , 87 , (8 3 9 10 7) , 64 , ((9 * 10) - 3) , 0
2020.08.23-19.01.00,v1.05-9-g3660ae9,50 , 87 , (8 3 9 10 7) , 81 , ((9 * 10) - 3) , 0
2020.08.23-19.01.00,v1.05-9-g3660ae9,51 , 87 , (8 3 9 10 7) , 562 , ((7 * 10) + (8 + 9)) , 124
2020.08.23-19.01.00,v1.05-9-g3660ae9,52 , 87 , (8 3 9 10 7) , 2000 , none,  647
2020.08.23-19.01.00,v1.05-9-g3660ae9,53 , 87 , (8 3 9 10 7) , 1266 , ((8 * 10) + 7) , 387
2020.08.23-19.01.00,v1.05-9-g3660ae9,54 , 87 , (8 3 9 10 7) , 2000 , none,  688
2020.08.23-19.01.00,v1.05-9-g3660ae9,55 , 87 , (8 3 9 10 7) , 76 , ((8 * 10) + 7) , 2
2020.08.23-19.01.00,v1.05-9-g3660ae9,56 , 87 , (8 3 9 10 7) , 2000 , none,  699
2020.08.23-19.01.00,v1.05-9-g3660ae9,57 , 87 , (8 3 9 10 7) , 370 , ((9 * 10) - 3) , 117
2020.08.23-19.01.00,v1.05-9-g3660ae9,58 , 87 , (8 3 9 10 7) , 128 , ((10 * 8) + 7) , 12
2020.08.23-19.01.00,v1.05-9-g3660ae9,59 , 87 , (8 3 9 10 7) , 637 , ((9 * 10) - 3) , 153
2020.08.23-19.01.00,v1.05-9-g3660ae9,60 , 87 , (8 3 9 10 7) , 2000 , none,  739
2020.08.23-19.01.00,v1.05-9-g3660ae9,61 , 87 , (8 3 9 10 7) , 69 , ((9 * 10) - 3) , 0
2020.08.23-19.01.00,v1.05-9-g3660ae9,62 , 87 , (8 3 9 10 7) , 2000 , none,  729
2020.08.23-19.01.00,v1.05-9-g3660ae9,63 , 87 , (8 3 9 10 7) , 2000 , none,  759
2020.08.23-19.01.00,v1.05-9-g3660ae9,64 , 87 , (8 3 9 10 7) , 575 , ((9 * 10) - 3) , 162
2020.08.23-19.01.00,v1.05-9-g3660ae9,65 , 87 , (8 3 9 10 7) , 830 , ((9 * 7) + (8 * 3)) , 266
2020.08.23-19.01.00,v1.05-9-g3660ae9,66 , 87 , (8 3 9 10 7) , 1299 , ((10 * 7) + (8 + 9)) , 355
2020.08.23-19.01.00,v1.05-9-g3660ae9,67 , 87 , (8 3 9 10 7) , 648 , ((9 * 10) - 3) , 205
2020.08.23-19.01.00,v1.05-9-g3660ae9,68 , 87 , (8 3 9 10 7) , 2000 , none,  692
2020.08.23-19.01.00,v1.05-9-g3660ae9,69 , 87 , (8 3 9 10 7) , 2000 , none,  743
2020.08.23-19.01.00,v1.05-9-g3660ae9,70 , 87 , (8 3 9 10 7) , 60 , ((9 * 10) - 3) , 5
2020.08.23-19.01.00,v1.05-9-g3660ae9,71 , 87 , (8 3 9 10 7) , 2000 , none,  708
2020.08.23-19.01.00,v1.05-9-g3660ae9,72 , 87 , (8 3 9 10 7) , 2000 , none,  647
2020.08.23-19.01.00,v1.05-9-g3660ae9,73 , 87 , (8 3 9 10 7) , 508 , ((7 * 10) + (8 + 9)) , 135
2020.08.23-19.01.00,v1.05-9-g3660ae9,74 , 87 , (8 3 9 10 7) , 2000 , none,  657
2020.08.23-19.01.00,v1.05-9-g3660ae9,75 , 87 , (8 3 9 10 7) , 490 , ((10 * 9) - 3) , 121
2020.08.23-19.01.00,v1.05-9-g3660ae9,76 , 87 , (8 3 9 10 7) , 77 , ((8 * 10) + 7) , 3
2020.08.23-19.01.00,v1.05-9-g3660ae9,77 , 87 , (8 3 9 10 7) , 2000 , none,  699
2020.08.23-19.01.00,v1.05-9-g3660ae9,78 , 87 , (8 3 9 10 7) , 2000 , none,  634
2020.08.23-19.01.00,v1.05-9-g3660ae9,79 , 87 , (8 3 9 10 7) , 267 , ((10 * 8) + 7) , 43
2020.08.23-19.01.00,v1.05-9-g3660ae9,80 , 87 , (8 3 9 10 7) , 2000 , none,  704
2020.08.23-19.01.00,v1.05-9-g3660ae9,81 , 87 , (8 3 9 10 7) , 2000 , none,  658
2020.08.23-19.01.00,v1.05-9-g3660ae9,82 , 87 , (8 3 9 10 7) , 1536 , ((9 * 10) - 3) , 558
2020.08.23-19.01.00,v1.05-9-g3660ae9,83 , 87 , (8 3 9 10 7) , 210 , ((9 * 10) - 3) , 25
2020.08.23-19.01.00,v1.05-9-g3660ae9,84 , 87 , (8 3 9 10 7) , 2000 , none,  656
2020.08.23-19.01.00,v1.05-9-g3660ae9,85 , 87 , (8 3 9 10 7) , 2000 , none,  668
2020.08.23-19.01.00,v1.05-9-g3660ae9,86 , 87 , (8 3 9 10 7) , 1646 , ((8 * 10) + 7) , 498
2020.08.23-19.01.00,v1.05-9-g3660ae9,87 , 87 , (8 3 9 10 7) , 100 , ((8 * 10) + 7) , 0
2020.08.23-19.01.00,v1.05-9-g3660ae9,88 , 87 , (8 3 9 10 7) , 2000 , none,  643
2020.08.23-19.01.00,v1.05-9-g3660ae9,89 , 87 , (8 3 9 10 7) , 257 , ((9 * 10) - 3) , 54
2020.08.23-19.01.00,v1.05-9-g3660ae9,90 , 87 , (8 3 9 10 7) , 2000 , none,  690
2020.08.23-19.01.00,v1.05-9-g3660ae9,91 , 87 , (8 3 9 10 7) , 2000 , none,  738
2020.08.23-19.01.00,v1.05-9-g3660ae9,92 , 87 , (8 3 9 10 7) , 358 , ((9 * 10) - 3) , 86
2020.08.23-19.01.00,v1.05-9-g3660ae9,93 , 87 , (8 3 9 10 7) , 46 , ((9 * 10) - 3) , 0
2020.08.23-19.01.00,v1.05-9-g3660ae9,94 , 87 , (8 3 9 10 7) , 51 , ((8 * 10) + 7) , 5
2020.08.23-19.01.00,v1.05-9-g3660ae9,95 , 87 , (8 3 9 10 7) , 801 , ((9 * 10) - 3) , 215
2020.08.23-19.01.00,v1.05-9-g3660ae9,96 , 87 , (8 3 9 10 7) , 733 , ((9 * 10) - 3) , 198
2020.08.23-19.01.00,v1.05-9-g3660ae9,97 , 87 , (8 3 9 10 7) , 1367 , ((8 * 10) + 7) , 433
2020.08.23-19.01.00,v1.05-9-g3660ae9,98 , 87 , (8 3 9 10 7) , 2000 , none,  621
2020.08.23-19.01.00,v1.05-9-g3660ae9,99 , 87 , (8 3 9 10 7) , 2000 , none,  682
2020.08.23-19.01.00,v1.05-9-g3660ae9,0 , 31 , (3 5 24 3 14) , 2000 , none,  643
2020.08.23-19.01.00,v1.05-9-g3660ae9,1 , 31 , (3 5 24 3 14) , 2000 , none,  640
2020.08.23-19.01.00,v1.05-9-g3660ae9,2 , 31 , (3 5 24 3 14) , 2000 , none,  634
2020.08.23-19.01.00,v1.05-9-g3660ae9,3 , 31 , (3 5 24 3 14) , 2000 , none,  589
2020.08.23-19.01.00,v1.05-9-g3660ae9,4 , 31 , (3 5 24 3 14) , 2000 , none,  625
2020.08.23-19.01.00,v1.05-9-g3660ae9,5 , 31 , (3 5 24 3 14) , 2000 , none,  630
2020.08.23-19.01.00,v1.05-9-g3660ae9,6 , 31 , (3 5 24 3 14) , 2000 , none,  582
2020.08.23-19.01.00,v1.05-9-g3660ae9,7 , 31 , (3 5 24 3 14) , 2000 , none,  663
2020.08.23-19.01.00,v1.05-9-g3660ae9,8 , 31 , (3 5 24 3 14) , 2000 , none,  638
2020.08.23-19.01.00,v1.05-9-g3660ae9,9 , 31 , (3 5 24 3 14) , 2000 , none,  664
2020.08.23-19.01.00,v1.05-9-g3660ae9,10 , 31 , (3 5 24 3 14) , 2000 , none,  666
2020.08.23-19.01.00,v1.05-9-g3660ae9,11 , 31 , (3 5 24 3 14) , 2000 , none,  626
2020.08.23-19.01.00,v1.05-9-g3660ae9,12 , 31 , (3 5 24 3 14) , 2000 , none,  626
2020.08.23-19.01.00,v1.05-9-g3660ae9,13 , 31 , (3 5 24 3 14) , 2000 , none,  645
2020.08.23-19.01.00,v1.05-9-g3660ae9,14 , 31 , (3 5 24 3 14) , 2000 , none,  652
2020.08.23-19.01.00,v1.05-9-g3660ae9,15 , 31 , (3 5 24 3 14) , 2000 , none,  646
2020.08.23-19.01.00,v1.05-9-g3660ae9,16 , 31 , (3 5 24 3 14) , 2000 , none,  664
2020.08.23-19.01.00,v1.05-9-g3660ae9,17 , 31 , (3 5 24 3 14) , 2000 , none,  617
2020.08.23-19.01.00,v1.05-9-g3660ae9,18 , 31 , (3 5 24 3 14) , 2000 , none,  644
2020.08.23-19.01.00,v1.05-9-g3660ae9,19 , 31 , (3 5 24 3 14) , 2000 , none,  641
2020.08.23-19.01.00,v1.05-9-g3660ae9,20 , 31 , (3 5 24 3 14) , 2000 , none,  640
2020.08.23-19.01.00,v1.05-9-g3660ae9,21 , 31 , (3 5 24 3 14) , 2000 , none,  653
2020.08.23-19.01.00,v1.05-9-g3660ae9,22 , 31 , (3 5 24 3 14) , 2000 , none,  722
2020.08.23-19.01.00,v1.05-9-g3660ae9,23 , 31 , (3 5 24 3 14) , 2000 , none,  639
2020.08.23-19.01.00,v1.05-9-g3660ae9,24 , 31 , (3 5 24 3 14) , 2000 , none,  598
2020.08.23-19.01.00,v1.05-9-g3660ae9,25 , 31 , (3 5 24 3 14) , 2000 , none,  634
2020.08.23-19.01.00,v1.05-9-g3660ae9,26 , 31 , (3 5 24 3 14) , 2000 , none,  459
2020.08.23-19.01.00,v1.05-9-g3660ae9,27 , 31 , (3 5 24 3 14) , 2000 , none,  616
2020.08.23-19.01.00,v1.05-9-g3660ae9,28 , 31 , (3 5 24 3 14) , 2000 , none,  645
2020.08.23-19.01.00,v1.05-9-g3660ae9,29 , 31 , (3 5 24 3 14) , 2000 , none,  543
2020.08.23-19.01.00,v1.05-9-g3660ae9,30 , 31 , (3 5 24 3 14) , 2000 , none,  640
2020.08.23-19.01.00,v1.05-9-g3660ae9,31 , 31 , (3 5 24 3 14) , 2000 , none,  575
2020.08.23-19.01.00,v1.05-9-g3660ae9,32 , 31 , (3 5 24 3 14) , 2000 , none,  661
2020.08.23-19.01.00,v1.05-9-g3660ae9,33 , 31 , (3 5 24 3 14) , 2000 , none,  639
2020.08.23-19.01.00,v1.05-9-g3660ae9,34 , 31 , (3 5 24 3 14) , 2000 , none,  600
2020.08.23-19.01.00,v1.05-9-g3660ae9,35 , 31 , (3 5 24 3 14) , 2000 , none,  630
2020.08.23-19.01.00,v1.05-9-g3660ae9,36 , 31 , (3 5 24 3 14) , 2000 , none,  691
2020.08.23-19.01.00,v1.05-9-g3660ae9,37 , 31 , (3 5 24 3 14) , 2000 , none,  579
2020.08.23-19.01.00,v1.05-9-g3660ae9,38 , 31 , (3 5 24 3 14) , 2000 , none,  634
2020.08.23-19.01.00,v1.05-9-g3660ae9,39 , 31 , (3 5 24 3 14) , 2000 , none,  646
2020.08.23-19.01.00,v1.05-9-g3660ae9,40 , 31 , (3 5 24 3 14) , 2000 , none,  695
2020.08.23-19.01.00,v1.05-9-g3660ae9,41 , 31 , (3 5 24 3 14) , 2000 , none,  656
2020.08.23-19.01.00,v1.05-9-g3660ae9,42 , 31 , (3 5 24 3 14) , 2000 , none,  691
2020.08.23-19.01.00,v1.05-9-g3660ae9,43 , 31 , (3 5 24 3 14) , 2000 , none,  571
2020.08.23-19.01.00,v1.05-9-g3660ae9,44 , 31 , (3 5 24 3 14) , 2000 , none,  610
2020.08.23-19.01.00,v1.05-9-g3660ae9,45 , 31 , (3 5 24 3 14) , 2000 , none,  634
2020.08.23-19.01.00,v1.05-9-g3660ae9,46 , 31 , (3 5 24 3 14) , 2000 , none,  639
2020.08.23-19.01.00,v1.05-9-g3660ae9,47 , 31 , (3 5 24 3 14) , 2000 , none,  597
2020.08.23-19.01.00,v1.05-9-g3660ae9,48 , 31 , (3 5 24 3 14) , 2000 , none,  659
2020.08.23-19.01.00,v1.05-9-g3660ae9,49 , 31 , (3 5 24 3 14) , 2000 , none,  677
2020.08.23-19.01.00,v1.05-9-g3660ae9,50 , 31 , (3 5 24 3 14) , 2000 , none,  613
2020.08.23-19.01.00,v1.05-9-g3660ae9,51 , 31 , (3 5 24 3 14) , 2000 , none,  625
2020.08.23-19.01.00,v1.05-9-g3660ae9,52 , 31 , (3 5 24 3 14) , 2000 , none,  419
2020.08.23-19.01.00,v1.05-9-g3660ae9,53 , 31 , (3 5 24 3 14) , 2000 , none,  626
2020.08.23-19.01.00,v1.05-9-g3660ae9,54 , 31 , (3 5 24 3 14) , 2000 , none,  650
2020.08.23-19.01.00,v1.05-9-g3660ae9,55 , 31 , (3 5 24 3 14) , 2000 , none,  649
2020.08.23-19.01.00,v1.05-9-g3660ae9,56 , 31 , (3 5 24 3 14) , 2000 , none,  679
2020.08.23-19.01.00,v1.05-9-g3660ae9,57 , 31 , (3 5 24 3 14) , 2000 , none,  675
2020.08.23-19.01.00,v1.05-9-g3660ae9,58 , 31 , (3 5 24 3 14) , 2000 , none,  684
2020.08.23-19.01.00,v1.05-9-g3660ae9,59 , 31 , (3 5 24 3 14) , 2000 , none,  680
2020.08.23-19.01.00,v1.05-9-g3660ae9,60 , 31 , (3 5 24 3 14) , 2000 , none,  599
2020.08.23-19.01.00,v1.05-9-g3660ae9,61 , 31 , (3 5 24 3 14) , 2000 , none,  624
2020.08.23-19.01.00,v1.05-9-g3660ae9,62 , 31 , (3 5 24 3 14) , 2000 , none,  645
2020.08.23-19.01.00,v1.05-9-g3660ae9,63 , 31 , (3 5 24 3 14) , 2000 , none,  338
2020.08.23-19.01.00,v1.05-9-g3660ae9,64 , 31 , (3 5 24 3 14) , 2000 , none,  648
2020.08.23-19.01.00,v1.05-9-g3660ae9,65 , 31 , (3 5 24 3 14) , 2000 , none,  667
2020.08.23-19.01.00,v1.05-9-g3660ae9,66 , 31 , (3 5 24 3 14) , 2000 , none,  638
2020.08.23-19.01.00,v1.05-9-g3660ae9,67 , 31 , (3 5 24 3 14) , 2000 , none,  620
2020.08.23-19.01.00,v1.05-9-g3660ae9,68 , 31 , (3 5 24 3 14) , 2000 , none,  668
2020.08.23-19.01.00,v1.05-9-g3660ae9,69 , 31 , (3 5 24 3 14) , 2000 , none,  655
2020.08.23-19.01.00,v1.05-9-g3660ae9,70 , 31 , (3 5 24 3 14) , 2000 , none,  666
2020.08.23-19.01.00,v1.05-9-g3660ae9,71 , 31 , (3 5 24 3 14) , 2000 , none,  672
2020.08.23-19.01.00,v1.05-9-g3660ae9,72 , 31 , (3 5 24 3 14) , 2000 , none,  658
2020.08.23-19.01.00,v1.05-9-g3660ae9,73 , 31 , (3 5 24 3 14) , 2000 , none,  619
2020.08.23-19.01.00,v1.05-9-g3660ae9,74 , 31 , (3 5 24 3 14) , 2000 , none,  603
2020.08.23-19.01.00,v1.05-9-g3660ae9,75 , 31 , (3 5 24 3 14) , 2000 , none,  631
2020.08.23-19.01.00,v1.05-9-g3660ae9,76 , 31 , (3 5 24 3 14) , 2000 , none,  625
2020.08.23-19.01.00,v1.05-9-g3660ae9,77 , 31 , (3 5 24 3 14) , 2000 , none,  457
2020.08.23-19.01.00,v1.05-9-g3660ae9,78 , 31 , (3 5 24 3 14) , 2000 , none,  639
2020.08.23-19.01.00,v1.05-9-g3660ae9,79 , 31 , (3 5 24 3 14) , 2000 , none,  626
2020.08.23-19.01.00,v1.05-9-g3660ae9,80 , 31 , (3 5 24 3 14) , 2000 , none,  638
2020.08.23-19.01.00,v1.05-9-g3660ae9,81 , 31 , (3 5 24 3 14) , 2000 , none,  432
2020.08.23-19.01.00,v1.05-9-g3660ae9,82 , 31 , (3 5 24 3 14) , 2000 , none,  652
2020.08.23-19.01.00,v1.05-9-g3660ae9,83 , 31 , (3 5 24 3 14) , 2000 , none,  629
2020.08.23-19.01.00,v1.05-9-g3660ae9,84 , 31 , (3 5 24 3 14) , 2000 , none,  663
2020.08.23-19.01.00,v1.05-9-g3660ae9,85 , 31 , (3 5 24 3 14) , 2000 , none,  603
2020.08.23-19.01.00,v1.05-9-g3660ae9,86 , 31 , (3 5 24 3 14) , 2000 , none,  403
2020.08.23-19.01.00,v1.05-9-g3660ae9,87 , 31 , (3 5 24 3 14) , 2000 , none,  621
2020.08.23-19.01.00,v1.05-9-g3660ae9,88 , 31 , (3 5 24 3 14) , 2000 , none,  634
2020.08.23-19.01.00,v1.05-9-g3660ae9,89 , 31 , (3 5 24 3 14) , 2000 , none,  648
2020.08.23-19.01.00,v1.05-9-g3660ae9,90 , 31 , (3 5 24 3 14) , 2000 , none,  614
2020.08.23-19.01.00,v1.05-9-g3660ae9,91 , 31 , (3 5 24 3 14) , 2000 , none,  642
2020.08.23-19.01.00,v1.05-9-g3660ae9,92 , 31 , (3 5 24 3 14) , 2000 , none,  638
2020.08.23-19.01.00,v1.05-9-g3660ae9,93 , 31 , (3 5 24 3 14) , 2000 , none,  615
2020.08.23-19.01.00,v1.05-9-g3660ae9,94 , 31 , (3 5 24 3 14) , 2000 , none,  619
2020.08.23-19.01.00,v1.05-9-g3660ae9,95 , 31 , (3 5 24 3 14) , 2000 , none,  632
2020.08.23-19.01.00,v1.05-9-g3660ae9,96 , 31 , (3 5 24 3 14) , 2000 , none,  628
2020.08.23-19.01.00,v1.05-9-g3660ae9,97 , 31 , (3 5 24 3 14) , 2000 , none,  668
2020.08.23-19.01.00,v1.05-9-g3660ae9,98 , 31 , (3 5 24 3 14) , 2000 , none,  611
2020.08.23-19.01.00,v1.05-9-g3660ae9,99 , 31 , (3 5 24 3 14) , 2000 , none,  629
2020.08.23-19.01.00,v1.05-9-g3660ae9,0 , 25 , (8 5 5 11 2) , 227 , (5 * 5) , 49
2020.08.23-19.01.00,v1.05-9-g3660ae9,1 , 25 , (8 5 5 11 2) , 74 , (5 * 5) , 8
2020.08.23-19.01.00,v1.05-9-g3660ae9,2 , 25 , (8 5 5 11 2) , 20 , (5 * 5) , 0
2020.08.23-19.01.00,v1.05-9-g3660ae9,3 , 25 , (8 5 5 11 2) , 907 , (5 * 5) , 287
2020.08.23-19.01.00,v1.05-9-g3660ae9,4 , 25 , (8 5 5 11 2) , 55 , (5 * 5) , 3
2020.08.23-19.01.00,v1.05-9-g3660ae9,5 , 25 , (8 5 5 11 2) , 216 , (5 * 5) , 39
2020.08.23-19.01.00,v1.05-9-g3660ae9,6 , 25 , (8 5 5 11 2) , 569 , (5 * 5) , 158
2020.08.23-19.01.00,v1.05-9-g3660ae9,7 , 25 , (8 5 5 11 2) , 55 , (5 * 5) , 1
2020.08.23-19.01.00,v1.05-9-g3660ae9,8 , 25 , (8 5 5 11 2) , 82 , (5 * 5) , 0
2020.08.23-19.01.00,v1.05-9-g3660ae9,9 , 25 , (8 5 5 11 2) , 121 , (5 * 5) , 18
2020.08.23-19.01.00,v1.05-9-g3660ae9,10 , 25 , (8 5 5 11 2) , 56 , (5 * 5) , 0
2020.08.23-19.01.00,v1.05-9-g3660ae9,11 , 25 , (8 5 5 11 2) , 18 , (5 * 5) , 0
2020.08.23-19.01.00,v1.05-9-g3660ae9,12 , 25 , (8 5 5 11 2) , 480 , ((2 * 11) + (8 - 5)) , 123
2020.08.23-19.01.00,v1.05-9-g3660ae9,13 , 25 , (8 5 5 11 2) , 347 , (5 * 5) , 82
2020.08.23-19.01.00,v1.05-9-g3660ae9,14 , 25 , (8 5 5 11 2) , 909 , (5 * 5) , 272
2020.08.23-19.01.00,v1.05-9-g3660ae9,15 , 25 , (8 5 5 11 2) , 41 , (5 * 5) , 0
2020.08.23-19.01.00,v1.05-9-g3660ae9,16 , 25 , (8 5 5 11 2) , 65 , (5 * 5) , 15
2020.08.23-19.01.00,v1.05-9-g3660ae9,17 , 25 , (8 5 5 11 2) , 179 , (5 * 5) , 45
2020.08.23-19.01.00,v1.05-9-g3660ae9,18 , 25 , (8 5 5 11 2) , 93 , (5 * 5) , 27
2020.08.23-19.01.00,v1.05-9-g3660ae9,19 , 25 , (8 5 5 11 2) , 279 , (5 * 5) , 65
2020.08.23-19.01.00,v1.05-9-g3660ae9,20 , 25 , (8 5 5 11 2) , 1456 , (5 * 5) , 441
2020.08.23-19.01.00,v1.05-9-g3660ae9,21 , 25 , (8 5 5 11 2) , 508 , (5 * 5) , 142
2020.08.23-19.01.00,v1.05-9-g3660ae9,22 , 25 , (8 5 5 11 2) , 119 , (5 * 5) , 22
2020.08.23-19.01.00,v1.05-9-g3660ae9,23 , 25 , (8 5 5 11 2) , 325 , (5 * 5) , 93
2020.08.23-19.01.00,v1.05-9-g3660ae9,24 , 25 , (8 5 5 11 2) , 364 , (5 * 5) , 116
2020.08.23-19.01.00,v1.05-9-g3660ae9,25 , 25 , (8 5 5 11 2) , 100 , (5 * 5) , 15
2020.08.23-19.01.00,v1.05-9-g3660ae9,26 , 25 , (8 5 5 11 2) , 34 , (5 * 5) , 0
2020.08.23-19.01.00,v1.05-9-g3660ae9,27 , 25 , (8 5 5 11 2) , 215 , (5 * 5) , 55
2020.08.23-19.01.00,v1.05-9-g3660ae9,28 , 25 , (8 5 5 11 2) , 281 , (5 * 5) , 79
2020.08.23-19.01.00,v1.05-9-g3660ae9,29 , 25 , (8 5 5 11 2) , 405 , (5 * 5) , 131
2020.08.23-19.01.00,v1.05-9-g3660ae9,30 , 25 , (8 5 5 11 2) , 22 , (5 * 5) , 0
2020.08.23-19.01.00,v1.05-9-g3660ae9,31 , 25 , (8 5 5 11 2) , 108 , (5 * 5) , 10
2020.08.23-19.01.00,v1.05-9-g3660ae9,32 , 25 , (8 5 5 11 2) , 202 , (5 * 5) , 48
2020.08.23-19.01.00,v1.05-9-g3660ae9,33 , 25 , (8 5 5 11 2) , 326 , (5 * 5) , 84
2020.08.23-19.01.00,v1.05-9-g3660ae9,34 , 25 , (8 5 5 11 2) , 329 , (5 * 5) , 69
2020.08.23-19.01.00,v1.05-9-g3660ae9,35 , 25 , (8 5 5 11 2) , 908 , (5 * 5) , 285
2020.08.23-19.01.00,v1.05-9-g3660ae9,36 , 25 , (8 5 5 11 2) , 1024 , (5 * 5) , 302
2020.08.23-19.01.00,v1.05-9-g3660ae9,37 , 25 , (8 5 5 11 2) , 64 , (5 * 5) , 0
2020.08.23-19.01.00,v1.05-9-g3660ae9,38 , 25 , (8 5 5 11 2) , 26 , (5 * 5) , 0
2020.08.23-19.01.00,v1.05-9-g3660ae9,39 , 25 , (8 5 5 11 2) , 395 , (5 * 5) , 129
2020.08.23-19.01.00,v1.05-9-g3660ae9,40 , 25 , (8 5 5 11 2) , 486 , (5 * 5) , 151
2020.08.23-19.01.00,v1.05-9-g3660ae9,41 , 25 , (8 5 5 11 2) , 24 , (5 * 5) , 1
2020.08.23-19.01.00,v1.05-9-g3660ae9,42 , 25 , (8 5 5 11 2) , 26 , (5 * 5) , 0
2020.08.23-19.01.00,v1.05-9-g3660ae9,43 , 25 , (8 5 5 11 2) , 467 , (5 * 5) , 128
2020.08.23-19.01.00,v1.05-9-g3660ae9,44 , 25 , (8 5 5 11 2) , 194 , (5 * 5) , 35
2020.08.23-19.01.00,v1.05-9-g3660ae9,45 , 25 , (8 5 5 11 2) , 325 , (5 * 5) , 76
2020.08.23-19.01.00,v1.05-9-g3660ae9,46 , 25 , (8 5 5 11 2) , 24 , (5 * 5) , 0
2020.08.23-19.01.00,v1.05-9-g3660ae9,47 , 25 , (8 5 5 11 2) , 1179 , (5 * 5) , 316
2020.08.23-19.01.00,v1.05-9-g3660ae9,48 , 25 , (8 5 5 11 2) , 160 , (5 * 5) , 29
2020.08.23-19.01.00,v1.05-9-g3660ae9,49 , 25 , (8 5 5 11 2) , 85 , (5 * 5) , 15
2020.08.23-19.01.00,v1.05-9-g3660ae9,50 , 25 , (8 5 5 11 2) , 485 , (5 * 5) , 114
2020.08.23-19.01.00,v1.05-9-g3660ae9,51 , 25 , (8 5 5 11 2) , 103 , (5 * 5) , 17
2020.08.23-19.01.00,v1.05-9-g3660ae9,52 , 25 , (8 5 5 11 2) , 68 , (5 * 5) , 0
2020.08.23-19.01.00,v1.05-9-g3660ae9,53 , 25 , (8 5 5 11 2) , 54 , (5 * 5) , 0
2020.08.23-19.01.00,v1.05-9-g3660ae9,54 , 25 , (8 5 5 11 2) , 545 , (5 * 5) , 132
2020.08.23-19.01.00,v1.05-9-g3660ae9,55 , 25 , (8 5 5 11 2) , 64 , (5 * 5) , 3
2020.08.23-19.01.00,v1.05-9-g3660ae9,56 , 25 , (8 5 5 11 2) , 766 , (5 * 5) , 237
2020.08.23-19.01.00,v1.05-9-g3660ae9,57 , 25 , (8 5 5 11 2) , 60 , (5 * 5) , 9
2020.08.23-19.01.00,v1.05-9-g3660ae9,58 , 25 , (8 5 5 11 2) , 55 , (5 * 5) , 4
2020.08.23-19.01.00,v1.05-9-g3660ae9,59 , 25 , (8 5 5 11 2) , 1308 , (5 * 5) , 426
2020.08.23-19.01.00,v1.05-9-g3660ae9,60 , 25 , (8 5 5 11 2) , 17 , (5 * 5) , 0
2020.08.23-19.01.00,v1.05-9-g3660ae9,61 , 25 , (8 5 5 11 2) , 614 , (5 * 5) , 184
2020.08.23-19.01.00,v1.05-9-g3660ae9,62 , 25 , (8 5 5 11 2) , 25 , (5 * 5) , 0
2020.08.23-19.01.00,v1.05-9-g3660ae9,63 , 25 , (8 5 5 11 2) , 41 , (5 * 5) , 0
2020.08.23-19.01.00,v1.05-9-g3660ae9,64 , 25 , (8 5 5 11 2) , 638 , (5 * 5) , 198
2020.08.23-19.01.00,v1.05-9-g3660ae9,65 , 25 , (8 5 5 11 2) , 2000 , none,  667
2020.08.23-19.01.00,v1.05-9-g3660ae9,66 , 25 , (8 5 5 11 2) , 346 , (5 * 5) , 85
2020.08.23-19.01.00,v1.05-9-g3660ae9,67 , 25 , (8 5 5 11 2) , 383 , (5 * 5) , 84
2020.08.23-19.01.00,v1.05-9-g3660ae9,68 , 25 , (8 5 5 11 2) , 708 , ((2 * 11) + (8 - 5)) , 208
2020.08.23-19.01.00,v1.05-9-g3660ae9,69 , 25 , (8 5 5 11 2) , 117 , (5 * 5) , 3
2020.08.23-19.01.00,v1.05-9-g3660ae9,70 , 25 , (8 5 5 11 2) , 285 , (5 * 5) , 67
2020.08.23-19.01.00,v1.05-9-g3660ae9,71 , 25 , (8 5 5 11 2) , 69 , (5 * 5) , 10
2020.08.23-19.01.00,v1.05-9-g3660ae9,72 , 25 , (8 5 5 11 2) , 506 , (5 * 5) , 141
2020.08.23-19.01.00,v1.05-9-g3660ae9,73 , 25 , (8 5 5 11 2) , 39 , (5 * 5) , 1
2020.08.23-19.01.00,v1.05-9-g3660ae9,74 , 25 , (8 5 5 11 2) , 36 , (5 * 5) , 0
2020.08.23-19.01.00,v1.05-9-g3660ae9,75 , 25 , (8 5 5 11 2) , 121 , (5 * 5) , 14
2020.08.23-19.01.00,v1.05-9-g3660ae9,76 , 25 , (8 5 5 11 2) , 1074 , (5 * 5) , 357
2020.08.23-19.01.00,v1.05-9-g3660ae9,77 , 25 , (8 5 5 11 2) , 485 , (5 * 5) , 110
2020.08.23-19.01.00,v1.05-9-g3660ae9,78 , 25 , (8 5 5 11 2) , 104 , (5 * 5) , 6
2020.08.23-19.01.00,v1.05-9-g3660ae9,79 , 25 , (8 5 5 11 2) , 327 , (5 * 5) , 76
2020.08.23-19.01.00,v1.05-9-g3660ae9,80 , 25 , (8 5 5 11 2) , 33 , (5 * 5) , 0
2020.08.23-19.01.00,v1.05-9-g3660ae9,81 , 25 , (8 5 5 11 2) , 47 , (5 * 5) , 0
2020.08.23-19.01.00,v1.05-9-g3660ae9,82 , 25 , (8 5 5 11 2) , 1842 , (5 * 5) , 543
2020.08.23-19.01.00,v1.05-9-g3660ae9,83 , 25 , (8 5 5 11 2) , 113 , (5 * 5) , 27
2020.08.23-19.01.00,v1.05-9-g3660ae9,84 , 25 , (8 5 5 11 2) , 113 , (5 * 5) , 22
2020.08.23-19.01.00,v1.05-9-g3660ae9,85 , 25 , (8 5 5 11 2) , 32 , (5 * 5) , 0
2020.08.23-19.01.00,v1.05-9-g3660ae9,86 , 25 , (8 5 5 11 2) , 79 , (5 * 5) , 8
2020.08.23-19.01.00,v1.05-9-g3660ae9,87 , 25 , (8 5 5 11 2) , 25 , (5 * 5) , 0
2020.08.23-19.01.00,v1.05-9-g3660ae9,88 , 25 , (8 5 5 11 2) , 55 , (5 * 5) , 2
2020.08.23-19.01.00,v1.05-9-g3660ae9,89 , 25 , (8 5 5 11 2) , 33 , (5 * 5) , 0
2020.08.23-19.01.00,v1.05-9-g3660ae9,90 , 25 , (8 5 5 11 2) , 48 , (5 * 5) , 0
2020.08.23-19.01.00,v1.05-9-g3660ae9,91 , 25 , (8 5 5 11 2) , 21 , (5 * 5) , 0
2020.08.23-19.01.00,v1.05-9-g3660ae9,92 , 25 , (8 5 5 11 2) , 24 , (5 * 5) , 0
2020.08.23-19.01.00,v1.05-9-g3660ae9,93 , 25 , (8 5 5 11 2) , 725 , (5 * 5) , 190
2020.08.23-19.01.00,v1.05-9-g3660ae9,94 , 25 , (8 5 5 11 2) , 73 , (5 * 5) , 6
2020.08.23-19.01.00,v1.05-9-g3660ae9,95 , 25 , (8 5 5 11 2) , 100 , (5 * 5) , 11
2020.08.23-19.01.00,v1.05-9-g3660ae9,96 , 25 , (8 5 5 11 2) , 19 , (5 * 5) , 0
2020.08.23-19.01.00,v1.05-9-g3660ae9,97 , 25 , (8 5 5 11 2) , 55 , (5 * 5) , 0
2020.08.23-19.01.00,v1.05-9-g3660ae9,98 , 25 , (8 5 5 11 2) , 368 , (5 * 5) , 88
2020.08.23-19.01.00,v1.05-9-g3660ae9,99 , 25 , (8 5 5 11 2) , 23 , (5 * 5) , 0
2020.08.23-19.01.00,v1.05-9-g3660ae9,0 , 81 , (9 7 2 25 18) , 316 , ((7 * 9) + 18) , 64
2020.08.23-19.01.00,v1.05-9-g3660ae9,1 , 81 , (9 7 2 25 18) , 805 , ((9 * 7) + 18) , 374
2020.08.23-19.01.00,v1.05-9-g3660ae9,2 , 81 , (9 7 2 25 18) , 1482 , ((7 * 9) + 18) , 566
2020.08.23-19.01.00,v1.05-9-g3660ae9,3 , 81 , (9 7 2 25 18) , 2000 , none,  963
2020.08.23-19.01.00,v1.05-9-g3660ae9,4 , 81 , (9 7 2 25 18) , 2000 , none,  895
2020.08.23-19.01.00,v1.05-9-g3660ae9,5 , 81 , (9 7 2 25 18) , 137 , ((9 * 7) + 18) , 24
2020.08.23-19.01.00,v1.05-9-g3660ae9,6 , 81 , (9 7 2 25 18) , 1164 , ((7 * 9) + 18) , 492
2020.08.23-19.01.00,v1.05-9-g3660ae9,7 , 81 , (9 7 2 25 18) , 2000 , none,  998
2020.08.23-19.01.00,v1.05-9-g3660ae9,8 , 81 , (9 7 2 25 18) , 2000 , none,  1026
2020.08.23-19.01.00,v1.05-9-g3660ae9,9 , 81 , (9 7 2 25 18) , 569 , ((9 * 7) + 18) , 221
2020.08.23-19.01.00,v1.05-9-g3660ae9,10 , 81 , (9 7 2 25 18) , 1517 , ((7 * 9) + 18) , 572
2020.08.23-19.01.00,v1.05-9-g3660ae9,11 , 81 , (9 7 2 25 18) , 1988 , ((7 * 9) + 18) , 1008
2020.08.23-19.01.00,v1.05-9-g3660ae9,12 , 81 , (9 7 2 25 18) , 895 , ((9 * 7) + 18) , 451
2020.08.23-19.01.00,v1.05-9-g3660ae9,13 , 81 , (9 7 2 25 18) , 107 , ((7 * 9) + 18) , 2
2020.08.23-19.01.00,v1.05-9-g3660ae9,14 , 81 , (9 7 2 25 18) , 608 , ((7 * 9) + 18) , 311
2020.08.23-19.01.00,v1.05-9-g3660ae9,15 , 81 , (9 7 2 25 18) , 743 , ((9 * 7) + 18) , 344
2020.08.23-19.01.00,v1.05-9-g3660ae9,16 , 81 , (9 7 2 25 18) , 1568 , ((9 * 7) + 18) , 788
2020.08.23-19.01.00,v1.05-9-g3660ae9,17 , 81 , (9 7 2 25 18) , 936 , ((7 * 9) + 18) , 426
2020.08.23-19.01.00,v1.05-9-g3660ae9,18 , 81 , (9 7 2 25 18) , 1875 , ((7 * 9) + 18) , 974
2020.08.23-19.01.00,v1.05-9-g3660ae9,19 , 81 , (9 7 2 25 18) , 691 , ((9 * 7) + 18) , 320
2020.08.23-19.01.00,v1.05-9-g3660ae9,20 , 81 , (9 7 2 25 18) , 2000 , none,  839
2020.08.23-19.01.00,v1.05-9-g3660ae9,21 , 81 , (9 7 2 25 18) , 369 , ((7 * 9) + 18) , 132
2020.08.23-19.01.00,v1.05-9-g3660ae9,22 , 81 , (9 7 2 25 18) , 2000 , none,  1036
2020.08.23-19.01.00,v1.05-9-g3660ae9,23 , 81 , (9 7 2 25 18) , 2000 , none,  866
2020.08.23-19.01.00,v1.05-9-g3660ae9,24 , 81 , (9 7 2 25 18) , 2000 , none,  1081
2020.08.23-19.01.00,v1.05-9-g3660ae9,25 , 81 , (9 7 2 25 18) , 1315 , ((7 * 9) + 18) , 684
2020.08.23-19.01.00,v1.05-9-g3660ae9,26 , 81 , (9 7 2 25 18) , 2000 , none,  949
2020.08.23-19.01.00,v1.05-9-g3660ae9,27 , 81 , (9 7 2 25 18) , 92 , ((7 * 9) + 18) , 0
2020.08.23-19.01.00,v1.05-9-g3660ae9,28 , 81 , (9 7 2 25 18) , 579 , ((9 * 7) + 18) , 276
2020.08.23-19.01.00,v1.05-9-g3660ae9,29 , 81 , (9 7 2 25 18) , 253 , ((7 * 9) + 18) , 57
2020.08.23-19.01.00,v1.05-9-g3660ae9,30 , 81 , (9 7 2 25 18) , 2000 , none,  1022
2020.08.23-19.01.00,v1.05-9-g3660ae9,31 , 81 , (9 7 2 25 18) , 145 , ((9 * 7) + 18) , 36
2020.08.23-19.01.00,v1.05-9-g3660ae9,32 , 81 , (9 7 2 25 18) , 148 , ((7 * 9) + 18) , 38
2020.08.23-19.01.00,v1.05-9-g3660ae9,33 , 81 , (9 7 2 25 18) , 2000 , none,  1041
2020.08.23-19.01.00,v1.05-9-g3660ae9,34 , 81 , (9 7 2 25 18) , 2000 , none,  859
2020.08.23-19.01.00,v1.05-9-g3660ae9,35 , 81 , (9 7 2 25 18) , 2000 , none,  1030
2020.08.23-19.01.00,v1.05-9-g3660ae9,36 , 81 , (9 7 2 25 18) , 88 , ((7 * 9) + 18) , 6
2020.08.23-19.01.00,v1.05-9-g3660ae9,37 , 81 , (9 7 2 25 18) , 2000 , none,  961
2020.08.23-19.01.00,v1.05-9-g3660ae9,38 , 81 , (9 7 2 25 18) , 2000 , none,  976
2020.08.23-19.01.00,v1.05-9-g3660ae9,39 , 81 , (9 7 2 25 18) , 74 , ((7 * 9) + 18) , 0
2020.08.23-19.01.00,v1.05-9-g3660ae9,40 , 81 , (9 7 2 25 18) , 2000 , none,  915
2020.08.23-19.01.00,v1.05-9-g3660ae9,41 , 81 , (9 7 2 25 18) , 901 , ((7 * 9) + 18) , 270
2020.08.23-19.01.00,v1.05-9-g3660ae9,42 , 81 , (9 7 2 25 18) , 1639 , ((9 * 7) + 18) , 862
2020.08.23-19.01.00,v1.05-9-g3660ae9,43 , 81 , (9 7 2 25 18) , 2000 , none,  1057
2020.08.23-19.01.00,v1.05-9-g3660ae9,44 , 81 , (9 7 2 25 18) , 1034 , ((7 * 9) + 18) , 436
2020.08.23-19.01.00,v1.05-9-g3660ae9,45 , 81 , (9 7 2 25 18) , 2000 , none,  953
2020.08.23-19.01.00,v1.05-9-g3660ae9,46 , 81 , (9 7 2 25 18) , 598 , ((7 * 9) + 18) , 278
2020.08.23-19.01.00,v1.05-9-g3660ae9,47 , 81 , (9 7 2 25 18) , 1709 , ((7 * 9) + 18) , 864
2020.08.23-19.01.00,v1.05-9-g3660ae9,48 , 81 , (9 7 2 25 18) , 2000 , none,  1027
2020.08.23-19.01.00,v1.05-9-g3660ae9,49 , 81 , (9 7 2 25 18) , 109 , ((7 * 9) + 18) , 0
2020.08.23-19.01.00,v1.05-9-g3660ae9,50 , 81 , (9 7 2 25 18) , 1718 , ((7 * 9) + 18) , 692
2020.08.23-19.01.00,v1.05-9-g3660ae9,51 , 81 , (9 7 2 25 18) , 2000 , none,  1026
2020.08.23-19.01.00,v1.05-9-g3660ae9,52 , 81 , (9 7 2 25 18) , 2000 , none,  1054
2020.08.23-19.01.00,v1.05-9-g3660ae9,53 , 81 , (9 7 2 25 18) , 2000 , none,  1032
2020.08.23-19.01.00,v1.05-9-g3660ae9,54 , 81 , (9 7 2 25 18) , 1396 , ((9 * 7) + 18) , 670
2020.08.23-19.01.00,v1.05-9-g3660ae9,55 , 81 , (9 7 2 25 18) , 2000 , none,  1060
2020.08.23-19.01.00,v1.05-9-g3660ae9,56 , 81 , (9 7 2 25 18) , 847 , ((7 * 9) + 18) , 272
2020.08.23-19.01.00,v1.05-9-g3660ae9,57 , 81 , (9 7 2 25 18) , 462 , ((7 * 9) + 18) , 218
2020.08.23-19.01.00,v1.05-9-g3660ae9,58 , 81 , (9 7 2 25 18) , 2000 , none,  976
2020.08.23-19.01.00,v1.05-9-g3660ae9,59 , 81 , (9 7 2 25 18) , 248 , ((9 * 7) + 18) , 108
2020.08.23-19.01.00,v1.05-9-g3660ae9,60 , 81 , (9 7 2 25 18) , 2000 , none,  1084
2020.08.23-19.01.00,v1.05-9-g3660ae9,61 , 81 , (9 7 2 25 18) , 1319 , ((9 * 7) + 18) , 569
2020.08.23-19.01.00,v1.05-9-g3660ae9,62 , 81 , (9 7 2 25 18) , 969 , ((9 * 7) + 18) , 483
2020.08.23-19.01.00,v1.05-9-g3660ae9,63 , 81 , (9 7 2 25 18) , 2000 , none,  884
2020.08.23-19.01.00,v1.05-9-g3660ae9,64 , 81 , (9 7 2 25 18) , 2000 , none,  891
2020.08.23-19.01.00,v1.05-9-g3660ae9,65 , 81 , (9 7 2 25 18) , 2000 , none,  1044
2020.08.23-19.01.00,v1.05-9-g3660ae9,66 , 81 , (9 7 2 25 18) , 2000 , none,  891
2020.08.23-19.01.00,v1.05-9-g3660ae9,67 , 81 , (9 7 2 25 18) , 1875 , ((9 * 7) + 18) , 861
2020.08.23-19.01.00,v1.05-9-g3660ae9,68 , 81 , (9 7 2 25 18) , 2000 , none,  1043
2020.08.23-19.01.00,v1.05-9-g3660ae9,69 , 81 , (9 7 2 25 18) , 2000 , none,  1046
2020.08.23-19.01.00,v1.05-9-g3660ae9,70 , 81 , (9 7 2 25 18) , 1057 , ((9 * 7) + 18) , 271
2020.08.23-19.01.00,v1.05-9-g3660ae9,71 , 81 , (9 7 2 25 18) , 2000 , none,  1051
2020.08.23-19.01.00,v1.05-9-g3660ae9,72 , 81 , (9 7 2 25 18) , 2000 , none,  1073
2020.08.23-19.01.00,v1.05-9-g3660ae9,73 , 81 , (9 7 2 25 18) , 1107 , ((7 * 9) + 18) , 500
2020.08.23-19.01.00,v1.05-9-g3660ae9,74 , 81 , (9 7 2 25 18) , 882 , ((7 * 9) + 18) , 351
2020.08.23-19.01.00,v1.05-9-g3660ae9,75 , 81 , (9 7 2 25 18) , 2000 , none,  998
2020.08.23-19.01.00,v1.05-9-g3660ae9,76 , 81 , (9 7 2 25 18) , 884 , ((9 * 7) + 18) , 346
2020.08.23-19.01.00,v1.05-9-g3660ae9,77 , 81 , (9 7 2 25 18) , 684 , ((9 * 7) + 18) , 348
2020.08.23-19.01.00,v1.05-9-g3660ae9,78 , 81 , (9 7 2 25 18) , 458 , ((9 * 7) + 18) , 207
2020.08.23-19.01.00,v1.05-9-g3660ae9,79 , 81 , (9 7 2 25 18) , 94 , ((7 * 9) + 18) , 15
2020.08.23-19.01.00,v1.05-9-g3660ae9,80 , 81 , (9 7 2 25 18) , 476 , ((7 * 9) + 18) , 210
2020.08.23-19.01.00,v1.05-9-g3660ae9,81 , 81 , (9 7 2 25 18) , 707 , ((7 * 9) + 18) , 295
2020.08.23-19.01.00,v1.05-9-g3660ae9,82 , 81 , (9 7 2 25 18) , 677 , ((7 * 9) + 18) , 281
2020.08.23-19.01.00,v1.05-9-g3660ae9,83 , 81 , (9 7 2 25 18) , 592 , ((7 * 9) + 18) , 275
2020.08.23-19.01.00,v1.05-9-g3660ae9,84 , 81 , (9 7 2 25 18) , 900 , ((7 * 9) + 18) , 427
2020.08.23-19.01.00,v1.05-9-g3660ae9,85 , 81 , (9 7 2 25 18) , 2000 , none,  999
2020.08.23-19.01.00,v1.05-9-g3660ae9,86 , 81 , (9 7 2 25 18) , 287 , ((7 * 9) + 18) , 104
2020.08.23-19.01.00,v1.05-9-g3660ae9,87 , 81 , (9 7 2 25 18) , 453 , ((7 * 9) + 18) , 114
2020.08.23-19.01.00,v1.05-9-g3660ae9,88 , 81 , (9 7 2 25 18) , 2000 , none,  1077
2020.08.23-19.01.00,v1.05-9-g3660ae9,89 , 81 , (9 7 2 25 18) , 2000 , none,  1027
2020.08.23-19.01.00,v1.05-9-g3660ae9,90 , 81 , (9 7 2 25 18) , 2000 , none,  1037
2020.08.23-19.01.00,v1.05-9-g3660ae9,91 , 81 , (9 7 2 25 18) , 108 , ((9 * 7) + 18) , 27
2020.08.23-19.01.00,v1.05-9-g3660ae9,92 , 81 , (9 7 2 25 18) , 2000 , none,  943
2020.08.23-19.01.00,v1.05-9-g3660ae9,93 , 81 , (9 7 2 25 18) , 132 , ((9 * 7) + 18) , 20
2020.08.23-19.01.00,v1.05-9-g3660ae9,94 , 81 , (9 7 2 25 18) , 2000 , none,  1033
2020.08.23-19.01.00,v1.05-9-g3660ae9,95 , 81 , (9 7 2 25 18) , 247 , ((9 * 7) + 18) , 51
2020.08.23-19.01.00,v1.05-9-g3660ae9,96 , 81 , (9 7 2 25 18) , 2000 , none,  965
2020.08.23-19.01.00,v1.05-9-g3660ae9,97 , 81 , (9 7 2 25 18) , 2000 , none,  984
2020.08.23-19.01.00,v1.05-9-g3660ae9,98 , 81 , (9 7 2 25 18) , 2000 , none,  981
2020.08.23-19.01.00,v1.05-9-g3660ae9,99 , 81 , (9 7 2 25 18) , 2000 , none,  962
2020.08.23-19.01.00,v1.05-9-g3660ae9,0 , 6 , (3 3 17 11 22) , 246 , (3 + 3) , 54
2020.08.23-19.01.00,v1.05-9-g3660ae9,1 , 6 , (3 3 17 11 22) , 32 , (3 + 3) , 0
2020.08.23-19.01.00,v1.05-9-g3660ae9,2 , 6 , (3 3 17 11 22) , 609 , (3 + 3) , 134
2020.08.23-19.01.00,v1.05-9-g3660ae9,3 , 6 , (3 3 17 11 22) , 95 , (3 + 3) , 5
2020.08.23-19.01.00,v1.05-9-g3660ae9,4 , 6 , (3 3 17 11 22) , 25 , (3 + 3) , 0
2020.08.23-19.01.00,v1.05-9-g3660ae9,5 , 6 , (3 3 17 11 22) , 31 , (17 - 11) , 0
2020.08.23-19.01.00,v1.05-9-g3660ae9,6 , 6 , (3 3 17 11 22) , 1865 , (3 + 3) , 497
2020.08.23-19.01.00,v1.05-9-g3660ae9,7 , 6 , (3 3 17 11 22) , 625 , (3 + 3) , 153
2020.08.23-19.01.00,v1.05-9-g3660ae9,8 , 6 , (3 3 17 11 22) , 17 , (3 + 3) , 0
2020.08.23-19.01.00,v1.05-9-g3660ae9,9 , 6 , (3 3 17 11 22) , 45 , (3 + 3) , 0
2020.08.23-19.01.00,v1.05-9-g3660ae9,10 , 6 , (3 3 17 11 22) , 164 , (3 + 3) , 40
2020.08.23-19.01.00,v1.05-9-g3660ae9,11 , 6 , (3 3 17 11 22) , 23 , (17 - 11) , 0
2020.08.23-19.01.00,v1.05-9-g3660ae9,12 , 6 , (3 3 17 11 22) , 24 , (3 + 3) , 0
2020.08.23-19.01.00,v1.05-9-g3660ae9,13 , 6 , (3 3 17 11 22) , 21 , (17 - 11) , 0
2020.08.23-19.01.00,v1.05-9-g3660ae9,14 , 6 , (3 3 17 11 22) , 59 , (3 + 3) , 0
2020.08.23-19.01.00,v1.05-9-g3660ae9,15 , 6 , (3 3 17 11 22) , 18 , (17 - 11) , 0
2020.08.23-19.01.00,v1.05-9-g3660ae9,16 , 6 , (3 3 17 11 22) , 39 , (3 + 3) , 0
2020.08.23-19.01.00,v1.05-9-g3660ae9,17 , 6 , (3 3 17 11 22) , 465 , (3 + 3) , 111
2020.08.23-19.01.00,v1.05-9-g3660ae9,18 , 6 , (3 3 17 11 22) , 71 , (17 - 11) , 0
2020.08.23-19.01.00,v1.05-9-g3660ae9,19 , 6 , (3 3 17 11 22) , 16 , (3 + 3) , 0
2020.08.23-19.01.00,v1.05-9-g3660ae9,20 , 6 , (3 3 17 11 22) , 31 , (3 + 3) , 0
2020.08.23-19.01.00,v1.05-9-g3660ae9,21 , 6 , (3 3 17 11 22) , 55 , (3 + 3) , 0
2020.08.23-19.01.00,v1.05-9-g3660ae9,22 , 6 , (3 3 17 11 22) , 32 , (3 + 3) , 0
2020.08.23-19.01.00,v1.05-9-g3660ae9,23 , 6 , (3 3 17 11 22) , 29 , (3 + 3) , 0
2020.08.23-19.01.00,v1.05-9-g3660ae9,24 , 6 , (3 3 17 11 22) , 24 , (3 + 3) , 0
2020.08.23-19.01.00,v1.05-9-g3660ae9,25 , 6 , (3 3 17 11 22) , 363 , (3 + 3) , 79
2020.08.23-19.01.00,v1.05-9-g3660ae9,26 , 6 , (3 3 17 11 22) , 38 , (3 + 3) , 0
2020.08.23-19.01.00,v1.05-9-g3660ae9,27 , 6 , (3 3 17 11 22) , 25 , (3 + 3) , 0
2020.08.23-19.01.00,v1.05-9-g3660ae9,28 , 6 , (3 3 17 11 22) , 28 , (3 + 3) , 0
2020.08.23-19.01.00,v1.05-9-g3660ae9,29 , 6 , (3 3 17 11 22) , 19 , (3 + 3) , 0
2020.08.23-19.01.00,v1.05-9-g3660ae9,30 , 6 , (3 3 17 11 22) , 40 , (3 + 3) , 0
2020.08.23-19.01.00,v1.05-9-g3660ae9,31 , 6 , (3 3 17 11 22) , 53 , (3 + 3) , 1
2020.08.23-19.01.00,v1.05-9-g3660ae9,32 , 6 , (3 3 17 11 22) , 126 , (3 + 3) , 13
2020.08.23-19.01.00,v1.05-9-g3660ae9,33 , 6 , (3 3 17 11 22) , 20 , (3 + 3) , 0
2020.08.23-19.01.00,v1.05-9-g3660ae9,34 , 6 , (3 3 17 11 22) , 215 , (3 + 3) , 52
2020.08.23-19.01.00,v1.05-9-g3660ae9,35 , 6 , (3 3 17 11 22) , 30 , (3 + 3) , 0
2020.08.23-19.01.00,v1.05-9-g3660ae9,36 , 6 , (3 3 17 11 22) , 20 , (3 + 3) , 0
2020.08.23-19.01.00,v1.05-9-g3660ae9,37 , 6 , (3 3 17 11 22) , 57 , (3 + 3) , 0
2020.08.23-19.01.00,v1.05-9-g3660ae9,38 , 6 , (3 3 17 11 22) , 75 , (3 + 3) , 16
2020.08.23-19.01.00,v1.05-9-g3660ae9,39 , 6 , (3 3 17 11 22) , 49 , (3 + 3) , 0
2020.08.23-19.01.00,v1.05-9-g3660ae9,40 , 6 , (3 3 17 11 22) , 25 , (3 + 3) , 0
2020.08.23-19.01.00,v1.05-9-g3660ae9,41 , 6 , (3 3 17 11 22) , 236 , (3 + 3) , 45
2020.08.23-19.01.00,v1.05-9-g3660ae9,42 , 6 , (3 3 17 11 22) , 38 , (3 + 3) , 0
2020.08.23-19.01.00,v1.05-9-g3660ae9,43 , 6 , (3 3 17 11 22) , 204 , (3 + 3) , 58
2020.08.23-19.01.00,v1.05-9-g3660ae9,44 , 6 , (3 3 17 11 22) , 60 , (3 + 3) , 0
2020.08.23-19.01.00,v1.05-9-g3660ae9,45 , 6 , (3 3 17 11 22) , 33 , (3 + 3) , 0
2020.08.23-19.01.00,v1.05-9-g3660ae9,46 , 6 , (3 3 17 11 22) , 89 , (3 + 3) , 4
2020.08.23-19.01.00,v1.05-9-g3660ae9,47 , 6 , (3 3 17 11 22) , 15 , (3 + 3) , 0
2020.08.23-19.01.00,v1.05-9-g3660ae9,48 , 6 , (3 3 17 11 22) , 165 , (3 + 3) , 20
2020.08.23-19.01.00,v1.05-9-g3660ae9,49 , 6 , (3 3 17 11 22) , 207 , (3 + 3) , 33
2020.08.23-19.01.00,v1.05-9-g3660ae9,50 , 6 , (3 3 17 11 22) , 26 , (3 + 3) , 0
2020.08.23-19.01.00,v1.05-9-g3660ae9,51 , 6 , (3 3 17 11 22) , 85 , (3 + 3) , 9
2020.08.23-19.01.00,v1.05-9-g3660ae9,52 , 6 , (3 3 17 11 22) , 16 , (3 + 3) , 0
2020.08.23-19.01.00,v1.05-9-g3660ae9,53 , 6 , (3 3 17 11 22) , 85 , (3 + 3) , 17
2020.08.23-19.01.00,v1.05-9-g3660ae9,54 , 6 , (3 3 17 11 22) , 109 , (3 + 3) , 15
2020.08.23-19.01.00,v1.05-9-g3660ae9,55 , 6 , (3 3 17 11 22) , 185 , (3 + 3) , 28
2020.08.23-19.01.00,v1.05-9-g3660ae9,56 , 6 , (3 3 17 11 22) , 446 , (3 + 3) , 104
2020.08.23-19.01.00,v1.05-9-g3660ae9,57 , 6 , (3 3 17 11 22) , 46 , (17 - 11) , 0
2020.08.23-19.01.00,v1.05-9-g3660ae9,58 , 6 , (3 3 17 11 22) , 65 , (3 + 3) , 8
2020.08.23-19.01.00,v1.05-9-g3660ae9,59 , 6 , (3 3 17 11 22) , 27 , (3 + 3) , 0
2020.08.23-19.01.00,v1.05-9-g3660ae9,60 , 6 , (3 3 17 11 22) , 24 , (3 + 3) , 0
2020.08.23-19.01.00,v1.05-9-g3660ae9,61 , 6 , (3 3 17 11 22) , 335 , (3 + 3) , 41
2020.08.23-19.01.00,v1.05-9-g3660ae9,62 , 6 , (3 3 17 11 22) , 40 , (17 - 11) , 0
2020.08.23-19.01.00,v1.05-9-g3660ae9,63 , 6 , (3 3 17 11 22) , 23 , (3 + 3) , 0
2020.08.23-19.01.00,v1.05-9-g3660ae9,64 , 6 , (3 3 17 11 22) , 41 , (3 + 3) , 0
2020.08.23-19.01.00,v1.05-9-g3660ae9,65 , 6 , (3 3 17 11 22) , 25 , (3 + 3) , 2
2020.08.23-19.01.00,v1.05-9-g3660ae9,66 , 6 , (3 3 17 11 22) , 68 , (3 + 3) , 0
2020.08.23-19.01.00,v1.05-9-g3660ae9,67 , 6 , (3 3 17 11 22) , 118 , (17 - 11) , 6
2020.08.23-19.01.00,v1.05-9-g3660ae9,68 , 6 , (3 3 17 11 22) , 56 , (17 - 11) , 0
2020.08.23-19.01.00,v1.05-9-g3660ae9,69 , 6 , (3 3 17 11 22) , 23 , (3 + 3) , 0
2020.08.23-19.01.00,v1.05-9-g3660ae9,70 , 6 , (3 3 17 11 22) , 94 , (3 + 3) , 6
2020.08.23-19.01.00,v1.05-9-g3660ae9,71 , 6 , (3 3 17 11 22) , 24 , (17 - 11) , 0
2020.08.23-19.01.00,v1.05-9-g3660ae9,72 , 6 , (3 3 17 11 22) , 39 , (3 + 3) , 0
2020.08.23-19.01.00,v1.05-9-g3660ae9,73 , 6 , (3 3 17 11 22) , 28 , (3 + 3) , 0
2020.08.23-19.01.00,v1.05-9-g3660ae9,74 , 6 , (3 3 17 11 22) , 25 , (3 + 3) , 0
2020.08.23-19.01.00,v1.05-9-g3660ae9,75 , 6 , (3 3 17 11 22) , 795 , (3 + 3) , 193
2020.08.23-19.01.00,v1.05-9-g3660ae9,76 , 6 , (3 3 17 11 22) , 75 , (3 + 3) , 7
2020.08.23-19.01.00,v1.05-9-g3660ae9,77 , 6 , (3 3 17 11 22) , 35 , (3 + 3) , 0
2020.08.23-19.01.00,v1.05-9-g3660ae9,78 , 6 , (3 3 17 11 22) , 36 , (3 + 3) , 0
2020.08.23-19.01.00,v1.05-9-g3660ae9,79 , 6 , (3 3 17 11 22) , 22 , (3 + 3) , 0
2020.08.23-19.01.00,v1.05-9-g3660ae9,80 , 6 , (3 3 17 11 22) , 38 , (3 + 3) , 0
2020.08.23-19.01.00,v1.05-9-g3660ae9,81 , 6 , (3 3 17 11 22) , 71 , (3 + 3) , 0
2020.08.23-19.01.00,v1.05-9-g3660ae9,82 , 6 , (3 3 17 11 22) , 302 , (3 + 3) , 50
2020.08.23-19.01.00,v1.05-9-g3660ae9,83 , 6 , (3 3 17 11 22) , 274 , (3 + 3) , 43
2020.08.23-19.01.00,v1.05-9-g3660ae9,84 , 6 , (3 3 17 11 22) , 26 , (3 + 3) , 0
2020.08.23-19.01.00,v1.05-9-g3660ae9,85 , 6 , (3 3 17 11 22) , 35 , (3 + 3) , 2
2020.08.23-19.01.00,v1.05-9-g3660ae9,86 , 6 , (3 3 17 11 22) , 256 , (3 + 3) , 42
2020.08.23-19.01.00,v1.05-9-g3660ae9,87 , 6 , (3 3 17 11 22) , 60 , (3 + 3) , 0
2020.08.23-19.01.00,v1.05-9-g3660ae9,88 , 6 , (3 3 17 11 22) , 56 , (3 + 3) , 6
2020.08.23-19.01.00,v1.05-9-g3660ae9,89 , 6 , (3 3 17 11 22) , 75 , (3 + 3) , 12
2020.08.23-19.01.00,v1.05-9-g3660ae9,90 , 6 , (3 3 17 11 22) , 20 , (3 + 3) , 0
2020.08.23-19.01.00,v1.05-9-g3660ae9,91 , 6 , (3 3 17 11 22) , 41 , (3 + 3) , 0
2020.08.23-19.01.00,v1.05-9-g3660ae9,92 , 6 , (3 3 17 11 22) , 43 , (3 + 3) , 0
2020.08.23-19.01.00,v1.05-9-g3660ae9,93 , 6 , (3 3 17 11 22) , 233 , (3 + 3) , 45
2020.08.23-19.01.00,v1.05-9-g3660ae9,94 , 6 , (3 3 17 11 22) , 486 , (3 + 3) , 101
2020.08.23-19.01.00,v1.05-9-g3660ae9,95 , 6 , (3 3 17 11 22) , 118 , (17 - 11) , 25
2020.08.23-19.01.00,v1.05-9-g3660ae9,96 , 6 , (3 3 17 11 22) , 35 , (3 + 3) , 0
2020.08.23-19.01.00,v1.05-9-g3660ae9,97 , 6 , (3 3 17 11 22) , 65 , (3 + 3) , 5
2020.08.23-19.01.00,v1.05-9-g3660ae9,98 , 6 , (3 3 17 11 22) , 50 , (3 + 3) , 0
2020.08.23-19.01.00,v1.05-9-g3660ae9,99 , 6 , (3 3 17 11 22) , 34 , (3 + 3) , 4
2020.08.23-19.01.00,v1.05-9-g3660ae9,0 , 11 , (2 5 1 25 23) , 1066 , ((2 * 5) + 1) , 254
2020.08.23-19.01.00,v1.05-9-g3660ae9,1 , 11 , (2 5 1 25 23) , 27 , ((2 * 5) + 1) , 0
2020.08.23-19.01.00,v1.05-9-g3660ae9,2 , 11 , (2 5 1 25 23) , 761 , ((2 * 5) + 1) , 147
2020.08.23-19.01.00,v1.05-9-g3660ae9,3 , 11 , (2 5 1 25 23) , 1079 , ((2 * 5) + 1) , 208
2020.08.23-19.01.00,v1.05-9-g3660ae9,4 , 11 , (2 5 1 25 23) , 600 , ((2 * 5) + 1) , 142
2020.08.23-19.01.00,v1.05-9-g3660ae9,5 , 11 , (2 5 1 25 23) , 1385 , ((5 * 2) + 1) , 342
2020.08.23-19.01.00,v1.05-9-g3660ae9,6 , 11 , (2 5 1 25 23) , 620 , ((2 * 5) + 1) , 147
2020.08.23-19.01.00,v1.05-9-g3660ae9,7 , 11 , (2 5 1 25 23) , 1609 , ((2 * 5) + 1) , 315
2020.08.23-19.01.00,v1.05-9-g3660ae9,8 , 11 , (2 5 1 25 23) , 74 , ((2 * 5) + 1) , 6
2020.08.23-19.01.00,v1.05-9-g3660ae9,9 , 11 , (2 5 1 25 23) , 2000 , none,  411
2020.08.23-19.01.00,v1.05-9-g3660ae9,10 , 11 , (2 5 1 25 23) , 244 , ((2 * 5) + 1) , 39
2020.08.23-19.01.00,v1.05-9-g3660ae9,11 , 11 , (2 5 1 25 23) , 176 , ((2 * 5) + 1) , 39
2020.08.23-19.01.00,v1.05-9-g3660ae9,12 , 11 , (2 5 1 25 23) , 57 , ((2 * 5) + 1) , 0
2020.08.23-19.01.00,v1.05-9-g3660ae9,13 , 11 , (2 5 1 25 23) , 2000 , none,  436
2020.08.23-19.01.00,v1.05-9-g3660ae9,14 , 11 , (2 5 1 25 23) , 1860 , ((2 * 5) + 1) , 421
2020.08.23-19.01.00,v1.05-9-g3660ae9,15 , 11 , (2 5 1 25 23) , 50 , ((2 * 5) + 1) , 0
2020.08.23-19.01.00,v1.05-9-g3660ae9,16 , 11 , (2 5 1 25 23) , 378 , ((2 * 5) + 1) , 79
2020.08.23-19.01.00,v1.05-9-g3660ae9,17 , 11 , (2 5 1 25 23) , 487 , ((2 * 5) + 1) , 132
2020.08.23-19.01.00,v1.05-9-g3660ae9,18 , 11 , (2 5 1 25 23) , 1639 , ((2 * 5) + 1) , 316
2020.08.23-19.01.00,v1.05-9-g3660ae9,19 , 11 , (2 5 1 25 23) , 167 , ((2 * 5) + 1) , 10
2020.08.23-19.01.00,v1.05-9-g3660ae9,20 , 11 , (2 5 1 25 23) , 206 , ((2 * 5) + 1) , 39
2020.08.23-19.01.00,v1.05-9-g3660ae9,21 , 11 , (2 5 1 25 23) , 1549 , ((2 * 5) + 1) , 330
2020.08.23-19.01.00,v1.05-9-g3660ae9,22 , 11 , (2 5 1 25 23) , 457 , ((2 * 5) + 1) , 129
2020.08.23-19.01.00,v1.05-9-g3660ae9,23 , 11 , (2 5 1 25 23) , 238 , ((2 * 5) + 1) , 30
2020.08.23-19.01.00,v1.05-9-g3660ae9,24 , 11 , (2 5 1 25 23) , 1306 , ((2 * 5) + 1) , 286
2020.08.23-19.01.00,v1.05-9-g3660ae9,25 , 11 , (2 5 1 25 23) , 1018 , ((5 * 2) + 1) , 214
2020.08.23-19.01.00,v1.05-9-g3660ae9,26 , 11 , (2 5 1 25 23) , 460 , ((2 * 5) + 1) , 131
2020.08.23-19.01.00,v1.05-9-g3660ae9,27 , 11 , (2 5 1 25 23) , 81 , ((2 * 5) + 1) , 9
2020.08.23-19.01.00,v1.05-9-g3660ae9,28 , 11 , (2 5 1 25 23) , 638 , ((2 * 5) + 1) , 109
2020.08.23-19.01.00,v1.05-9-g3660ae9,29 , 11 , (2 5 1 25 23) , 284 , ((2 * 5) + 1) , 60
2020.08.23-19.01.00,v1.05-9-g3660ae9,30 , 11 , (2 5 1 25 23) , 160 , ((2 * 5) + 1) , 30
2020.08.23-19.01.00,v1.05-9-g3660ae9,31 , 11 , (2 5 1 25 23) , 905 , ((2 * 5) + 1) , 164
2020.08.23-19.01.00,v1.05-9-g3660ae9,32 , 11 , (2 5 1 25 23) , 866 , ((2 * 5) + 1) , 186
2020.08.23-19.01.00,v1.05-9-g3660ae9,33 , 11 , (2 5 1 25 23) , 790 , ((2 * 5) + 1) , 159
2020.08.23-19.01.00,v1.05-9-g3660ae9,34 , 11 , (2 5 1 25 23) , 1384 , ((2 * 5) + 1) , 269
2020.08.23-19.01.00,v1.05-9-g3660ae9,35 , 11 , (2 5 1 25 23) , 2000 , none,  447
2020.08.23-19.01.00,v1.05-9-g3660ae9,36 , 11 , (2 5 1 25 23) , 1215 , ((2 * 5) + 1) , 257
2020.08.23-19.01.00,v1.05-9-g3660ae9,37 , 11 , (2 5 1 25 23) , 286 , ((5 * 2) + 1) , 47
2020.08.23-19.01.00,v1.05-9-g3660ae9,38 , 11 , (2 5 1 25 23) , 328 , ((2 * 5) + 1) , 41
2020.08.23-19.01.00,v1.05-9-g3660ae9,39 , 11 , (2 5 1 25 23) , 391 , ((2 * 5) + 1) , 62
2020.08.23-19.01.00,v1.05-9-g3660ae9,40 , 11 , (2 5 1 25 23) , 2000 , none,  360
2020.08.23-19.01.00,v1.05-9-g3660ae9,41 , 11 , (2 5 1 25 23) , 288 , ((2 * 5) + 1) , 56
2020.08.23-19.01.00,v1.05-9-g3660ae9,42 , 11 , (2 5 1 25 23) , 465 , ((2 * 5) + 1) , 84
2020.08.23-19.01.00,v1.05-9-g3660ae9,43 , 11 , (2 5 1 25 23) , 377 , ((2 * 5) + 1) , 92
2020.08.23-19.01.00,v1.05-9-g3660ae9,44 , 11 , (2 5 1 25 23) , 2000 , none,  492
2020.08.23-19.01.00,v1.05-9-g3660ae9,45 , 11 , (2 5 1 25 23) , 1994 , ((2 * 5) + 1) , 423
2020.08.23-19.01.00,v1.05-9-g3660ae9,46 , 11 , (2 5 1 25 23) , 169 , ((2 * 5) + 1) , 13
2020.08.23-19.01.00,v1.05-9-g3660ae9,47 , 11 , (2 5 1 25 23) , 1437 , ((2 * 5) + 1) , 331
2020.08.23-19.01.00,v1.05-9-g3660ae9,48 , 11 , (2 5 1 25 23) , 794 , ((2 * 5) + 1) , 157
2020.08.23-19.01.00,v1.05-9-g3660ae9,49 , 11 , (2 5 1 25 23) , 1288 , ((2 * 5) + 1) , 249
2020.08.23-19.01.00,v1.05-9-g3660ae9,50 , 11 , (2 5 1 25 23) , 2000 , none,  510
2020.08.23-19.01.00,v1.05-9-g3660ae9,51 , 11 , (2 5 1 25 23) , 180 , ((2 * 5) + 1) , 51
2020.08.23-19.01.00,v1.05-9-g3660ae9,52 , 11 , (2 5 1 25 23) , 777 , ((5 * 2) + 1) , 163
2020.08.23-19.01.00,v1.05-9-g3660ae9,53 , 11 , (2 5 1 25 23) , 512 , ((5 * 2) + 1) , 68
2020.08.23-19.01.00,v1.05-9-g3660ae9,54 , 11 , (2 5 1 25 23) , 881 , ((2 * 5) + 1) , 155
2020.08.23-19.01.00,v1.05-9-g3660ae9,55 , 11 , (2 5 1 25 23) , 570 , ((2 * 5) + 1) , 94
2020.08.23-19.01.00,v1.05-9-g3660ae9,56 , 11 , (2 5 1 25 23) , 1051 , ((2 * 5) + 1) , 223
2020.08.23-19.01.00,v1.05-9-g3660ae9,57 , 11 , (2 5 1 25 23) , 31 , ((2 * 5) + 1) , 0
2020.08.23-19.01.00,v1.05-9-g3660ae9,58 , 11 , (2 5 1 25 23) , 279 , ((2 * 5) + 1) , 54
2020.08.23-19.01.00,v1.05-9-g3660ae9,59 , 11 , (2 5 1 25 23) , 209 , ((2 * 5) + 1) , 24
2020.08.23-19.01.00,v1.05-9-g3660ae9,60 , 11 , (2 5 1 25 23) , 589 , ((2 * 5) + 1) , 122
2020.08.23-19.01.00,v1.05-9-g3660ae9,61 , 11 , (2 5 1 25 23) , 1110 , ((2 * 5) + 1) , 255
2020.08.23-19.01.00,v1.05-9-g3660ae9,62 , 11 , (2 5 1 25 23) , 1141 , ((2 * 5) + 1) , 257
2020.08.23-19.01.00,v1.05-9-g3660ae9,63 , 11 , (2 5 1 25 23) , 59 , ((2 * 5) + 1) , 1
2020.08.23-19.01.00,v1.05-9-g3660ae9,64 , 11 , (2 5 1 25 23) , 160 , ((2 * 5) + 1) , 15
2020.08.23-19.01.00,v1.05-9-g3660ae9,65 , 11 , (2 5 1 25 23) , 2000 , none,  403
2020.08.23-19.01.00,v1.05-9-g3660ae9,66 , 11 , (2 5 1 25 23) , 88 , ((2 * 5) + 1) , 11
2020.08.23-19.01.00,v1.05-9-g3660ae9,67 , 11 , (2 5 1 25 23) , 549 , ((2 * 5) + 1) , 81
2020.08.23-19.01.00,v1.05-9-g3660ae9,68 , 11 , (2 5 1 25 23) , 2000 , none,  441
2020.08.23-19.01.00,v1.05-9-g3660ae9,69 , 11 , (2 5 1 25 23) , 2000 , none,  452
2020.08.23-19.01.00,v1.05-9-g3660ae9,70 , 11 , (2 5 1 25 23) , 605 , ((2 * 5) + 1) , 125
2020.08.23-19.01.00,v1.05-9-g3660ae9,71 , 11 , (2 5 1 25 23) , 2000 , none,  414
2020.08.23-19.01.00,v1.05-9-g3660ae9,72 , 11 , (2 5 1 25 23) , 36 , ((5 * 2) + 1) , 0
2020.08.23-19.01.00,v1.05-9-g3660ae9,73 , 11 , (2 5 1 25 23) , 657 , ((2 * 5) + 1) , 112
2020.08.23-19.01.00,v1.05-9-g3660ae9,74 , 11 , (2 5 1 25 23) , 563 , ((2 * 5) + 1) , 99
2020.08.23-19.01.00,v1.05-9-g3660ae9,75 , 11 , (2 5 1 25 23) , 375 , ((2 * 5) + 1) , 79
2020.08.23-19.01.00,v1.05-9-g3660ae9,76 , 11 , (2 5 1 25 23) , 525 , ((2 * 5) + 1) , 112
2020.08.23-19.01.00,v1.05-9-g3660ae9,77 , 11 , (2 5 1 25 23) , 66 , ((2 * 5) + 1) , 12
2020.08.23-19.01.00,v1.05-9-g3660ae9,78 , 11 , (2 5 1 25 23) , 638 , ((2 * 5) + 1) , 169
2020.08.23-19.01.00,v1.05-9-g3660ae9,79 , 11 , (2 5 1 25 23) , 87 , ((2 * 5) + 1) , 6
2020.08.23-19.01.00,v1.05-9-g3660ae9,80 , 11 , (2 5 1 25 23) , 415 , ((2 * 5) + 1) , 77
2020.08.23-19.01.00,v1.05-9-g3660ae9,81 , 11 , (2 5 1 25 23) , 517 , ((2 * 5) + 1) , 101
2020.08.23-19.01.00,v1.05-9-g3660ae9,82 , 11 , (2 5 1 25 23) , 87 , ((2 * 5) + 1) , 7
2020.08.23-19.01.00,v1.05-9-g3660ae9,83 , 11 , (2 5 1 25 23) , 666 , ((5 * 2) + 1) , 136
2020.08.23-19.01.00,v1.05-9-g3660ae9,84 , 11 , (2 5 1 25 23) , 1428 , ((2 * 5) + 1) , 352
2020.08.23-19.01.00,v1.05-9-g3660ae9,85 , 11 , (2 5 1 25 23) , 276 , ((5 * 2) + 1) , 67
2020.08.23-19.01.00,v1.05-9-g3660ae9,86 , 11 , (2 5 1 25 23) , 232 , ((2 * 5) + 1) , 47
2020.08.23-19.01.00,v1.05-9-g3660ae9,87 , 11 , (2 5 1 25 23) , 1940 , ((5 * 2) + 1) , 386
2020.08.23-19.01.00,v1.05-9-g3660ae9,88 , 11 , (2 5 1 25 23) , 1111 , ((2 * 5) + 1) , 245
2020.08.23-19.01.00,v1.05-9-g3660ae9,89 , 11 , (2 5 1 25 23) , 1407 , ((2 * 5) + 1) , 329
2020.08.23-19.01.00,v1.05-9-g3660ae9,90 , 11 , (2 5 1 25 23) , 427 , ((2 * 5) + 1) , 100
2020.08.23-19.01.00,v1.05-9-g3660ae9,91 , 11 , (2 5 1 25 23) , 1349 , ((2 * 5) + 1) , 252
2020.08.23-19.01.00,v1.05-9-g3660ae9,92 , 11 , (2 5 1 25 23) , 570 , ((5 * 2) + 1) , 119
2020.08.23-19.01.00,v1.05-9-g3660ae9,93 , 11 , (2 5 1 25 23) , 55 , ((2 * 5) + 1) , 0
2020.08.23-19.01.00,v1.05-9-g3660ae9,94 , 11 , (2 5 1 25 23) , 1208 , ((2 * 5) + 1) , 268
2020.08.23-19.01.00,v1.05-9-g3660ae9,95 , 11 , (2 5 1 25 23) , 67 , ((2 * 5) + 1) , 0
2020.08.23-19.01.00,v1.05-9-g3660ae9,96 , 11 , (2 5 1 25 23) , 94 , ((2 * 5) + 1) , 0
2020.08.23-19.01.00,v1.05-9-g3660ae9,97 , 11 , (2 5 1 25 23) , 1828 , ((2 * 5) + 1) , 386
2020.08.23-19.01.00,v1.05-9-g3660ae9,98 , 11 , (2 5 1 25 23) , 827 , ((2 * 5) + 1) , 217
2020.08.23-19.01.00,v1.05-9-g3660ae9,99 , 11 , (2 5 1 25 23) , 587 , ((2 * 5) + 1) , 94
2020.08.23-19.01.00,v1.05-9-g3660ae9,0 , 116 , (20 2 16 14 6) , 2000 , none,  562
2020.08.23-19.01.00,v1.05-9-g3660ae9,1 , 116 , (20 2 16 14 6) , 2000 , none,  555
2020.08.23-19.01.00,v1.05-9-g3660ae9,2 , 116 , (20 2 16 14 6) , 585 , ((14 * 6) + (2 * 16)) , 141
2020.08.23-19.01.00,v1.05-9-g3660ae9,3 , 116 , (20 2 16 14 6) , 2000 , none,  591
2020.08.23-19.01.00,v1.05-9-g3660ae9,4 , 116 , (20 2 16 14 6) , 2000 , none,  543
2020.08.23-19.01.00,v1.05-9-g3660ae9,5 , 116 , (20 2 16 14 6) , 100 , ((14 * 6) + (2 * 16)) , 0
2020.08.23-19.01.00,v1.05-9-g3660ae9,6 , 116 , (20 2 16 14 6) , 2000 , none,  566
2020.08.23-19.01.00,v1.05-9-g3660ae9,7 , 116 , (20 2 16 14 6) , 2000 , none,  604
2020.08.23-19.01.00,v1.05-9-g3660ae9,8 , 116 , (20 2 16 14 6) , 839 , ((6 * 16) + 20) , 211
2020.08.23-19.01.00,v1.05-9-g3660ae9,9 , 116 , (20 2 16 14 6) , 2000 , none,  510
2020.08.23-19.01.00,v1.05-9-g3660ae9,10 , 116 , (20 2 16 14 6) , 2000 , none,  553
2020.08.23-19.01.00,v1.05-9-g3660ae9,11 , 116 , (20 2 16 14 6) , 1718 , ((6 * 14) + (2 * 16)) , 507
2020.08.23-19.01.00,v1.05-9-g3660ae9,12 , 116 , (20 2 16 14 6) , 60 , ((14 * 6) + (2 * 16)) , 2
2020.08.23-19.01.00,v1.05-9-g3660ae9,13 , 116 , (20 2 16 14 6) , 2000 , none,  554
2020.08.23-19.01.00,v1.05-9-g3660ae9,14 , 116 , (20 2 16 14 6) , 311 , ((6 * 14) + (2 * 16)) , 60
2020.08.23-19.01.00,v1.05-9-g3660ae9,15 , 116 , (20 2 16 14 6) , 101 , ((6 * 16) + 20) , 0
2020.08.23-19.01.00,v1.05-9-g3660ae9,16 , 116 , (20 2 16 14 6) , 659 , ((6 * 14) + (2 * 16)) , 182
2020.08.23-19.01.00,v1.05-9-g3660ae9,17 , 116 , (20 2 16 14 6) , 2000 , none,  619
2020.08.23-19.01.00,v1.05-9-g3660ae9,18 , 116 , (20 2 16 14 6) , 2000 , none,  517
2020.08.23-19.01.00,v1.05-9-g3660ae9,19 , 116 , (20 2 16 14 6) , 139 , ((6 * 14) + (2 * 16)) , 16
2020.08.23-19.01.00,v1.05-9-g3660ae9,20 , 116 , (20 2 16 14 6) , 56 , ((16 * 6) + 20) , 0
2020.08.23-19.01.00,v1.05-9-g3660ae9,21 , 116 , (20 2 16 14 6) , 174 , ((6 * 16) + 20) , 26
2020.08.23-19.01.00,v1.05-9-g3660ae9,22 , 116 , (20 2 16 14 6) , 1380 , ((6 * 14) + (2 * 16)) , 348
2020.08.23-19.01.00,v1.05-9-g3660ae9,23 , 116 , (20 2 16 14 6) , 2000 , none,  522
2020.08.23-19.01.00,v1.05-9-g3660ae9,24 , 116 , (20 2 16 14 6) , 2000 , none,  552
2020.08.23-19.01.00,v1.05-9-g3660ae9,25 , 116 , (20 2 16 14 6) , 2000 , none,  539
2020.08.23-19.01.00,v1.05-9-g3660ae9,26 , 116 , (20 2 16 14 6) , 1877 , ((6 * 14) + (2 * 16)) , 555
2020.08.23-19.01.00,v1.05-9-g3660ae9,27 , 116 , (20 2 16 14 6) , 2000 , none,  538
2020.08.23-19.01.00,v1.05-9-g3660ae9,28 , 116 , (20 2 16 14 6) , 100 , ((6 * 14) + (2 * 16)) , 8
2020.08.23-19.01.00,v1.05-9-g3660ae9,29 , 116 , (20 2 16 14 6) , 1189 , ((6 * 16) + 20) , 348
2020.08.23-19.01.00,v1.05-9-g3660ae9,30 , 116 , (20 2 16 14 6) , 2000 , none,  597
2020.08.23-19.01.00,v1.05-9-g3660ae9,31 , 116 , (20 2 16 14 6) , 1492 , ((14 * 6) + (2 * 16)) , 415
2020.08.23-19.01.00,v1.05-9-g3660ae9,32 , 116 , (20 2 16 14 6) , 114 , ((6 * 14) + (2 * 16)) , 0
2020.08.23-19.01.00,v1.05-9-g3660ae9,33 , 116 , (20 2 16 14 6) , 2000 , none,  631
2020.08.23-19.01.00,v1.05-9-g3660ae9,34 , 116 , (20 2 16 14 6) , 2000 , none,  555
2020.08.23-19.01.00,v1.05-9-g3660ae9,35 , 116 , (20 2 16 14 6) , 2000 , none,  568
2020.08.23-19.01.00,v1.05-9-g3660ae9,36 , 116 , (20 2 16 14 6) , 2000 , none,  561
2020.08.23-19.01.00,v1.05-9-g3660ae9,37 , 116 , (20 2 16 14 6) , 2000 , none,  576
2020.08.23-19.01.00,v1.05-9-g3660ae9,38 , 116 , (20 2 16 14 6) , 2000 , none,  548
2020.08.23-19.01.00,v1.05-9-g3660ae9,39 , 116 , (20 2 16 14 6) , 2000 , none,  526
2020.08.23-19.01.00,v1.05-9-g3660ae9,40 , 116 , (20 2 16 14 6) , 133 , ((6 * 14) + (2 * 16)) , 34
2020.08.23-19.01.00,v1.05-9-g3660ae9,41 , 116 , (20 2 16 14 6) , 2000 , none,  528
2020.08.23-19.01.00,v1.05-9-g3660ae9,42 , 116 , (20 2 16 14 6) , 719 , ((6 * 16) + 20) , 178
2020.08.23-19.01.00,v1.05-9-g3660ae9,43 , 116 , (20 2 16 14 6) , 1620 , ((16 * 6) + 20) , 379
2020.08.23-19.01.00,v1.05-9-g3660ae9,44 , 116 , (20 2 16 14 6) , 1896 , ((14 * 6) + (2 * 16)) , 474
2020.08.23-19.01.00,v1.05-9-g3660ae9,45 , 116 , (20 2 16 14 6) , 2000 , none,  581
2020.08.23-19.01.00,v1.05-9-g3660ae9,46 , 116 , (20 2 16 14 6) , 768 , ((16 * 6) + 20) , 184
2020.08.23-19.01.00,v1.05-9-g3660ae9,47 , 116 , (20 2 16 14 6) , 250 , ((14 * 6) + (2 * 16)) , 77
2020.08.23-19.01.00,v1.05-9-g3660ae9,48 , 116 , (20 2 16 14 6) , 1557 , ((6 * 14) + (2 * 16)) , 418
2020.08.23-19.01.00,v1.05-9-g3660ae9,49 , 116 , (20 2 16 14 6) , 2000 , none,  538
2020.08.23-19.01.00,v1.05-9-g3660ae9,50 , 116 , (20 2 16 14 6) , 2000 , none,  567
2020.08.23-19.01.00,v1.05-9-g3660ae9,51 , 116 , (20 2 16 14 6) , 2000 , none,  557
2020.08.23-19.01.00,v1.05-9-g3660ae9,52 , 116 , (20 2 16 14 6) , 2000 , none,  584
2020.08.23-19.01.00,v1.05-9-g3660ae9,53 , 116 , (20 2 16 14 6) , 2000 , none,  555
2020.08.23-19.01.00,v1.05-9-g3660ae9,54 , 116 , (20 2 16 14 6) , 2000 , none,  588
2020.08.23-19.01.00,v1.05-9-g3660ae9,55 , 116 , (20 2 16 14 6) , 2000 , none,  545
2020.08.23-19.01.00,v1.05-9-g3660ae9,56 , 116 , (20 2 16 14 6) , 40 , ((6 * 16) + 20) , 0
2020.08.23-19.01.00,v1.05-9-g3660ae9,57 , 116 , (20 2 16 14 6) , 66 , ((14 * 6) + (2 * 16)) , 8
2020.08.23-19.01.00,v1.05-9-g3660ae9,58 , 116 , (20 2 16 14 6) , 2000 , none,  626
2020.08.23-19.01.00,v1.05-9-g3660ae9,59 , 116 , (20 2 16 14 6) , 247 , ((6 * 14) + (2 * 16)) , 69
2020.08.23-19.01.00,v1.05-9-g3660ae9,60 , 116 , (20 2 16 14 6) , 312 , ((6 * 16) + 20) , 87
2020.08.23-19.01.00,v1.05-9-g3660ae9,61 , 116 , (20 2 16 14 6) , 489 , ((14 * 6) + (2 * 16)) , 98
2020.08.23-19.01.00,v1.05-9-g3660ae9,62 , 116 , (20 2 16 14 6) , 1696 , ((6 * 16) + 20) , 448
2020.08.23-19.01.00,v1.05-9-g3660ae9,63 , 116 , (20 2 16 14 6) , 2000 , none,  555
2020.08.23-19.01.00,v1.05-9-g3660ae9,64 , 116 , (20 2 16 14 6) , 2000 , none,  565
2020.08.23-19.01.00,v1.05-9-g3660ae9,65 , 116 , (20 2 16 14 6) , 2000 , none,  526
2020.08.23-19.01.00,v1.05-9-g3660ae9,66 , 116 , (20 2 16 14 6) , 107 , ((6 * 14) + (2 * 16)) , 5
2020.08.23-19.01.00,v1.05-9-g3660ae9,67 , 116 , (20 2 16 14 6) , 2000 , none,  544
2020.08.23-19.01.00,v1.05-9-g3660ae9,68 , 116 , (20 2 16 14 6) , 586 , ((14 * 6) + (16 * 2)) , 160
2020.08.23-19.01.00,v1.05-9-g3660ae9,69 , 116 , (20 2 16 14 6) , 2000 , none,  641
2020.08.23-19.01.00,v1.05-9-g3660ae9,70 , 116 , (20 2 16 14 6) , 736 , ((6 * 16) + 20) , 165
2020.08.23-19.01.00,v1.05-9-g3660ae9,71 , 116 , (20 2 16 14 6) , 1428 , ((16 * 6) + 20) , 319
2020.08.23-19.01.00,v1.05-9-g3660ae9,72 , 116 , (20 2 16 14 6) , 2000 , none,  569
2020.08.23-19.01.00,v1.05-9-g3660ae9,73 , 116 , (20 2 16 14 6) , 1670 , ((6 * 14) + (2 * 16)) , 479
2020.08.23-19.01.00,v1.05-9-g3660ae9,74 , 116 , (20 2 16 14 6) , 429 , ((6 * 14) + (2 * 16)) , 107
2020.08.23-19.01.00,v1.05-9-g3660ae9,75 , 116 , (20 2 16 14 6) , 1338 , ((6 * 14) + (2 * 16)) , 342
2020.08.23-19.01.00,v1.05-9-g3660ae9,76 , 116 , (20 2 16 14 6) , 199 , ((14 * 6) + (2 * 16)) , 29
2020.08.23-19.01.00,v1.05-9-g3660ae9,77 , 116 , (20 2 16 14 6) , 2000 , none,  613
2020.08.23-19.01.00,v1.05-9-g3660ae9,78 , 116 , (20 2 16 14 6) , 2000 , none,  539
2020.08.23-19.01.00,v1.05-9-g3660ae9,79 , 116 , (20 2 16 14 6) , 1278 , ((6 * 14) + (16 * 2)) , 321
2020.08.23-19.01.00,v1.05-9-g3660ae9,80 , 116 , (20 2 16 14 6) , 598 , ((14 * 6) + (2 * 16)) , 146
2020.08.23-19.01.00,v1.05-9-g3660ae9,81 , 116 , (20 2 16 14 6) , 2000 , none,  585
2020.08.23-19.01.00,v1.05-9-g3660ae9,82 , 116 , (20 2 16 14 6) , 2000 , none,  510
2020.08.23-19.01.00,v1.05-9-g3660ae9,83 , 116 , (20 2 16 14 6) , 2000 , none,  496
2020.08.23-19.01.00,v1.05-9-g3660ae9,84 , 116 , (20 2 16 14 6) , 53 , ((6 * 16) + 20) , 0
2020.08.23-19.01.00,v1.05-9-g3660ae9,85 , 116 , (20 2 16 14 6) , 1738 , ((6 * 14) + (2 * 16)) , 434
2020.08.23-19.01.00,v1.05-9-g3660ae9,86 , 116 , (20 2 16 14 6) , 1446 , ((6 * 14) + (2 * 16)) , 407
2020.08.23-19.01.00,v1.05-9-g3660ae9,87 , 116 , (20 2 16 14 6) , 859 , ((6 * 14) + (2 * 16)) , 247
2020.08.23-19.01.00,v1.05-9-g3660ae9,88 , 116 , (20 2 16 14 6) , 2000 , none,  559
2020.08.23-19.01.00,v1.05-9-g3660ae9,89 , 116 , (20 2 16 14 6) , 2000 , none,  607
2020.08.23-19.01.00,v1.05-9-g3660ae9,90 , 116 , (20 2 16 14 6) , 2000 , none,  516
2020.08.23-19.01.00,v1.05-9-g3660ae9,91 , 116 , (20 2 16 14 6) , 2000 , none,  539
2020.08.23-19.01.00,v1.05-9-g3660ae9,92 , 116 , (20 2 16 14 6) , 1266 , ((6 * 16) + 20) , 394
2020.08.23-19.01.00,v1.05-9-g3660ae9,93 , 116 , (20 2 16 14 6) , 2000 , none,  558
2020.08.23-19.01.00,v1.05-9-g3660ae9,94 , 116 , (20 2 16 14 6) , 2000 , none,  587
2020.08.23-19.01.00,v1.05-9-g3660ae9,95 , 116 , (20 2 16 14 6) , 2000 , none,  555
2020.08.23-19.01.00,v1.05-9-g3660ae9,96 , 116 , (20 2 16 14 6) , 2000 , none,  612
2020.08.23-19.01.00,v1.05-9-g3660ae9,97 , 116 , (20 2 16 14 6) , 790 , ((16 * 6) + 20) , 162
2020.08.23-19.01.00,v1.05-9-g3660ae9,98 , 116 , (20 2 16 14 6) , 1243 , ((16 * 6) + 20) , 348
2020.08.23-19.01.00,v1.05-9-g3660ae9,99 , 116 , (20 2 16 14 6) , 1078 , ((14 * 6) + (2 * 16)) , 282
2020.08.23-19.01.00,v1.05-9-g3660ae9,0 , 127 , (7 6 4 22 25) , 2000 , none,  622
2020.08.23-19.01.00,v1.05-9-g3660ae9,1 , 127 , (7 6 4 22 25) , 2000 , none,  686
2020.08.23-19.01.00,v1.05-9-g3660ae9,2 , 127 , (7 6 4 22 25) , 2000 , none,  607
2020.08.23-19.01.00,v1.05-9-g3660ae9,3 , 127 , (7 6 4 22 25) , 2000 , none,  538
2020.08.23-19.01.00,v1.05-9-g3660ae9,4 , 127 , (7 6 4 22 25) , 2000 , none,  631
2020.08.23-19.01.00,v1.05-9-g3660ae9,5 , 127 , (7 6 4 22 25) , 2000 , none,  625
2020.08.23-19.01.00,v1.05-9-g3660ae9,6 , 127 , (7 6 4 22 25) , 2000 , none,  603
2020.08.23-19.01.00,v1.05-9-g3660ae9,7 , 127 , (7 6 4 22 25) , 2000 , none,  605
2020.08.23-19.01.00,v1.05-9-g3660ae9,8 , 127 , (7 6 4 22 25) , 2000 , none,  539
2020.08.23-19.01.00,v1.05-9-g3660ae9,9 , 127 , (7 6 4 22 25) , 2000 , none,  612
2020.08.23-19.01.00,v1.05-9-g3660ae9,10 , 127 , (7 6 4 22 25) , 2000 , none,  619
2020.08.23-19.01.00,v1.05-9-g3660ae9,11 , 127 , (7 6 4 22 25) , 2000 , none,  617
2020.08.23-19.01.00,v1.05-9-g3660ae9,12 , 127 , (7 6 4 22 25) , 2000 , none,  592
2020.08.23-19.01.00,v1.05-9-g3660ae9,13 , 127 , (7 6 4 22 25) , 2000 , none,  593
2020.08.23-19.01.00,v1.05-9-g3660ae9,14 , 127 , (7 6 4 22 25) , 2000 , none,  594
2020.08.23-19.01.00,v1.05-9-g3660ae9,15 , 127 , (7 6 4 22 25) , 2000 , none,  630
2020.08.23-19.01.00,v1.05-9-g3660ae9,16 , 127 , (7 6 4 22 25) , 2000 , none,  614
2020.08.23-19.01.00,v1.05-9-g3660ae9,17 , 127 , (7 6 4 22 25) , 2000 , none,  670
2020.08.23-19.01.00,v1.05-9-g3660ae9,18 , 127 , (7 6 4 22 25) , 2000 , none,  644
2020.08.23-19.01.00,v1.05-9-g3660ae9,19 , 127 , (7 6 4 22 25) , 2000 , none,  599
2020.08.23-19.01.00,v1.05-9-g3660ae9,20 , 127 , (7 6 4 22 25) , 2000 , none,  615
2020.08.23-19.01.00,v1.05-9-g3660ae9,21 , 127 , (7 6 4 22 25) , 2000 , none,  626
2020.08.23-19.01.00,v1.05-9-g3660ae9,22 , 127 , (7 6 4 22 25) , 2000 , none,  627
2020.08.23-19.01.00,v1.05-9-g3660ae9,23 , 127 , (7 6 4 22 25) , 2000 , none,  636
2020.08.23-19.01.00,v1.05-9-g3660ae9,24 , 127 , (7 6 4 22 25) , 2000 , none,  616
2020.08.23-19.01.00,v1.05-9-g3660ae9,25 , 127 , (7 6 4 22 25) , 2000 , none,  619
2020.08.23-19.01.00,v1.05-9-g3660ae9,26 , 127 , (7 6 4 22 25) , 2000 , none,  669
2020.08.23-19.01.00,v1.05-9-g3660ae9,27 , 127 , (7 6 4 22 25) , 2000 , none,  634
2020.08.23-19.01.00,v1.05-9-g3660ae9,28 , 127 , (7 6 4 22 25) , 2000 , none,  592
2020.08.23-19.01.00,v1.05-9-g3660ae9,29 , 127 , (7 6 4 22 25) , 2000 , none,  624
2020.08.23-19.01.00,v1.05-9-g3660ae9,30 , 127 , (7 6 4 22 25) , 2000 , none,  581
2020.08.23-19.01.00,v1.05-9-g3660ae9,31 , 127 , (7 6 4 22 25) , 2000 , none,  640
2020.08.23-19.01.00,v1.05-9-g3660ae9,32 , 127 , (7 6 4 22 25) , 2000 , none,  614
2020.08.23-19.01.00,v1.05-9-g3660ae9,33 , 127 , (7 6 4 22 25) , 2000 , none,  630
2020.08.23-19.01.00,v1.05-9-g3660ae9,34 , 127 , (7 6 4 22 25) , 2000 , none,  609
2020.08.23-19.01.00,v1.05-9-g3660ae9,35 , 127 , (7 6 4 22 25) , 2000 , none,  637
2020.08.23-19.01.00,v1.05-9-g3660ae9,36 , 127 , (7 6 4 22 25) , 2000 , none,  639
2020.08.23-19.01.00,v1.05-9-g3660ae9,37 , 127 , (7 6 4 22 25) , 2000 , none,  598
2020.08.23-19.01.00,v1.05-9-g3660ae9,38 , 127 , (7 6 4 22 25) , 2000 , none,  578
2020.08.23-19.01.00,v1.05-9-g3660ae9,39 , 127 , (7 6 4 22 25) , 2000 , none,  567
2020.08.23-19.01.00,v1.05-9-g3660ae9,40 , 127 , (7 6 4 22 25) , 2000 , none,  603
2020.08.23-19.01.00,v1.05-9-g3660ae9,41 , 127 , (7 6 4 22 25) , 2000 , none,  626
2020.08.23-19.01.00,v1.05-9-g3660ae9,42 , 127 , (7 6 4 22 25) , 2000 , none,  612
2020.08.23-19.01.00,v1.05-9-g3660ae9,43 , 127 , (7 6 4 22 25) , 2000 , none,  612
2020.08.23-19.01.00,v1.05-9-g3660ae9,44 , 127 , (7 6 4 22 25) , 2000 , none,  617
2020.08.23-19.01.00,v1.05-9-g3660ae9,45 , 127 , (7 6 4 22 25) , 2000 , none,  585
2020.08.23-19.01.00,v1.05-9-g3660ae9,46 , 127 , (7 6 4 22 25) , 2000 , none,  598
2020.08.23-19.01.00,v1.05-9-g3660ae9,47 , 127 , (7 6 4 22 25) , 2000 , none,  655
2020.08.23-19.01.00,v1.05-9-g3660ae9,48 , 127 , (7 6 4 22 25) , 2000 , none,  543
2020.08.23-19.01.00,v1.05-9-g3660ae9,49 , 127 , (7 6 4 22 25) , 2000 , none,  575
2020.08.23-19.01.00,v1.05-9-g3660ae9,50 , 127 , (7 6 4 22 25) , 2000 , none,  637
2020.08.23-19.01.00,v1.05-9-g3660ae9,51 , 127 , (7 6 4 22 25) , 2000 , none,  637
2020.08.23-19.01.00,v1.05-9-g3660ae9,52 , 127 , (7 6 4 22 25) , 2000 , none,  617
2020.08.23-19.01.00,v1.05-9-g3660ae9,53 , 127 , (7 6 4 22 25) , 2000 , none,  590
2020.08.23-19.01.00,v1.05-9-g3660ae9,54 , 127 , (7 6 4 22 25) , 2000 , none,  548
2020.08.23-19.01.00,v1.05-9-g3660ae9,55 , 127 , (7 6 4 22 25) , 2000 , none,  578
2020.08.23-19.01.00,v1.05-9-g3660ae9,56 , 127 , (7 6 4 22 25) , 2000 , none,  629
2020.08.23-19.01.00,v1.05-9-g3660ae9,57 , 127 , (7 6 4 22 25) , 2000 , none,  606
2020.08.23-19.01.00,v1.05-9-g3660ae9,58 , 127 , (7 6 4 22 25) , 2000 , none,  636
2020.08.23-19.01.00,v1.05-9-g3660ae9,59 , 127 , (7 6 4 22 25) , 2000 , none,  658
2020.08.23-19.01.00,v1.05-9-g3660ae9,60 , 127 , (7 6 4 22 25) , 2000 , none,  586
2020.08.23-19.01.00,v1.05-9-g3660ae9,61 , 127 , (7 6 4 22 25) , 2000 , none,  579
2020.08.23-19.01.00,v1.05-9-g3660ae9,62 , 127 , (7 6 4 22 25) , 2000 , none,  635
2020.08.23-19.01.00,v1.05-9-g3660ae9,63 , 127 , (7 6 4 22 25) , 2000 , none,  626
2020.08.23-19.01.00,v1.05-9-g3660ae9,64 , 127 , (7 6 4 22 25) , 2000 , none,  564
2020.08.23-19.01.00,v1.05-9-g3660ae9,65 , 127 , (7 6 4 22 25) , 2000 , none,  679
2020.08.23-19.01.00,v1.05-9-g3660ae9,66 , 127 , (7 6 4 22 25) , 2000 , none,  647
2020.08.23-19.01.00,v1.05-9-g3660ae9,67 , 127 , (7 6 4 22 25) , 2000 , none,  621
2020.08.23-19.01.00,v1.05-9-g3660ae9,68 , 127 , (7 6 4 22 25) , 2000 , none,  578
2020.08.23-19.01.00,v1.05-9-g3660ae9,69 , 127 , (7 6 4 22 25) , 2000 , none,  610
2020.08.23-19.01.00,v1.05-9-g3660ae9,70 , 127 , (7 6 4 22 25) , 2000 , none,  657
2020.08.23-19.01.00,v1.05-9-g3660ae9,71 , 127 , (7 6 4 22 25) , 2000 , none,  603
2020.08.23-19.01.00,v1.05-9-g3660ae9,72 , 127 , (7 6 4 22 25) , 2000 , none,  595
2020.08.23-19.01.00,v1.05-9-g3660ae9,73 , 127 , (7 6 4 22 25) , 2000 , none,  616
2020.08.23-19.01.00,v1.05-9-g3660ae9,74 , 127 , (7 6 4 22 25) , 2000 , none,  619
2020.08.23-19.01.00,v1.05-9-g3660ae9,75 , 127 , (7 6 4 22 25) , 2000 , none,  583
2020.08.23-19.01.00,v1.05-9-g3660ae9,76 , 127 , (7 6 4 22 25) , 2000 , none,  608
2020.08.23-19.01.00,v1.05-9-g3660ae9,77 , 127 , (7 6 4 22 25) , 2000 , none,  591
2020.08.23-19.01.00,v1.05-9-g3660ae9,78 , 127 , (7 6 4 22 25) , 2000 , none,  617
2020.08.23-19.01.00,v1.05-9-g3660ae9,79 , 127 , (7 6 4 22 25) , 2000 , none,  620
2020.08.23-19.01.00,v1.05-9-g3660ae9,80 , 127 , (7 6 4 22 25) , 2000 , none,  638
2020.08.23-19.01.00,v1.05-9-g3660ae9,81 , 127 , (7 6 4 22 25) , 2000 , none,  608
2020.08.23-19.01.00,v1.05-9-g3660ae9,82 , 127 , (7 6 4 22 25) , 2000 , none,  570
2020.08.23-19.01.00,v1.05-9-g3660ae9,83 , 127 , (7 6 4 22 25) , 2000 , none,  580
2020.08.23-19.01.00,v1.05-9-g3660ae9,84 , 127 , (7 6 4 22 25) , 2000 , none,  597
2020.08.23-19.01.00,v1.05-9-g3660ae9,85 , 127 , (7 6 4 22 25) , 2000 , none,  594
2020.08.23-19.01.00,v1.05-9-g3660ae9,86 , 127 , (7 6 4 22 25) , 2000 , none,  650
2020.08.23-19.01.00,v1.05-9-g3660ae9,87 , 127 , (7 6 4 22 25) , 2000 , none,  574
2020.08.23-19.01.00,v1.05-9-g3660ae9,88 , 127 , (7 6 4 22 25) , 2000 , none,  545
2020.08.23-19.01.00,v1.05-9-g3660ae9,89 , 127 , (7 6 4 22 25) , 2000 , none,  594
2020.08.23-19.01.00,v1.05-9-g3660ae9,90 , 127 , (7 6 4 22 25) , 2000 , none,  609
2020.08.23-19.01.00,v1.05-9-g3660ae9,91 , 127 , (7 6 4 22 25) , 2000 , none,  669
2020.08.23-19.01.00,v1.05-9-g3660ae9,92 , 127 , (7 6 4 22 25) , 2000 , none,  582
2020.08.23-19.01.00,v1.05-9-g3660ae9,93 , 127 , (7 6 4 22 25) , 2000 , none,  627
2020.08.23-19.01.00,v1.05-9-g3660ae9,94 , 127 , (7 6 4 22 25) , 2000 , none,  620
2020.08.23-19.01.00,v1.05-9-g3660ae9,95 , 127 , (7 6 4 22 25) , 2000 , none,  623
2020.08.23-19.01.00,v1.05-9-g3660ae9,96 , 127 , (7 6 4 22 25) , 2000 , none,  621
2020.08.23-19.01.00,v1.05-9-g3660ae9,97 , 127 , (7 6 4 22 25) , 2000 , none,  548
2020.08.23-19.01.00,v1.05-9-g3660ae9,98 , 127 , (7 6 4 22 25) , 2000 , none,  570
2020.08.23-19.01.00,v1.05-9-g3660ae9,99 , 127 , (7 6 4 22 25) , 2000 , none,  614
2020.08.23-19.01.00,v1.05-9-g3660ae9,0 , 41 , (5 16 22 25 1) , 246 , ((22 + 25) - (1 + 5)) , 47
2020.08.23-19.01.00,v1.05-9-g3660ae9,1 , 41 , (5 16 22 25 1) , 2000 , none,  623
2020.08.23-19.01.00,v1.05-9-g3660ae9,2 , 41 , (5 16 22 25 1) , 2000 , none,  649
2020.08.23-19.01.00,v1.05-9-g3660ae9,3 , 41 , (5 16 22 25 1) , 2000 , none,  717
2020.08.23-19.01.00,v1.05-9-g3660ae9,4 , 41 , (5 16 22 25 1) , 591 , (25 + 16) , 183
2020.08.23-19.01.00,v1.05-9-g3660ae9,5 , 41 , (5 16 22 25 1) , 108 , (16 + 25) , 15
2020.08.23-19.01.00,v1.05-9-g3660ae9,6 , 41 , (5 16 22 25 1) , 15 , (16 + 25) , 0
2020.08.23-19.01.00,v1.05-9-g3660ae9,7 , 41 , (5 16 22 25 1) , 2000 , none,  691
2020.08.23-19.01.00,v1.05-9-g3660ae9,8 , 41 , (5 16 22 25 1) , 2000 , none,  721
2020.08.23-19.01.00,v1.05-9-g3660ae9,9 , 41 , (5 16 22 25 1) , 690 , (16 + 25) , 203
2020.08.23-19.01.00,v1.05-9-g3660ae9,10 , 41 , (5 16 22 25 1) , 2000 , none,  632
2020.08.23-19.01.00,v1.05-9-g3660ae9,11 , 41 , (5 16 22 25 1) , 102 , ((25 + 22) - (1 + 5)) , 4
2020.08.23-19.01.00,v1.05-9-g3660ae9,12 , 41 , (5 16 22 25 1) , 1420 , (25 + 16) , 452
2020.08.23-19.01.00,v1.05-9-g3660ae9,13 , 41 , (5 16 22 25 1) , 177 , (25 + 16) , 44
2020.08.23-19.01.00,v1.05-9-g3660ae9,14 , 41 , (5 16 22 25 1) , 1007 , (25 + 16) , 340
2020.08.23-19.01.00,v1.05-9-g3660ae9,15 , 41 , (5 16 22 25 1) , 211 , (25 + 16) , 73
2020.08.23-19.01.00,v1.05-9-g3660ae9,16 , 41 , (5 16 22 25 1) , 1061 , ((22 + 25) - (1 + 5)) , 294
2020.08.23-19.01.00,v1.05-9-g3660ae9,17 , 41 , (5 16 22 25 1) , 428 , ((22 + 25) - (1 + 5)) , 124
2020.08.23-19.01.00,v1.05-9-g3660ae9,18 , 41 , (5 16 22 25 1) , 2000 , none,  577
2020.08.23-19.01.00,v1.05-9-g3660ae9,19 , 41 , (5 16 22 25 1) , 152 , ((22 + 25) - (5 + 1)) , 25
2020.08.23-19.01.00,v1.05-9-g3660ae9,20 , 41 , (5 16 22 25 1) , 1887 , (16 + 25) , 631
2020.08.23-19.01.00,v1.05-9-g3660ae9,21 , 41 , (5 16 22 25 1) , 723 , (25 + 16) , 207
2020.08.23-19.01.00,v1.05-9-g3660ae9,22 , 41 , (5 16 22 25 1) , 1438 , (25 + 16) , 476
2020.08.23-19.01.00,v1.05-9-g3660ae9,23 , 41 , (5 16 22 25 1) , 2000 , none,  581
2020.08.23-19.01.00,v1.05-9-g3660ae9,24 , 41 , (5 16 22 25 1) , 2000 , none,  670
2020.08.23-19.01.00,v1.05-9-g3660ae9,25 , 41 , (5 16 22 25 1) , 1999 , ((22 + 25) - (1 + 5)) , 659
2020.08.23-19.01.00,v1.05-9-g3660ae9,26 , 41 , (5 16 22 25 1) , 452 , ((22 + 25) - (1 + 5)) , 97
2020.08.23-19.01.00,v1.05-9-g3660ae9,27 , 41 , (5 16 22 25 1) , 1321 , (16 + 25) , 433
2020.08.23-19.01.00,v1.05-9-g3660ae9,28 , 41 , (5 16 22 25 1) , 2000 , none,  685
2020.08.23-19.01.00,v1.05-9-g3660ae9,29 , 41 , (5 16 22 25 1) , 2000 , none,  631
2020.08.23-19.01.00,v1.05-9-g3660ae9,30 , 41 , (5 16 22 25 1) , 2000 , none,  740
2020.08.23-19.01.00,v1.05-9-g3660ae9,31 , 41 , (5 16 22 25 1) , 2000 , none,  618
2020.08.23-19.01.00,v1.05-9-g3660ae9,32 , 41 , (5 16 22 25 1) , 178 , (25 + 16) , 45
2020.08.23-19.01.00,v1.05-9-g3660ae9,33 , 41 , (5 16 22 25 1) , 113 , ((22 + 25) - (1 + 5)) , 0
2020.08.23-19.01.00,v1.05-9-g3660ae9,34 , 41 , (5 16 22 25 1) , 40 , (25 + 16) , 0
2020.08.23-19.01.00,v1.05-9-g3660ae9,35 , 41 , (5 16 22 25 1) , 23 , (25 + 16) , 0
2020.08.23-19.01.00,v1.05-9-g3660ae9,36 , 41 , (5 16 22 25 1) , 28 , (25 + 16) , 0
2020.08.23-19.01.00,v1.05-9-g3660ae9,37 , 41 , (5 16 22 25 1) , 162 , ((22 + 25) - (1 + 5)) , 22
2020.08.23-19.01.00,v1.05-9-g3660ae9,38 , 41 , (5 16 22 25 1) , 148 , (25 + 16) , 35
2020.08.23-19.01.00,v1.05-9-g3660ae9,39 , 41 , (5 16 22 25 1) , 2000 , none,  710
2020.08.23-19.01.00,v1.05-9-g3660ae9,40 , 41 , (5 16 22 25 1) , 2000 , none,  614
2020.08.23-19.01.00,v1.05-9-g3660ae9,41 , 41 , (5 16 22 25 1) , 909 , (16 + 25) , 260
2020.08.23-19.01.00,v1.05-9-g3660ae9,42 , 41 , (5 16 22 25 1) , 148 , ((22 + 25) - (1 + 5)) , 37
2020.08.23-19.01.00,v1.05-9-g3660ae9,43 , 41 , (5 16 22 25 1) , 2000 , none,  638
2020.08.23-19.01.00,v1.05-9-g3660ae9,44 , 41 , (5 16 22 25 1) , 689 , (16 + 25) , 229
2020.08.23-19.01.00,v1.05-9-g3660ae9,45 , 41 , (5 16 22 25 1) , 163 , ((22 + 25) - (1 + 5)) , 12
2020.08.23-19.01.00,v1.05-9-g3660ae9,46 , 41 , (5 16 22 25 1) , 429 , ((25 + 22) - (1 + 5)) , 99
2020.08.23-19.01.00,v1.05-9-g3660ae9,47 , 41 , (5 16 22 25 1) , 2000 , none,  613
2020.08.23-19.01.00,v1.05-9-g3660ae9,48 , 41 , (5 16 22 25 1) , 667 , (25 + 16) , 186
2020.08.23-19.01.00,v1.05-9-g3660ae9,49 , 41 , (5 16 22 25 1) , 1598 , (25 + 16) , 506
2020.08.23-19.01.00,v1.05-9-g3660ae9,50 , 41 , (5 16 22 25 1) , 2000 , none,  663
2020.08.23-19.01.00,v1.05-9-g3660ae9,51 , 41 , (5 16 22 25 1) , 2000 , none,  632
2020.08.23-19.01.00,v1.05-9-g3660ae9,52 , 41 , (5 16 22 25 1) , 85 , ((22 + 25) - (5 + 1)) , 4
2020.08.23-19.01.00,v1.05-9-g3660ae9,53 , 41 , (5 16 22 25 1) , 2000 , none,  712
2020.08.23-19.01.00,v1.05-9-g3660ae9,54 , 41 , (5 16 22 25 1) , 1734 , (16 + 25) , 601
2020.08.23-19.01.00,v1.05-9-g3660ae9,55 , 41 , (5 16 22 25 1) , 39 , (25 + 16) , 0
2020.08.23-19.01.00,v1.05-9-g3660ae9,56 , 41 , (5 16 22 25 1) , 2000 , none,  714
2020.08.23-19.01.00,v1.05-9-g3660ae9,57 , 41 , (5 16 22 25 1) , 567 , (16 + 25) , 209
2020.08.23-19.01.00,v1.05-9-g3660ae9,58 , 41 , (5 16 22 25 1) , 2000 , none,  654
2020.08.23-19.01.00,v1.05-9-g3660ae9,59 , 41 , (5 16 22 25 1) , 1614 , ((25 + 22) - (5 + 1)) , 470
2020.08.23-19.01.00,v1.05-9-g3660ae9,60 , 41 , (5 16 22 25 1) , 50 , (16 + 25) , 8
2020.08.23-19.01.00,v1.05-9-g3660ae9,61 , 41 , (5 16 22 25 1) , 2000 , none,  654
2020.08.23-19.01.00,v1.05-9-g3660ae9,62 , 41 , (5 16 22 25 1) , 2000 , none,  655
2020.08.23-19.01.00,v1.05-9-g3660ae9,63 , 41 , (5 16 22 25 1) , 133 , (16 + 25) , 28
2020.08.23-19.01.00,v1.05-9-g3660ae9,64 , 41 , (5 16 22 25 1) , 59 , ((22 + 25) - (5 + 1)) , 0
2020.08.23-19.01.00,v1.05-9-g3660ae9,65 , 41 , (5 16 22 25 1) , 1272 , ((25 + 22) - (5 + 1)) , 361
2020.08.23-19.01.00,v1.05-9-g3660ae9,66 , 41 , (5 16 22 25 1) , 2000 , none,  679
2020.08.23-19.01.00,v1.05-9-g3660ae9,67 , 41 , (5 16 22 25 1) , 2000 , none,  642
2020.08.23-19.01.00,v1.05-9-g3660ae9,68 , 41 , (5 16 22 25 1) , 1528 , (16 + 25) , 468
2020.08.23-19.01.00,v1.05-9-g3660ae9,69 , 41 , (5 16 22 25 1) , 47 , (25 + 16) , 0
2020.08.23-19.01.00,v1.05-9-g3660ae9,70 , 41 , (5 16 22 25 1) , 249 , ((25 + 22) - (1 + 5)) , 49
2020.08.23-19.01.00,v1.05-9-g3660ae9,71 , 41 , (5 16 22 25 1) , 34 , (25 + 16) , 0
2020.08.23-19.01.00,v1.05-9-g3660ae9,72 , 41 , (5 16 22 25 1) , 379 , ((25 + 22) - (1 + 5)) , 117
2020.08.23-19.01.00,v1.05-9-g3660ae9,73 , 41 , (5 16 22 25 1) , 1058 , ((25 + 22) - (1 + 5)) , 276
2020.08.23-19.01.00,v1.05-9-g3660ae9,74 , 41 , (5 16 22 25 1) , 228 , (25 + 16) , 70
2020.08.23-19.01.00,v1.05-9-g3660ae9,75 , 41 , (5 16 22 25 1) , 1207 , (25 + 16) , 370
2020.08.23-19.01.00,v1.05-9-g3660ae9,76 , 41 , (5 16 22 25 1) , 2000 , none,  601
2020.08.23-19.01.00,v1.05-9-g3660ae9,77 , 41 , (5 16 22 25 1) , 2000 , none,  620
2020.08.23-19.01.00,v1.05-9-g3660ae9,78 , 41 , (5 16 22 25 1) , 66 , (25 + 16) , 9
2020.08.23-19.01.00,v1.05-9-g3660ae9,79 , 41 , (5 16 22 25 1) , 276 , ((25 + 22) - (1 + 5)) , 67
2020.08.23-19.01.00,v1.05-9-g3660ae9,80 , 41 , (5 16 22 25 1) , 2000 , none,  614
2020.08.23-19.01.00,v1.05-9-g3660ae9,81 , 41 , (5 16 22 25 1) , 129 , ((25 + 22) - (1 + 5)) , 16
2020.08.23-19.01.00,v1.05-9-g3660ae9,82 , 41 , (5 16 22 25 1) , 2000 , none,  657
2020.08.23-19.01.00,v1.05-9-g3660ae9,83 , 41 , (5 16 22 25 1) , 31 , (25 + 16) , 0
2020.08.23-19.01.00,v1.05-9-g3660ae9,84 , 41 , (5 16 22 25 1) , 170 , ((22 + 25) - (5 + 1)) , 36
2020.08.23-19.01.00,v1.05-9-g3660ae9,85 , 41 , (5 16 22 25 1) , 1348 , (16 + 25) , 434
2020.08.23-19.01.00,v1.05-9-g3660ae9,86 , 41 , (5 16 22 25 1) , 179 , (16 + 25) , 56
2020.08.23-19.01.00,v1.05-9-g3660ae9,87 , 41 , (5 16 22 25 1) , 50 , (25 + 16) , 3
2020.08.23-19.01.00,v1.05-9-g3660ae9,88 , 41 , (5 16 22 25 1) , 48 , ((25 + 22) - (5 + 1)) , 0
2020.08.23-19.01.00,v1.05-9-g3660ae9,89 , 41 , (5 16 22 25 1) , 2000 , none,  677
2020.08.23-19.01.00,v1.05-9-g3660ae9,90 , 41 , (5 16 22 25 1) , 2000 , none,  729
2020.08.23-19.01.00,v1.05-9-g3660ae9,91 , 41 , (5 16 22 25 1) , 2000 , none,  715
2020.08.23-19.01.00,v1.05-9-g3660ae9,92 , 41 , (5 16 22 25 1) , 47 , (16 + 25) , 1
2020.08.23-19.01.00,v1.05-9-g3660ae9,93 , 41 , (5 16 22 25 1) , 2000 , none,  600
2020.08.23-19.01.00,v1.05-9-g3660ae9,94 , 41 , (5 16 22 25 1) , 926 , ((25 + 22) - (5 + 1)) , 248
2020.08.23-19.01.00,v1.05-9-g3660ae9,95 , 41 , (5 16 22 25 1) , 750 , ((25 + 22) - (1 + 5)) , 234
2020.08.23-19.01.00,v1.05-9-g3660ae9,96 , 41 , (5 16 22 25 1) , 2000 , none,  587
2020.08.23-19.01.00,v1.05-9-g3660ae9,97 , 41 , (5 16 22 25 1) , 2000 , none,  688
2020.08.23-19.01.00,v1.05-9-g3660ae9,98 , 41 , (5 16 22 25 1) , 949 , (25 + 16) , 289
2020.08.23-19.01.00,v1.05-9-g3660ae9,99 , 41 , (5 16 22 25 1) , 2000 , none,  670
